#VRML V2.0 utf8

Shape {
  appearance Appearance {
    material Material {
      diffuseColor 0.3725 0.9490 1.0000
      specularColor 0.1882 0.4745 0.5020
      ambientIntensity 0.2
      transparency 0.0000
      shininess 0.5
    }
  }
  geometry IndexedFaceSet {
    ccw TRUE
    solid FALSE
    coord DEF co Coordinate {
      point [
        -0.236220 0.000000 0.334646,
        -0.168728 0.080086 0.324922,
        -0.236220 0.080086 0.324922,
        -0.168728 0.155518 0.296314,
        -0.236220 0.155518 0.296314,
        -0.168728 0.221911 0.250486,
        -0.236220 0.221911 0.250486,
        -0.168728 0.275408 0.190100,
        -0.236220 0.275408 0.190100,
        -0.168728 0.312899 0.118667,
        -0.236220 0.312899 0.118667,
        -0.168728 0.332206 0.040337,
        -0.236220 0.332206 0.040337,
        -0.168728 0.332206 -0.040337,
        -0.236220 0.332206 -0.040337,
        -0.168728 0.312899 -0.118667,
        -0.236220 0.312899 -0.118667,
        -0.168728 0.275408 -0.190100,
        -0.236220 0.275408 -0.190100,
        -0.168728 0.221911 -0.250486,
        -0.236220 0.221911 -0.250486,
        -0.168728 0.155518 -0.296314,
        -0.236220 0.155518 -0.296314,
        -0.168728 0.080086 -0.324922,
        -0.236220 0.080086 -0.324922,
        -0.168728 0.000000 -0.334646,
        -0.236220 0.000000 -0.334646,
        -0.168728 -0.080086 -0.324922,
        -0.236220 -0.080086 -0.324922,
        -0.168728 -0.155518 -0.296314,
        -0.236220 -0.155518 -0.296314,
        -0.168728 -0.221911 -0.250486,
        -0.236220 -0.221911 -0.250486,
        -0.168728 -0.275408 -0.190100,
        -0.236220 -0.275408 -0.190100,
        -0.168728 -0.312899 -0.118667,
        -0.236220 -0.312899 -0.118667,
        -0.168728 -0.332206 -0.040337,
        -0.236220 -0.332206 -0.040337,
        -0.168728 -0.332206 0.040337,
        -0.236220 -0.332206 0.040337,
        -0.168728 -0.312899 0.118667,
        -0.236220 -0.312899 0.118667,
        -0.168728 -0.275408 0.190100,
        -0.236220 -0.275408 0.190100,
        -0.168728 -0.221911 0.250486,
        -0.236220 -0.221911 0.250486,
        -0.168728 -0.155518 0.296314,
        -0.236220 -0.155518 0.296314,
        -0.168728 -0.080086 0.324922,
        -0.236220 -0.080086 0.324922,
        -0.168728 -0.000000 0.334646,
      ]
    }
    coordIndex [
      0, 1, 2, -1,
      2, 1, 3, -1,
      2, 3, 4, -1,
      4, 3, 5, -1,
      4, 5, 6, -1,
      6, 5, 7, -1,
      6, 7, 8, -1,
      8, 7, 9, -1,
      8, 9, 10, -1,
      10, 9, 11, -1,
      10, 11, 12, -1,
      12, 11, 13, -1,
      12, 13, 14, -1,
      14, 13, 15, -1,
      14, 15, 16, -1,
      16, 15, 17, -1,
      16, 17, 18, -1,
      18, 17, 19, -1,
      18, 19, 20, -1,
      20, 19, 21, -1,
      20, 21, 22, -1,
      22, 21, 23, -1,
      22, 23, 24, -1,
      24, 23, 25, -1,
      24, 25, 26, -1,
      26, 25, 27, -1,
      26, 27, 28, -1,
      28, 27, 29, -1,
      28, 29, 30, -1,
      30, 29, 31, -1,
      30, 31, 32, -1,
      32, 31, 33, -1,
      32, 33, 34, -1,
      34, 33, 35, -1,
      34, 35, 36, -1,
      36, 35, 37, -1,
      36, 37, 38, -1,
      38, 37, 39, -1,
      38, 39, 40, -1,
      40, 39, 41, -1,
      40, 41, 42, -1,
      42, 41, 43, -1,
      42, 43, 44, -1,
      44, 43, 45, -1,
      44, 45, 46, -1,
      46, 45, 47, -1,
      46, 47, 48, -1,
      48, 47, 49, -1,
      48, 49, 50, -1,
      50, 49, 51, -1,
      50, 51, 0, -1,
      0, 51, 1, -1,
    ]
  }
}

Shape {
  appearance Appearance {
    material Material {
      diffuseColor 0.6549 0.3922 0.0000
      specularColor 0.3294 0.1961 0.0000
      ambientIntensity 0.2
      transparency 0.0000
      shininess 0.5
    }
  }
  geometry IndexedFaceSet {
    ccw TRUE
    solid FALSE
    coord DEF co Coordinate {
      point [
        -0.236220 0.000000 0.334646,
        -0.236220 0.080086 0.324922,
        -0.236220 0.155518 0.296314,
        -0.236220 0.221911 0.250486,
        -0.236220 0.275408 0.190100,
        -0.236220 0.312899 0.118667,
        -0.236220 0.332206 0.040337,
        -0.236220 0.332206 -0.040337,
        -0.236220 0.312899 -0.118667,
        -0.236220 0.275408 -0.190100,
        -0.236220 0.221911 -0.250486,
        -0.236220 0.155518 -0.296314,
        -0.236220 0.080086 -0.324922,
        -0.236220 0.000000 -0.334646,
        -0.236220 -0.080086 -0.324922,
        -0.236220 -0.155518 -0.296314,
        -0.236220 -0.221911 -0.250486,
        -0.236220 -0.275408 -0.190100,
        -0.236220 -0.312899 -0.118667,
        -0.236220 -0.332206 -0.040337,
        -0.236220 -0.332206 0.040337,
        -0.236220 -0.312899 0.118667,
        -0.236220 -0.275408 0.190100,
        -0.236220 -0.221911 0.250486,
        -0.236220 -0.155518 0.296314,
        -0.236220 -0.080086 0.324922,
        -0.295276 0.215106 0.256354,
        -0.295276 0.227759 0.271433,
        -0.295276 0.268427 0.199837,
        -0.295276 0.284217 0.211592,
        -0.295276 0.307277 0.132546,
        -0.295276 0.325352 0.140343,
        -0.295276 0.329562 0.058111,
        -0.295276 0.348948 0.061529,
        -0.295276 0.334080 -0.019458,
        -0.295276 0.353731 -0.020602,
        -0.295276 0.320587 -0.095978,
        -0.295276 0.339445 -0.101623,
        -0.295276 0.289812 -0.167323,
        -0.295276 0.306859 -0.177165,
        -0.295276 0.243413 -0.229648,
        -0.295276 0.257731 -0.243156,
        -0.295276 0.183891 -0.279593,
        -0.295276 0.194708 -0.296039,
        -0.295276 0.114456 -0.314464,
        -0.295276 0.121188 -0.332962,
        -0.295276 0.038850 -0.332383,
        -0.295276 0.041135 -0.351935,
        -0.295276 -0.038850 -0.332383,
        -0.295276 -0.041135 -0.351935,
        -0.295276 -0.114456 -0.314464,
        -0.295276 -0.121188 -0.332962,
        -0.295276 -0.183891 -0.279593,
        -0.295276 -0.194708 -0.296039,
        -0.295276 -0.243413 -0.229648,
        -0.295276 -0.257731 -0.243156,
        -0.295276 -0.289812 -0.167323,
        -0.295276 -0.306859 -0.177165,
        -0.295276 -0.320587 -0.095978,
        -0.295276 -0.339445 -0.101623,
        -0.295276 -0.334080 -0.019458,
        -0.295276 -0.353731 -0.020602,
        -0.295276 -0.329562 0.058111,
        -0.295276 -0.348948 0.061529,
        -0.295276 -0.307277 0.132546,
        -0.295276 -0.325352 0.140343,
        -0.295276 -0.268427 0.199837,
        -0.295276 -0.284217 0.211592,
        -0.295276 -0.215106 0.256354,
        -0.295276 -0.227759 0.271433,
        -0.295276 -0.150189 0.299050,
        -0.295276 -0.159023 0.316641,
        -0.295276 -0.077174 0.325625,
        -0.295276 -0.081714 0.344780,
        -0.295276 -0.000000 0.334646,
        -0.295276 0.000000 0.354331,
        -0.295276 0.077174 0.325625,
        -0.295276 0.081714 0.344780,
        -0.295276 0.150189 0.299050,
        -0.295276 0.159023 0.316641,
        -0.236220 0.081714 0.344780,
        -0.236220 0.159023 0.316641,
        -0.236220 0.227759 0.271433,
        -0.236220 0.284217 0.211592,
        -0.236220 0.325352 0.140343,
        -0.236220 0.348948 0.061529,
        -0.236220 0.353731 -0.020602,
        -0.236220 0.339445 -0.101623,
        -0.236220 0.306859 -0.177165,
        -0.236220 0.257731 -0.243156,
        -0.236220 0.194708 -0.296039,
        -0.236220 0.121188 -0.332962,
        -0.236220 0.041135 -0.351935,
        -0.236220 -0.041135 -0.351935,
        -0.236220 -0.121188 -0.332962,
        -0.236220 -0.194708 -0.296039,
        -0.236220 -0.257731 -0.243156,
        -0.236220 -0.306859 -0.177165,
        -0.236220 -0.339445 -0.101623,
        -0.236220 -0.353731 -0.020602,
        -0.236220 -0.348948 0.061529,
        -0.236220 -0.325352 0.140343,
        -0.236220 -0.284217 0.211592,
        -0.236220 -0.227759 0.271433,
        -0.236220 -0.159023 0.316641,
        -0.236220 -0.081714 0.344780,
        -0.236220 -0.000000 0.354331,
      ]
    }
    coordIndex [
      26, 27, 28, -1,
      28, 27, 29, -1,
      28, 29, 30, -1,
      30, 29, 31, -1,
      30, 31, 32, -1,
      32, 31, 33, -1,
      32, 33, 34, -1,
      34, 33, 35, -1,
      34, 35, 36, -1,
      36, 35, 37, -1,
      36, 37, 38, -1,
      38, 37, 39, -1,
      38, 39, 40, -1,
      40, 39, 41, -1,
      40, 41, 42, -1,
      42, 41, 43, -1,
      42, 43, 44, -1,
      44, 43, 45, -1,
      44, 45, 46, -1,
      46, 45, 47, -1,
      46, 47, 48, -1,
      48, 47, 49, -1,
      48, 49, 50, -1,
      50, 49, 51, -1,
      50, 51, 52, -1,
      52, 51, 53, -1,
      52, 53, 54, -1,
      54, 53, 55, -1,
      54, 55, 56, -1,
      56, 55, 57, -1,
      56, 57, 58, -1,
      58, 57, 59, -1,
      58, 59, 60, -1,
      60, 59, 61, -1,
      60, 61, 62, -1,
      62, 61, 63, -1,
      62, 63, 64, -1,
      64, 63, 65, -1,
      64, 65, 66, -1,
      66, 65, 67, -1,
      66, 67, 68, -1,
      68, 67, 69, -1,
      68, 69, 70, -1,
      70, 69, 71, -1,
      70, 71, 72, -1,
      72, 71, 73, -1,
      72, 73, 74, -1,
      74, 73, 75, -1,
      74, 75, 76, -1,
      76, 75, 77, -1,
      76, 77, 78, -1,
      78, 77, 79, -1,
      78, 79, 26, -1,
      26, 79, 27, -1,
      75, 80, 77, -1,
      77, 80, 81, -1,
      77, 81, 79, -1,
      79, 81, 82, -1,
      79, 82, 27, -1,
      27, 82, 83, -1,
      27, 83, 29, -1,
      29, 83, 84, -1,
      29, 84, 31, -1,
      31, 84, 85, -1,
      31, 85, 33, -1,
      33, 85, 86, -1,
      33, 86, 35, -1,
      35, 86, 87, -1,
      35, 87, 37, -1,
      37, 87, 88, -1,
      37, 88, 39, -1,
      39, 88, 89, -1,
      39, 89, 41, -1,
      41, 89, 90, -1,
      41, 90, 43, -1,
      43, 90, 91, -1,
      43, 91, 45, -1,
      45, 91, 92, -1,
      45, 92, 47, -1,
      47, 92, 93, -1,
      47, 93, 49, -1,
      49, 93, 94, -1,
      49, 94, 51, -1,
      51, 94, 95, -1,
      51, 95, 53, -1,
      53, 95, 96, -1,
      53, 96, 55, -1,
      55, 96, 97, -1,
      55, 97, 57, -1,
      57, 97, 98, -1,
      57, 98, 59, -1,
      59, 98, 99, -1,
      59, 99, 61, -1,
      61, 99, 100, -1,
      61, 100, 63, -1,
      63, 100, 101, -1,
      63, 101, 65, -1,
      65, 101, 102, -1,
      65, 102, 67, -1,
      67, 102, 103, -1,
      67, 103, 69, -1,
      69, 103, 104, -1,
      69, 104, 71, -1,
      71, 104, 105, -1,
      71, 105, 73, -1,
      73, 105, 106, -1,
      73, 106, 75, -1,
      75, 106, 80, -1,
      95, 94, 14, -1,
      14, 94, 93, -1,
      14, 93, 13, -1,
      13, 93, 92, -1,
      13, 92, 12, -1,
      12, 92, 91, -1,
      12, 91, 11, -1,
      11, 91, 90, -1,
      11, 90, 10, -1,
      10, 90, 89, -1,
      10, 89, 9, -1,
      9, 89, 88, -1,
      9, 88, 8, -1,
      8, 88, 87, -1,
      8, 87, 7, -1,
      7, 87, 86, -1,
      7, 86, 6, -1,
      6, 86, 85, -1,
      6, 85, 5, -1,
      5, 85, 84, -1,
      5, 84, 4, -1,
      4, 84, 83, -1,
      4, 83, 3, -1,
      3, 83, 82, -1,
      3, 82, 2, -1,
      2, 82, 81, -1,
      2, 81, 1, -1,
      1, 81, 80, -1,
      1, 80, 0, -1,
      0, 80, 106, -1,
      0, 106, 25, -1,
      25, 106, 105, -1,
      25, 105, 24, -1,
      24, 105, 104, -1,
      24, 104, 23, -1,
      23, 104, 103, -1,
      23, 103, 22, -1,
      22, 103, 102, -1,
      22, 102, 21, -1,
      21, 102, 101, -1,
      21, 101, 20, -1,
      20, 101, 100, -1,
      20, 100, 19, -1,
      19, 100, 99, -1,
      19, 99, 18, -1,
      18, 99, 98, -1,
      18, 98, 17, -1,
      17, 98, 97, -1,
      17, 97, 16, -1,
      16, 97, 96, -1,
      16, 96, 15, -1,
      15, 96, 95, -1,
      15, 95, 14, -1,
    ]
  }
}

Shape {
  appearance Appearance {
    material Material {
      diffuseColor 0.8510 0.8510 0.8510
      specularColor 0.4235 0.4235 0.4235
      ambientIntensity 0.2
      transparency 0.0000
      shininess 0.5
    }
  }
  geometry IndexedFaceSet {
    ccw TRUE
    solid FALSE
    coord DEF co Coordinate {
      point [
        -1.349132 0.039370 -2.322835,
        -1.341266 0.020380 -2.322835,
        -1.417323 0.000000 -2.322835,
        -1.338583 0.000000 -2.322835,
        -1.341266 -0.020380 -2.322835,
        -1.396943 0.076057 -2.322835,
        -1.377953 0.068191 -2.322835,
        -1.361645 0.055678 -2.322835,
        -1.456693 0.068191 -2.322835,
        -1.437702 0.076057 -2.322835,
        -1.417323 0.078740 -2.322835,
        -1.493380 0.020380 -2.322835,
        -1.485514 0.039370 -2.322835,
        -1.473000 0.055678 -2.322835,
        -1.485514 -0.039370 -2.322835,
        -1.493380 -0.020380 -2.322835,
        -1.496063 0.000000 -2.322835,
        -1.437702 -0.076057 -2.322835,
        -1.456693 -0.068191 -2.322835,
        -1.473000 -0.055678 -2.322835,
        -1.377953 -0.068191 -2.322835,
        -1.396943 -0.076057 -2.322835,
        -1.417323 -0.078740 -2.322835,
        -1.349132 -0.039370 -2.322835,
        -1.361645 -0.055678 -2.322835,
        -1.493380 0.020380 -0.196850,
        -1.485514 0.039370 -0.196850,
        -1.473000 0.055678 -0.196850,
        -1.456693 0.068191 -0.196850,
        -1.437702 0.076057 -0.196850,
        -1.417323 0.078740 -0.196850,
        -1.396943 0.076057 -0.196850,
        -1.377953 0.068191 -0.196850,
        -1.361645 0.055678 -0.196850,
        -1.349132 0.039370 -0.196850,
        -1.341266 0.020380 -0.196850,
        -1.338583 -0.000000 -0.196850,
        -1.341266 -0.020380 -0.196850,
        -1.349132 -0.039370 -0.196850,
        -1.361645 -0.055678 -0.196850,
        -1.377953 -0.068191 -0.196850,
        -1.396943 -0.076057 -0.196850,
        -1.417323 -0.078740 -0.196850,
        -1.437702 -0.076057 -0.196850,
        -1.456693 -0.068191 -0.196850,
        -1.473000 -0.055678 -0.196850,
        -1.485514 -0.039370 -0.196850,
        -1.493380 -0.020380 -0.196850,
        -1.496063 0.000000 -0.196850,
        -1.336788 0.000000 -0.176341,
        -1.339431 -0.020380 -0.175875,
        -1.347177 -0.039370 -0.174509,
        -1.359500 -0.055678 -0.172336,
        -1.375560 -0.068191 -0.169504,
        -1.394262 -0.076057 -0.166207,
        -1.414332 -0.078740 -0.162668,
        -1.434402 -0.076057 -0.159129,
        -1.453104 -0.068191 -0.155831,
        -1.469164 -0.055678 -0.152999,
        -1.481487 -0.039370 -0.150826,
        -1.489234 -0.020380 -0.149461,
        -1.491876 0.000000 -0.148994,
        -1.489234 0.020380 -0.149461,
        -1.481487 0.039370 -0.150826,
        -1.469164 0.055678 -0.152999,
        -1.453104 0.068191 -0.155831,
        -1.434402 0.076057 -0.159129,
        -1.414332 0.078740 -0.162668,
        -1.394262 0.076057 -0.166207,
        -1.375560 0.068191 -0.169504,
        -1.359500 0.055678 -0.172336,
        -1.347177 0.039370 -0.174509,
        -1.339431 0.020380 -0.175875,
        -1.331460 0.000000 -0.156454,
        -1.333981 -0.020380 -0.155537,
        -1.341373 -0.039370 -0.152846,
        -1.353131 -0.055678 -0.148567,
        -1.368456 -0.068191 -0.142989,
        -1.386301 -0.076057 -0.136494,
        -1.405451 -0.078740 -0.129524,
        -1.424602 -0.076057 -0.122554,
        -1.442447 -0.068191 -0.116058,
        -1.457771 -0.055678 -0.110481,
        -1.469530 -0.039370 -0.106201,
        -1.476922 -0.020380 -0.103511,
        -1.479443 0.000000 -0.102593,
        -1.476922 0.020380 -0.103511,
        -1.469530 0.039370 -0.106201,
        -1.457771 0.055678 -0.110481,
        -1.442447 0.068191 -0.116058,
        -1.424602 0.076057 -0.122554,
        -1.405451 0.078740 -0.129524,
        -1.386301 0.076057 -0.136494,
        -1.368456 0.068191 -0.142989,
        -1.353131 0.055678 -0.148567,
        -1.341373 0.039370 -0.152846,
        -1.333981 0.020380 -0.155537,
        -1.322759 0.000000 -0.137795,
        -1.325083 -0.020380 -0.136454,
        -1.331895 -0.039370 -0.132521,
        -1.342731 -0.055678 -0.126264,
        -1.356854 -0.068191 -0.118110,
        -1.373301 -0.076057 -0.108615,
        -1.390950 -0.078740 -0.098425,
        -1.408599 -0.076057 -0.088235,
        -1.425045 -0.068191 -0.078740,
        -1.439168 -0.055678 -0.070586,
        -1.450005 -0.039370 -0.064330,
        -1.456817 -0.020380 -0.060396,
        -1.459141 0.000000 -0.059055,
        -1.456817 0.020380 -0.060396,
        -1.450005 0.039370 -0.064330,
        -1.439168 0.055678 -0.070586,
        -1.425045 0.068191 -0.078740,
        -1.408599 0.076057 -0.088235,
        -1.390950 0.078740 -0.098425,
        -1.373301 0.076057 -0.108615,
        -1.356854 0.068191 -0.118110,
        -1.342731 0.055678 -0.126264,
        -1.331895 0.039370 -0.132521,
        -1.325083 0.020380 -0.136454,
        -1.310950 0.000000 -0.120931,
        -1.313006 -0.020380 -0.119206,
        -1.319031 -0.039370 -0.114150,
        -1.328617 -0.055678 -0.106106,
        -1.341109 -0.068191 -0.095624,
        -1.355657 -0.076057 -0.083417,
        -1.371269 -0.078740 -0.070317,
        -1.386880 -0.076057 -0.057218,
        -1.401428 -0.068191 -0.045011,
        -1.413920 -0.055678 -0.034528,
        -1.423506 -0.039370 -0.026485,
        -1.429532 -0.020380 -0.021429,
        -1.431587 0.000000 -0.019704,
        -1.429532 0.020380 -0.021429,
        -1.423506 0.039370 -0.026485,
        -1.413920 0.055678 -0.034528,
        -1.401428 0.068191 -0.045011,
        -1.386880 0.076057 -0.057218,
        -1.371269 0.078740 -0.070317,
        -1.355657 0.076057 -0.083417,
        -1.341109 0.068191 -0.095624,
        -1.328617 0.055678 -0.106106,
        -1.319031 0.039370 -0.114150,
        -1.313006 0.020380 -0.119206,
        -1.296392 0.000000 -0.106373,
        -1.298117 -0.020380 -0.104317,
        -1.303173 -0.039370 -0.098292,
        -1.311217 -0.055678 -0.088706,
        -1.321699 -0.068191 -0.076213,
        -1.333906 -0.076057 -0.061666,
        -1.347006 -0.078740 -0.046054,
        -1.360105 -0.076057 -0.030443,
        -1.372312 -0.068191 -0.015895,
        -1.382794 -0.055678 -0.003403,
        -1.390838 -0.039370 0.006183,
        -1.395894 -0.020380 0.012209,
        -1.397619 0.000000 0.014264,
        -1.395894 0.020380 0.012209,
        -1.390838 0.039370 0.006183,
        -1.382794 0.055678 -0.003403,
        -1.372312 0.068191 -0.015895,
        -1.360105 0.076057 -0.030443,
        -1.347006 0.078740 -0.046054,
        -1.333906 0.076057 -0.061666,
        -1.321699 0.068191 -0.076213,
        -1.311217 0.055678 -0.088706,
        -1.303173 0.039370 -0.098292,
        -1.298117 0.020380 -0.104317,
        -1.279528 0.000000 -0.094564,
        -1.280869 -0.020380 -0.092241,
        -1.284802 -0.039370 -0.085428,
        -1.291059 -0.055678 -0.074591,
        -1.299213 -0.068191 -0.060469,
        -1.308708 -0.076057 -0.044022,
        -1.318898 -0.078740 -0.026373,
        -1.329087 -0.076057 -0.008724,
        -1.338583 -0.068191 0.007722,
        -1.346737 -0.055678 0.021845,
        -1.352993 -0.039370 0.032682,
        -1.356926 -0.020380 0.039494,
        -1.358268 0.000000 0.041818,
        -1.356926 0.020380 0.039494,
        -1.352993 0.039370 0.032682,
        -1.346737 0.055678 0.021845,
        -1.338583 0.068191 0.007722,
        -1.329087 0.076057 -0.008724,
        -1.318898 0.078740 -0.026373,
        -1.308708 0.076057 -0.044022,
        -1.299213 0.068191 -0.060469,
        -1.291059 0.055678 -0.074591,
        -1.284802 0.039370 -0.085428,
        -1.280869 0.020380 -0.092241,
        -1.260869 0.000000 -0.085863,
        -1.261786 -0.020380 -0.083342,
        -1.264477 -0.039370 -0.075950,
        -1.268756 -0.055678 -0.064191,
        -1.274334 -0.068191 -0.048867,
        -1.280829 -0.076057 -0.031022,
        -1.287799 -0.078740 -0.011872,
        -1.294769 -0.076057 0.007279,
        -1.301265 -0.068191 0.025124,
        -1.306842 -0.055678 0.040448,
        -1.311122 -0.039370 0.052207,
        -1.313812 -0.020380 0.059599,
        -1.314730 0.000000 0.062120,
        -1.313812 0.020380 0.059599,
        -1.311122 0.039370 0.052207,
        -1.306842 0.055678 0.040448,
        -1.301265 0.068191 0.025124,
        -1.294769 0.076057 0.007279,
        -1.287799 0.078740 -0.011872,
        -1.280829 0.076057 -0.031022,
        -1.274334 0.068191 -0.048867,
        -1.268756 0.055678 -0.064191,
        -1.264477 0.039370 -0.075950,
        -1.261786 0.020380 -0.083342,
        -1.240982 0.000000 -0.080535,
        -1.241448 -0.020380 -0.077892,
        -1.242814 -0.039370 -0.070146,
        -1.244987 -0.055678 -0.057822,
        -1.247819 -0.068191 -0.041763,
        -1.251116 -0.076057 -0.023061,
        -1.254655 -0.078740 -0.002991,
        -1.258194 -0.076057 0.017079,
        -1.261492 -0.068191 0.035781,
        -1.264324 -0.055678 0.051841,
        -1.266496 -0.039370 0.064165,
        -1.267862 -0.020380 0.071911,
        -1.268328 0.000000 0.074553,
        -1.267862 0.020380 0.071911,
        -1.266496 0.039370 0.064165,
        -1.264324 0.055678 0.051841,
        -1.261492 0.068191 0.035781,
        -1.258194 0.076057 0.017079,
        -1.254655 0.078740 -0.002991,
        -1.251116 0.076057 -0.023061,
        -1.247819 0.068191 -0.041763,
        -1.244987 0.055678 -0.057822,
        -1.242814 0.039370 -0.070146,
        -1.241448 0.020380 -0.077892,
        -1.220472 0.000000 -0.078740,
        -1.220472 -0.020380 -0.076057,
        -1.220472 -0.039370 -0.068191,
        -1.220472 -0.055678 -0.055678,
        -1.220472 -0.068191 -0.039370,
        -1.220472 -0.076057 -0.020380,
        -1.220472 -0.078740 -0.000000,
        -1.220472 -0.076057 0.020380,
        -1.220472 -0.068191 0.039370,
        -1.220472 -0.055678 0.055678,
        -1.220472 -0.039370 0.068191,
        -1.220472 -0.020380 0.076057,
        -1.220472 0.000000 0.078740,
        -1.220472 0.020380 0.076057,
        -1.220472 0.039370 0.068191,
        -1.220472 0.055678 0.055678,
        -1.220472 0.068191 0.039370,
        -1.220472 0.076057 0.020380,
        -1.220472 0.078740 -0.000000,
        -1.220472 0.076057 -0.020380,
        -1.220472 0.068191 -0.039370,
        -1.220472 0.055678 -0.055678,
        -1.220472 0.039370 -0.068191,
        -1.220472 0.020380 -0.076057,
        -0.629921 0.020380 0.076057,
        -0.629921 0.039370 0.068191,
        -0.629921 0.055678 0.055678,
        -0.629921 0.068191 0.039370,
        -0.629921 0.076057 0.020380,
        -0.629921 0.078740 0.000000,
        -0.629921 0.076057 -0.020380,
        -0.629921 0.068191 -0.039370,
        -0.629921 0.055678 -0.055678,
        -0.629921 0.039370 -0.068191,
        -0.629921 0.020380 -0.076057,
        -0.629921 0.000000 -0.078740,
        -0.629921 -0.020380 -0.076057,
        -0.629921 -0.039370 -0.068191,
        -0.629921 -0.055678 -0.055678,
        -0.629921 -0.068191 -0.039370,
        -0.629921 -0.076057 -0.020380,
        -0.629921 -0.078740 -0.000000,
        -0.629921 -0.076057 0.020380,
        -0.629921 -0.068191 0.039370,
        -0.629921 -0.055678 0.055678,
        -0.629921 -0.039370 0.068191,
        -0.629921 -0.020380 0.076057,
        -0.629921 0.000000 0.078740,
      ]
    }
    coordIndex [
      0, 1, 2, -1,
      2, 1, 3, -1,
      2, 3, 4, -1,
      5, 6, 2, -1,
      2, 6, 7, -1,
      2, 7, 0, -1,
      8, 9, 2, -1,
      2, 9, 10, -1,
      2, 10, 5, -1,
      11, 12, 2, -1,
      2, 12, 13, -1,
      2, 13, 8, -1,
      14, 15, 2, -1,
      2, 15, 16, -1,
      2, 16, 11, -1,
      17, 18, 2, -1,
      2, 18, 19, -1,
      2, 19, 14, -1,
      20, 21, 2, -1,
      2, 21, 22, -1,
      2, 22, 17, -1,
      4, 23, 2, -1,
      2, 23, 24, -1,
      2, 24, 20, -1,
      16, 25, 11, -1,
      11, 25, 26, -1,
      11, 26, 12, -1,
      12, 26, 27, -1,
      12, 27, 13, -1,
      13, 27, 28, -1,
      13, 28, 8, -1,
      8, 28, 29, -1,
      8, 29, 9, -1,
      9, 29, 30, -1,
      9, 30, 10, -1,
      10, 30, 31, -1,
      10, 31, 5, -1,
      5, 31, 32, -1,
      5, 32, 6, -1,
      6, 32, 33, -1,
      6, 33, 7, -1,
      7, 33, 34, -1,
      7, 34, 0, -1,
      0, 34, 35, -1,
      0, 35, 1, -1,
      1, 35, 36, -1,
      1, 36, 3, -1,
      3, 36, 37, -1,
      3, 37, 4, -1,
      4, 37, 38, -1,
      4, 38, 23, -1,
      23, 38, 39, -1,
      23, 39, 24, -1,
      24, 39, 40, -1,
      24, 40, 20, -1,
      20, 40, 41, -1,
      20, 41, 21, -1,
      21, 41, 42, -1,
      21, 42, 22, -1,
      22, 42, 43, -1,
      22, 43, 17, -1,
      17, 43, 44, -1,
      17, 44, 18, -1,
      18, 44, 45, -1,
      18, 45, 19, -1,
      19, 45, 46, -1,
      19, 46, 14, -1,
      14, 46, 47, -1,
      14, 47, 15, -1,
      15, 47, 48, -1,
      15, 48, 16, -1,
      16, 48, 25, -1,
      36, 49, 37, -1,
      37, 49, 50, -1,
      37, 50, 38, -1,
      38, 50, 51, -1,
      38, 51, 39, -1,
      39, 51, 52, -1,
      39, 52, 40, -1,
      40, 52, 53, -1,
      40, 53, 41, -1,
      41, 53, 54, -1,
      41, 54, 42, -1,
      42, 54, 55, -1,
      42, 55, 43, -1,
      43, 55, 56, -1,
      43, 56, 44, -1,
      44, 56, 57, -1,
      44, 57, 45, -1,
      45, 57, 58, -1,
      45, 58, 46, -1,
      46, 58, 59, -1,
      46, 59, 47, -1,
      47, 59, 60, -1,
      47, 60, 48, -1,
      48, 60, 61, -1,
      48, 61, 25, -1,
      25, 61, 62, -1,
      25, 62, 26, -1,
      26, 62, 63, -1,
      26, 63, 27, -1,
      27, 63, 64, -1,
      27, 64, 28, -1,
      28, 64, 65, -1,
      28, 65, 29, -1,
      29, 65, 66, -1,
      29, 66, 30, -1,
      30, 66, 67, -1,
      30, 67, 31, -1,
      31, 67, 68, -1,
      31, 68, 32, -1,
      32, 68, 69, -1,
      32, 69, 33, -1,
      33, 69, 70, -1,
      33, 70, 34, -1,
      34, 70, 71, -1,
      34, 71, 35, -1,
      35, 71, 72, -1,
      35, 72, 36, -1,
      36, 72, 49, -1,
      49, 73, 50, -1,
      50, 73, 74, -1,
      50, 74, 51, -1,
      51, 74, 75, -1,
      51, 75, 52, -1,
      52, 75, 76, -1,
      52, 76, 53, -1,
      53, 76, 77, -1,
      53, 77, 54, -1,
      54, 77, 78, -1,
      54, 78, 55, -1,
      55, 78, 79, -1,
      55, 79, 56, -1,
      56, 79, 80, -1,
      56, 80, 57, -1,
      57, 80, 81, -1,
      57, 81, 58, -1,
      58, 81, 82, -1,
      58, 82, 59, -1,
      59, 82, 83, -1,
      59, 83, 60, -1,
      60, 83, 84, -1,
      60, 84, 61, -1,
      61, 84, 85, -1,
      61, 85, 62, -1,
      62, 85, 86, -1,
      62, 86, 63, -1,
      63, 86, 87, -1,
      63, 87, 64, -1,
      64, 87, 88, -1,
      64, 88, 65, -1,
      65, 88, 89, -1,
      65, 89, 66, -1,
      66, 89, 90, -1,
      66, 90, 67, -1,
      67, 90, 91, -1,
      67, 91, 68, -1,
      68, 91, 92, -1,
      68, 92, 69, -1,
      69, 92, 93, -1,
      69, 93, 70, -1,
      70, 93, 94, -1,
      70, 94, 71, -1,
      71, 94, 95, -1,
      71, 95, 72, -1,
      72, 95, 96, -1,
      72, 96, 49, -1,
      49, 96, 73, -1,
      73, 97, 74, -1,
      74, 97, 98, -1,
      74, 98, 75, -1,
      75, 98, 99, -1,
      75, 99, 76, -1,
      76, 99, 100, -1,
      76, 100, 77, -1,
      77, 100, 101, -1,
      77, 101, 78, -1,
      78, 101, 102, -1,
      78, 102, 79, -1,
      79, 102, 103, -1,
      79, 103, 80, -1,
      80, 103, 104, -1,
      80, 104, 81, -1,
      81, 104, 105, -1,
      81, 105, 82, -1,
      82, 105, 106, -1,
      82, 106, 83, -1,
      83, 106, 107, -1,
      83, 107, 84, -1,
      84, 107, 108, -1,
      84, 108, 85, -1,
      85, 108, 109, -1,
      85, 109, 86, -1,
      86, 109, 110, -1,
      86, 110, 87, -1,
      87, 110, 111, -1,
      87, 111, 88, -1,
      88, 111, 112, -1,
      88, 112, 89, -1,
      89, 112, 113, -1,
      89, 113, 90, -1,
      90, 113, 114, -1,
      90, 114, 91, -1,
      91, 114, 115, -1,
      91, 115, 92, -1,
      92, 115, 116, -1,
      92, 116, 93, -1,
      93, 116, 117, -1,
      93, 117, 94, -1,
      94, 117, 118, -1,
      94, 118, 95, -1,
      95, 118, 119, -1,
      95, 119, 96, -1,
      96, 119, 120, -1,
      96, 120, 73, -1,
      73, 120, 97, -1,
      97, 121, 98, -1,
      98, 121, 122, -1,
      98, 122, 99, -1,
      99, 122, 123, -1,
      99, 123, 100, -1,
      100, 123, 124, -1,
      100, 124, 101, -1,
      101, 124, 125, -1,
      101, 125, 102, -1,
      102, 125, 126, -1,
      102, 126, 103, -1,
      103, 126, 127, -1,
      103, 127, 104, -1,
      104, 127, 128, -1,
      104, 128, 105, -1,
      105, 128, 129, -1,
      105, 129, 106, -1,
      106, 129, 130, -1,
      106, 130, 107, -1,
      107, 130, 131, -1,
      107, 131, 108, -1,
      108, 131, 132, -1,
      108, 132, 109, -1,
      109, 132, 133, -1,
      109, 133, 110, -1,
      110, 133, 134, -1,
      110, 134, 111, -1,
      111, 134, 135, -1,
      111, 135, 112, -1,
      112, 135, 136, -1,
      112, 136, 113, -1,
      113, 136, 137, -1,
      113, 137, 114, -1,
      114, 137, 138, -1,
      114, 138, 115, -1,
      115, 138, 139, -1,
      115, 139, 116, -1,
      116, 139, 140, -1,
      116, 140, 117, -1,
      117, 140, 141, -1,
      117, 141, 118, -1,
      118, 141, 142, -1,
      118, 142, 119, -1,
      119, 142, 143, -1,
      119, 143, 120, -1,
      120, 143, 144, -1,
      120, 144, 97, -1,
      97, 144, 121, -1,
      121, 145, 122, -1,
      122, 145, 146, -1,
      122, 146, 123, -1,
      123, 146, 147, -1,
      123, 147, 124, -1,
      124, 147, 148, -1,
      124, 148, 125, -1,
      125, 148, 149, -1,
      125, 149, 126, -1,
      126, 149, 150, -1,
      126, 150, 127, -1,
      127, 150, 151, -1,
      127, 151, 128, -1,
      128, 151, 152, -1,
      128, 152, 129, -1,
      129, 152, 153, -1,
      129, 153, 130, -1,
      130, 153, 154, -1,
      130, 154, 131, -1,
      131, 154, 155, -1,
      131, 155, 132, -1,
      132, 155, 156, -1,
      132, 156, 133, -1,
      133, 156, 157, -1,
      133, 157, 134, -1,
      134, 157, 158, -1,
      134, 158, 135, -1,
      135, 158, 159, -1,
      135, 159, 136, -1,
      136, 159, 160, -1,
      136, 160, 137, -1,
      137, 160, 161, -1,
      137, 161, 138, -1,
      138, 161, 162, -1,
      138, 162, 139, -1,
      139, 162, 163, -1,
      139, 163, 140, -1,
      140, 163, 164, -1,
      140, 164, 141, -1,
      141, 164, 165, -1,
      141, 165, 142, -1,
      142, 165, 166, -1,
      142, 166, 143, -1,
      143, 166, 167, -1,
      143, 167, 144, -1,
      144, 167, 168, -1,
      144, 168, 121, -1,
      121, 168, 145, -1,
      145, 169, 146, -1,
      146, 169, 170, -1,
      146, 170, 147, -1,
      147, 170, 171, -1,
      147, 171, 148, -1,
      148, 171, 172, -1,
      148, 172, 149, -1,
      149, 172, 173, -1,
      149, 173, 150, -1,
      150, 173, 174, -1,
      150, 174, 151, -1,
      151, 174, 175, -1,
      151, 175, 152, -1,
      152, 175, 176, -1,
      152, 176, 153, -1,
      153, 176, 177, -1,
      153, 177, 154, -1,
      154, 177, 178, -1,
      154, 178, 155, -1,
      155, 178, 179, -1,
      155, 179, 156, -1,
      156, 179, 180, -1,
      156, 180, 157, -1,
      157, 180, 181, -1,
      157, 181, 158, -1,
      158, 181, 182, -1,
      158, 182, 159, -1,
      159, 182, 183, -1,
      159, 183, 160, -1,
      160, 183, 184, -1,
      160, 184, 161, -1,
      161, 184, 185, -1,
      161, 185, 162, -1,
      162, 185, 186, -1,
      162, 186, 163, -1,
      163, 186, 187, -1,
      163, 187, 164, -1,
      164, 187, 188, -1,
      164, 188, 165, -1,
      165, 188, 189, -1,
      165, 189, 166, -1,
      166, 189, 190, -1,
      166, 190, 167, -1,
      167, 190, 191, -1,
      167, 191, 168, -1,
      168, 191, 192, -1,
      168, 192, 145, -1,
      145, 192, 169, -1,
      169, 193, 170, -1,
      170, 193, 194, -1,
      170, 194, 171, -1,
      171, 194, 195, -1,
      171, 195, 172, -1,
      172, 195, 196, -1,
      172, 196, 173, -1,
      173, 196, 197, -1,
      173, 197, 174, -1,
      174, 197, 198, -1,
      174, 198, 175, -1,
      175, 198, 199, -1,
      175, 199, 176, -1,
      176, 199, 200, -1,
      176, 200, 177, -1,
      177, 200, 201, -1,
      177, 201, 178, -1,
      178, 201, 202, -1,
      178, 202, 179, -1,
      179, 202, 203, -1,
      179, 203, 180, -1,
      180, 203, 204, -1,
      180, 204, 181, -1,
      181, 204, 205, -1,
      181, 205, 182, -1,
      182, 205, 206, -1,
      182, 206, 183, -1,
      183, 206, 207, -1,
      183, 207, 184, -1,
      184, 207, 208, -1,
      184, 208, 185, -1,
      185, 208, 209, -1,
      185, 209, 186, -1,
      186, 209, 210, -1,
      186, 210, 187, -1,
      187, 210, 211, -1,
      187, 211, 188, -1,
      188, 211, 212, -1,
      188, 212, 189, -1,
      189, 212, 213, -1,
      189, 213, 190, -1,
      190, 213, 214, -1,
      190, 214, 191, -1,
      191, 214, 215, -1,
      191, 215, 192, -1,
      192, 215, 216, -1,
      192, 216, 169, -1,
      169, 216, 193, -1,
      193, 217, 194, -1,
      194, 217, 218, -1,
      194, 218, 195, -1,
      195, 218, 219, -1,
      195, 219, 196, -1,
      196, 219, 220, -1,
      196, 220, 197, -1,
      197, 220, 221, -1,
      197, 221, 198, -1,
      198, 221, 222, -1,
      198, 222, 199, -1,
      199, 222, 223, -1,
      199, 223, 200, -1,
      200, 223, 224, -1,
      200, 224, 201, -1,
      201, 224, 225, -1,
      201, 225, 202, -1,
      202, 225, 226, -1,
      202, 226, 203, -1,
      203, 226, 227, -1,
      203, 227, 204, -1,
      204, 227, 228, -1,
      204, 228, 205, -1,
      205, 228, 229, -1,
      205, 229, 206, -1,
      206, 229, 230, -1,
      206, 230, 207, -1,
      207, 230, 231, -1,
      207, 231, 208, -1,
      208, 231, 232, -1,
      208, 232, 209, -1,
      209, 232, 233, -1,
      209, 233, 210, -1,
      210, 233, 234, -1,
      210, 234, 211, -1,
      211, 234, 235, -1,
      211, 235, 212, -1,
      212, 235, 236, -1,
      212, 236, 213, -1,
      213, 236, 237, -1,
      213, 237, 214, -1,
      214, 237, 238, -1,
      214, 238, 215, -1,
      215, 238, 239, -1,
      215, 239, 216, -1,
      216, 239, 240, -1,
      216, 240, 193, -1,
      193, 240, 217, -1,
      217, 241, 218, -1,
      218, 241, 242, -1,
      218, 242, 219, -1,
      219, 242, 243, -1,
      219, 243, 220, -1,
      220, 243, 244, -1,
      220, 244, 221, -1,
      221, 244, 245, -1,
      221, 245, 222, -1,
      222, 245, 246, -1,
      222, 246, 223, -1,
      223, 246, 247, -1,
      223, 247, 224, -1,
      224, 247, 248, -1,
      224, 248, 225, -1,
      225, 248, 249, -1,
      225, 249, 226, -1,
      226, 249, 250, -1,
      226, 250, 227, -1,
      227, 250, 251, -1,
      227, 251, 228, -1,
      228, 251, 252, -1,
      228, 252, 229, -1,
      229, 252, 253, -1,
      229, 253, 230, -1,
      230, 253, 254, -1,
      230, 254, 231, -1,
      231, 254, 255, -1,
      231, 255, 232, -1,
      232, 255, 256, -1,
      232, 256, 233, -1,
      233, 256, 257, -1,
      233, 257, 234, -1,
      234, 257, 258, -1,
      234, 258, 235, -1,
      235, 258, 259, -1,
      235, 259, 236, -1,
      236, 259, 260, -1,
      236, 260, 237, -1,
      237, 260, 261, -1,
      237, 261, 238, -1,
      238, 261, 262, -1,
      238, 262, 239, -1,
      239, 262, 263, -1,
      239, 263, 240, -1,
      240, 263, 264, -1,
      240, 264, 217, -1,
      217, 264, 241, -1,
      253, 265, 254, -1,
      254, 265, 266, -1,
      254, 266, 255, -1,
      255, 266, 267, -1,
      255, 267, 256, -1,
      256, 267, 268, -1,
      256, 268, 257, -1,
      257, 268, 269, -1,
      257, 269, 258, -1,
      258, 269, 270, -1,
      258, 270, 259, -1,
      259, 270, 271, -1,
      259, 271, 260, -1,
      260, 271, 272, -1,
      260, 272, 261, -1,
      261, 272, 273, -1,
      261, 273, 262, -1,
      262, 273, 274, -1,
      262, 274, 263, -1,
      263, 274, 275, -1,
      263, 275, 264, -1,
      264, 275, 276, -1,
      264, 276, 241, -1,
      241, 276, 277, -1,
      241, 277, 242, -1,
      242, 277, 278, -1,
      242, 278, 243, -1,
      243, 278, 279, -1,
      243, 279, 244, -1,
      244, 279, 280, -1,
      244, 280, 245, -1,
      245, 280, 281, -1,
      245, 281, 246, -1,
      246, 281, 282, -1,
      246, 282, 247, -1,
      247, 282, 283, -1,
      247, 283, 248, -1,
      248, 283, 284, -1,
      248, 284, 249, -1,
      249, 284, 285, -1,
      249, 285, 250, -1,
      250, 285, 286, -1,
      250, 286, 251, -1,
      251, 286, 287, -1,
      251, 287, 252, -1,
      252, 287, 288, -1,
      252, 288, 253, -1,
      253, 288, 265, -1,
    ]
  }
}

Shape {
  appearance Appearance {
    material Material {
      diffuseColor 0.3725 0.9490 1.0000
      specularColor 0.1882 0.4745 0.5020
      ambientIntensity 0.2
      transparency 0.0000
      shininess 0.5
    }
  }
  geometry IndexedFaceSet {
    ccw TRUE
    solid FALSE
    coord DEF co Coordinate {
      point [
        -0.295276 0.215106 0.256354,
        -0.295276 0.268427 0.199837,
        -0.295276 0.307277 0.132546,
        -0.295276 0.329562 0.058111,
        -0.295276 0.334080 -0.019458,
        -0.295276 0.320587 -0.095978,
        -0.295276 0.289812 -0.167323,
        -0.295276 0.243413 -0.229648,
        -0.295276 0.183891 -0.279593,
        -0.295276 0.114456 -0.314464,
        -0.295276 0.038850 -0.332383,
        -0.295276 -0.038850 -0.332383,
        -0.295276 -0.114456 -0.314464,
        -0.295276 -0.183891 -0.279593,
        -0.295276 -0.243413 -0.229648,
        -0.295276 -0.289812 -0.167323,
        -0.295276 -0.320587 -0.095978,
        -0.295276 -0.334080 -0.019458,
        -0.295276 -0.329562 0.058111,
        -0.295276 -0.307277 0.132546,
        -0.295276 -0.268427 0.199837,
        -0.295276 -0.215106 0.256354,
        -0.295276 -0.150189 0.299050,
        -0.295276 -0.077174 0.325625,
        -0.295276 -0.000000 0.334646,
        -0.295276 0.077174 0.325625,
        -0.295276 0.150189 0.299050,
        -0.629921 0.020380 0.076057,
        -0.629921 0.039370 0.068191,
        -0.629921 0.055678 0.055678,
        -0.629921 0.068191 0.039370,
        -0.629921 0.076057 0.020380,
        -0.629921 0.078740 0.000000,
        -0.629921 0.076057 -0.020380,
        -0.629921 0.068191 -0.039370,
        -0.629921 0.055678 -0.055678,
        -0.629921 0.039370 -0.068191,
        -0.629921 0.020380 -0.076057,
        -0.629921 0.000000 -0.078740,
        -0.629921 -0.020380 -0.076057,
        -0.629921 -0.039370 -0.068191,
        -0.629921 -0.055678 -0.055678,
        -0.629921 -0.068191 -0.039370,
        -0.629921 -0.076057 -0.020380,
        -0.629921 -0.078740 -0.000000,
        -0.629921 -0.076057 0.020380,
        -0.629921 -0.068191 0.039370,
        -0.629921 -0.055678 0.055678,
        -0.629921 -0.039370 0.068191,
        -0.629921 -0.020380 0.076057,
        -0.629921 0.000000 0.078740,
        -0.629921 -0.045361 0.271832,
        -0.629921 -0.169271 0.217480,
        -0.629921 -0.131167 0.242375,
        -0.629921 -0.089484 0.260658,
        -0.629921 -0.252378 0.110704,
        -0.629921 -0.230715 0.150734,
        -0.629921 -0.202759 0.186652,
        -0.629921 -0.274649 -0.022758,
        -0.629921 -0.274649 0.022758,
        -0.629921 -0.267157 0.067654,
        -0.629921 0.000000 0.275591,
        -0.629921 0.045361 0.271832,
        -0.629921 0.089484 0.260658,
        -0.629921 -0.169271 -0.217480,
        -0.629921 -0.202759 -0.186652,
        -0.629921 -0.230715 -0.150734,
        -0.629921 -0.252378 -0.110704,
        -0.629921 -0.267157 -0.067654,
        -0.629921 -0.045361 -0.271832,
        -0.629921 -0.089484 -0.260658,
        -0.629921 -0.131167 -0.242375,
        -0.629921 0.169271 -0.217480,
        -0.629921 0.131167 -0.242375,
        -0.629921 0.252378 -0.110704,
        -0.629921 0.230715 -0.150734,
        -0.629921 0.202759 -0.186652,
        -0.629921 0.131167 0.242375,
        -0.629921 0.169271 0.217480,
        -0.629921 0.202759 0.186652,
        -0.629921 0.089484 -0.260658,
        -0.629921 0.045361 -0.271832,
        -0.629921 0.000000 -0.275591,
        -0.629921 0.274649 -0.022758,
        -0.629921 0.267157 -0.067654,
        -0.629921 0.230715 0.150734,
        -0.629921 0.252378 0.110704,
        -0.629921 0.267157 0.067654,
        -0.629921 0.274649 0.022758,
        -0.551181 0.081428 0.343647,
        -0.551181 0.115051 0.335132,
        -0.571561 0.114180 0.332594,
        -0.551181 0.158730 0.315973,
        -0.551181 0.168643 0.311624,
        -0.571561 0.167366 0.309265,
        -0.551181 0.227193 0.270818,
        -0.551181 0.260690 0.239981,
        -0.571561 0.258716 0.238165,
        -0.551181 0.325189 0.140287,
        -0.551181 0.343488 0.086983,
        -0.571561 0.340887 0.086324,
        -0.551181 0.347769 0.061332,
        -0.551181 0.353120 0.029260,
        -0.571561 0.350447 0.029039,
        -0.551181 0.353120 -0.020602,
        -0.551181 0.353120 -0.029260,
        -0.571561 0.350447 -0.029039,
        -0.551181 0.338566 -0.101321,
        -0.551181 0.324487 -0.142333,
        -0.571561 0.322030 -0.141255,
        -0.551181 0.257506 -0.242912,
        -0.551181 0.217634 -0.279617,
        -0.571561 0.215987 -0.277500,
        -0.551181 0.194047 -0.295027,
        -0.551181 0.168643 -0.311624,
        -0.571561 0.167366 -0.309265,
        -0.551181 0.120996 -0.332524,
        -0.551181 0.115051 -0.335132,
        -0.571561 0.114180 -0.332594,
        -0.551181 0.041052 -0.350929,
        -0.551181 -0.000000 -0.354331,
        -0.571561 -0.000000 -0.351648,
        -0.551181 -0.120996 -0.332524,
        -0.551181 -0.168643 -0.311624,
        -0.571561 -0.167366 -0.309265,
        -0.551181 -0.257506 -0.242912,
        -0.551181 -0.260690 -0.239981,
        -0.571561 -0.258716 -0.238165,
        -0.551181 -0.305913 -0.176654,
        -0.551181 -0.324487 -0.142333,
        -0.571561 -0.322030 -0.141255,
        -0.551181 -0.353120 -0.020602,
        -0.551181 -0.353120 0.029260,
        -0.571561 -0.350447 0.029039,
        -0.551181 -0.325189 0.140287,
        -0.551181 -0.324487 0.142333,
        -0.571561 -0.322030 0.141255,
        -0.551181 -0.283326 0.210898,
        -0.551181 -0.260690 0.239981,
        -0.571561 -0.258716 0.238165,
        -0.551181 -0.158730 0.315973,
        -0.551181 -0.115051 0.335132,
        -0.571561 -0.114180 0.332594,
        -0.627238 -0.048715 0.291933,
        -0.627238 -0.096101 0.279933,
        -0.619372 -0.051841 0.310665,
        -0.619372 -0.102268 0.297895,
        -0.606859 -0.054525 0.326750,
        -0.606859 -0.107563 0.313319,
        -0.590551 -0.056585 0.339093,
        -0.590551 -0.111626 0.325154,
        -0.571561 -0.057879 0.346852,
        -0.627238 -0.181789 0.233562,
        -0.627238 -0.217752 0.200455,
        -0.619372 -0.193453 0.248548,
        -0.619372 -0.231724 0.213317,
        -0.606859 -0.203469 0.261417,
        -0.606859 -0.243722 0.224362,
        -0.590551 -0.211155 0.271292,
        -0.590551 -0.252928 0.232837,
        -0.571561 -0.215987 0.277500,
        -0.627238 -0.286913 0.072656,
        -0.627238 -0.294959 0.024441,
        -0.619372 -0.305323 0.077318,
        -0.619372 -0.313885 0.026009,
        -0.606859 -0.321131 0.081322,
        -0.606859 -0.330137 0.027356,
        -0.590551 -0.333262 0.084393,
        -0.590551 -0.342607 0.028389,
        -0.571561 -0.340887 0.086324,
        -0.627238 -0.286913 -0.072656,
        -0.627238 -0.271041 -0.118890,
        -0.619372 -0.305323 -0.077318,
        -0.619372 -0.288433 -0.126518,
        -0.606859 -0.321131 -0.081322,
        -0.606859 -0.303367 -0.133069,
        -0.590551 -0.333262 -0.084393,
        -0.590551 -0.314826 -0.138095,
        -0.571561 -0.340887 -0.086324,
        -0.627238 -0.181789 -0.233562,
        -0.627238 -0.140866 -0.260298,
        -0.619372 -0.193453 -0.248548,
        -0.619372 -0.149905 -0.277000,
        -0.606859 -0.203469 -0.261417,
        -0.606859 -0.157666 -0.291342,
        -0.590551 -0.211155 -0.271292,
        -0.590551 -0.163622 -0.302347,
        -0.571561 -0.215987 -0.277500,
        -0.627238 -0.048715 -0.291933,
        -0.627238 -0.000000 -0.295970,
        -0.619372 -0.051841 -0.310665,
        -0.619372 -0.000000 -0.314961,
        -0.606859 -0.054525 -0.326750,
        -0.606859 -0.000000 -0.331268,
        -0.590551 -0.056585 -0.339093,
        -0.590551 -0.000000 -0.343781,
        -0.571561 -0.057879 -0.346852,
        -0.627238 0.247776 -0.161880,
        -0.627238 0.271041 -0.118890,
        -0.619372 0.263674 -0.172267,
        -0.619372 0.288433 -0.126518,
        -0.606859 0.277327 -0.181187,
        -0.606859 0.303367 -0.133069,
        -0.590551 0.287802 -0.188031,
        -0.590551 0.314826 -0.138095,
        -0.571561 0.294388 -0.192333,
        -0.627238 0.247776 0.161880,
        -0.627238 0.217752 0.200455,
        -0.619372 0.263674 0.172267,
        -0.619372 0.231724 0.213317,
        -0.606859 0.277327 0.181187,
        -0.606859 0.243722 0.224362,
        -0.590551 0.287802 0.188031,
        -0.590551 0.252928 0.232837,
        -0.571561 0.294388 0.192333,
        -0.627238 0.000000 0.295970,
        -0.619372 0.000000 0.314961,
        -0.606859 0.000000 0.331268,
        -0.590551 0.000000 0.343781,
        -0.571561 0.000000 0.351648,
        -0.551181 -0.000000 0.354331,
        -0.551181 -0.058321 0.349498,
        -0.551181 -0.081428 0.343647,
        -0.551181 -0.168643 0.311624,
        -0.571561 -0.167366 0.309265,
        -0.590551 -0.163622 0.302347,
        -0.606859 -0.157666 0.291342,
        -0.619372 -0.149905 0.277000,
        -0.627238 -0.140866 0.260298,
        -0.551181 -0.217634 0.279617,
        -0.551181 -0.227193 0.270818,
        -0.551181 -0.296634 0.193800,
        -0.571561 -0.294388 0.192333,
        -0.590551 -0.287802 0.188031,
        -0.606859 -0.277327 0.181187,
        -0.619372 -0.263674 0.172267,
        -0.627238 -0.247776 0.161880,
        -0.627238 -0.271041 0.118890,
        -0.619372 -0.288433 0.126518,
        -0.606859 -0.303367 0.133069,
        -0.590551 -0.314826 0.138095,
        -0.551181 -0.343488 0.086983,
        -0.551181 -0.347769 0.061332,
        -0.551181 -0.353120 -0.029260,
        -0.571561 -0.350447 -0.029039,
        -0.590551 -0.342607 -0.028389,
        -0.606859 -0.330137 -0.027356,
        -0.619372 -0.313885 -0.026009,
        -0.627238 -0.294959 -0.024441,
        -0.551181 -0.343488 -0.086983,
        -0.551181 -0.338566 -0.101321,
        -0.551181 -0.296634 -0.193800,
        -0.571561 -0.294388 -0.192333,
        -0.590551 -0.287802 -0.188031,
        -0.606859 -0.277327 -0.181187,
        -0.619372 -0.263674 -0.172267,
        -0.627238 -0.247776 -0.161880,
        -0.627238 -0.217752 -0.200455,
        -0.619372 -0.231724 -0.213317,
        -0.606859 -0.243722 -0.224362,
        -0.590551 -0.252928 -0.232837,
        -0.551181 -0.217634 -0.279617,
        -0.551181 -0.194047 -0.295027,
        -0.551181 -0.115051 -0.335132,
        -0.571561 -0.114180 -0.332594,
        -0.590551 -0.111626 -0.325154,
        -0.606859 -0.107563 -0.313319,
        -0.619372 -0.102268 -0.297895,
        -0.627238 -0.096101 -0.279933,
        -0.551181 -0.058321 -0.349498,
        -0.551181 -0.041052 -0.350929,
        -0.551181 0.058321 -0.349498,
        -0.571561 0.057879 -0.346852,
        -0.590551 0.056585 -0.339093,
        -0.606859 0.054525 -0.326750,
        -0.619372 0.051841 -0.310665,
        -0.627238 0.048715 -0.291933,
        -0.627238 0.096101 -0.279933,
        -0.619372 0.102268 -0.297895,
        -0.606859 0.107563 -0.313319,
        -0.590551 0.111626 -0.325154,
        -0.590551 0.163622 -0.302347,
        -0.606859 0.157666 -0.291342,
        -0.619372 0.149905 -0.277000,
        -0.627238 0.140866 -0.260298,
        -0.590551 0.211155 -0.271292,
        -0.606859 0.203469 -0.261417,
        -0.619372 0.193453 -0.248548,
        -0.627238 0.181789 -0.233562,
        -0.551181 0.260690 -0.239981,
        -0.571561 0.258716 -0.238165,
        -0.590551 0.252928 -0.232837,
        -0.606859 0.243722 -0.224362,
        -0.619372 0.231724 -0.213317,
        -0.627238 0.217752 -0.200455,
        -0.551181 0.296634 -0.193800,
        -0.551181 0.305913 -0.176654,
        -0.551181 0.343488 -0.086983,
        -0.571561 0.340887 -0.086324,
        -0.590551 0.333262 -0.084393,
        -0.606859 0.321131 -0.081322,
        -0.619372 0.305323 -0.077318,
        -0.627238 0.286913 -0.072656,
        -0.627238 0.294959 -0.024441,
        -0.619372 0.313885 -0.026009,
        -0.606859 0.330137 -0.027356,
        -0.590551 0.342607 -0.028389,
        -0.590551 0.342607 0.028389,
        -0.606859 0.330137 0.027356,
        -0.619372 0.313885 0.026009,
        -0.627238 0.294959 0.024441,
        -0.590551 0.333262 0.084393,
        -0.606859 0.321131 0.081322,
        -0.619372 0.305323 0.077318,
        -0.627238 0.286913 0.072656,
        -0.551181 0.324487 0.142333,
        -0.571561 0.322030 0.141255,
        -0.590551 0.314826 0.138095,
        -0.606859 0.303367 0.133069,
        -0.619372 0.288433 0.126518,
        -0.627238 0.271041 0.118890,
        -0.551181 0.296634 0.193800,
        -0.551181 0.283326 0.210898,
        -0.551181 0.217634 0.279617,
        -0.571561 0.215987 0.277500,
        -0.590551 0.211155 0.271292,
        -0.606859 0.203469 0.261417,
        -0.619372 0.193453 0.248548,
        -0.627238 0.181789 0.233562,
        -0.627238 0.140866 0.260298,
        -0.619372 0.149905 0.277000,
        -0.606859 0.157666 0.291342,
        -0.590551 0.163622 0.302347,
        -0.590551 0.111626 0.325154,
        -0.606859 0.107563 0.313319,
        -0.619372 0.102268 0.297895,
        -0.627238 0.096101 0.279933,
        -0.551181 0.058321 0.349498,
        -0.571561 0.057879 0.346852,
        -0.590551 0.056585 0.339093,
        -0.606859 0.054525 0.326750,
        -0.619372 0.051841 0.310665,
        -0.627238 0.048715 0.291933,
        -0.314961 -0.081714 0.344780,
        -0.314961 0.000000 0.354331,
        -0.314961 -0.159023 0.316641,
        -0.314961 -0.227759 0.271433,
        -0.314961 -0.284217 0.211592,
        -0.314961 -0.325352 0.140343,
        -0.314961 -0.348948 0.061529,
        -0.314961 -0.353731 -0.020602,
        -0.314961 -0.339445 -0.101623,
        -0.314961 -0.306859 -0.177165,
        -0.314961 -0.257731 -0.243156,
        -0.314961 -0.194708 -0.296039,
        -0.314961 -0.121188 -0.332962,
        -0.314961 -0.041135 -0.351935,
        -0.314961 0.041135 -0.351935,
        -0.314961 0.121188 -0.332962,
        -0.314961 0.194708 -0.296039,
        -0.314961 0.257731 -0.243156,
        -0.314961 0.306859 -0.177165,
        -0.314961 0.339445 -0.101623,
        -0.314961 0.353731 -0.020602,
        -0.314961 0.348948 0.061529,
        -0.314961 0.325352 0.140343,
        -0.314961 0.284217 0.211592,
        -0.314961 0.227759 0.271433,
        -0.314961 0.159023 0.316641,
        -0.314961 0.081714 0.344780,
      ]
    }
    coordIndex [
      50, 49, 51, -1,
      47, 52, 48, -1,
      48, 52, 53, -1,
      48, 53, 49, -1,
      49, 53, 54, -1,
      49, 54, 51, -1,
      45, 55, 46, -1,
      46, 55, 56, -1,
      46, 56, 47, -1,
      47, 56, 57, -1,
      47, 57, 52, -1,
      43, 58, 44, -1,
      44, 58, 59, -1,
      44, 59, 45, -1,
      45, 59, 60, -1,
      45, 60, 55, -1,
      51, 61, 50, -1,
      50, 61, 62, -1,
      50, 62, 27, -1,
      27, 62, 63, -1,
      27, 63, 28, -1,
      40, 64, 41, -1,
      41, 64, 65, -1,
      41, 65, 42, -1,
      65, 66, 42, -1,
      42, 66, 67, -1,
      42, 67, 43, -1,
      43, 67, 68, -1,
      43, 68, 58, -1,
      38, 69, 39, -1,
      39, 69, 70, -1,
      39, 70, 40, -1,
      40, 70, 71, -1,
      40, 71, 64, -1,
      35, 72, 36, -1,
      36, 72, 73, -1,
      36, 73, 37, -1,
      33, 74, 34, -1,
      34, 74, 75, -1,
      34, 75, 35, -1,
      35, 75, 76, -1,
      35, 76, 72, -1,
      63, 77, 28, -1,
      28, 77, 78, -1,
      28, 78, 29, -1,
      29, 78, 79, -1,
      29, 79, 30, -1,
      73, 80, 37, -1,
      37, 80, 81, -1,
      37, 81, 38, -1,
      38, 81, 82, -1,
      38, 82, 69, -1,
      32, 83, 33, -1,
      33, 83, 84, -1,
      33, 84, 74, -1,
      79, 85, 30, -1,
      30, 85, 86, -1,
      30, 86, 31, -1,
      31, 86, 87, -1,
      31, 87, 32, -1,
      32, 87, 88, -1,
      32, 88, 83, -1,
      89, 90, 91, -1,
      92, 93, 94, -1,
      95, 96, 97, -1,
      98, 99, 100, -1,
      101, 102, 103, -1,
      104, 105, 106, -1,
      107, 108, 109, -1,
      110, 111, 112, -1,
      113, 114, 115, -1,
      116, 117, 118, -1,
      119, 120, 121, -1,
      122, 123, 124, -1,
      125, 126, 127, -1,
      128, 129, 130, -1,
      131, 132, 133, -1,
      134, 135, 136, -1,
      137, 138, 139, -1,
      140, 141, 142, -1,
      51, 54, 143, -1,
      143, 54, 144, -1,
      143, 144, 145, -1,
      145, 144, 146, -1,
      145, 146, 147, -1,
      147, 146, 148, -1,
      147, 148, 149, -1,
      149, 148, 150, -1,
      149, 150, 151, -1,
      151, 150, 142, -1,
      52, 57, 152, -1,
      152, 57, 153, -1,
      152, 153, 154, -1,
      154, 153, 155, -1,
      154, 155, 156, -1,
      156, 155, 157, -1,
      156, 157, 158, -1,
      158, 157, 159, -1,
      158, 159, 160, -1,
      160, 159, 139, -1,
      60, 59, 161, -1,
      161, 59, 162, -1,
      161, 162, 163, -1,
      163, 162, 164, -1,
      163, 164, 165, -1,
      165, 164, 166, -1,
      165, 166, 167, -1,
      167, 166, 168, -1,
      167, 168, 169, -1,
      169, 168, 133, -1,
      68, 67, 170, -1,
      170, 67, 171, -1,
      170, 171, 172, -1,
      172, 171, 173, -1,
      172, 173, 174, -1,
      174, 173, 175, -1,
      174, 175, 176, -1,
      176, 175, 177, -1,
      176, 177, 178, -1,
      178, 177, 130, -1,
      64, 71, 179, -1,
      179, 71, 180, -1,
      179, 180, 181, -1,
      181, 180, 182, -1,
      181, 182, 183, -1,
      183, 182, 184, -1,
      183, 184, 185, -1,
      185, 184, 186, -1,
      185, 186, 187, -1,
      187, 186, 124, -1,
      69, 82, 188, -1,
      188, 82, 189, -1,
      188, 189, 190, -1,
      190, 189, 191, -1,
      190, 191, 192, -1,
      192, 191, 193, -1,
      192, 193, 194, -1,
      194, 193, 195, -1,
      194, 195, 196, -1,
      196, 195, 121, -1,
      75, 74, 197, -1,
      197, 74, 198, -1,
      197, 198, 199, -1,
      199, 198, 200, -1,
      199, 200, 201, -1,
      201, 200, 202, -1,
      201, 202, 203, -1,
      203, 202, 204, -1,
      203, 204, 205, -1,
      205, 204, 109, -1,
      85, 79, 206, -1,
      206, 79, 207, -1,
      206, 207, 208, -1,
      208, 207, 209, -1,
      208, 209, 210, -1,
      210, 209, 211, -1,
      210, 211, 212, -1,
      212, 211, 213, -1,
      212, 213, 214, -1,
      214, 213, 97, -1,
      61, 51, 215, -1,
      215, 51, 143, -1,
      215, 143, 216, -1,
      216, 143, 145, -1,
      216, 145, 217, -1,
      217, 145, 147, -1,
      217, 147, 218, -1,
      218, 147, 149, -1,
      218, 149, 219, -1,
      219, 149, 151, -1,
      219, 151, 220, -1,
      220, 151, 221, -1,
      142, 141, 151, -1,
      151, 141, 222, -1,
      151, 222, 221, -1,
      223, 140, 224, -1,
      224, 140, 142, -1,
      224, 142, 225, -1,
      225, 142, 150, -1,
      225, 150, 226, -1,
      226, 150, 148, -1,
      226, 148, 227, -1,
      227, 148, 146, -1,
      227, 146, 228, -1,
      228, 146, 144, -1,
      228, 144, 53, -1,
      53, 144, 54, -1,
      53, 52, 228, -1,
      228, 52, 152, -1,
      228, 152, 227, -1,
      227, 152, 154, -1,
      227, 154, 226, -1,
      226, 154, 156, -1,
      226, 156, 225, -1,
      225, 156, 158, -1,
      225, 158, 224, -1,
      224, 158, 160, -1,
      224, 160, 223, -1,
      223, 160, 229, -1,
      139, 138, 160, -1,
      160, 138, 230, -1,
      160, 230, 229, -1,
      231, 137, 232, -1,
      232, 137, 139, -1,
      232, 139, 233, -1,
      233, 139, 159, -1,
      233, 159, 234, -1,
      234, 159, 157, -1,
      234, 157, 235, -1,
      235, 157, 155, -1,
      235, 155, 236, -1,
      236, 155, 153, -1,
      236, 153, 56, -1,
      56, 153, 57, -1,
      56, 55, 236, -1,
      236, 55, 237, -1,
      236, 237, 235, -1,
      235, 237, 238, -1,
      235, 238, 234, -1,
      234, 238, 239, -1,
      234, 239, 233, -1,
      233, 239, 240, -1,
      233, 240, 232, -1,
      232, 240, 136, -1,
      232, 136, 231, -1,
      231, 136, 135, -1,
      241, 134, 169, -1,
      169, 134, 136, -1,
      169, 136, 167, -1,
      167, 136, 240, -1,
      167, 240, 165, -1,
      165, 240, 239, -1,
      165, 239, 163, -1,
      163, 239, 238, -1,
      163, 238, 161, -1,
      161, 238, 237, -1,
      161, 237, 60, -1,
      60, 237, 55, -1,
      133, 132, 169, -1,
      169, 132, 242, -1,
      169, 242, 241, -1,
      243, 131, 244, -1,
      244, 131, 133, -1,
      244, 133, 245, -1,
      245, 133, 168, -1,
      245, 168, 246, -1,
      246, 168, 166, -1,
      246, 166, 247, -1,
      247, 166, 164, -1,
      247, 164, 248, -1,
      248, 164, 162, -1,
      248, 162, 58, -1,
      58, 162, 59, -1,
      58, 68, 248, -1,
      248, 68, 170, -1,
      248, 170, 247, -1,
      247, 170, 172, -1,
      247, 172, 246, -1,
      246, 172, 174, -1,
      246, 174, 245, -1,
      245, 174, 176, -1,
      245, 176, 244, -1,
      244, 176, 178, -1,
      244, 178, 243, -1,
      243, 178, 249, -1,
      130, 129, 178, -1,
      178, 129, 250, -1,
      178, 250, 249, -1,
      251, 128, 252, -1,
      252, 128, 130, -1,
      252, 130, 253, -1,
      253, 130, 177, -1,
      253, 177, 254, -1,
      254, 177, 175, -1,
      254, 175, 255, -1,
      255, 175, 173, -1,
      255, 173, 256, -1,
      256, 173, 171, -1,
      256, 171, 66, -1,
      66, 171, 67, -1,
      66, 65, 256, -1,
      256, 65, 257, -1,
      256, 257, 255, -1,
      255, 257, 258, -1,
      255, 258, 254, -1,
      254, 258, 259, -1,
      254, 259, 253, -1,
      253, 259, 260, -1,
      253, 260, 252, -1,
      252, 260, 127, -1,
      252, 127, 251, -1,
      251, 127, 126, -1,
      261, 125, 187, -1,
      187, 125, 127, -1,
      187, 127, 185, -1,
      185, 127, 260, -1,
      185, 260, 183, -1,
      183, 260, 259, -1,
      183, 259, 181, -1,
      181, 259, 258, -1,
      181, 258, 179, -1,
      179, 258, 257, -1,
      179, 257, 64, -1,
      64, 257, 65, -1,
      124, 123, 187, -1,
      187, 123, 262, -1,
      187, 262, 261, -1,
      263, 122, 264, -1,
      264, 122, 124, -1,
      264, 124, 265, -1,
      265, 124, 186, -1,
      265, 186, 266, -1,
      266, 186, 184, -1,
      266, 184, 267, -1,
      267, 184, 182, -1,
      267, 182, 268, -1,
      268, 182, 180, -1,
      268, 180, 70, -1,
      70, 180, 71, -1,
      70, 69, 268, -1,
      268, 69, 188, -1,
      268, 188, 267, -1,
      267, 188, 190, -1,
      267, 190, 266, -1,
      266, 190, 192, -1,
      266, 192, 265, -1,
      265, 192, 194, -1,
      265, 194, 264, -1,
      264, 194, 196, -1,
      264, 196, 263, -1,
      263, 196, 269, -1,
      121, 120, 196, -1,
      196, 120, 270, -1,
      196, 270, 269, -1,
      271, 119, 272, -1,
      272, 119, 121, -1,
      272, 121, 273, -1,
      273, 121, 195, -1,
      273, 195, 274, -1,
      274, 195, 193, -1,
      274, 193, 275, -1,
      275, 193, 191, -1,
      275, 191, 276, -1,
      276, 191, 189, -1,
      276, 189, 81, -1,
      81, 189, 82, -1,
      81, 80, 276, -1,
      276, 80, 277, -1,
      276, 277, 275, -1,
      275, 277, 278, -1,
      275, 278, 274, -1,
      274, 278, 279, -1,
      274, 279, 273, -1,
      273, 279, 280, -1,
      273, 280, 272, -1,
      272, 280, 118, -1,
      272, 118, 271, -1,
      271, 118, 117, -1,
      114, 116, 115, -1,
      115, 116, 118, -1,
      115, 118, 281, -1,
      281, 118, 280, -1,
      281, 280, 282, -1,
      282, 280, 279, -1,
      282, 279, 283, -1,
      283, 279, 278, -1,
      283, 278, 284, -1,
      284, 278, 277, -1,
      284, 277, 73, -1,
      73, 277, 80, -1,
      111, 113, 112, -1,
      112, 113, 115, -1,
      112, 115, 285, -1,
      285, 115, 281, -1,
      285, 281, 286, -1,
      286, 281, 282, -1,
      286, 282, 287, -1,
      287, 282, 283, -1,
      287, 283, 288, -1,
      288, 283, 284, -1,
      288, 284, 72, -1,
      72, 284, 73, -1,
      289, 110, 290, -1,
      290, 110, 112, -1,
      290, 112, 291, -1,
      291, 112, 285, -1,
      291, 285, 292, -1,
      292, 285, 286, -1,
      292, 286, 293, -1,
      293, 286, 287, -1,
      293, 287, 294, -1,
      294, 287, 288, -1,
      294, 288, 76, -1,
      76, 288, 72, -1,
      76, 75, 294, -1,
      294, 75, 197, -1,
      294, 197, 293, -1,
      293, 197, 199, -1,
      293, 199, 292, -1,
      292, 199, 201, -1,
      292, 201, 291, -1,
      291, 201, 203, -1,
      291, 203, 290, -1,
      290, 203, 205, -1,
      290, 205, 289, -1,
      289, 205, 295, -1,
      109, 108, 205, -1,
      205, 108, 296, -1,
      205, 296, 295, -1,
      297, 107, 298, -1,
      298, 107, 109, -1,
      298, 109, 299, -1,
      299, 109, 204, -1,
      299, 204, 300, -1,
      300, 204, 202, -1,
      300, 202, 301, -1,
      301, 202, 200, -1,
      301, 200, 302, -1,
      302, 200, 198, -1,
      302, 198, 84, -1,
      84, 198, 74, -1,
      84, 83, 302, -1,
      302, 83, 303, -1,
      302, 303, 301, -1,
      301, 303, 304, -1,
      301, 304, 300, -1,
      300, 304, 305, -1,
      300, 305, 299, -1,
      299, 305, 306, -1,
      299, 306, 298, -1,
      298, 306, 106, -1,
      298, 106, 297, -1,
      297, 106, 105, -1,
      102, 104, 103, -1,
      103, 104, 106, -1,
      103, 106, 307, -1,
      307, 106, 306, -1,
      307, 306, 308, -1,
      308, 306, 305, -1,
      308, 305, 309, -1,
      309, 305, 304, -1,
      309, 304, 310, -1,
      310, 304, 303, -1,
      310, 303, 88, -1,
      88, 303, 83, -1,
      99, 101, 100, -1,
      100, 101, 103, -1,
      100, 103, 311, -1,
      311, 103, 307, -1,
      311, 307, 312, -1,
      312, 307, 308, -1,
      312, 308, 313, -1,
      313, 308, 309, -1,
      313, 309, 314, -1,
      314, 309, 310, -1,
      314, 310, 87, -1,
      87, 310, 88, -1,
      315, 98, 316, -1,
      316, 98, 100, -1,
      316, 100, 317, -1,
      317, 100, 311, -1,
      317, 311, 318, -1,
      318, 311, 312, -1,
      318, 312, 319, -1,
      319, 312, 313, -1,
      319, 313, 320, -1,
      320, 313, 314, -1,
      320, 314, 86, -1,
      86, 314, 87, -1,
      86, 85, 320, -1,
      320, 85, 206, -1,
      320, 206, 319, -1,
      319, 206, 208, -1,
      319, 208, 318, -1,
      318, 208, 210, -1,
      318, 210, 317, -1,
      317, 210, 212, -1,
      317, 212, 316, -1,
      316, 212, 214, -1,
      316, 214, 315, -1,
      315, 214, 321, -1,
      97, 96, 214, -1,
      214, 96, 322, -1,
      214, 322, 321, -1,
      323, 95, 324, -1,
      324, 95, 97, -1,
      324, 97, 325, -1,
      325, 97, 213, -1,
      325, 213, 326, -1,
      326, 213, 211, -1,
      326, 211, 327, -1,
      327, 211, 209, -1,
      327, 209, 328, -1,
      328, 209, 207, -1,
      328, 207, 78, -1,
      78, 207, 79, -1,
      78, 77, 328, -1,
      328, 77, 329, -1,
      328, 329, 327, -1,
      327, 329, 330, -1,
      327, 330, 326, -1,
      326, 330, 331, -1,
      326, 331, 325, -1,
      325, 331, 332, -1,
      325, 332, 324, -1,
      324, 332, 94, -1,
      324, 94, 323, -1,
      323, 94, 93, -1,
      90, 92, 91, -1,
      91, 92, 94, -1,
      91, 94, 333, -1,
      333, 94, 332, -1,
      333, 332, 334, -1,
      334, 332, 331, -1,
      334, 331, 335, -1,
      335, 331, 330, -1,
      335, 330, 336, -1,
      336, 330, 329, -1,
      336, 329, 63, -1,
      63, 329, 77, -1,
      337, 89, 338, -1,
      338, 89, 91, -1,
      338, 91, 339, -1,
      339, 91, 333, -1,
      339, 333, 340, -1,
      340, 333, 334, -1,
      340, 334, 341, -1,
      341, 334, 335, -1,
      341, 335, 342, -1,
      342, 335, 336, -1,
      342, 336, 62, -1,
      62, 336, 63, -1,
      62, 61, 342, -1,
      342, 61, 215, -1,
      342, 215, 341, -1,
      341, 215, 216, -1,
      341, 216, 340, -1,
      340, 216, 217, -1,
      340, 217, 339, -1,
      339, 217, 218, -1,
      339, 218, 338, -1,
      338, 218, 219, -1,
      338, 219, 337, -1,
      337, 219, 220, -1,
      221, 343, 344, -1,
      140, 345, 141, -1,
      141, 345, 343, -1,
      141, 343, 222, -1,
      222, 343, 221, -1,
      140, 223, 345, -1,
      345, 223, 229, -1,
      345, 229, 346, -1,
      137, 347, 138, -1,
      138, 347, 346, -1,
      138, 346, 230, -1,
      230, 346, 229, -1,
      137, 231, 347, -1,
      347, 231, 135, -1,
      347, 135, 348, -1,
      135, 134, 348, -1,
      348, 134, 241, -1,
      348, 241, 349, -1,
      131, 350, 132, -1,
      132, 350, 349, -1,
      132, 349, 242, -1,
      242, 349, 241, -1,
      131, 243, 350, -1,
      350, 243, 249, -1,
      350, 249, 351, -1,
      128, 352, 129, -1,
      129, 352, 351, -1,
      129, 351, 250, -1,
      250, 351, 249, -1,
      128, 251, 352, -1,
      352, 251, 126, -1,
      352, 126, 353, -1,
      126, 125, 353, -1,
      353, 125, 261, -1,
      353, 261, 354, -1,
      122, 355, 123, -1,
      123, 355, 354, -1,
      123, 354, 262, -1,
      262, 354, 261, -1,
      122, 263, 355, -1,
      355, 263, 269, -1,
      355, 269, 356, -1,
      119, 357, 120, -1,
      120, 357, 356, -1,
      120, 356, 270, -1,
      270, 356, 269, -1,
      119, 271, 357, -1,
      357, 271, 117, -1,
      357, 117, 358, -1,
      117, 116, 358, -1,
      358, 116, 114, -1,
      358, 114, 359, -1,
      110, 360, 111, -1,
      111, 360, 359, -1,
      111, 359, 113, -1,
      113, 359, 114, -1,
      110, 289, 360, -1,
      360, 289, 295, -1,
      360, 295, 361, -1,
      107, 362, 108, -1,
      108, 362, 361, -1,
      108, 361, 296, -1,
      296, 361, 295, -1,
      107, 297, 362, -1,
      362, 297, 105, -1,
      362, 105, 363, -1,
      105, 104, 363, -1,
      363, 104, 102, -1,
      363, 102, 364, -1,
      98, 365, 99, -1,
      99, 365, 364, -1,
      99, 364, 101, -1,
      101, 364, 102, -1,
      98, 315, 365, -1,
      365, 315, 321, -1,
      365, 321, 366, -1,
      95, 367, 96, -1,
      96, 367, 366, -1,
      96, 366, 322, -1,
      322, 366, 321, -1,
      95, 323, 367, -1,
      367, 323, 93, -1,
      367, 93, 368, -1,
      93, 92, 368, -1,
      368, 92, 90, -1,
      368, 90, 369, -1,
      90, 89, 369, -1,
      369, 89, 337, -1,
      369, 337, 344, -1,
      344, 337, 220, -1,
      344, 220, 221, -1,
      344, 25, 369, -1,
      369, 25, 26, -1,
      369, 26, 368, -1,
      368, 26, 0, -1,
      368, 0, 367, -1,
      367, 0, 1, -1,
      367, 1, 366, -1,
      366, 1, 2, -1,
      366, 2, 365, -1,
      365, 2, 3, -1,
      365, 3, 364, -1,
      364, 3, 4, -1,
      364, 4, 363, -1,
      363, 4, 5, -1,
      363, 5, 362, -1,
      362, 5, 6, -1,
      362, 6, 361, -1,
      361, 6, 7, -1,
      361, 7, 360, -1,
      360, 7, 8, -1,
      360, 8, 359, -1,
      359, 8, 9, -1,
      359, 9, 358, -1,
      358, 9, 10, -1,
      358, 10, 357, -1,
      357, 10, 11, -1,
      357, 11, 356, -1,
      356, 11, 12, -1,
      356, 12, 355, -1,
      355, 12, 13, -1,
      355, 13, 354, -1,
      354, 13, 14, -1,
      354, 14, 353, -1,
      353, 14, 15, -1,
      353, 15, 352, -1,
      352, 15, 16, -1,
      352, 16, 351, -1,
      351, 16, 17, -1,
      351, 17, 350, -1,
      350, 17, 18, -1,
      350, 18, 349, -1,
      349, 18, 19, -1,
      349, 19, 348, -1,
      348, 19, 20, -1,
      348, 20, 347, -1,
      347, 20, 21, -1,
      347, 21, 346, -1,
      346, 21, 22, -1,
      346, 22, 345, -1,
      345, 22, 23, -1,
      345, 23, 343, -1,
      343, 23, 24, -1,
      343, 24, 344, -1,
      344, 24, 25, -1,
    ]
  }
}

Shape {
  appearance Appearance {
    material Material {
      diffuseColor 0.2039 0.2039 0.2039
      specularColor 0.1020 0.1020 0.1020
      ambientIntensity 0.2
      transparency 0.0000
      shininess 0.5
    }
  }
  geometry IndexedFaceSet {
    ccw TRUE
    solid FALSE
    coord DEF co Coordinate {
      point [
        -0.168728 0.080086 0.324922,
        -0.168728 0.155518 0.296314,
        -0.168728 0.221911 0.250486,
        -0.168728 0.275408 0.190100,
        -0.168728 0.312899 0.118667,
        -0.168728 0.332206 0.040337,
        -0.168728 0.332206 -0.040337,
        -0.168728 0.312899 -0.118667,
        -0.168728 0.275408 -0.190100,
        -0.168728 0.221911 -0.250486,
        -0.168728 0.155518 -0.296314,
        -0.168728 0.080086 -0.324922,
        -0.168728 0.000000 -0.334646,
        -0.168728 -0.080086 -0.324922,
        -0.168728 -0.155518 -0.296314,
        -0.168728 -0.221911 -0.250486,
        -0.168728 -0.275408 -0.190100,
        -0.168728 -0.312899 -0.118667,
        -0.168728 -0.332206 -0.040337,
        -0.168728 -0.332206 0.040337,
        -0.168728 -0.312899 0.118667,
        -0.168728 -0.275408 0.190100,
        -0.168728 -0.221911 0.250486,
        -0.168728 -0.155518 0.296314,
        -0.168728 -0.080086 0.324922,
        -0.168728 -0.000000 0.334646,
        -0.109673 -0.194708 -0.296039,
        -0.109673 -0.121188 -0.332962,
        -0.109673 -0.080086 -0.324922,
        -0.109673 -0.041135 -0.351935,
        -0.109673 0.000000 -0.334646,
        -0.109673 0.041135 -0.351935,
        -0.109673 0.080086 -0.324922,
        -0.109673 0.121188 -0.332962,
        -0.109673 0.155518 -0.296314,
        -0.109673 0.194708 -0.296039,
        -0.109673 0.221911 -0.250486,
        -0.109673 0.257731 -0.243156,
        -0.109673 0.275408 -0.190100,
        -0.109673 0.306859 -0.177165,
        -0.109673 0.312899 -0.118667,
        -0.109673 0.339445 -0.101623,
        -0.109673 0.332206 -0.040337,
        -0.109673 0.353731 -0.020602,
        -0.109673 0.332206 0.040337,
        -0.109673 0.348948 0.061529,
        -0.109673 0.312899 0.118667,
        -0.109673 0.325352 0.140343,
        -0.109673 0.275408 0.190100,
        -0.109673 0.284217 0.211592,
        -0.109673 0.221911 0.250486,
        -0.109673 0.227759 0.271433,
        -0.109673 0.155518 0.296314,
        -0.109673 0.159023 0.316641,
        -0.109673 0.080086 0.324922,
        -0.109673 0.081714 0.344780,
        -0.109673 0.000000 0.334646,
        -0.109673 -0.000000 0.354331,
        -0.109673 -0.080086 0.324922,
        -0.109673 -0.081714 0.344780,
        -0.109673 -0.155518 0.296314,
        -0.109673 -0.159023 0.316641,
        -0.109673 -0.221911 0.250486,
        -0.109673 -0.227759 0.271433,
        -0.109673 -0.275408 0.190100,
        -0.109673 -0.284217 0.211592,
        -0.109673 -0.312899 0.118667,
        -0.109673 -0.325352 0.140343,
        -0.109673 -0.332206 0.040337,
        -0.109673 -0.348948 0.061529,
        -0.109673 -0.332206 -0.040337,
        -0.109673 -0.353731 -0.020602,
        -0.109673 -0.312899 -0.118667,
        -0.109673 -0.339445 -0.101623,
        -0.109673 -0.275408 -0.190100,
        -0.109673 -0.306859 -0.177165,
        -0.109673 -0.221911 -0.250486,
        -0.109673 -0.257731 -0.243156,
        -0.109673 -0.155518 -0.296314,
        -0.168728 0.000000 0.354331,
        -0.168728 0.081714 0.344780,
        -0.168728 0.159023 0.316641,
        -0.168728 0.227759 0.271433,
        -0.168728 0.284217 0.211592,
        -0.168728 0.325352 0.140343,
        -0.168728 0.348948 0.061529,
        -0.168728 0.353731 -0.020602,
        -0.168728 0.339445 -0.101623,
        -0.168728 0.306859 -0.177165,
        -0.168728 0.257731 -0.243156,
        -0.168728 0.194708 -0.296039,
        -0.168728 0.121188 -0.332962,
        -0.168728 0.041135 -0.351935,
        -0.168728 -0.041135 -0.351935,
        -0.168728 -0.121188 -0.332962,
        -0.168728 -0.194708 -0.296039,
        -0.168728 -0.257731 -0.243156,
        -0.168728 -0.306859 -0.177165,
        -0.168728 -0.339445 -0.101623,
        -0.168728 -0.353731 -0.020602,
        -0.168728 -0.348948 0.061529,
        -0.168728 -0.325352 0.140343,
        -0.168728 -0.284217 0.211592,
        -0.168728 -0.227759 0.271433,
        -0.168728 -0.159023 0.316641,
        -0.168728 -0.081714 0.344780,
      ]
    }
    coordIndex [
      26, 27, 28, -1,
      28, 27, 29, -1,
      28, 29, 30, -1,
      30, 29, 31, -1,
      30, 31, 32, -1,
      32, 31, 33, -1,
      32, 33, 34, -1,
      34, 33, 35, -1,
      34, 35, 36, -1,
      36, 35, 37, -1,
      36, 37, 38, -1,
      38, 37, 39, -1,
      38, 39, 40, -1,
      40, 39, 41, -1,
      40, 41, 42, -1,
      42, 41, 43, -1,
      42, 43, 44, -1,
      44, 43, 45, -1,
      44, 45, 46, -1,
      46, 45, 47, -1,
      46, 47, 48, -1,
      48, 47, 49, -1,
      48, 49, 50, -1,
      50, 49, 51, -1,
      50, 51, 52, -1,
      52, 51, 53, -1,
      52, 53, 54, -1,
      54, 53, 55, -1,
      54, 55, 56, -1,
      56, 55, 57, -1,
      56, 57, 58, -1,
      58, 57, 59, -1,
      58, 59, 60, -1,
      60, 59, 61, -1,
      60, 61, 62, -1,
      62, 61, 63, -1,
      62, 63, 64, -1,
      64, 63, 65, -1,
      64, 65, 66, -1,
      66, 65, 67, -1,
      66, 67, 68, -1,
      68, 67, 69, -1,
      68, 69, 70, -1,
      70, 69, 71, -1,
      70, 71, 72, -1,
      72, 71, 73, -1,
      72, 73, 74, -1,
      74, 73, 75, -1,
      74, 75, 76, -1,
      76, 75, 77, -1,
      76, 77, 78, -1,
      78, 77, 26, -1,
      78, 26, 28, -1,
      79, 55, 80, -1,
      80, 55, 53, -1,
      80, 53, 81, -1,
      81, 53, 51, -1,
      81, 51, 82, -1,
      82, 51, 49, -1,
      82, 49, 83, -1,
      83, 49, 47, -1,
      83, 47, 84, -1,
      84, 47, 45, -1,
      84, 45, 85, -1,
      85, 45, 43, -1,
      85, 43, 86, -1,
      86, 43, 41, -1,
      86, 41, 87, -1,
      87, 41, 39, -1,
      87, 39, 88, -1,
      88, 39, 37, -1,
      88, 37, 89, -1,
      89, 37, 35, -1,
      89, 35, 90, -1,
      90, 35, 33, -1,
      90, 33, 91, -1,
      91, 33, 31, -1,
      91, 31, 92, -1,
      92, 31, 29, -1,
      92, 29, 93, -1,
      93, 29, 27, -1,
      93, 27, 94, -1,
      94, 27, 26, -1,
      94, 26, 95, -1,
      95, 26, 77, -1,
      95, 77, 96, -1,
      96, 77, 75, -1,
      96, 75, 97, -1,
      97, 75, 73, -1,
      97, 73, 98, -1,
      98, 73, 71, -1,
      98, 71, 99, -1,
      99, 71, 69, -1,
      99, 69, 100, -1,
      100, 69, 67, -1,
      100, 67, 101, -1,
      101, 67, 65, -1,
      101, 65, 102, -1,
      102, 65, 63, -1,
      102, 63, 103, -1,
      103, 63, 61, -1,
      103, 61, 104, -1,
      104, 61, 59, -1,
      104, 59, 105, -1,
      105, 59, 57, -1,
      105, 57, 79, -1,
      79, 57, 55, -1,
      90, 91, 11, -1,
      11, 91, 92, -1,
      11, 92, 12, -1,
      12, 92, 93, -1,
      12, 93, 13, -1,
      13, 93, 94, -1,
      13, 94, 14, -1,
      14, 94, 95, -1,
      14, 95, 15, -1,
      15, 95, 96, -1,
      15, 96, 16, -1,
      16, 96, 97, -1,
      16, 97, 17, -1,
      17, 97, 98, -1,
      17, 98, 18, -1,
      18, 98, 99, -1,
      18, 99, 19, -1,
      19, 99, 100, -1,
      19, 100, 20, -1,
      20, 100, 101, -1,
      20, 101, 21, -1,
      21, 101, 102, -1,
      21, 102, 22, -1,
      22, 102, 103, -1,
      22, 103, 23, -1,
      23, 103, 104, -1,
      23, 104, 24, -1,
      24, 104, 105, -1,
      24, 105, 25, -1,
      25, 105, 79, -1,
      25, 79, 0, -1,
      0, 79, 80, -1,
      0, 80, 1, -1,
      1, 80, 81, -1,
      1, 81, 2, -1,
      2, 81, 82, -1,
      2, 82, 3, -1,
      3, 82, 83, -1,
      3, 83, 4, -1,
      4, 83, 84, -1,
      4, 84, 5, -1,
      5, 84, 85, -1,
      5, 85, 6, -1,
      6, 85, 86, -1,
      6, 86, 7, -1,
      7, 86, 87, -1,
      7, 87, 8, -1,
      8, 87, 88, -1,
      8, 88, 9, -1,
      9, 88, 89, -1,
      9, 89, 10, -1,
      10, 89, 90, -1,
      10, 90, 11, -1,
    ]
  }
}

Shape {
  appearance Appearance {
    material Material {
      diffuseColor 0.3725 0.9490 1.0000
      specularColor 0.1882 0.4745 0.5020
      ambientIntensity 0.2
      transparency 0.0000
      shininess 0.5
    }
  }
  geometry IndexedFaceSet {
    ccw TRUE
    solid FALSE
    coord DEF co Coordinate {
      point [
        -0.109673 -0.080086 -0.324922,
        -0.109673 0.000000 -0.334646,
        -0.109673 0.080086 -0.324922,
        -0.109673 0.155518 -0.296314,
        -0.109673 0.221911 -0.250486,
        -0.109673 0.275408 -0.190100,
        -0.109673 0.312899 -0.118667,
        -0.109673 0.332206 -0.040337,
        -0.109673 0.332206 0.040337,
        -0.109673 0.312899 0.118667,
        -0.109673 0.275408 0.190100,
        -0.109673 0.221911 0.250486,
        -0.109673 0.155518 0.296314,
        -0.109673 0.080086 0.324922,
        -0.109673 0.000000 0.334646,
        -0.109673 -0.080086 0.324922,
        -0.109673 -0.155518 0.296314,
        -0.109673 -0.221911 0.250486,
        -0.109673 -0.275408 0.190100,
        -0.109673 -0.312899 0.118667,
        -0.109673 -0.332206 0.040337,
        -0.109673 -0.332206 -0.040337,
        -0.109673 -0.312899 -0.118667,
        -0.109673 -0.275408 -0.190100,
        -0.109673 -0.221911 -0.250486,
        -0.109673 -0.155518 -0.296314,
        0.052742 -0.084710 -0.323741,
        0.052647 -0.085357 -0.323577,
        0.021766 -0.080086 -0.324922,
        0.051788 -0.087370 -0.323034,
        0.051142 -0.088883 -0.322626,
        0.050750 -0.089380 -0.322487,
        0.049434 -0.091044 -0.322022,
        0.049367 -0.091129 -0.321999,
        0.047779 -0.092335 -0.321654,
        0.047204 -0.092772 -0.321530,
        0.045944 -0.093315 -0.321372,
        0.044385 -0.093986 -0.321176,
        0.043786 -0.094080 -0.321149,
        0.041035 -0.094513 -0.321022,
        0.039553 -0.094746 -0.320953,
        0.034644 -0.094116 -0.321138,
        0.034161 -0.094054 -0.321157,
        -0.071378 -0.098423 -0.319844,
        -0.067394 -0.087817 -0.322918,
        -0.051130 -0.087817 -0.322918,
        -0.069713 -0.079952 -0.324371,
        -0.076993 -0.098065 -0.319955,
        -0.077140 -0.098423 -0.319844,
        -0.047372 -0.098423 -0.319844,
        -0.041611 -0.098423 -0.319844,
        -0.048805 -0.079951 -0.324370,
        -0.037961 -0.084547 -0.323789,
        -0.036911 -0.087193 -0.323080,
        -0.036275 -0.088796 -0.322650,
        -0.035422 -0.090000 -0.322312,
        -0.034110 -0.091854 -0.321793,
        -0.033350 -0.092542 -0.321593,
        -0.031324 -0.094376 -0.321062,
        -0.030947 -0.094585 -0.321000,
        -0.028068 -0.096183 -0.320524,
        -0.027319 -0.096599 -0.320400,
        -0.020480 -0.098159 -0.319926,
        0.124543 -0.155518 -0.296314,
        -0.022550 -0.097960 -0.319987,
        -0.024643 -0.097363 -0.320168,
        0.002561 -0.081314 -0.324617,
        0.016484 -0.081314 -0.324617,
        0.016484 -0.094285 -0.321089,
        0.000640 -0.098423 -0.319844,
        0.021766 -0.098423 -0.319844,
        0.000640 -0.094285 -0.321089,
        -0.007042 -0.098423 -0.319844,
        -0.017747 -0.098423 -0.319844,
        0.062096 -0.094285 -0.321089,
        0.057029 -0.088799 -0.322649,
        0.076980 -0.094285 -0.321089,
        0.057430 -0.087455 -0.323009,
        0.058735 -0.080171 -0.324900,
        0.076980 -0.080086 -0.324922,
        0.058365 -0.083899 -0.323954,
        0.058301 -0.084535 -0.323793,
        0.062096 -0.098423 -0.319844,
        0.040280 -0.098882 -0.319703,
        0.044559 -0.098320 -0.319876,
        0.045824 -0.098154 -0.319927,
        0.047828 -0.097407 -0.320155,
        0.049678 -0.096717 -0.320365,
        0.050487 -0.096184 -0.320524,
        0.052584 -0.094802 -0.320937,
        0.052913 -0.094461 -0.321036,
        0.054604 -0.092705 -0.321547,
        0.054955 -0.092341 -0.321653,
        0.056149 -0.090302 -0.322227,
        0.031173 -0.092958 -0.321474,
        0.029448 -0.092326 -0.321658,
        0.029448 -0.096471 -0.320439,
        0.033372 -0.097851 -0.320019,
        0.034237 -0.098156 -0.319927,
        0.037572 -0.098556 -0.319804,
        0.002561 -0.080086 -0.324922,
        -0.007042 -0.080086 -0.324922,
        0.002561 -0.077115 -0.325639,
        0.082261 -0.098423 -0.319844,
        0.124543 -0.080086 -0.324922,
        0.082261 -0.080086 -0.324922,
        0.124543 0.000000 -0.334646,
        0.082261 -0.060201 -0.329186,
        0.076980 -0.060201 -0.329186,
        0.021766 -0.060201 -0.329186,
        0.001600 -0.060201 -0.329186,
        0.029448 -0.066447 -0.327982,
        0.029448 -0.061263 -0.328990,
        0.031093 -0.060731 -0.329089,
        0.058724 -0.080086 -0.324921,
        0.058074 -0.075136 -0.326095,
        0.057965 -0.074306 -0.326292,
        0.056830 -0.071361 -0.326939,
        0.056101 -0.069470 -0.327356,
        0.055278 -0.068324 -0.327592,
        0.053460 -0.065792 -0.328115,
        0.053226 -0.065593 -0.328154,
        0.050703 -0.063446 -0.328575,
        0.050219 -0.063033 -0.328656,
        0.047837 -0.061852 -0.328878,
        0.046212 -0.061045 -0.329031,
        0.044560 -0.060659 -0.329102,
        0.041493 -0.059943 -0.329233,
        0.040655 -0.059878 -0.329245,
        0.038713 -0.059728 -0.329272,
        0.033724 -0.060385 -0.329152,
        -0.038730 -0.078969 -0.325195,
        -0.038576 -0.080084 -0.324914,
        -0.038070 -0.083754 -0.323989,
        -0.024200 -0.060954 -0.329048,
        -0.027137 -0.062012 -0.328849,
        -0.056494 -0.060201 -0.329186,
        -0.028836 -0.062623 -0.328734,
        -0.030186 -0.063526 -0.328558,
        -0.032713 -0.065215 -0.328230,
        -0.032759 -0.065265 -0.328220,
        -0.034952 -0.067636 -0.327738,
        -0.037098 -0.071166 -0.326991,
        -0.056352 -0.060570 -0.329119,
        -0.036604 -0.070309 -0.327173,
        -0.035249 -0.067957 -0.327673,
        -0.037765 -0.073372 -0.326496,
        -0.038351 -0.075309 -0.326062,
        -0.038522 -0.076967 -0.325669,
        -0.061776 -0.060201 -0.329186,
        0.001600 -0.064446 -0.328381,
        0.016484 -0.064446 -0.328381,
        0.016484 -0.077115 -0.325639,
        -0.007042 -0.060201 -0.329186,
        -0.018152 -0.060201 -0.329186,
        -0.023312 -0.060844 -0.329068,
        0.032854 -0.065093 -0.328253,
        0.033928 -0.064665 -0.328339,
        0.036561 -0.064282 -0.328413,
        0.038668 -0.063975 -0.328474,
        0.042073 -0.064527 -0.328365,
        0.043548 -0.064766 -0.328319,
        0.044683 -0.065247 -0.328223,
        0.046315 -0.065939 -0.328085,
        0.046789 -0.066279 -0.328016,
        0.048644 -0.067611 -0.327744,
        0.048717 -0.067696 -0.327727,
        0.050230 -0.069438 -0.327361,
        0.050626 -0.069894 -0.327265,
        0.051456 -0.071472 -0.326921,
        0.052127 -0.072749 -0.326643,
        0.052429 -0.073961 -0.326364,
        0.053216 -0.077125 -0.325636,
        0.053256 -0.077285 -0.325599,
        0.053454 -0.079857 -0.324978,
        0.053420 -0.080085 -0.324920,
        0.124543 0.080086 -0.324922,
        0.124543 0.155518 -0.296314,
        0.124543 0.221911 -0.250486,
        0.124543 0.275408 -0.190100,
        0.124543 0.312899 -0.118667,
        0.124543 0.332206 -0.040337,
        0.124543 0.332206 0.040337,
        0.124543 0.312899 0.118667,
        0.124543 0.275408 0.190100,
        0.124543 0.221911 0.250486,
        0.124543 0.155518 0.296314,
        0.124543 0.080086 0.324922,
        0.124543 -0.000000 0.334646,
        0.124543 -0.080086 0.324922,
        0.124543 -0.155518 0.296314,
        0.124543 -0.221911 0.250486,
        0.124543 -0.275408 0.190100,
        0.124543 -0.312899 0.118667,
        0.124543 -0.332206 0.040337,
        0.124543 -0.332206 -0.040337,
        0.124543 -0.312899 -0.118667,
        0.124543 -0.275408 -0.190100,
        0.124543 -0.221911 -0.250486,
      ]
    }
    coordIndex [
      26, 27, 28, -1,
      28, 27, 29, -1,
      28, 29, 30, -1,
      30, 31, 28, -1,
      28, 31, 32, -1,
      28, 32, 33, -1,
      33, 34, 28, -1,
      28, 34, 35, -1,
      28, 35, 36, -1,
      36, 37, 28, -1,
      28, 37, 38, -1,
      28, 38, 39, -1,
      39, 40, 28, -1,
      28, 40, 41, -1,
      28, 41, 42, -1,
      43, 44, 45, -1,
      46, 47, 0, -1,
      0, 47, 48, -1,
      0, 48, 25, -1,
      25, 48, 43, -1,
      25, 43, 49, -1,
      49, 43, 45, -1,
      50, 51, 52, -1,
      52, 53, 50, -1,
      50, 53, 54, -1,
      50, 54, 55, -1,
      55, 56, 50, -1,
      50, 56, 57, -1,
      50, 57, 58, -1,
      58, 59, 50, -1,
      50, 59, 60, -1,
      50, 60, 61, -1,
      62, 63, 64, -1,
      64, 63, 50, -1,
      64, 50, 65, -1,
      65, 50, 61, -1,
      66, 67, 68, -1,
      69, 70, 63, -1,
      71, 69, 72, -1,
      72, 69, 63, -1,
      72, 63, 73, -1,
      73, 63, 62, -1,
      74, 75, 76, -1,
      76, 75, 77, -1,
      78, 79, 80, -1,
      80, 79, 76, -1,
      80, 76, 81, -1,
      81, 76, 77, -1,
      82, 83, 84, -1,
      84, 85, 82, -1,
      82, 85, 86, -1,
      82, 86, 87, -1,
      87, 88, 82, -1,
      82, 88, 89, -1,
      82, 89, 90, -1,
      90, 91, 82, -1,
      82, 91, 92, -1,
      82, 92, 74, -1,
      74, 92, 93, -1,
      74, 93, 75, -1,
      42, 94, 28, -1,
      28, 94, 95, -1,
      28, 95, 70, -1,
      70, 95, 96, -1,
      96, 97, 70, -1,
      70, 97, 98, -1,
      70, 98, 63, -1,
      63, 98, 99, -1,
      63, 99, 83, -1,
      68, 71, 66, -1,
      66, 71, 72, -1,
      66, 72, 100, -1,
      100, 72, 101, -1,
      100, 101, 102, -1,
      83, 82, 63, -1,
      63, 82, 103, -1,
      63, 103, 104, -1,
      104, 103, 105, -1,
      104, 105, 106, -1,
      106, 105, 107, -1,
      106, 107, 108, -1,
      109, 110, 1, -1,
      111, 28, 112, -1,
      112, 28, 109, -1,
      112, 109, 113, -1,
      78, 114, 79, -1,
      79, 114, 115, -1,
      79, 115, 108, -1,
      108, 115, 116, -1,
      108, 116, 117, -1,
      117, 118, 108, -1,
      108, 118, 119, -1,
      108, 119, 120, -1,
      120, 121, 108, -1,
      108, 121, 122, -1,
      108, 122, 123, -1,
      123, 124, 108, -1,
      108, 124, 125, -1,
      108, 125, 126, -1,
      127, 128, 1, -1,
      1, 128, 129, -1,
      1, 129, 109, -1,
      109, 129, 130, -1,
      109, 130, 113, -1,
      131, 132, 51, -1,
      51, 132, 133, -1,
      51, 133, 52, -1,
      134, 135, 136, -1,
      136, 135, 137, -1,
      136, 137, 138, -1,
      138, 139, 136, -1,
      136, 139, 140, -1,
      136, 140, 141, -1,
      142, 143, 144, -1,
      144, 143, 136, -1,
      144, 136, 145, -1,
      145, 136, 141, -1,
      142, 146, 143, -1,
      143, 146, 147, -1,
      143, 147, 51, -1,
      51, 147, 148, -1,
      51, 148, 131, -1,
      46, 0, 149, -1,
      149, 0, 1, -1,
      149, 1, 136, -1,
      150, 151, 152, -1,
      152, 102, 150, -1,
      150, 102, 101, -1,
      150, 101, 110, -1,
      110, 101, 153, -1,
      110, 153, 1, -1,
      1, 153, 154, -1,
      1, 154, 136, -1,
      136, 154, 155, -1,
      136, 155, 134, -1,
      111, 156, 28, -1,
      28, 156, 157, -1,
      28, 157, 158, -1,
      158, 159, 28, -1,
      28, 159, 160, -1,
      28, 160, 161, -1,
      161, 162, 28, -1,
      28, 162, 163, -1,
      28, 163, 164, -1,
      164, 165, 28, -1,
      28, 165, 166, -1,
      28, 166, 167, -1,
      167, 168, 28, -1,
      28, 168, 169, -1,
      28, 169, 170, -1,
      170, 171, 28, -1,
      28, 171, 172, -1,
      28, 172, 173, -1,
      173, 174, 28, -1,
      28, 174, 175, -1,
      28, 175, 26, -1,
      126, 127, 108, -1,
      108, 127, 1, -1,
      108, 1, 106, -1,
      106, 1, 2, -1,
      106, 2, 176, -1,
      176, 2, 3, -1,
      176, 3, 177, -1,
      177, 3, 4, -1,
      177, 4, 178, -1,
      178, 4, 5, -1,
      178, 5, 179, -1,
      179, 5, 6, -1,
      179, 6, 180, -1,
      180, 6, 7, -1,
      180, 7, 181, -1,
      181, 7, 8, -1,
      181, 8, 182, -1,
      182, 8, 9, -1,
      182, 9, 183, -1,
      183, 9, 10, -1,
      183, 10, 184, -1,
      184, 10, 11, -1,
      184, 11, 185, -1,
      185, 11, 12, -1,
      185, 12, 186, -1,
      186, 12, 13, -1,
      186, 13, 187, -1,
      187, 13, 14, -1,
      187, 14, 188, -1,
      188, 14, 15, -1,
      188, 15, 189, -1,
      189, 15, 16, -1,
      189, 16, 190, -1,
      190, 16, 17, -1,
      190, 17, 191, -1,
      191, 17, 18, -1,
      191, 18, 192, -1,
      192, 18, 19, -1,
      192, 19, 193, -1,
      193, 19, 20, -1,
      193, 20, 194, -1,
      194, 20, 21, -1,
      194, 21, 195, -1,
      195, 21, 22, -1,
      195, 22, 196, -1,
      196, 22, 23, -1,
      196, 23, 197, -1,
      197, 23, 24, -1,
      197, 24, 198, -1,
      198, 24, 25, -1,
      198, 25, 63, -1,
      63, 25, 49, -1,
      63, 49, 50, -1,
    ]
  }
}

Shape {
  appearance Appearance {
    material Material {
      diffuseColor 0.0902 0.5922 0.0000
      specularColor 0.0431 0.2941 0.0000
      ambientIntensity 0.2
      transparency 0.0000
      shininess 0.5
    }
  }
  geometry IndexedFaceSet {
    ccw TRUE
    solid FALSE
    coord DEF co Coordinate {
      point [
        0.124543 -0.155518 -0.296314,
        0.124543 -0.080086 -0.324922,
        0.124543 0.000000 -0.334646,
        0.124543 0.080086 -0.324922,
        0.124543 0.155518 -0.296314,
        0.124543 0.221911 -0.250486,
        0.124543 0.275408 -0.190100,
        0.124543 0.312899 -0.118667,
        0.124543 0.332206 -0.040337,
        0.124543 0.332206 0.040337,
        0.124543 0.312899 0.118667,
        0.124543 0.275408 0.190100,
        0.124543 0.221911 0.250486,
        0.124543 0.155518 0.296314,
        0.124543 0.080086 0.324922,
        0.124543 -0.000000 0.334646,
        0.124543 -0.080086 0.324922,
        0.124543 -0.155518 0.296314,
        0.124543 -0.221911 0.250486,
        0.124543 -0.275408 0.190100,
        0.124543 -0.312899 0.118667,
        0.124543 -0.332206 0.040337,
        0.124543 -0.332206 -0.040337,
        0.124543 -0.312899 -0.118667,
        0.124543 -0.275408 -0.190100,
        0.124543 -0.221911 -0.250486,
        0.183598 -0.194708 -0.296039,
        0.183598 -0.121188 -0.332962,
        0.183598 -0.080086 -0.324922,
        0.183598 -0.041135 -0.351935,
        0.183598 0.000000 -0.334646,
        0.183598 0.041135 -0.351935,
        0.183598 0.080086 -0.324922,
        0.183598 0.121188 -0.332962,
        0.183598 0.155518 -0.296314,
        0.183598 0.194708 -0.296039,
        0.183598 0.221911 -0.250486,
        0.183598 0.257731 -0.243156,
        0.183598 0.275408 -0.190100,
        0.183598 0.306859 -0.177165,
        0.183598 0.312899 -0.118667,
        0.183598 0.339445 -0.101623,
        0.183598 0.332206 -0.040337,
        0.183598 0.353731 -0.020602,
        0.183598 0.332206 0.040337,
        0.183598 0.348948 0.061529,
        0.183598 0.312899 0.118667,
        0.183598 0.325352 0.140343,
        0.183598 0.275408 0.190100,
        0.183598 0.284217 0.211592,
        0.183598 0.221911 0.250486,
        0.183598 0.227759 0.271433,
        0.183598 0.155518 0.296314,
        0.183598 0.159023 0.316641,
        0.183598 0.080086 0.324922,
        0.183598 0.081714 0.344780,
        0.183598 0.000000 0.334646,
        0.183598 -0.000000 0.354331,
        0.183598 -0.080086 0.324922,
        0.183598 -0.081714 0.344780,
        0.183598 -0.155518 0.296314,
        0.183598 -0.159023 0.316641,
        0.183598 -0.221911 0.250486,
        0.183598 -0.227759 0.271433,
        0.183598 -0.275408 0.190100,
        0.183598 -0.284217 0.211592,
        0.183598 -0.312899 0.118667,
        0.183598 -0.325352 0.140343,
        0.183598 -0.332206 0.040337,
        0.183598 -0.348948 0.061529,
        0.183598 -0.332206 -0.040337,
        0.183598 -0.353731 -0.020602,
        0.183598 -0.312899 -0.118667,
        0.183598 -0.339445 -0.101623,
        0.183598 -0.275408 -0.190100,
        0.183598 -0.306859 -0.177165,
        0.183598 -0.221911 -0.250486,
        0.183598 -0.257731 -0.243156,
        0.183598 -0.155518 -0.296314,
        0.124543 0.000000 0.354331,
        0.124543 0.081714 0.344780,
        0.124543 0.159023 0.316641,
        0.124543 0.227759 0.271433,
        0.124543 0.284217 0.211592,
        0.124543 0.325352 0.140343,
        0.124543 0.348948 0.061529,
        0.124543 0.353731 -0.020602,
        0.124543 0.339445 -0.101623,
        0.124543 0.306859 -0.177165,
        0.124543 0.257731 -0.243156,
        0.124543 0.194708 -0.296039,
        0.124543 0.121188 -0.332962,
        0.124543 0.041135 -0.351935,
        0.124543 -0.041135 -0.351935,
        0.124543 -0.121188 -0.332962,
        0.124543 -0.194708 -0.296039,
        0.124543 -0.257731 -0.243156,
        0.124543 -0.306859 -0.177165,
        0.124543 -0.339445 -0.101623,
        0.124543 -0.353731 -0.020602,
        0.124543 -0.348948 0.061529,
        0.124543 -0.325352 0.140343,
        0.124543 -0.284217 0.211592,
        0.124543 -0.227759 0.271433,
        0.124543 -0.159023 0.316641,
        0.124543 -0.081714 0.344780,
      ]
    }
    coordIndex [
      26, 27, 28, -1,
      28, 27, 29, -1,
      28, 29, 30, -1,
      30, 29, 31, -1,
      30, 31, 32, -1,
      32, 31, 33, -1,
      32, 33, 34, -1,
      34, 33, 35, -1,
      34, 35, 36, -1,
      36, 35, 37, -1,
      36, 37, 38, -1,
      38, 37, 39, -1,
      38, 39, 40, -1,
      40, 39, 41, -1,
      40, 41, 42, -1,
      42, 41, 43, -1,
      42, 43, 44, -1,
      44, 43, 45, -1,
      44, 45, 46, -1,
      46, 45, 47, -1,
      46, 47, 48, -1,
      48, 47, 49, -1,
      48, 49, 50, -1,
      50, 49, 51, -1,
      50, 51, 52, -1,
      52, 51, 53, -1,
      52, 53, 54, -1,
      54, 53, 55, -1,
      54, 55, 56, -1,
      56, 55, 57, -1,
      56, 57, 58, -1,
      58, 57, 59, -1,
      58, 59, 60, -1,
      60, 59, 61, -1,
      60, 61, 62, -1,
      62, 61, 63, -1,
      62, 63, 64, -1,
      64, 63, 65, -1,
      64, 65, 66, -1,
      66, 65, 67, -1,
      66, 67, 68, -1,
      68, 67, 69, -1,
      68, 69, 70, -1,
      70, 69, 71, -1,
      70, 71, 72, -1,
      72, 71, 73, -1,
      72, 73, 74, -1,
      74, 73, 75, -1,
      74, 75, 76, -1,
      76, 75, 77, -1,
      76, 77, 78, -1,
      78, 77, 26, -1,
      78, 26, 28, -1,
      79, 55, 80, -1,
      80, 55, 53, -1,
      80, 53, 81, -1,
      81, 53, 51, -1,
      81, 51, 82, -1,
      82, 51, 49, -1,
      82, 49, 83, -1,
      83, 49, 47, -1,
      83, 47, 84, -1,
      84, 47, 45, -1,
      84, 45, 85, -1,
      85, 45, 43, -1,
      85, 43, 86, -1,
      86, 43, 41, -1,
      86, 41, 87, -1,
      87, 41, 39, -1,
      87, 39, 88, -1,
      88, 39, 37, -1,
      88, 37, 89, -1,
      89, 37, 35, -1,
      89, 35, 90, -1,
      90, 35, 33, -1,
      90, 33, 91, -1,
      91, 33, 31, -1,
      91, 31, 92, -1,
      92, 31, 29, -1,
      92, 29, 93, -1,
      93, 29, 27, -1,
      93, 27, 94, -1,
      94, 27, 26, -1,
      94, 26, 95, -1,
      95, 26, 77, -1,
      95, 77, 96, -1,
      96, 77, 75, -1,
      96, 75, 97, -1,
      97, 75, 73, -1,
      97, 73, 98, -1,
      98, 73, 71, -1,
      98, 71, 99, -1,
      99, 71, 69, -1,
      99, 69, 100, -1,
      100, 69, 67, -1,
      100, 67, 101, -1,
      101, 67, 65, -1,
      101, 65, 102, -1,
      102, 65, 63, -1,
      102, 63, 103, -1,
      103, 63, 61, -1,
      103, 61, 104, -1,
      104, 61, 59, -1,
      104, 59, 105, -1,
      105, 59, 57, -1,
      105, 57, 79, -1,
      79, 57, 55, -1,
      90, 91, 3, -1,
      3, 91, 92, -1,
      3, 92, 2, -1,
      2, 92, 93, -1,
      2, 93, 1, -1,
      1, 93, 94, -1,
      1, 94, 0, -1,
      0, 94, 95, -1,
      0, 95, 25, -1,
      25, 95, 96, -1,
      25, 96, 24, -1,
      24, 96, 97, -1,
      24, 97, 23, -1,
      23, 97, 98, -1,
      23, 98, 22, -1,
      22, 98, 99, -1,
      22, 99, 21, -1,
      21, 99, 100, -1,
      21, 100, 20, -1,
      20, 100, 101, -1,
      20, 101, 19, -1,
      19, 101, 102, -1,
      19, 102, 18, -1,
      18, 102, 103, -1,
      18, 103, 17, -1,
      17, 103, 104, -1,
      17, 104, 16, -1,
      16, 104, 105, -1,
      16, 105, 15, -1,
      15, 105, 79, -1,
      15, 79, 14, -1,
      14, 79, 80, -1,
      14, 80, 13, -1,
      13, 80, 81, -1,
      13, 81, 12, -1,
      12, 81, 82, -1,
      12, 82, 11, -1,
      11, 82, 83, -1,
      11, 83, 10, -1,
      10, 83, 84, -1,
      10, 84, 9, -1,
      9, 84, 85, -1,
      9, 85, 8, -1,
      8, 85, 86, -1,
      8, 86, 7, -1,
      7, 86, 87, -1,
      7, 87, 6, -1,
      6, 87, 88, -1,
      6, 88, 5, -1,
      5, 88, 89, -1,
      5, 89, 4, -1,
      4, 89, 90, -1,
      4, 90, 3, -1,
    ]
  }
}

Shape {
  appearance Appearance {
    material Material {
      diffuseColor 0.3725 0.9490 1.0000
      specularColor 0.1882 0.4745 0.5020
      ambientIntensity 0.2
      transparency 0.0000
      shininess 0.5
    }
  }
  geometry IndexedFaceSet {
    ccw TRUE
    solid FALSE
    coord DEF co Coordinate {
      point [
        0.183598 -0.080086 -0.324922,
        0.183598 0.000000 -0.334646,
        0.183598 0.080086 -0.324922,
        0.183598 0.155518 -0.296314,
        0.183598 0.221911 -0.250486,
        0.183598 0.275408 -0.190100,
        0.183598 0.312899 -0.118667,
        0.183598 0.332206 -0.040337,
        0.183598 0.332206 0.040337,
        0.183598 0.312899 0.118667,
        0.183598 0.275408 0.190100,
        0.183598 0.221911 0.250486,
        0.183598 0.155518 0.296314,
        0.183598 0.080086 0.324922,
        0.183598 0.000000 0.334646,
        0.183598 -0.080086 0.324922,
        0.183598 -0.155518 0.296314,
        0.183598 -0.221911 0.250486,
        0.183598 -0.275408 0.190100,
        0.183598 -0.312899 0.118667,
        0.183598 -0.332206 0.040337,
        0.183598 -0.332206 -0.040337,
        0.183598 -0.312899 -0.118667,
        0.183598 -0.275408 -0.190100,
        0.183598 -0.221911 -0.250486,
        0.183598 -0.155518 -0.296314,
        0.236220 0.080086 0.324922,
        0.236220 0.155518 0.296314,
        0.236220 0.221911 0.250486,
        0.236220 0.275408 0.190100,
        0.236220 0.312899 0.118667,
        0.236220 0.332206 0.040337,
        0.236220 0.332206 -0.040337,
        0.236220 0.312899 -0.118667,
        0.236220 0.275408 -0.190100,
        0.236220 0.221911 -0.250486,
        0.236220 0.155518 -0.296314,
        0.236220 0.080086 -0.324922,
        0.236220 0.000000 -0.334646,
        0.236220 -0.080086 -0.324922,
        0.236220 -0.155518 -0.296314,
        0.236220 -0.221911 -0.250486,
        0.236220 -0.275408 -0.190100,
        0.236220 -0.312899 -0.118667,
        0.236220 -0.332206 -0.040337,
        0.236220 -0.332206 0.040337,
        0.236220 -0.312899 0.118667,
        0.236220 -0.275408 0.190100,
        0.236220 -0.221911 0.250486,
        0.236220 -0.155518 0.296314,
        0.236220 -0.080086 0.324922,
        0.236220 -0.000000 0.334646,
      ]
    }
    coordIndex [
      14, 26, 13, -1,
      13, 26, 27, -1,
      13, 27, 12, -1,
      12, 27, 28, -1,
      12, 28, 11, -1,
      11, 28, 29, -1,
      11, 29, 10, -1,
      10, 29, 30, -1,
      10, 30, 9, -1,
      9, 30, 31, -1,
      9, 31, 8, -1,
      8, 31, 32, -1,
      8, 32, 7, -1,
      7, 32, 33, -1,
      7, 33, 6, -1,
      6, 33, 34, -1,
      6, 34, 5, -1,
      5, 34, 35, -1,
      5, 35, 4, -1,
      4, 35, 36, -1,
      4, 36, 3, -1,
      3, 36, 37, -1,
      3, 37, 2, -1,
      2, 37, 38, -1,
      2, 38, 1, -1,
      1, 38, 39, -1,
      1, 39, 0, -1,
      0, 39, 40, -1,
      0, 40, 25, -1,
      25, 40, 41, -1,
      25, 41, 24, -1,
      24, 41, 42, -1,
      24, 42, 23, -1,
      23, 42, 43, -1,
      23, 43, 22, -1,
      22, 43, 44, -1,
      22, 44, 21, -1,
      21, 44, 45, -1,
      21, 45, 20, -1,
      20, 45, 46, -1,
      20, 46, 19, -1,
      19, 46, 47, -1,
      19, 47, 18, -1,
      18, 47, 48, -1,
      18, 48, 17, -1,
      17, 48, 49, -1,
      17, 49, 16, -1,
      16, 49, 50, -1,
      16, 50, 15, -1,
      15, 50, 51, -1,
      15, 51, 14, -1,
      14, 51, 26, -1,
    ]
  }
}

Shape {
  appearance Appearance {
    material Material {
      diffuseColor 0.8745 0.1137 0.0000
      specularColor 0.4392 0.0588 0.0000
      ambientIntensity 0.2
      transparency 0.0000
      shininess 0.5
    }
  }
  geometry IndexedFaceSet {
    ccw TRUE
    solid FALSE
    coord DEF co Coordinate {
      point [
        0.236220 0.080086 0.324922,
        0.236220 0.155518 0.296314,
        0.236220 0.221911 0.250486,
        0.236220 0.275408 0.190100,
        0.236220 0.312899 0.118667,
        0.236220 0.332206 0.040337,
        0.236220 0.332206 -0.040337,
        0.236220 0.312899 -0.118667,
        0.236220 0.275408 -0.190100,
        0.236220 0.221911 -0.250486,
        0.236220 0.155518 -0.296314,
        0.236220 0.080086 -0.324922,
        0.236220 0.000000 -0.334646,
        0.236220 -0.080086 -0.324922,
        0.236220 -0.155518 -0.296314,
        0.236220 -0.221911 -0.250486,
        0.236220 -0.275408 -0.190100,
        0.236220 -0.312899 -0.118667,
        0.236220 -0.332206 -0.040337,
        0.236220 -0.332206 0.040337,
        0.236220 -0.312899 0.118667,
        0.236220 -0.275408 0.190100,
        0.236220 -0.221911 0.250486,
        0.236220 -0.155518 0.296314,
        0.236220 -0.080086 0.324922,
        0.236220 -0.000000 0.334646,
        0.236220 0.194708 -0.296039,
        0.236220 0.121188 -0.332962,
        0.236220 0.041135 -0.351935,
        0.236220 -0.041135 -0.351935,
        0.236220 -0.121188 -0.332962,
        0.236220 -0.194708 -0.296039,
        0.236220 -0.257731 -0.243156,
        0.236220 -0.306859 -0.177165,
        0.236220 -0.339445 -0.101623,
        0.236220 -0.353731 -0.020602,
        0.236220 -0.348948 0.061529,
        0.236220 -0.325352 0.140343,
        0.236220 -0.284217 0.211592,
        0.236220 -0.227759 0.271433,
        0.236220 -0.159023 0.316641,
        0.236220 -0.081714 0.344780,
        0.236220 0.000000 0.354331,
        0.236220 0.081714 0.344780,
        0.236220 0.159023 0.316641,
        0.236220 0.227759 0.271433,
        0.236220 0.284217 0.211592,
        0.236220 0.325352 0.140343,
        0.236220 0.348948 0.061529,
        0.236220 0.353731 -0.020602,
        0.236220 0.339445 -0.101623,
        0.236220 0.306859 -0.177165,
        0.236220 0.257731 -0.243156,
        0.295276 0.081714 0.344780,
        0.295276 0.159023 0.316641,
        0.295276 0.227759 0.271433,
        0.295276 0.284217 0.211592,
        0.295276 0.325352 0.140343,
        0.295276 0.348948 0.061529,
        0.295276 0.353731 -0.020602,
        0.295276 0.339445 -0.101623,
        0.295276 0.306859 -0.177165,
        0.295276 0.257731 -0.243156,
        0.295276 0.194708 -0.296039,
        0.295276 0.121188 -0.332962,
        0.295276 0.041135 -0.351935,
        0.295276 -0.041135 -0.351935,
        0.295276 -0.121188 -0.332962,
        0.295276 -0.194708 -0.296039,
        0.295276 -0.257731 -0.243156,
        0.295276 -0.306859 -0.177165,
        0.295276 -0.339445 -0.101623,
        0.295276 -0.353731 -0.020602,
        0.295276 -0.348948 0.061529,
        0.295276 -0.325352 0.140343,
        0.295276 -0.284217 0.211592,
        0.295276 -0.227759 0.271433,
        0.295276 -0.159023 0.316641,
        0.295276 -0.081714 0.344780,
        0.295276 -0.000000 0.354331,
        0.295276 0.000000 0.334646,
        0.295276 0.038850 0.332383,
        0.295276 0.114456 0.314464,
        0.295276 0.183891 0.279593,
        0.295276 0.243413 0.229648,
        0.295276 0.289812 0.167323,
        0.295276 0.320587 0.095978,
        0.295276 0.334080 0.019458,
        0.295276 0.329562 -0.058111,
        0.295276 0.307277 -0.132546,
        0.295276 0.268427 -0.199837,
        0.295276 0.215106 -0.256354,
        0.295276 0.150189 -0.299050,
        0.295276 0.077174 -0.325625,
        0.295276 0.000000 -0.334646,
        0.295276 -0.077174 -0.325625,
        0.295276 -0.150189 -0.299050,
        0.295276 -0.215106 -0.256354,
        0.295276 -0.268427 -0.199837,
        0.295276 -0.307277 -0.132546,
        0.295276 -0.329562 -0.058111,
        0.295276 -0.334080 0.019458,
        0.295276 -0.320587 0.095978,
        0.295276 -0.289812 0.167323,
        0.295276 -0.243413 0.229648,
        0.295276 -0.183891 0.279593,
        0.295276 -0.114456 0.314464,
        0.295276 -0.038850 0.332383,
      ]
    }
    coordIndex [
      26, 27, 11, -1,
      11, 27, 28, -1,
      11, 28, 12, -1,
      12, 28, 29, -1,
      12, 29, 13, -1,
      13, 29, 30, -1,
      13, 30, 14, -1,
      14, 30, 31, -1,
      14, 31, 15, -1,
      15, 31, 32, -1,
      15, 32, 16, -1,
      16, 32, 33, -1,
      16, 33, 17, -1,
      17, 33, 34, -1,
      17, 34, 18, -1,
      18, 34, 35, -1,
      18, 35, 19, -1,
      19, 35, 36, -1,
      19, 36, 20, -1,
      20, 36, 37, -1,
      20, 37, 21, -1,
      21, 37, 38, -1,
      21, 38, 22, -1,
      22, 38, 39, -1,
      22, 39, 23, -1,
      23, 39, 40, -1,
      23, 40, 24, -1,
      24, 40, 41, -1,
      24, 41, 25, -1,
      25, 41, 42, -1,
      25, 42, 0, -1,
      0, 42, 43, -1,
      0, 43, 1, -1,
      1, 43, 44, -1,
      1, 44, 2, -1,
      2, 44, 45, -1,
      2, 45, 3, -1,
      3, 45, 46, -1,
      3, 46, 4, -1,
      4, 46, 47, -1,
      4, 47, 5, -1,
      5, 47, 48, -1,
      5, 48, 6, -1,
      6, 48, 49, -1,
      6, 49, 7, -1,
      7, 49, 50, -1,
      7, 50, 8, -1,
      8, 50, 51, -1,
      8, 51, 9, -1,
      9, 51, 52, -1,
      9, 52, 10, -1,
      10, 52, 26, -1,
      10, 26, 11, -1,
      42, 53, 43, -1,
      43, 53, 54, -1,
      43, 54, 44, -1,
      44, 54, 55, -1,
      44, 55, 45, -1,
      45, 55, 56, -1,
      45, 56, 46, -1,
      46, 56, 57, -1,
      46, 57, 47, -1,
      47, 57, 58, -1,
      47, 58, 48, -1,
      48, 58, 59, -1,
      48, 59, 49, -1,
      49, 59, 60, -1,
      49, 60, 50, -1,
      50, 60, 61, -1,
      50, 61, 51, -1,
      51, 61, 62, -1,
      51, 62, 52, -1,
      52, 62, 63, -1,
      52, 63, 26, -1,
      26, 63, 64, -1,
      26, 64, 27, -1,
      27, 64, 65, -1,
      27, 65, 28, -1,
      28, 65, 66, -1,
      28, 66, 29, -1,
      29, 66, 67, -1,
      29, 67, 30, -1,
      30, 67, 68, -1,
      30, 68, 31, -1,
      31, 68, 69, -1,
      31, 69, 32, -1,
      32, 69, 70, -1,
      32, 70, 33, -1,
      33, 70, 71, -1,
      33, 71, 34, -1,
      34, 71, 72, -1,
      34, 72, 35, -1,
      35, 72, 73, -1,
      35, 73, 36, -1,
      36, 73, 74, -1,
      36, 74, 37, -1,
      37, 74, 75, -1,
      37, 75, 38, -1,
      38, 75, 76, -1,
      38, 76, 39, -1,
      39, 76, 77, -1,
      39, 77, 40, -1,
      40, 77, 78, -1,
      40, 78, 41, -1,
      41, 78, 79, -1,
      41, 79, 42, -1,
      42, 79, 53, -1,
      80, 81, 53, -1,
      53, 81, 82, -1,
      53, 82, 54, -1,
      54, 82, 83, -1,
      54, 83, 55, -1,
      55, 83, 84, -1,
      55, 84, 56, -1,
      56, 84, 85, -1,
      56, 85, 57, -1,
      57, 85, 86, -1,
      57, 86, 58, -1,
      58, 86, 87, -1,
      58, 87, 59, -1,
      59, 87, 88, -1,
      59, 88, 60, -1,
      60, 88, 89, -1,
      60, 89, 61, -1,
      61, 89, 90, -1,
      61, 90, 62, -1,
      62, 90, 91, -1,
      62, 91, 63, -1,
      63, 91, 92, -1,
      63, 92, 64, -1,
      64, 92, 93, -1,
      64, 93, 65, -1,
      65, 93, 94, -1,
      65, 94, 66, -1,
      66, 94, 95, -1,
      66, 95, 67, -1,
      67, 95, 96, -1,
      67, 96, 68, -1,
      68, 96, 97, -1,
      68, 97, 69, -1,
      69, 97, 98, -1,
      69, 98, 70, -1,
      70, 98, 99, -1,
      70, 99, 71, -1,
      71, 99, 100, -1,
      71, 100, 72, -1,
      72, 100, 101, -1,
      72, 101, 73, -1,
      73, 101, 102, -1,
      73, 102, 74, -1,
      74, 102, 103, -1,
      74, 103, 75, -1,
      75, 103, 104, -1,
      75, 104, 76, -1,
      76, 104, 105, -1,
      76, 105, 77, -1,
      77, 105, 106, -1,
      77, 106, 78, -1,
      78, 106, 107, -1,
      78, 107, 79, -1,
      79, 107, 80, -1,
      79, 80, 53, -1,
    ]
  }
}

Shape {
  appearance Appearance {
    material Material {
      diffuseColor 0.8510 0.8510 0.8510
      specularColor 0.4235 0.4235 0.4235
      ambientIntensity 0.2
      transparency 0.0000
      shininess 0.5
    }
  }
  geometry IndexedFaceSet {
    ccw TRUE
    solid FALSE
    coord DEF co Coordinate {
      point [
        1.349132 -0.039370 -2.322835,
        1.341266 -0.020380 -2.322835,
        1.417323 0.000000 -2.322835,
        1.338583 0.000000 -2.322835,
        1.341266 0.020380 -2.322835,
        1.396943 -0.076057 -2.322835,
        1.377953 -0.068191 -2.322835,
        1.361645 -0.055678 -2.322835,
        1.456693 -0.068191 -2.322835,
        1.437702 -0.076057 -2.322835,
        1.417323 -0.078740 -2.322835,
        1.493380 -0.020380 -2.322835,
        1.485514 -0.039370 -2.322835,
        1.473000 -0.055678 -2.322835,
        1.485514 0.039370 -2.322835,
        1.493380 0.020380 -2.322835,
        1.496063 0.000000 -2.322835,
        1.437702 0.076057 -2.322835,
        1.456693 0.068191 -2.322835,
        1.473000 0.055678 -2.322835,
        1.377953 0.068191 -2.322835,
        1.396943 0.076057 -2.322835,
        1.417323 0.078740 -2.322835,
        1.349132 0.039370 -2.322835,
        1.361645 0.055678 -2.322835,
        1.496063 0.000000 -0.196850,
        1.493380 0.020380 -0.196850,
        1.485514 0.039370 -0.196850,
        1.473000 0.055678 -0.196850,
        1.456693 0.068191 -0.196850,
        1.437702 0.076057 -0.196850,
        1.417323 0.078740 -0.196850,
        1.396943 0.076057 -0.196850,
        1.377953 0.068191 -0.196850,
        1.361645 0.055678 -0.196850,
        1.349132 0.039370 -0.196850,
        1.341266 0.020380 -0.196850,
        1.338583 0.000000 -0.196850,
        1.341266 -0.020380 -0.196850,
        1.349132 -0.039370 -0.196850,
        1.361645 -0.055678 -0.196850,
        1.377953 -0.068191 -0.196850,
        1.396943 -0.076057 -0.196850,
        1.417323 -0.078740 -0.196850,
        1.437702 -0.076057 -0.196850,
        1.456693 -0.068191 -0.196850,
        1.473000 -0.055678 -0.196850,
        1.485514 -0.039370 -0.196850,
        1.493380 -0.020380 -0.196850,
        1.220472 -0.000000 -0.078740,
        1.240982 0.000000 -0.080535,
        1.220472 -0.020380 -0.076057,
        1.241448 -0.020380 -0.077892,
        1.220472 -0.039370 -0.068191,
        1.242814 -0.039370 -0.070146,
        1.220472 -0.055678 -0.055678,
        1.244987 -0.055678 -0.057822,
        1.220472 -0.068191 -0.039370,
        1.247819 -0.068191 -0.041763,
        1.220472 -0.076057 -0.020380,
        1.251116 -0.076057 -0.023061,
        1.220472 -0.078740 -0.000000,
        1.254655 -0.078740 -0.002991,
        1.220472 -0.076057 0.020380,
        1.258194 -0.076057 0.017079,
        1.220472 -0.068191 0.039370,
        1.261492 -0.068191 0.035781,
        1.220472 -0.055678 0.055678,
        1.264324 -0.055678 0.051841,
        1.220472 -0.039370 0.068191,
        1.266496 -0.039370 0.064165,
        1.220472 -0.020380 0.076057,
        1.267862 -0.020380 0.071911,
        1.220472 0.000000 0.078740,
        1.268328 0.000000 0.074553,
        1.220472 0.020380 0.076057,
        1.267862 0.020380 0.071911,
        1.220472 0.039370 0.068191,
        1.266496 0.039370 0.064165,
        1.220472 0.055678 0.055678,
        1.264324 0.055678 0.051841,
        1.220472 0.068191 0.039370,
        1.261492 0.068191 0.035781,
        1.220472 0.076057 0.020380,
        1.258194 0.076057 0.017079,
        1.220472 0.078740 -0.000000,
        1.254655 0.078740 -0.002991,
        1.220472 0.076057 -0.020380,
        1.251116 0.076057 -0.023061,
        1.220472 0.068191 -0.039370,
        1.247819 0.068191 -0.041763,
        1.220472 0.055678 -0.055678,
        1.244987 0.055678 -0.057822,
        1.220472 0.039370 -0.068191,
        1.242814 0.039370 -0.070146,
        1.220472 0.020380 -0.076057,
        1.241448 0.020380 -0.077892,
        1.260869 0.000000 -0.085863,
        1.261786 -0.020380 -0.083342,
        1.264477 -0.039370 -0.075950,
        1.268756 -0.055678 -0.064191,
        1.274334 -0.068191 -0.048867,
        1.280829 -0.076057 -0.031022,
        1.287799 -0.078740 -0.011872,
        1.294769 -0.076057 0.007279,
        1.301265 -0.068191 0.025124,
        1.306842 -0.055678 0.040448,
        1.311122 -0.039370 0.052207,
        1.313812 -0.020380 0.059599,
        1.314730 0.000000 0.062120,
        1.313812 0.020380 0.059599,
        1.311122 0.039370 0.052207,
        1.306842 0.055678 0.040448,
        1.301265 0.068191 0.025124,
        1.294769 0.076057 0.007279,
        1.287799 0.078740 -0.011872,
        1.280829 0.076057 -0.031022,
        1.274334 0.068191 -0.048867,
        1.268756 0.055678 -0.064191,
        1.264477 0.039370 -0.075950,
        1.261786 0.020380 -0.083342,
        1.279528 0.000000 -0.094564,
        1.280869 -0.020380 -0.092241,
        1.284802 -0.039370 -0.085428,
        1.291059 -0.055678 -0.074591,
        1.299213 -0.068191 -0.060469,
        1.308708 -0.076057 -0.044022,
        1.318898 -0.078740 -0.026373,
        1.329087 -0.076057 -0.008724,
        1.338583 -0.068191 0.007722,
        1.346737 -0.055678 0.021845,
        1.352993 -0.039370 0.032682,
        1.356926 -0.020380 0.039494,
        1.358268 0.000000 0.041818,
        1.356926 0.020380 0.039494,
        1.352993 0.039370 0.032682,
        1.346737 0.055678 0.021845,
        1.338583 0.068191 0.007722,
        1.329087 0.076057 -0.008724,
        1.318898 0.078740 -0.026373,
        1.308708 0.076057 -0.044022,
        1.299213 0.068191 -0.060469,
        1.291059 0.055678 -0.074591,
        1.284802 0.039370 -0.085428,
        1.280869 0.020380 -0.092241,
        1.296392 0.000000 -0.106373,
        1.298117 -0.020380 -0.104317,
        1.303173 -0.039370 -0.098292,
        1.311217 -0.055678 -0.088706,
        1.321699 -0.068191 -0.076213,
        1.333906 -0.076057 -0.061666,
        1.347006 -0.078740 -0.046054,
        1.360105 -0.076057 -0.030443,
        1.372312 -0.068191 -0.015895,
        1.382794 -0.055678 -0.003403,
        1.390838 -0.039370 0.006183,
        1.395894 -0.020380 0.012209,
        1.397619 0.000000 0.014264,
        1.395894 0.020380 0.012209,
        1.390838 0.039370 0.006183,
        1.382794 0.055678 -0.003403,
        1.372312 0.068191 -0.015895,
        1.360105 0.076057 -0.030443,
        1.347006 0.078740 -0.046054,
        1.333906 0.076057 -0.061666,
        1.321699 0.068191 -0.076213,
        1.311217 0.055678 -0.088706,
        1.303173 0.039370 -0.098292,
        1.298117 0.020380 -0.104317,
        1.310950 0.000000 -0.120931,
        1.313006 -0.020380 -0.119206,
        1.319031 -0.039370 -0.114150,
        1.328617 -0.055678 -0.106106,
        1.341109 -0.068191 -0.095624,
        1.355657 -0.076057 -0.083417,
        1.371269 -0.078740 -0.070317,
        1.386880 -0.076057 -0.057218,
        1.401428 -0.068191 -0.045011,
        1.413920 -0.055678 -0.034528,
        1.423506 -0.039370 -0.026485,
        1.429532 -0.020380 -0.021429,
        1.431587 0.000000 -0.019704,
        1.429532 0.020380 -0.021429,
        1.423506 0.039370 -0.026485,
        1.413920 0.055678 -0.034528,
        1.401428 0.068191 -0.045011,
        1.386880 0.076057 -0.057218,
        1.371269 0.078740 -0.070317,
        1.355657 0.076057 -0.083417,
        1.341109 0.068191 -0.095624,
        1.328617 0.055678 -0.106106,
        1.319031 0.039370 -0.114150,
        1.313006 0.020380 -0.119206,
        1.322759 0.000000 -0.137795,
        1.325083 -0.020380 -0.136454,
        1.331895 -0.039370 -0.132521,
        1.342731 -0.055678 -0.126264,
        1.356854 -0.068191 -0.118110,
        1.373301 -0.076057 -0.108615,
        1.390950 -0.078740 -0.098425,
        1.408599 -0.076057 -0.088235,
        1.425045 -0.068191 -0.078740,
        1.439168 -0.055678 -0.070586,
        1.450005 -0.039370 -0.064330,
        1.456817 -0.020380 -0.060396,
        1.459141 0.000000 -0.059055,
        1.456817 0.020380 -0.060396,
        1.450005 0.039370 -0.064330,
        1.439168 0.055678 -0.070586,
        1.425045 0.068191 -0.078740,
        1.408599 0.076057 -0.088235,
        1.390950 0.078740 -0.098425,
        1.373301 0.076057 -0.108615,
        1.356854 0.068191 -0.118110,
        1.342731 0.055678 -0.126264,
        1.331895 0.039370 -0.132521,
        1.325083 0.020380 -0.136454,
        1.331460 0.000000 -0.156454,
        1.333981 -0.020380 -0.155537,
        1.341373 -0.039370 -0.152846,
        1.353131 -0.055678 -0.148567,
        1.368456 -0.068191 -0.142989,
        1.386301 -0.076057 -0.136494,
        1.405451 -0.078740 -0.129524,
        1.424602 -0.076057 -0.122554,
        1.442447 -0.068191 -0.116058,
        1.457771 -0.055678 -0.110481,
        1.469530 -0.039370 -0.106201,
        1.476922 -0.020380 -0.103511,
        1.479443 0.000000 -0.102593,
        1.476922 0.020380 -0.103511,
        1.469530 0.039370 -0.106201,
        1.457771 0.055678 -0.110481,
        1.442447 0.068191 -0.116058,
        1.424602 0.076057 -0.122554,
        1.405451 0.078740 -0.129524,
        1.386301 0.076057 -0.136494,
        1.368456 0.068191 -0.142989,
        1.353131 0.055678 -0.148567,
        1.341373 0.039370 -0.152846,
        1.333981 0.020380 -0.155537,
        1.336788 0.000000 -0.176341,
        1.339431 -0.020380 -0.175875,
        1.347177 -0.039370 -0.174509,
        1.359500 -0.055678 -0.172336,
        1.375560 -0.068191 -0.169504,
        1.394262 -0.076057 -0.166207,
        1.414332 -0.078740 -0.162668,
        1.434402 -0.076057 -0.159129,
        1.453104 -0.068191 -0.155831,
        1.469164 -0.055678 -0.152999,
        1.481487 -0.039370 -0.150826,
        1.489234 -0.020380 -0.149461,
        1.491876 0.000000 -0.148994,
        1.489234 0.020380 -0.149461,
        1.481487 0.039370 -0.150826,
        1.469164 0.055678 -0.152999,
        1.453104 0.068191 -0.155831,
        1.434402 0.076057 -0.159129,
        1.414332 0.078740 -0.162668,
        1.394262 0.076057 -0.166207,
        1.375560 0.068191 -0.169504,
        1.359500 0.055678 -0.172336,
        1.347177 0.039370 -0.174509,
        1.339431 0.020380 -0.175875,
        0.629921 0.000000 0.078740,
        0.629921 0.020380 0.076057,
        0.629921 0.039370 0.068191,
        0.629921 0.055678 0.055678,
        0.629921 0.068191 0.039370,
        0.629921 0.076057 0.020380,
        0.629921 0.078740 0.000000,
        0.629921 0.076057 -0.020380,
        0.629921 0.068191 -0.039370,
        0.629921 0.055678 -0.055678,
        0.629921 0.039370 -0.068191,
        0.629921 0.020380 -0.076057,
        0.629921 0.000000 -0.078740,
        0.629921 -0.020380 -0.076057,
        0.629921 -0.039370 -0.068191,
        0.629921 -0.055678 -0.055678,
        0.629921 -0.068191 -0.039370,
        0.629921 -0.076057 -0.020380,
        0.629921 -0.078740 -0.000000,
        0.629921 -0.076057 0.020380,
        0.629921 -0.068191 0.039370,
        0.629921 -0.055678 0.055678,
        0.629921 -0.039370 0.068191,
        0.629921 -0.020380 0.076057,
      ]
    }
    coordIndex [
      0, 1, 2, -1,
      2, 1, 3, -1,
      2, 3, 4, -1,
      5, 6, 2, -1,
      2, 6, 7, -1,
      2, 7, 0, -1,
      8, 9, 2, -1,
      2, 9, 10, -1,
      2, 10, 5, -1,
      11, 12, 2, -1,
      2, 12, 13, -1,
      2, 13, 8, -1,
      14, 15, 2, -1,
      2, 15, 16, -1,
      2, 16, 11, -1,
      17, 18, 2, -1,
      2, 18, 19, -1,
      2, 19, 14, -1,
      20, 21, 2, -1,
      2, 21, 22, -1,
      2, 22, 17, -1,
      4, 23, 2, -1,
      2, 23, 24, -1,
      2, 24, 20, -1,
      25, 15, 26, -1,
      26, 15, 14, -1,
      26, 14, 27, -1,
      27, 14, 19, -1,
      27, 19, 28, -1,
      28, 19, 18, -1,
      28, 18, 29, -1,
      29, 18, 17, -1,
      29, 17, 30, -1,
      30, 17, 22, -1,
      30, 22, 31, -1,
      31, 22, 21, -1,
      31, 21, 32, -1,
      32, 21, 20, -1,
      32, 20, 33, -1,
      33, 20, 24, -1,
      33, 24, 34, -1,
      34, 24, 23, -1,
      34, 23, 35, -1,
      35, 23, 4, -1,
      35, 4, 36, -1,
      36, 4, 3, -1,
      36, 3, 37, -1,
      37, 3, 1, -1,
      37, 1, 38, -1,
      38, 1, 0, -1,
      38, 0, 39, -1,
      39, 0, 7, -1,
      39, 7, 40, -1,
      40, 7, 6, -1,
      40, 6, 41, -1,
      41, 6, 5, -1,
      41, 5, 42, -1,
      42, 5, 10, -1,
      42, 10, 43, -1,
      43, 10, 9, -1,
      43, 9, 44, -1,
      44, 9, 8, -1,
      44, 8, 45, -1,
      45, 8, 13, -1,
      45, 13, 46, -1,
      46, 13, 12, -1,
      46, 12, 47, -1,
      47, 12, 11, -1,
      47, 11, 48, -1,
      48, 11, 16, -1,
      48, 16, 25, -1,
      25, 16, 15, -1,
      49, 50, 51, -1,
      51, 50, 52, -1,
      51, 52, 53, -1,
      53, 52, 54, -1,
      53, 54, 55, -1,
      55, 54, 56, -1,
      55, 56, 57, -1,
      57, 56, 58, -1,
      57, 58, 59, -1,
      59, 58, 60, -1,
      59, 60, 61, -1,
      61, 60, 62, -1,
      61, 62, 63, -1,
      63, 62, 64, -1,
      63, 64, 65, -1,
      65, 64, 66, -1,
      65, 66, 67, -1,
      67, 66, 68, -1,
      67, 68, 69, -1,
      69, 68, 70, -1,
      69, 70, 71, -1,
      71, 70, 72, -1,
      71, 72, 73, -1,
      73, 72, 74, -1,
      73, 74, 75, -1,
      75, 74, 76, -1,
      75, 76, 77, -1,
      77, 76, 78, -1,
      77, 78, 79, -1,
      79, 78, 80, -1,
      79, 80, 81, -1,
      81, 80, 82, -1,
      81, 82, 83, -1,
      83, 82, 84, -1,
      83, 84, 85, -1,
      85, 84, 86, -1,
      85, 86, 87, -1,
      87, 86, 88, -1,
      87, 88, 89, -1,
      89, 88, 90, -1,
      89, 90, 91, -1,
      91, 90, 92, -1,
      91, 92, 93, -1,
      93, 92, 94, -1,
      93, 94, 95, -1,
      95, 94, 96, -1,
      95, 96, 49, -1,
      49, 96, 50, -1,
      50, 97, 52, -1,
      52, 97, 98, -1,
      52, 98, 54, -1,
      54, 98, 99, -1,
      54, 99, 56, -1,
      56, 99, 100, -1,
      56, 100, 58, -1,
      58, 100, 101, -1,
      58, 101, 60, -1,
      60, 101, 102, -1,
      60, 102, 62, -1,
      62, 102, 103, -1,
      62, 103, 64, -1,
      64, 103, 104, -1,
      64, 104, 66, -1,
      66, 104, 105, -1,
      66, 105, 68, -1,
      68, 105, 106, -1,
      68, 106, 70, -1,
      70, 106, 107, -1,
      70, 107, 72, -1,
      72, 107, 108, -1,
      72, 108, 74, -1,
      74, 108, 109, -1,
      74, 109, 76, -1,
      76, 109, 110, -1,
      76, 110, 78, -1,
      78, 110, 111, -1,
      78, 111, 80, -1,
      80, 111, 112, -1,
      80, 112, 82, -1,
      82, 112, 113, -1,
      82, 113, 84, -1,
      84, 113, 114, -1,
      84, 114, 86, -1,
      86, 114, 115, -1,
      86, 115, 88, -1,
      88, 115, 116, -1,
      88, 116, 90, -1,
      90, 116, 117, -1,
      90, 117, 92, -1,
      92, 117, 118, -1,
      92, 118, 94, -1,
      94, 118, 119, -1,
      94, 119, 96, -1,
      96, 119, 120, -1,
      96, 120, 50, -1,
      50, 120, 97, -1,
      97, 121, 98, -1,
      98, 121, 122, -1,
      98, 122, 99, -1,
      99, 122, 123, -1,
      99, 123, 100, -1,
      100, 123, 124, -1,
      100, 124, 101, -1,
      101, 124, 125, -1,
      101, 125, 102, -1,
      102, 125, 126, -1,
      102, 126, 103, -1,
      103, 126, 127, -1,
      103, 127, 104, -1,
      104, 127, 128, -1,
      104, 128, 105, -1,
      105, 128, 129, -1,
      105, 129, 106, -1,
      106, 129, 130, -1,
      106, 130, 107, -1,
      107, 130, 131, -1,
      107, 131, 108, -1,
      108, 131, 132, -1,
      108, 132, 109, -1,
      109, 132, 133, -1,
      109, 133, 110, -1,
      110, 133, 134, -1,
      110, 134, 111, -1,
      111, 134, 135, -1,
      111, 135, 112, -1,
      112, 135, 136, -1,
      112, 136, 113, -1,
      113, 136, 137, -1,
      113, 137, 114, -1,
      114, 137, 138, -1,
      114, 138, 115, -1,
      115, 138, 139, -1,
      115, 139, 116, -1,
      116, 139, 140, -1,
      116, 140, 117, -1,
      117, 140, 141, -1,
      117, 141, 118, -1,
      118, 141, 142, -1,
      118, 142, 119, -1,
      119, 142, 143, -1,
      119, 143, 120, -1,
      120, 143, 144, -1,
      120, 144, 97, -1,
      97, 144, 121, -1,
      121, 145, 122, -1,
      122, 145, 146, -1,
      122, 146, 123, -1,
      123, 146, 147, -1,
      123, 147, 124, -1,
      124, 147, 148, -1,
      124, 148, 125, -1,
      125, 148, 149, -1,
      125, 149, 126, -1,
      126, 149, 150, -1,
      126, 150, 127, -1,
      127, 150, 151, -1,
      127, 151, 128, -1,
      128, 151, 152, -1,
      128, 152, 129, -1,
      129, 152, 153, -1,
      129, 153, 130, -1,
      130, 153, 154, -1,
      130, 154, 131, -1,
      131, 154, 155, -1,
      131, 155, 132, -1,
      132, 155, 156, -1,
      132, 156, 133, -1,
      133, 156, 157, -1,
      133, 157, 134, -1,
      134, 157, 158, -1,
      134, 158, 135, -1,
      135, 158, 159, -1,
      135, 159, 136, -1,
      136, 159, 160, -1,
      136, 160, 137, -1,
      137, 160, 161, -1,
      137, 161, 138, -1,
      138, 161, 162, -1,
      138, 162, 139, -1,
      139, 162, 163, -1,
      139, 163, 140, -1,
      140, 163, 164, -1,
      140, 164, 141, -1,
      141, 164, 165, -1,
      141, 165, 142, -1,
      142, 165, 166, -1,
      142, 166, 143, -1,
      143, 166, 167, -1,
      143, 167, 144, -1,
      144, 167, 168, -1,
      144, 168, 121, -1,
      121, 168, 145, -1,
      145, 169, 146, -1,
      146, 169, 170, -1,
      146, 170, 147, -1,
      147, 170, 171, -1,
      147, 171, 148, -1,
      148, 171, 172, -1,
      148, 172, 149, -1,
      149, 172, 173, -1,
      149, 173, 150, -1,
      150, 173, 174, -1,
      150, 174, 151, -1,
      151, 174, 175, -1,
      151, 175, 152, -1,
      152, 175, 176, -1,
      152, 176, 153, -1,
      153, 176, 177, -1,
      153, 177, 154, -1,
      154, 177, 178, -1,
      154, 178, 155, -1,
      155, 178, 179, -1,
      155, 179, 156, -1,
      156, 179, 180, -1,
      156, 180, 157, -1,
      157, 180, 181, -1,
      157, 181, 158, -1,
      158, 181, 182, -1,
      158, 182, 159, -1,
      159, 182, 183, -1,
      159, 183, 160, -1,
      160, 183, 184, -1,
      160, 184, 161, -1,
      161, 184, 185, -1,
      161, 185, 162, -1,
      162, 185, 186, -1,
      162, 186, 163, -1,
      163, 186, 187, -1,
      163, 187, 164, -1,
      164, 187, 188, -1,
      164, 188, 165, -1,
      165, 188, 189, -1,
      165, 189, 166, -1,
      166, 189, 190, -1,
      166, 190, 167, -1,
      167, 190, 191, -1,
      167, 191, 168, -1,
      168, 191, 192, -1,
      168, 192, 145, -1,
      145, 192, 169, -1,
      169, 193, 170, -1,
      170, 193, 194, -1,
      170, 194, 171, -1,
      171, 194, 195, -1,
      171, 195, 172, -1,
      172, 195, 196, -1,
      172, 196, 173, -1,
      173, 196, 197, -1,
      173, 197, 174, -1,
      174, 197, 198, -1,
      174, 198, 175, -1,
      175, 198, 199, -1,
      175, 199, 176, -1,
      176, 199, 200, -1,
      176, 200, 177, -1,
      177, 200, 201, -1,
      177, 201, 178, -1,
      178, 201, 202, -1,
      178, 202, 179, -1,
      179, 202, 203, -1,
      179, 203, 180, -1,
      180, 203, 204, -1,
      180, 204, 181, -1,
      181, 204, 205, -1,
      181, 205, 182, -1,
      182, 205, 206, -1,
      182, 206, 183, -1,
      183, 206, 207, -1,
      183, 207, 184, -1,
      184, 207, 208, -1,
      184, 208, 185, -1,
      185, 208, 209, -1,
      185, 209, 186, -1,
      186, 209, 210, -1,
      186, 210, 187, -1,
      187, 210, 211, -1,
      187, 211, 188, -1,
      188, 211, 212, -1,
      188, 212, 189, -1,
      189, 212, 213, -1,
      189, 213, 190, -1,
      190, 213, 214, -1,
      190, 214, 191, -1,
      191, 214, 215, -1,
      191, 215, 192, -1,
      192, 215, 216, -1,
      192, 216, 169, -1,
      169, 216, 193, -1,
      193, 217, 194, -1,
      194, 217, 218, -1,
      194, 218, 195, -1,
      195, 218, 219, -1,
      195, 219, 196, -1,
      196, 219, 220, -1,
      196, 220, 197, -1,
      197, 220, 221, -1,
      197, 221, 198, -1,
      198, 221, 222, -1,
      198, 222, 199, -1,
      199, 222, 223, -1,
      199, 223, 200, -1,
      200, 223, 224, -1,
      200, 224, 201, -1,
      201, 224, 225, -1,
      201, 225, 202, -1,
      202, 225, 226, -1,
      202, 226, 203, -1,
      203, 226, 227, -1,
      203, 227, 204, -1,
      204, 227, 228, -1,
      204, 228, 205, -1,
      205, 228, 229, -1,
      205, 229, 206, -1,
      206, 229, 230, -1,
      206, 230, 207, -1,
      207, 230, 231, -1,
      207, 231, 208, -1,
      208, 231, 232, -1,
      208, 232, 209, -1,
      209, 232, 233, -1,
      209, 233, 210, -1,
      210, 233, 234, -1,
      210, 234, 211, -1,
      211, 234, 235, -1,
      211, 235, 212, -1,
      212, 235, 236, -1,
      212, 236, 213, -1,
      213, 236, 237, -1,
      213, 237, 214, -1,
      214, 237, 238, -1,
      214, 238, 215, -1,
      215, 238, 239, -1,
      215, 239, 216, -1,
      216, 239, 240, -1,
      216, 240, 193, -1,
      193, 240, 217, -1,
      217, 241, 218, -1,
      218, 241, 242, -1,
      218, 242, 219, -1,
      219, 242, 243, -1,
      219, 243, 220, -1,
      220, 243, 244, -1,
      220, 244, 221, -1,
      221, 244, 245, -1,
      221, 245, 222, -1,
      222, 245, 246, -1,
      222, 246, 223, -1,
      223, 246, 247, -1,
      223, 247, 224, -1,
      224, 247, 248, -1,
      224, 248, 225, -1,
      225, 248, 249, -1,
      225, 249, 226, -1,
      226, 249, 250, -1,
      226, 250, 227, -1,
      227, 250, 251, -1,
      227, 251, 228, -1,
      228, 251, 252, -1,
      228, 252, 229, -1,
      229, 252, 253, -1,
      229, 253, 230, -1,
      230, 253, 254, -1,
      230, 254, 231, -1,
      231, 254, 255, -1,
      231, 255, 232, -1,
      232, 255, 256, -1,
      232, 256, 233, -1,
      233, 256, 257, -1,
      233, 257, 234, -1,
      234, 257, 258, -1,
      234, 258, 235, -1,
      235, 258, 259, -1,
      235, 259, 236, -1,
      236, 259, 260, -1,
      236, 260, 237, -1,
      237, 260, 261, -1,
      237, 261, 238, -1,
      238, 261, 262, -1,
      238, 262, 239, -1,
      239, 262, 263, -1,
      239, 263, 240, -1,
      240, 263, 264, -1,
      240, 264, 217, -1,
      217, 264, 241, -1,
      241, 37, 242, -1,
      242, 37, 38, -1,
      242, 38, 243, -1,
      243, 38, 39, -1,
      243, 39, 244, -1,
      244, 39, 40, -1,
      244, 40, 245, -1,
      245, 40, 41, -1,
      245, 41, 246, -1,
      246, 41, 42, -1,
      246, 42, 247, -1,
      247, 42, 43, -1,
      247, 43, 248, -1,
      248, 43, 44, -1,
      248, 44, 249, -1,
      249, 44, 45, -1,
      249, 45, 250, -1,
      250, 45, 46, -1,
      250, 46, 251, -1,
      251, 46, 47, -1,
      251, 47, 252, -1,
      252, 47, 48, -1,
      252, 48, 253, -1,
      253, 48, 25, -1,
      253, 25, 254, -1,
      254, 25, 26, -1,
      254, 26, 255, -1,
      255, 26, 27, -1,
      255, 27, 256, -1,
      256, 27, 28, -1,
      256, 28, 257, -1,
      257, 28, 29, -1,
      257, 29, 258, -1,
      258, 29, 30, -1,
      258, 30, 259, -1,
      259, 30, 31, -1,
      259, 31, 260, -1,
      260, 31, 32, -1,
      260, 32, 261, -1,
      261, 32, 33, -1,
      261, 33, 262, -1,
      262, 33, 34, -1,
      262, 34, 263, -1,
      263, 34, 35, -1,
      263, 35, 264, -1,
      264, 35, 36, -1,
      264, 36, 241, -1,
      241, 36, 37, -1,
      265, 75, 266, -1,
      266, 75, 77, -1,
      266, 77, 267, -1,
      267, 77, 79, -1,
      267, 79, 268, -1,
      268, 79, 81, -1,
      268, 81, 269, -1,
      269, 81, 83, -1,
      269, 83, 270, -1,
      270, 83, 85, -1,
      270, 85, 271, -1,
      271, 85, 87, -1,
      271, 87, 272, -1,
      272, 87, 89, -1,
      272, 89, 273, -1,
      273, 89, 91, -1,
      273, 91, 274, -1,
      274, 91, 93, -1,
      274, 93, 275, -1,
      275, 93, 95, -1,
      275, 95, 276, -1,
      276, 95, 49, -1,
      276, 49, 277, -1,
      277, 49, 51, -1,
      277, 51, 278, -1,
      278, 51, 53, -1,
      278, 53, 279, -1,
      279, 53, 55, -1,
      279, 55, 280, -1,
      280, 55, 57, -1,
      280, 57, 281, -1,
      281, 57, 59, -1,
      281, 59, 282, -1,
      282, 59, 61, -1,
      282, 61, 283, -1,
      283, 61, 63, -1,
      283, 63, 284, -1,
      284, 63, 65, -1,
      284, 65, 285, -1,
      285, 65, 67, -1,
      285, 67, 286, -1,
      286, 67, 69, -1,
      286, 69, 287, -1,
      287, 69, 71, -1,
      287, 71, 288, -1,
      288, 71, 73, -1,
      288, 73, 265, -1,
      265, 73, 75, -1,
    ]
  }
}

Shape {
  appearance Appearance {
    material Material {
      diffuseColor 0.3725 0.9490 1.0000
      specularColor 0.1882 0.4745 0.5020
      ambientIntensity 0.2
      transparency 0.0000
      shininess 0.5
    }
  }
  geometry IndexedFaceSet {
    ccw TRUE
    solid FALSE
    coord DEF co Coordinate {
      point [
        0.295276 0.000000 0.334646,
        0.295276 0.038850 0.332383,
        0.295276 0.114456 0.314464,
        0.295276 0.183891 0.279593,
        0.295276 0.243413 0.229648,
        0.295276 0.289812 0.167323,
        0.295276 0.320587 0.095978,
        0.295276 0.334080 0.019458,
        0.295276 0.329562 -0.058111,
        0.295276 0.307277 -0.132546,
        0.295276 0.268427 -0.199837,
        0.295276 0.215106 -0.256354,
        0.295276 0.150189 -0.299050,
        0.295276 0.077174 -0.325625,
        0.295276 0.000000 -0.334646,
        0.295276 -0.077174 -0.325625,
        0.295276 -0.150189 -0.299050,
        0.295276 -0.215106 -0.256354,
        0.295276 -0.268427 -0.199837,
        0.295276 -0.307277 -0.132546,
        0.295276 -0.329562 -0.058111,
        0.295276 -0.334080 0.019458,
        0.295276 -0.320587 0.095978,
        0.295276 -0.289812 0.167323,
        0.295276 -0.243413 0.229648,
        0.295276 -0.183891 0.279593,
        0.295276 -0.114456 0.314464,
        0.295276 -0.038850 0.332383,
        0.629921 0.000000 0.078740,
        0.629921 0.020380 0.076057,
        0.629921 0.039370 0.068191,
        0.629921 0.055678 0.055678,
        0.629921 0.068191 0.039370,
        0.629921 0.076057 0.020380,
        0.629921 0.078740 0.000000,
        0.629921 0.076057 -0.020380,
        0.629921 0.068191 -0.039370,
        0.629921 0.055678 -0.055678,
        0.629921 0.039370 -0.068191,
        0.629921 0.020380 -0.076057,
        0.629921 0.000000 -0.078740,
        0.629921 -0.020380 -0.076057,
        0.629921 -0.039370 -0.068191,
        0.629921 -0.055678 -0.055678,
        0.629921 -0.068191 -0.039370,
        0.629921 -0.076057 -0.020380,
        0.629921 -0.078740 -0.000000,
        0.629921 -0.076057 0.020380,
        0.629921 -0.068191 0.039370,
        0.629921 -0.055678 0.055678,
        0.629921 -0.039370 0.068191,
        0.629921 -0.020380 0.076057,
        0.629921 -0.045361 -0.271832,
        0.629921 0.169271 -0.217480,
        0.629921 0.202759 -0.186652,
        0.629921 0.000000 -0.275591,
        0.629921 0.045361 -0.271832,
        0.629921 0.089484 -0.260658,
        0.629921 0.131167 -0.242375,
        0.629921 0.169271 0.217480,
        0.629921 0.131167 0.242375,
        0.629921 0.274649 -0.022758,
        0.629921 0.274649 0.022758,
        0.629921 -0.169271 -0.217480,
        0.629921 -0.131167 -0.242375,
        0.629921 -0.089484 -0.260658,
        0.629921 -0.169271 0.217480,
        0.629921 -0.202759 0.186652,
        0.629921 -0.045361 0.271832,
        0.629921 -0.089484 0.260658,
        0.629921 -0.131167 0.242375,
        0.629921 0.089484 0.260658,
        0.629921 0.045361 0.271832,
        0.629921 -0.000000 0.275591,
        0.629921 0.267157 0.067654,
        0.629921 0.252378 0.110704,
        0.629921 0.230715 0.150734,
        0.629921 0.202759 0.186652,
        0.629921 0.230715 -0.150734,
        0.629921 0.252378 -0.110704,
        0.629921 0.267157 -0.067654,
        0.629921 -0.252378 -0.110704,
        0.629921 -0.230715 -0.150734,
        0.629921 -0.202759 -0.186652,
        0.629921 -0.274649 -0.022758,
        0.629921 -0.267157 -0.067654,
        0.629921 -0.230715 0.150734,
        0.629921 -0.252378 0.110704,
        0.629921 -0.267157 0.067654,
        0.629921 -0.274649 0.022758,
        0.551181 -0.158730 0.315973,
        0.571561 -0.167366 0.309265,
        0.571561 -0.114180 0.332594,
        0.551181 -0.168643 0.311624,
        0.551181 -0.217634 0.279617,
        0.571561 -0.215987 0.277500,
        0.551181 -0.227193 0.270818,
        0.571561 -0.258716 0.238165,
        0.551181 -0.260690 0.239981,
        0.571561 -0.294388 0.192333,
        0.551181 -0.283326 0.210898,
        0.551181 -0.296634 0.193800,
        0.551181 -0.324487 0.142333,
        0.571561 -0.322030 0.141255,
        0.551181 -0.325189 0.140287,
        0.571561 -0.340887 0.086324,
        0.551181 -0.343488 0.086983,
        0.551181 -0.347769 0.061332,
        0.571561 -0.350447 0.029039,
        0.551181 -0.353120 0.029260,
        0.551181 -0.353120 -0.020602,
        0.571561 -0.350447 -0.029039,
        0.551181 -0.353120 -0.029260,
        0.551181 -0.343488 -0.086983,
        0.571561 -0.340887 -0.086324,
        0.551181 -0.338566 -0.101321,
        0.571561 -0.322030 -0.141255,
        0.551181 -0.324487 -0.142333,
        0.571561 -0.294388 -0.192333,
        0.551181 -0.305913 -0.176654,
        0.551181 -0.296634 -0.193800,
        0.551181 -0.260690 -0.239981,
        0.571561 -0.258716 -0.238165,
        0.551181 -0.257506 -0.242912,
        0.571561 -0.215987 -0.277500,
        0.551181 -0.217634 -0.279617,
        0.551181 -0.194047 -0.295027,
        0.571561 -0.167366 -0.309265,
        0.551181 -0.168643 -0.311624,
        0.551181 -0.120996 -0.332524,
        0.571561 -0.114180 -0.332594,
        0.551181 -0.115051 -0.335132,
        0.551181 -0.058321 -0.349498,
        0.571561 -0.057879 -0.346852,
        0.551181 -0.041052 -0.350929,
        0.571561 -0.000000 -0.351648,
        0.551181 -0.000000 -0.354331,
        0.571561 0.057879 -0.346852,
        0.551181 0.041052 -0.350929,
        0.551181 0.058321 -0.349498,
        0.551181 0.115051 -0.335132,
        0.571561 0.114180 -0.332594,
        0.551181 0.120996 -0.332524,
        0.571561 0.167366 -0.309265,
        0.551181 0.168643 -0.311624,
        0.571561 0.215987 -0.277500,
        0.551181 0.194047 -0.295027,
        0.551181 0.217634 -0.279617,
        0.551181 0.257506 -0.242912,
        0.571561 0.258716 -0.238165,
        0.551181 0.260690 -0.239981,
        0.551181 0.296634 -0.193800,
        0.571561 0.294388 -0.192333,
        0.551181 0.305913 -0.176654,
        0.571561 0.322030 -0.141255,
        0.551181 0.324487 -0.142333,
        0.571561 0.340887 -0.086324,
        0.551181 0.338566 -0.101321,
        0.551181 0.343488 -0.086983,
        0.551181 0.353120 -0.029260,
        0.571561 0.350447 -0.029039,
        0.551181 0.353120 -0.020602,
        0.571561 0.350447 0.029039,
        0.551181 0.353120 0.029260,
        0.571561 0.340887 0.086324,
        0.551181 0.347769 0.061332,
        0.551181 0.343488 0.086983,
        0.551181 0.325189 0.140287,
        0.571561 0.322030 0.141255,
        0.551181 0.324487 0.142333,
        0.551181 0.296634 0.193800,
        0.571561 0.294388 0.192333,
        0.551181 0.283326 0.210898,
        0.571561 0.258716 0.238165,
        0.551181 0.260690 0.239981,
        0.571561 0.215987 0.277500,
        0.551181 0.227193 0.270818,
        0.551181 0.217634 0.279617,
        0.551181 0.168643 0.311624,
        0.571561 0.167366 0.309265,
        0.551181 0.158730 0.315973,
        0.571561 0.114180 0.332594,
        0.551181 0.115051 0.335132,
        0.571561 0.057879 0.346852,
        0.551181 0.081428 0.343647,
        0.551181 0.058321 0.349498,
        0.551181 0.000000 0.354331,
        0.571561 0.000000 0.351648,
        0.551181 -0.058321 0.349498,
        0.571561 -0.057879 0.346852,
        0.551181 -0.081428 0.343647,
        0.551181 -0.115051 0.335132,
        0.590551 0.056585 0.339093,
        0.590551 0.111626 0.325154,
        0.590551 0.163622 0.302347,
        0.590551 0.211155 0.271292,
        0.590551 0.252928 0.232837,
        0.590551 0.287802 0.188031,
        0.590551 0.314826 0.138095,
        0.590551 0.333262 0.084393,
        0.590551 0.342607 0.028389,
        0.590551 0.342607 -0.028389,
        0.590551 0.333262 -0.084393,
        0.590551 0.314826 -0.138095,
        0.590551 0.287802 -0.188031,
        0.590551 0.252928 -0.232837,
        0.590551 0.211155 -0.271292,
        0.590551 0.163622 -0.302347,
        0.590551 0.111626 -0.325154,
        0.590551 0.056585 -0.339093,
        0.590551 -0.000000 -0.343781,
        0.590551 -0.056585 -0.339093,
        0.590551 -0.111626 -0.325154,
        0.590551 -0.163622 -0.302347,
        0.590551 -0.211155 -0.271292,
        0.590551 -0.252928 -0.232837,
        0.590551 -0.287802 -0.188031,
        0.590551 -0.314826 -0.138095,
        0.590551 -0.333262 -0.084393,
        0.590551 -0.342607 -0.028389,
        0.590551 -0.342607 0.028389,
        0.590551 -0.333262 0.084393,
        0.590551 -0.314826 0.138095,
        0.590551 -0.287802 0.188031,
        0.590551 -0.252928 0.232837,
        0.590551 -0.211155 0.271292,
        0.590551 -0.163622 0.302347,
        0.590551 -0.111626 0.325154,
        0.590551 -0.056585 0.339093,
        0.590551 0.000000 0.343781,
        0.606859 0.054525 0.326750,
        0.606859 0.107563 0.313319,
        0.606859 0.157666 0.291342,
        0.606859 0.203469 0.261417,
        0.606859 0.243722 0.224362,
        0.606859 0.277327 0.181187,
        0.606859 0.303367 0.133069,
        0.606859 0.321131 0.081322,
        0.606859 0.330137 0.027356,
        0.606859 0.330137 -0.027356,
        0.606859 0.321131 -0.081322,
        0.606859 0.303367 -0.133069,
        0.606859 0.277327 -0.181187,
        0.606859 0.243722 -0.224362,
        0.606859 0.203469 -0.261417,
        0.606859 0.157666 -0.291342,
        0.606859 0.107563 -0.313319,
        0.606859 0.054525 -0.326750,
        0.606859 -0.000000 -0.331268,
        0.606859 -0.054525 -0.326750,
        0.606859 -0.107563 -0.313319,
        0.606859 -0.157666 -0.291342,
        0.606859 -0.203469 -0.261417,
        0.606859 -0.243722 -0.224362,
        0.606859 -0.277327 -0.181187,
        0.606859 -0.303367 -0.133069,
        0.606859 -0.321131 -0.081322,
        0.606859 -0.330137 -0.027356,
        0.606859 -0.330137 0.027356,
        0.606859 -0.321131 0.081322,
        0.606859 -0.303367 0.133069,
        0.606859 -0.277327 0.181187,
        0.606859 -0.243722 0.224362,
        0.606859 -0.203469 0.261417,
        0.606859 -0.157666 0.291342,
        0.606859 -0.107563 0.313319,
        0.606859 -0.054525 0.326750,
        0.606859 0.000000 0.331268,
        0.619372 0.051841 0.310665,
        0.619372 0.102268 0.297895,
        0.619372 0.149905 0.277000,
        0.619372 0.193453 0.248548,
        0.619372 0.231724 0.213317,
        0.619372 0.263674 0.172267,
        0.619372 0.288433 0.126518,
        0.619372 0.305323 0.077318,
        0.619372 0.313885 0.026009,
        0.619372 0.313885 -0.026009,
        0.619372 0.305323 -0.077318,
        0.619372 0.288433 -0.126518,
        0.619372 0.263674 -0.172267,
        0.619372 0.231724 -0.213317,
        0.619372 0.193453 -0.248548,
        0.619372 0.149905 -0.277000,
        0.619372 0.102268 -0.297895,
        0.619372 0.051841 -0.310665,
        0.619372 -0.000000 -0.314961,
        0.619372 -0.051841 -0.310665,
        0.619372 -0.102268 -0.297895,
        0.619372 -0.149905 -0.277000,
        0.619372 -0.193453 -0.248548,
        0.619372 -0.231724 -0.213317,
        0.619372 -0.263674 -0.172267,
        0.619372 -0.288433 -0.126518,
        0.619372 -0.305323 -0.077318,
        0.619372 -0.313885 -0.026009,
        0.619372 -0.313885 0.026009,
        0.619372 -0.305323 0.077318,
        0.619372 -0.288433 0.126518,
        0.619372 -0.263674 0.172267,
        0.619372 -0.231724 0.213317,
        0.619372 -0.193453 0.248548,
        0.619372 -0.149905 0.277000,
        0.619372 -0.102268 0.297895,
        0.619372 -0.051841 0.310665,
        0.619372 0.000000 0.314961,
        0.627238 0.048715 0.291933,
        0.627238 0.096101 0.279933,
        0.627238 0.140866 0.260298,
        0.627238 0.181789 0.233562,
        0.627238 0.217752 0.200455,
        0.627238 0.247776 0.161880,
        0.627238 0.271041 0.118890,
        0.627238 0.286913 0.072656,
        0.627238 0.294959 0.024441,
        0.627238 0.294959 -0.024441,
        0.627238 0.286913 -0.072656,
        0.627238 0.271041 -0.118890,
        0.627238 0.247776 -0.161880,
        0.627238 0.217752 -0.200455,
        0.627238 0.181789 -0.233562,
        0.627238 0.140866 -0.260298,
        0.627238 0.096101 -0.279933,
        0.627238 0.048715 -0.291933,
        0.627238 -0.000000 -0.295970,
        0.627238 -0.048715 -0.291933,
        0.627238 -0.096101 -0.279933,
        0.627238 -0.140866 -0.260298,
        0.627238 -0.181789 -0.233562,
        0.627238 -0.217752 -0.200455,
        0.627238 -0.247776 -0.161880,
        0.627238 -0.271041 -0.118890,
        0.627238 -0.286913 -0.072656,
        0.627238 -0.294959 -0.024441,
        0.627238 -0.294959 0.024441,
        0.627238 -0.286913 0.072656,
        0.627238 -0.271041 0.118890,
        0.627238 -0.247776 0.161880,
        0.627238 -0.217752 0.200455,
        0.627238 -0.181789 0.233562,
        0.627238 -0.140866 0.260298,
        0.627238 -0.096101 0.279933,
        0.627238 -0.048715 0.291933,
        0.627238 0.000000 0.295970,
        0.314961 -0.323152 0.139394,
        0.314961 -0.306859 0.177165,
        0.314961 -0.282295 0.210161,
        0.314961 -0.257731 0.243156,
        0.314961 -0.226219 0.269598,
        0.314961 -0.337150 -0.100936,
        0.314961 -0.348948 -0.061529,
        0.314961 -0.351339 -0.020463,
        0.314961 -0.353731 0.020602,
        0.314961 -0.346588 0.061113,
        0.314961 -0.339445 0.101623,
        0.314961 -0.255988 -0.241512,
        0.314961 -0.284217 -0.211592,
        0.314961 -0.304785 -0.175967,
        0.314961 -0.325352 -0.140343,
        0.314961 -0.040857 -0.349555,
        0.314961 -0.081714 -0.344780,
        0.314961 -0.120369 -0.330711,
        0.314961 -0.159023 -0.316641,
        0.314961 -0.193391 -0.294037,
        0.314961 -0.227759 -0.271433,
        0.314961 0.120369 -0.330711,
        0.314961 0.081714 -0.344780,
        0.314961 0.040857 -0.349555,
        0.314961 0.000000 -0.354331,
        0.314961 0.304785 -0.175967,
        0.314961 0.284217 -0.211592,
        0.314961 0.255988 -0.241512,
        0.314961 0.227759 -0.271433,
        0.314961 0.193391 -0.294037,
        0.314961 0.159023 -0.316641,
        0.314961 0.351339 -0.020463,
        0.314961 0.348948 -0.061529,
        0.314961 0.337150 -0.100936,
        0.314961 0.325352 -0.140343,
        0.314961 0.306859 0.177165,
        0.314961 0.323152 0.139394,
        0.314961 0.339445 0.101623,
        0.314961 0.346588 0.061113,
        0.314961 0.353731 0.020602,
        0.314961 0.157948 0.314500,
        0.314961 0.194708 0.296039,
        0.314961 0.226219 0.269598,
        0.314961 0.257731 0.243156,
        0.314961 0.282295 0.210161,
        0.314961 -0.194708 0.296039,
        0.314961 -0.157948 0.314500,
        0.314961 -0.121188 0.332962,
        0.314961 -0.081162 0.342448,
        0.314961 -0.041135 0.351935,
        0.314961 0.000000 0.354331,
        0.314961 0.041135 0.351935,
        0.314961 0.081162 0.342448,
        0.314961 0.121188 0.332962,
      ]
    }
    coordIndex [
      40, 41, 52, -1,
      38, 53, 37, -1,
      37, 53, 54, -1,
      37, 54, 36, -1,
      52, 55, 40, -1,
      40, 55, 56, -1,
      40, 56, 39, -1,
      39, 56, 57, -1,
      39, 57, 38, -1,
      38, 57, 58, -1,
      38, 58, 53, -1,
      31, 59, 30, -1,
      30, 59, 60, -1,
      30, 60, 29, -1,
      35, 61, 34, -1,
      34, 61, 62, -1,
      34, 62, 33, -1,
      43, 63, 42, -1,
      42, 63, 64, -1,
      42, 64, 41, -1,
      41, 64, 65, -1,
      41, 65, 52, -1,
      50, 66, 49, -1,
      49, 66, 67, -1,
      49, 67, 48, -1,
      28, 68, 51, -1,
      51, 68, 69, -1,
      51, 69, 50, -1,
      50, 69, 70, -1,
      50, 70, 66, -1,
      60, 71, 29, -1,
      29, 71, 72, -1,
      29, 72, 28, -1,
      28, 72, 73, -1,
      28, 73, 68, -1,
      62, 74, 33, -1,
      33, 74, 75, -1,
      33, 75, 32, -1,
      32, 75, 76, -1,
      32, 76, 31, -1,
      31, 76, 77, -1,
      31, 77, 59, -1,
      54, 78, 36, -1,
      36, 78, 79, -1,
      36, 79, 35, -1,
      35, 79, 80, -1,
      35, 80, 61, -1,
      45, 81, 44, -1,
      44, 81, 82, -1,
      44, 82, 43, -1,
      43, 82, 83, -1,
      43, 83, 63, -1,
      46, 84, 45, -1,
      45, 84, 85, -1,
      45, 85, 81, -1,
      67, 86, 48, -1,
      48, 86, 87, -1,
      48, 87, 47, -1,
      47, 87, 88, -1,
      47, 88, 46, -1,
      46, 88, 89, -1,
      46, 89, 84, -1,
      90, 91, 92, -1,
      90, 93, 91, -1,
      91, 93, 94, -1,
      91, 94, 95, -1,
      95, 94, 96, -1,
      95, 96, 97, -1,
      97, 96, 98, -1,
      97, 98, 99, -1,
      99, 98, 100, -1,
      100, 101, 99, -1,
      99, 101, 102, -1,
      99, 102, 103, -1,
      103, 102, 104, -1,
      103, 104, 105, -1,
      104, 106, 105, -1,
      105, 106, 107, -1,
      105, 107, 108, -1,
      107, 109, 108, -1,
      108, 109, 110, -1,
      108, 110, 111, -1,
      110, 112, 111, -1,
      111, 112, 113, -1,
      111, 113, 114, -1,
      114, 113, 115, -1,
      114, 115, 116, -1,
      116, 115, 117, -1,
      116, 117, 118, -1,
      118, 117, 119, -1,
      119, 120, 118, -1,
      118, 120, 121, -1,
      118, 121, 122, -1,
      122, 121, 123, -1,
      122, 123, 124, -1,
      123, 125, 124, -1,
      124, 125, 126, -1,
      124, 126, 127, -1,
      126, 128, 127, -1,
      127, 128, 129, -1,
      127, 129, 130, -1,
      129, 131, 130, -1,
      130, 131, 132, -1,
      130, 132, 133, -1,
      133, 132, 134, -1,
      133, 134, 135, -1,
      135, 134, 136, -1,
      135, 136, 137, -1,
      137, 136, 138, -1,
      138, 139, 137, -1,
      137, 139, 140, -1,
      137, 140, 141, -1,
      141, 140, 142, -1,
      141, 142, 143, -1,
      143, 142, 144, -1,
      143, 144, 145, -1,
      145, 144, 146, -1,
      146, 147, 145, -1,
      145, 147, 148, -1,
      145, 148, 149, -1,
      148, 150, 149, -1,
      149, 150, 151, -1,
      149, 151, 152, -1,
      152, 151, 153, -1,
      152, 153, 154, -1,
      154, 153, 155, -1,
      154, 155, 156, -1,
      156, 155, 157, -1,
      157, 158, 156, -1,
      156, 158, 159, -1,
      156, 159, 160, -1,
      160, 159, 161, -1,
      160, 161, 162, -1,
      162, 161, 163, -1,
      162, 163, 164, -1,
      164, 163, 165, -1,
      165, 166, 164, -1,
      164, 166, 167, -1,
      164, 167, 168, -1,
      167, 169, 168, -1,
      168, 169, 170, -1,
      168, 170, 171, -1,
      171, 170, 172, -1,
      171, 172, 173, -1,
      173, 172, 174, -1,
      173, 174, 175, -1,
      175, 174, 176, -1,
      176, 177, 175, -1,
      175, 177, 178, -1,
      175, 178, 179, -1,
      179, 178, 180, -1,
      179, 180, 181, -1,
      181, 180, 182, -1,
      181, 182, 183, -1,
      183, 182, 184, -1,
      184, 185, 183, -1,
      183, 185, 186, -1,
      183, 186, 187, -1,
      187, 186, 188, -1,
      187, 188, 189, -1,
      189, 188, 190, -1,
      189, 190, 92, -1,
      92, 190, 191, -1,
      92, 191, 90, -1,
      187, 192, 183, -1,
      183, 192, 193, -1,
      183, 193, 181, -1,
      181, 193, 194, -1,
      181, 194, 179, -1,
      179, 194, 195, -1,
      179, 195, 175, -1,
      175, 195, 196, -1,
      175, 196, 173, -1,
      173, 196, 197, -1,
      173, 197, 171, -1,
      171, 197, 198, -1,
      171, 198, 168, -1,
      168, 198, 199, -1,
      168, 199, 164, -1,
      164, 199, 200, -1,
      164, 200, 162, -1,
      162, 200, 201, -1,
      162, 201, 160, -1,
      160, 201, 202, -1,
      160, 202, 156, -1,
      156, 202, 203, -1,
      156, 203, 154, -1,
      154, 203, 204, -1,
      154, 204, 152, -1,
      152, 204, 205, -1,
      152, 205, 149, -1,
      149, 205, 206, -1,
      149, 206, 145, -1,
      145, 206, 207, -1,
      145, 207, 143, -1,
      143, 207, 208, -1,
      143, 208, 141, -1,
      141, 208, 209, -1,
      141, 209, 137, -1,
      137, 209, 210, -1,
      137, 210, 135, -1,
      135, 210, 211, -1,
      135, 211, 133, -1,
      133, 211, 212, -1,
      133, 212, 130, -1,
      130, 212, 213, -1,
      130, 213, 127, -1,
      127, 213, 214, -1,
      127, 214, 124, -1,
      124, 214, 215, -1,
      124, 215, 122, -1,
      122, 215, 216, -1,
      122, 216, 118, -1,
      118, 216, 217, -1,
      118, 217, 116, -1,
      116, 217, 218, -1,
      116, 218, 114, -1,
      114, 218, 219, -1,
      114, 219, 111, -1,
      111, 219, 220, -1,
      111, 220, 108, -1,
      108, 220, 221, -1,
      108, 221, 105, -1,
      105, 221, 222, -1,
      105, 222, 103, -1,
      103, 222, 223, -1,
      103, 223, 99, -1,
      99, 223, 224, -1,
      99, 224, 97, -1,
      97, 224, 225, -1,
      97, 225, 95, -1,
      95, 225, 226, -1,
      95, 226, 91, -1,
      91, 226, 227, -1,
      91, 227, 92, -1,
      92, 227, 228, -1,
      92, 228, 189, -1,
      189, 228, 229, -1,
      189, 229, 187, -1,
      187, 229, 192, -1,
      229, 230, 192, -1,
      192, 230, 231, -1,
      192, 231, 193, -1,
      193, 231, 232, -1,
      193, 232, 194, -1,
      194, 232, 233, -1,
      194, 233, 195, -1,
      195, 233, 234, -1,
      195, 234, 196, -1,
      196, 234, 235, -1,
      196, 235, 197, -1,
      197, 235, 236, -1,
      197, 236, 198, -1,
      198, 236, 237, -1,
      198, 237, 199, -1,
      199, 237, 238, -1,
      199, 238, 200, -1,
      200, 238, 239, -1,
      200, 239, 201, -1,
      201, 239, 240, -1,
      201, 240, 202, -1,
      202, 240, 241, -1,
      202, 241, 203, -1,
      203, 241, 242, -1,
      203, 242, 204, -1,
      204, 242, 243, -1,
      204, 243, 205, -1,
      205, 243, 244, -1,
      205, 244, 206, -1,
      206, 244, 245, -1,
      206, 245, 207, -1,
      207, 245, 246, -1,
      207, 246, 208, -1,
      208, 246, 247, -1,
      208, 247, 209, -1,
      209, 247, 248, -1,
      209, 248, 210, -1,
      210, 248, 249, -1,
      210, 249, 211, -1,
      211, 249, 250, -1,
      211, 250, 212, -1,
      212, 250, 251, -1,
      212, 251, 213, -1,
      213, 251, 252, -1,
      213, 252, 214, -1,
      214, 252, 253, -1,
      214, 253, 215, -1,
      215, 253, 254, -1,
      215, 254, 216, -1,
      216, 254, 255, -1,
      216, 255, 217, -1,
      217, 255, 256, -1,
      217, 256, 218, -1,
      218, 256, 257, -1,
      218, 257, 219, -1,
      219, 257, 258, -1,
      219, 258, 220, -1,
      220, 258, 259, -1,
      220, 259, 221, -1,
      221, 259, 260, -1,
      221, 260, 222, -1,
      222, 260, 261, -1,
      222, 261, 223, -1,
      223, 261, 262, -1,
      223, 262, 224, -1,
      224, 262, 263, -1,
      224, 263, 225, -1,
      225, 263, 264, -1,
      225, 264, 226, -1,
      226, 264, 265, -1,
      226, 265, 227, -1,
      227, 265, 266, -1,
      227, 266, 228, -1,
      228, 266, 267, -1,
      228, 267, 229, -1,
      229, 267, 230, -1,
      267, 268, 230, -1,
      230, 268, 269, -1,
      230, 269, 231, -1,
      231, 269, 270, -1,
      231, 270, 232, -1,
      232, 270, 271, -1,
      232, 271, 233, -1,
      233, 271, 272, -1,
      233, 272, 234, -1,
      234, 272, 273, -1,
      234, 273, 235, -1,
      235, 273, 274, -1,
      235, 274, 236, -1,
      236, 274, 275, -1,
      236, 275, 237, -1,
      237, 275, 276, -1,
      237, 276, 238, -1,
      238, 276, 277, -1,
      238, 277, 239, -1,
      239, 277, 278, -1,
      239, 278, 240, -1,
      240, 278, 279, -1,
      240, 279, 241, -1,
      241, 279, 280, -1,
      241, 280, 242, -1,
      242, 280, 281, -1,
      242, 281, 243, -1,
      243, 281, 282, -1,
      243, 282, 244, -1,
      244, 282, 283, -1,
      244, 283, 245, -1,
      245, 283, 284, -1,
      245, 284, 246, -1,
      246, 284, 285, -1,
      246, 285, 247, -1,
      247, 285, 286, -1,
      247, 286, 248, -1,
      248, 286, 287, -1,
      248, 287, 249, -1,
      249, 287, 288, -1,
      249, 288, 250, -1,
      250, 288, 289, -1,
      250, 289, 251, -1,
      251, 289, 290, -1,
      251, 290, 252, -1,
      252, 290, 291, -1,
      252, 291, 253, -1,
      253, 291, 292, -1,
      253, 292, 254, -1,
      254, 292, 293, -1,
      254, 293, 255, -1,
      255, 293, 294, -1,
      255, 294, 256, -1,
      256, 294, 295, -1,
      256, 295, 257, -1,
      257, 295, 296, -1,
      257, 296, 258, -1,
      258, 296, 297, -1,
      258, 297, 259, -1,
      259, 297, 298, -1,
      259, 298, 260, -1,
      260, 298, 299, -1,
      260, 299, 261, -1,
      261, 299, 300, -1,
      261, 300, 262, -1,
      262, 300, 301, -1,
      262, 301, 263, -1,
      263, 301, 302, -1,
      263, 302, 264, -1,
      264, 302, 303, -1,
      264, 303, 265, -1,
      265, 303, 304, -1,
      265, 304, 266, -1,
      266, 304, 305, -1,
      266, 305, 267, -1,
      267, 305, 268, -1,
      305, 306, 268, -1,
      268, 306, 307, -1,
      268, 307, 269, -1,
      269, 307, 308, -1,
      269, 308, 270, -1,
      270, 308, 309, -1,
      270, 309, 271, -1,
      271, 309, 310, -1,
      271, 310, 272, -1,
      272, 310, 311, -1,
      272, 311, 273, -1,
      273, 311, 312, -1,
      273, 312, 274, -1,
      274, 312, 313, -1,
      274, 313, 275, -1,
      275, 313, 314, -1,
      275, 314, 276, -1,
      276, 314, 315, -1,
      276, 315, 277, -1,
      277, 315, 316, -1,
      277, 316, 278, -1,
      278, 316, 317, -1,
      278, 317, 279, -1,
      279, 317, 318, -1,
      279, 318, 280, -1,
      280, 318, 319, -1,
      280, 319, 281, -1,
      281, 319, 320, -1,
      281, 320, 282, -1,
      282, 320, 321, -1,
      282, 321, 283, -1,
      283, 321, 322, -1,
      283, 322, 284, -1,
      284, 322, 323, -1,
      284, 323, 285, -1,
      285, 323, 324, -1,
      285, 324, 286, -1,
      286, 324, 325, -1,
      286, 325, 287, -1,
      287, 325, 326, -1,
      287, 326, 288, -1,
      288, 326, 327, -1,
      288, 327, 289, -1,
      289, 327, 328, -1,
      289, 328, 290, -1,
      290, 328, 329, -1,
      290, 329, 291, -1,
      291, 329, 330, -1,
      291, 330, 292, -1,
      292, 330, 331, -1,
      292, 331, 293, -1,
      293, 331, 332, -1,
      293, 332, 294, -1,
      294, 332, 333, -1,
      294, 333, 295, -1,
      295, 333, 334, -1,
      295, 334, 296, -1,
      296, 334, 335, -1,
      296, 335, 297, -1,
      297, 335, 336, -1,
      297, 336, 298, -1,
      298, 336, 337, -1,
      298, 337, 299, -1,
      299, 337, 338, -1,
      299, 338, 300, -1,
      300, 338, 339, -1,
      300, 339, 301, -1,
      301, 339, 340, -1,
      301, 340, 302, -1,
      302, 340, 341, -1,
      302, 341, 303, -1,
      303, 341, 342, -1,
      303, 342, 304, -1,
      304, 342, 343, -1,
      304, 343, 305, -1,
      305, 343, 306, -1,
      343, 72, 306, -1,
      306, 72, 71, -1,
      306, 71, 307, -1,
      307, 71, 60, -1,
      307, 60, 308, -1,
      308, 60, 59, -1,
      308, 59, 309, -1,
      309, 59, 77, -1,
      309, 77, 310, -1,
      310, 77, 76, -1,
      310, 76, 311, -1,
      311, 76, 75, -1,
      311, 75, 312, -1,
      312, 75, 74, -1,
      312, 74, 313, -1,
      313, 74, 62, -1,
      313, 62, 314, -1,
      314, 62, 61, -1,
      314, 61, 315, -1,
      315, 61, 80, -1,
      315, 80, 316, -1,
      316, 80, 79, -1,
      316, 79, 317, -1,
      317, 79, 78, -1,
      317, 78, 318, -1,
      318, 78, 54, -1,
      318, 54, 319, -1,
      319, 54, 53, -1,
      319, 53, 320, -1,
      320, 53, 58, -1,
      320, 58, 321, -1,
      321, 58, 57, -1,
      321, 57, 322, -1,
      322, 57, 56, -1,
      322, 56, 323, -1,
      323, 56, 55, -1,
      323, 55, 324, -1,
      324, 55, 52, -1,
      324, 52, 325, -1,
      325, 52, 65, -1,
      325, 65, 326, -1,
      326, 65, 64, -1,
      326, 64, 327, -1,
      327, 64, 63, -1,
      327, 63, 328, -1,
      328, 63, 83, -1,
      328, 83, 329, -1,
      329, 83, 82, -1,
      329, 82, 330, -1,
      330, 82, 81, -1,
      330, 81, 331, -1,
      331, 81, 85, -1,
      331, 85, 332, -1,
      332, 85, 84, -1,
      332, 84, 333, -1,
      333, 84, 89, -1,
      333, 89, 334, -1,
      334, 89, 88, -1,
      334, 88, 335, -1,
      335, 88, 87, -1,
      335, 87, 336, -1,
      336, 87, 86, -1,
      336, 86, 337, -1,
      337, 86, 67, -1,
      337, 67, 338, -1,
      338, 67, 66, -1,
      338, 66, 339, -1,
      339, 66, 70, -1,
      339, 70, 340, -1,
      340, 70, 69, -1,
      340, 69, 341, -1,
      341, 69, 68, -1,
      341, 68, 342, -1,
      342, 68, 73, -1,
      342, 73, 343, -1,
      343, 73, 72, -1,
      344, 102, 345, -1,
      345, 102, 101, -1,
      345, 101, 346, -1,
      346, 101, 100, -1,
      346, 100, 347, -1,
      347, 100, 98, -1,
      347, 98, 348, -1,
      349, 113, 350, -1,
      350, 113, 112, -1,
      350, 112, 351, -1,
      351, 112, 110, -1,
      351, 110, 352, -1,
      352, 110, 109, -1,
      352, 109, 353, -1,
      353, 109, 107, -1,
      353, 107, 354, -1,
      354, 107, 106, -1,
      354, 106, 344, -1,
      344, 106, 104, -1,
      344, 104, 102, -1,
      355, 121, 356, -1,
      356, 121, 120, -1,
      356, 120, 357, -1,
      357, 120, 119, -1,
      357, 119, 358, -1,
      358, 119, 117, -1,
      358, 117, 349, -1,
      349, 117, 115, -1,
      349, 115, 113, -1,
      359, 132, 360, -1,
      360, 132, 131, -1,
      360, 131, 361, -1,
      361, 131, 129, -1,
      361, 129, 362, -1,
      362, 129, 128, -1,
      362, 128, 363, -1,
      363, 128, 126, -1,
      363, 126, 364, -1,
      364, 126, 125, -1,
      364, 125, 355, -1,
      355, 125, 123, -1,
      355, 123, 121, -1,
      365, 140, 366, -1,
      366, 140, 139, -1,
      366, 139, 367, -1,
      367, 139, 138, -1,
      367, 138, 368, -1,
      368, 138, 136, -1,
      368, 136, 359, -1,
      359, 136, 134, -1,
      359, 134, 132, -1,
      369, 151, 370, -1,
      370, 151, 150, -1,
      370, 150, 371, -1,
      371, 150, 148, -1,
      371, 148, 372, -1,
      372, 148, 147, -1,
      372, 147, 373, -1,
      373, 147, 146, -1,
      373, 146, 374, -1,
      374, 146, 144, -1,
      374, 144, 365, -1,
      365, 144, 142, -1,
      365, 142, 140, -1,
      375, 159, 376, -1,
      376, 159, 158, -1,
      376, 158, 377, -1,
      377, 158, 157, -1,
      377, 157, 378, -1,
      378, 157, 155, -1,
      378, 155, 369, -1,
      369, 155, 153, -1,
      369, 153, 151, -1,
      379, 169, 380, -1,
      380, 169, 167, -1,
      380, 167, 381, -1,
      381, 167, 166, -1,
      381, 166, 382, -1,
      382, 166, 165, -1,
      382, 165, 383, -1,
      383, 165, 163, -1,
      383, 163, 375, -1,
      375, 163, 161, -1,
      375, 161, 159, -1,
      384, 178, 385, -1,
      385, 178, 177, -1,
      385, 177, 386, -1,
      386, 177, 176, -1,
      386, 176, 387, -1,
      387, 176, 174, -1,
      387, 174, 388, -1,
      388, 174, 172, -1,
      388, 172, 379, -1,
      379, 172, 170, -1,
      379, 170, 169, -1,
      98, 96, 348, -1,
      348, 96, 94, -1,
      348, 94, 389, -1,
      389, 94, 93, -1,
      389, 93, 390, -1,
      390, 93, 90, -1,
      390, 90, 391, -1,
      391, 90, 191, -1,
      391, 191, 392, -1,
      392, 191, 190, -1,
      392, 190, 393, -1,
      393, 190, 188, -1,
      393, 188, 394, -1,
      394, 188, 186, -1,
      394, 186, 395, -1,
      395, 186, 185, -1,
      395, 185, 396, -1,
      396, 185, 184, -1,
      396, 184, 397, -1,
      397, 184, 182, -1,
      397, 182, 384, -1,
      384, 182, 180, -1,
      384, 180, 178, -1,
      15, 14, 359, -1,
      359, 360, 15, -1,
      15, 360, 361, -1,
      15, 361, 16, -1,
      361, 362, 16, -1,
      16, 362, 363, -1,
      16, 363, 17, -1,
      17, 363, 364, -1,
      17, 364, 18, -1,
      18, 364, 355, -1,
      355, 356, 18, -1,
      18, 356, 357, -1,
      18, 357, 19, -1,
      357, 358, 19, -1,
      19, 358, 349, -1,
      19, 349, 20, -1,
      349, 350, 20, -1,
      20, 350, 351, -1,
      20, 351, 21, -1,
      351, 352, 21, -1,
      21, 352, 353, -1,
      21, 353, 22, -1,
      353, 354, 22, -1,
      22, 354, 344, -1,
      22, 344, 23, -1,
      344, 345, 23, -1,
      23, 345, 346, -1,
      23, 346, 24, -1,
      346, 347, 24, -1,
      24, 347, 348, -1,
      24, 348, 25, -1,
      348, 389, 25, -1,
      25, 389, 390, -1,
      25, 390, 26, -1,
      390, 391, 26, -1,
      26, 391, 392, -1,
      26, 392, 27, -1,
      27, 392, 393, -1,
      27, 393, 0, -1,
      0, 393, 394, -1,
      0, 394, 1, -1,
      394, 395, 1, -1,
      1, 395, 396, -1,
      1, 396, 2, -1,
      396, 397, 2, -1,
      2, 397, 384, -1,
      2, 384, 3, -1,
      384, 385, 3, -1,
      3, 385, 386, -1,
      3, 386, 4, -1,
      386, 387, 4, -1,
      4, 387, 388, -1,
      4, 388, 5, -1,
      5, 388, 379, -1,
      5, 379, 6, -1,
      379, 380, 6, -1,
      6, 380, 381, -1,
      6, 381, 7, -1,
      7, 381, 382, -1,
      382, 383, 7, -1,
      7, 383, 375, -1,
      7, 375, 8, -1,
      375, 376, 8, -1,
      8, 376, 377, -1,
      8, 377, 9, -1,
      9, 377, 378, -1,
      9, 378, 10, -1,
      10, 378, 369, -1,
      369, 370, 10, -1,
      10, 370, 371, -1,
      10, 371, 11, -1,
      371, 372, 11, -1,
      11, 372, 373, -1,
      11, 373, 12, -1,
      373, 374, 12, -1,
      12, 374, 365, -1,
      12, 365, 13, -1,
      365, 366, 13, -1,
      13, 366, 367, -1,
      13, 367, 14, -1,
      14, 367, 368, -1,
      14, 368, 359, -1,
    ]
  }
}

Shape {
  appearance Appearance {
    material Material {
      diffuseColor 0.7922 0.8196 0.9333
      specularColor 0.3961 0.4118 0.4667
      ambientIntensity 0.2
      transparency 0.0000
      shininess 0.5
    }
  }
  geometry IndexedFaceSet {
    ccw TRUE
    solid FALSE
    coord DEF co Coordinate {
      point [
        -0.071378 -0.098423 -0.319844,
        -0.067394 -0.087817 -0.322918,
        -0.051130 -0.087817 -0.322918,
        -0.069713 -0.079952 -0.324371,
        -0.076993 -0.098065 -0.319955,
        -0.077140 -0.098423 -0.319844,
        -0.047372 -0.098423 -0.319844,
        -0.041611 -0.098423 -0.319844,
        -0.048805 -0.079951 -0.324370,
        -0.056494 -0.060201 -0.329186,
        -0.056352 -0.060570 -0.329119,
        -0.061776 -0.060201 -0.329186,
        -0.071378 -0.100739 -0.327370,
        -0.069386 -0.095324 -0.328988,
        -0.067394 -0.089883 -0.330516,
        -0.051130 -0.089883 -0.330516,
        -0.047372 -0.100739 -0.327370,
        -0.049251 -0.095324 -0.328988,
        -0.041611 -0.100739 -0.327370,
        -0.049052 -0.081319 -0.332726,
        -0.056494 -0.061617 -0.336932,
        -0.061776 -0.061617 -0.336932,
        -0.069457 -0.081319 -0.332726,
        -0.077140 -0.100739 -0.327370,
        -0.065624 -0.085608 -0.331649,
        -0.058994 -0.066445 -0.336013,
        -0.059698 -0.069216 -0.335453,
        -0.062661 -0.077435 -0.333652,
        -0.052458 -0.085608 -0.331649,
        -0.055395 -0.077435 -0.333652,
        -0.058333 -0.069213 -0.335454,
        -0.059698 -0.067623 -0.327742,
        -0.058978 -0.064917 -0.328289,
        -0.058332 -0.067623 -0.327742,
        -0.052458 -0.083640 -0.324025,
        -0.065624 -0.083640 -0.324025,
      ]
    }
    coordIndex [
      0, 12, 1, -1,
      1, 12, 13, -1,
      1, 13, 14, -1,
      15, 2, 14, -1,
      14, 2, 1, -1,
      16, 6, 17, -1,
      17, 6, 2, -1,
      17, 2, 15, -1,
      18, 7, 16, -1,
      16, 7, 6, -1,
      7, 18, 8, -1,
      8, 18, 19, -1,
      8, 19, 10, -1,
      10, 19, 20, -1,
      10, 20, 9, -1,
      21, 11, 20, -1,
      20, 11, 9, -1,
      11, 21, 3, -1,
      3, 21, 22, -1,
      3, 22, 4, -1,
      4, 22, 23, -1,
      4, 23, 5, -1,
      0, 5, 12, -1,
      12, 5, 23, -1,
      24, 23, 22, -1,
      20, 25, 21, -1,
      21, 25, 26, -1,
      21, 26, 22, -1,
      22, 26, 27, -1,
      22, 27, 24, -1,
      18, 16, 17, -1,
      28, 15, 24, -1,
      24, 15, 14, -1,
      24, 14, 23, -1,
      23, 14, 13, -1,
      23, 13, 12, -1,
      17, 15, 18, -1,
      18, 15, 28, -1,
      18, 28, 19, -1,
      19, 28, 29, -1,
      19, 29, 20, -1,
      20, 29, 30, -1,
      20, 30, 25, -1,
      31, 26, 32, -1,
      32, 26, 25, -1,
      30, 33, 25, -1,
      25, 33, 32, -1,
      33, 30, 34, -1,
      34, 30, 29, -1,
      34, 29, 28, -1,
      24, 35, 28, -1,
      28, 35, 34, -1,
      35, 24, 31, -1,
      31, 24, 27, -1,
      31, 27, 26, -1,
    ]
  }
}

Shape {
  appearance Appearance {
    material Material {
      diffuseColor 0.3725 0.9490 1.0000
      specularColor 0.1882 0.4745 0.5020
      ambientIntensity 0.2
      transparency 0.0000
      shininess 0.5
    }
  }
  geometry IndexedFaceSet {
    ccw TRUE
    solid FALSE
    coord DEF co Coordinate {
      point [
        -0.059698 -0.067623 -0.327742,
        -0.058978 -0.064917 -0.328289,
        -0.058332 -0.067623 -0.327742,
        -0.052458 -0.083640 -0.324025,
        -0.065624 -0.083640 -0.324025,
      ]
    }
    coordIndex [
      3, 4, 2, -1,
      2, 4, 0, -1,
      2, 0, 1, -1,
    ]
  }
}

Shape {
  appearance Appearance {
    material Material {
      diffuseColor 0.7922 0.8196 0.9333
      specularColor 0.3961 0.4118 0.4667
      ambientIntensity 0.2
      transparency 0.0000
      shininess 0.5
    }
  }
  geometry IndexedFaceSet {
    ccw TRUE
    solid FALSE
    coord DEF co Coordinate {
      point [
        -0.037961 -0.084547 -0.323789,
        -0.036911 -0.087193 -0.323080,
        -0.036275 -0.088796 -0.322650,
        -0.035422 -0.090000 -0.322312,
        -0.034110 -0.091854 -0.321793,
        -0.033350 -0.092542 -0.321593,
        -0.031324 -0.094376 -0.321062,
        -0.030947 -0.094585 -0.321000,
        -0.028068 -0.096183 -0.320524,
        -0.027319 -0.096599 -0.320400,
        -0.020480 -0.098159 -0.319926,
        -0.022550 -0.097960 -0.319987,
        -0.024643 -0.097363 -0.320168,
        -0.007042 -0.098423 -0.319844,
        -0.017747 -0.098423 -0.319844,
        -0.007042 -0.080086 -0.324922,
        -0.038730 -0.078969 -0.325195,
        -0.038576 -0.080084 -0.324914,
        -0.038070 -0.083754 -0.323989,
        -0.024200 -0.060954 -0.329048,
        -0.027137 -0.062012 -0.328849,
        -0.028836 -0.062623 -0.328734,
        -0.030186 -0.063526 -0.328558,
        -0.032713 -0.065215 -0.328230,
        -0.032759 -0.065265 -0.328220,
        -0.034952 -0.067636 -0.327738,
        -0.037098 -0.071166 -0.326991,
        -0.036604 -0.070309 -0.327173,
        -0.035249 -0.067957 -0.327673,
        -0.037765 -0.073372 -0.326496,
        -0.038351 -0.075309 -0.326062,
        -0.038522 -0.076967 -0.325669,
        -0.007042 -0.060201 -0.329186,
        -0.018152 -0.060201 -0.329186,
        -0.023312 -0.060844 -0.329068,
        -0.018152 -0.061617 -0.336932,
        -0.007042 -0.061617 -0.336932,
        -0.038730 -0.080823 -0.332847,
        -0.038457 -0.078787 -0.333328,
        -0.038052 -0.075757 -0.334044,
        -0.037801 -0.075094 -0.334191,
        -0.036612 -0.071954 -0.334892,
        -0.036465 -0.071565 -0.334978,
        -0.034876 -0.069276 -0.335460,
        -0.034050 -0.068087 -0.335711,
        -0.032741 -0.066824 -0.335964,
        -0.032306 -0.066403 -0.336049,
        -0.023312 -0.062275 -0.336819,
        -0.024009 -0.062364 -0.336804,
        -0.027130 -0.063491 -0.336600,
        -0.028734 -0.064070 -0.336496,
        -0.030189 -0.065020 -0.336314,
        -0.017747 -0.100739 -0.327370,
        -0.020483 -0.100498 -0.327448,
        -0.021803 -0.100382 -0.327485,
        -0.024639 -0.099637 -0.327719,
        -0.026744 -0.099085 -0.327893,
        -0.028046 -0.098411 -0.328097,
        -0.030698 -0.097041 -0.328513,
        -0.030944 -0.096827 -0.328575,
        -0.033353 -0.094729 -0.329185,
        -0.033908 -0.094245 -0.329326,
        -0.035397 -0.092109 -0.329920,
        -0.036279 -0.090843 -0.330273,
        -0.036892 -0.089244 -0.330697,
        -0.037977 -0.086413 -0.331448,
        -0.038069 -0.085727 -0.331619,
        -0.007042 -0.100739 -0.327370,
        -0.018130 -0.065963 -0.336108,
        -0.021430 -0.066268 -0.336052,
        -0.021478 -0.066272 -0.336051,
        -0.024269 -0.067052 -0.335902,
        -0.025517 -0.067401 -0.335836,
        -0.026500 -0.067951 -0.335726,
        -0.028097 -0.068843 -0.335548,
        -0.028365 -0.069081 -0.335499,
        -0.029805 -0.070358 -0.335235,
        -0.029919 -0.070516 -0.335201,
        -0.031130 -0.072191 -0.334841,
        -0.031437 -0.072616 -0.334750,
        -0.032115 -0.074271 -0.334378,
        -0.033448 -0.080942 -0.332819,
        -0.032880 -0.076978 -0.333756,
        -0.032694 -0.075686 -0.334061,
        -0.033259 -0.083482 -0.332193,
        -0.033072 -0.084252 -0.331996,
        -0.032358 -0.087186 -0.331244,
        -0.032162 -0.087993 -0.331037,
        -0.031398 -0.089452 -0.330647,
        -0.030732 -0.090722 -0.330307,
        -0.030202 -0.091320 -0.330141,
        -0.028818 -0.092886 -0.329706,
        -0.028750 -0.092933 -0.329693,
        -0.026996 -0.094143 -0.329345,
        -0.026460 -0.094512 -0.329239,
        -0.024839 -0.095145 -0.329052,
        -0.023278 -0.095755 -0.328871,
        -0.022027 -0.095930 -0.328819,
        -0.012323 -0.065963 -0.336108,
        -0.012323 -0.096504 -0.328644,
        -0.017912 -0.096504 -0.328644,
        -0.017912 -0.094285 -0.321089,
        -0.012323 -0.094285 -0.321089,
        -0.028717 -0.090749 -0.322105,
        -0.033000 -0.082304 -0.324357,
        -0.033397 -0.080132 -0.324910,
        -0.033448 -0.079078 -0.325169,
        -0.032501 -0.085031 -0.323663,
        -0.032426 -0.085191 -0.323620,
        -0.031403 -0.087397 -0.323029,
        -0.029233 -0.090370 -0.322213,
        -0.030187 -0.089207 -0.322535,
        -0.031054 -0.088150 -0.322827,
        -0.027015 -0.091999 -0.321751,
        -0.026825 -0.092139 -0.321711,
        -0.024831 -0.092937 -0.321481,
        -0.022027 -0.093717 -0.321255,
        -0.023339 -0.093535 -0.321308,
        -0.018130 -0.064446 -0.328381,
        -0.019941 -0.064556 -0.328360,
        -0.021406 -0.064856 -0.328301,
        -0.024291 -0.065445 -0.328184,
        -0.024628 -0.065514 -0.328170,
        -0.026512 -0.066378 -0.327996,
        -0.027306 -0.066741 -0.327923,
        -0.028333 -0.067533 -0.327759,
        -0.032881 -0.075208 -0.326077,
        -0.032697 -0.073952 -0.326372,
        -0.032102 -0.072569 -0.326678,
        -0.031309 -0.070724 -0.327087,
        -0.031148 -0.070519 -0.327131,
        -0.029891 -0.068913 -0.327472,
        -0.029541 -0.068466 -0.327567,
        -0.012323 -0.064446 -0.328381,
      ]
    }
    coordIndex [
      35, 33, 36, -1,
      36, 33, 32, -1,
      37, 16, 38, -1,
      38, 16, 31, -1,
      38, 31, 39, -1,
      39, 31, 30, -1,
      39, 30, 40, -1,
      40, 30, 29, -1,
      40, 29, 41, -1,
      29, 26, 41, -1,
      41, 26, 27, -1,
      41, 27, 42, -1,
      42, 27, 28, -1,
      42, 28, 43, -1,
      43, 28, 25, -1,
      43, 25, 44, -1,
      44, 25, 24, -1,
      44, 24, 45, -1,
      45, 24, 23, -1,
      45, 23, 46, -1,
      46, 23, 22, -1,
      33, 35, 34, -1,
      34, 35, 47, -1,
      34, 47, 19, -1,
      19, 47, 48, -1,
      19, 48, 20, -1,
      20, 48, 49, -1,
      20, 49, 21, -1,
      21, 49, 50, -1,
      21, 50, 22, -1,
      22, 50, 51, -1,
      22, 51, 46, -1,
      52, 14, 53, -1,
      53, 14, 10, -1,
      53, 10, 54, -1,
      54, 10, 11, -1,
      54, 11, 55, -1,
      55, 11, 12, -1,
      55, 12, 56, -1,
      56, 12, 9, -1,
      56, 9, 57, -1,
      57, 9, 8, -1,
      57, 8, 58, -1,
      58, 8, 7, -1,
      58, 7, 59, -1,
      59, 7, 6, -1,
      59, 6, 60, -1,
      60, 6, 5, -1,
      60, 5, 61, -1,
      61, 5, 4, -1,
      61, 4, 62, -1,
      62, 4, 3, -1,
      62, 3, 63, -1,
      63, 3, 2, -1,
      63, 2, 64, -1,
      64, 2, 1, -1,
      64, 1, 65, -1,
      65, 1, 0, -1,
      65, 0, 66, -1,
      16, 37, 17, -1,
      17, 37, 66, -1,
      17, 66, 18, -1,
      18, 66, 0, -1,
      67, 13, 52, -1,
      52, 13, 14, -1,
      36, 32, 67, -1,
      67, 32, 15, -1,
      67, 15, 13, -1,
      35, 68, 69, -1,
      35, 69, 47, -1,
      47, 69, 70, -1,
      47, 70, 48, -1,
      48, 70, 71, -1,
      48, 71, 49, -1,
      49, 71, 72, -1,
      49, 72, 50, -1,
      50, 72, 73, -1,
      50, 73, 51, -1,
      51, 73, 74, -1,
      51, 74, 46, -1,
      46, 74, 75, -1,
      46, 75, 45, -1,
      45, 75, 76, -1,
      45, 76, 44, -1,
      44, 76, 77, -1,
      44, 77, 43, -1,
      77, 78, 43, -1,
      43, 78, 79, -1,
      43, 79, 42, -1,
      42, 79, 80, -1,
      66, 37, 81, -1,
      81, 37, 38, -1,
      81, 38, 82, -1,
      82, 38, 39, -1,
      82, 39, 83, -1,
      83, 39, 40, -1,
      83, 40, 80, -1,
      80, 40, 41, -1,
      80, 41, 42, -1,
      81, 84, 66, -1,
      66, 84, 85, -1,
      66, 85, 65, -1,
      65, 85, 86, -1,
      65, 86, 64, -1,
      64, 86, 87, -1,
      64, 87, 63, -1,
      63, 87, 88, -1,
      63, 88, 62, -1,
      62, 88, 61, -1,
      61, 88, 89, -1,
      61, 89, 60, -1,
      60, 89, 90, -1,
      60, 90, 59, -1,
      90, 91, 59, -1,
      59, 91, 92, -1,
      59, 92, 58, -1,
      58, 92, 93, -1,
      58, 93, 57, -1,
      57, 93, 94, -1,
      57, 94, 56, -1,
      56, 94, 95, -1,
      56, 95, 55, -1,
      55, 95, 96, -1,
      55, 96, 54, -1,
      54, 96, 97, -1,
      68, 35, 98, -1,
      98, 35, 36, -1,
      98, 36, 99, -1,
      99, 36, 67, -1,
      99, 67, 100, -1,
      100, 67, 52, -1,
      100, 52, 97, -1,
      97, 52, 53, -1,
      97, 53, 54, -1,
      100, 101, 99, -1,
      99, 101, 102, -1,
      93, 92, 103, -1,
      86, 85, 104, -1,
      104, 85, 84, -1,
      104, 84, 105, -1,
      105, 84, 81, -1,
      105, 81, 106, -1,
      104, 107, 86, -1,
      86, 107, 108, -1,
      86, 108, 87, -1,
      87, 108, 109, -1,
      103, 92, 110, -1,
      110, 92, 91, -1,
      110, 91, 111, -1,
      111, 91, 90, -1,
      111, 90, 112, -1,
      112, 90, 89, -1,
      112, 89, 109, -1,
      109, 89, 88, -1,
      109, 88, 87, -1,
      103, 113, 93, -1,
      93, 113, 114, -1,
      93, 114, 94, -1,
      94, 114, 115, -1,
      101, 100, 116, -1,
      116, 100, 97, -1,
      116, 97, 117, -1,
      117, 97, 96, -1,
      117, 96, 115, -1,
      115, 96, 95, -1,
      115, 95, 94, -1,
      69, 68, 118, -1,
      118, 119, 69, -1,
      69, 119, 120, -1,
      69, 120, 70, -1,
      70, 120, 71, -1,
      120, 121, 71, -1,
      71, 121, 122, -1,
      71, 122, 72, -1,
      72, 122, 123, -1,
      72, 123, 73, -1,
      73, 123, 124, -1,
      73, 124, 74, -1,
      74, 124, 125, -1,
      106, 81, 126, -1,
      126, 81, 82, -1,
      126, 82, 127, -1,
      127, 82, 83, -1,
      127, 83, 128, -1,
      128, 83, 80, -1,
      128, 80, 129, -1,
      129, 80, 79, -1,
      129, 79, 130, -1,
      130, 79, 78, -1,
      130, 78, 131, -1,
      131, 78, 77, -1,
      131, 77, 132, -1,
      132, 77, 76, -1,
      132, 76, 125, -1,
      125, 76, 75, -1,
      125, 75, 74, -1,
      98, 133, 68, -1,
      68, 133, 118, -1,
      98, 99, 133, -1,
      133, 99, 102, -1,
    ]
  }
}

Shape {
  appearance Appearance {
    material Material {
      diffuseColor 0.3725 0.9490 1.0000
      specularColor 0.1882 0.4745 0.5020
      ambientIntensity 0.2
      transparency 0.0000
      shininess 0.5
    }
  }
  geometry IndexedFaceSet {
    ccw TRUE
    solid FALSE
    coord DEF co Coordinate {
      point [
        -0.017912 -0.094285 -0.321089,
        -0.012323 -0.094285 -0.321089,
        -0.028717 -0.090749 -0.322105,
        -0.033000 -0.082304 -0.324357,
        -0.033397 -0.080132 -0.324910,
        -0.033448 -0.079078 -0.325169,
        -0.032501 -0.085031 -0.323663,
        -0.032426 -0.085191 -0.323620,
        -0.031403 -0.087397 -0.323029,
        -0.029233 -0.090370 -0.322213,
        -0.030187 -0.089207 -0.322535,
        -0.031054 -0.088150 -0.322827,
        -0.027015 -0.091999 -0.321751,
        -0.026825 -0.092139 -0.321711,
        -0.024831 -0.092937 -0.321481,
        -0.022027 -0.093717 -0.321255,
        -0.023339 -0.093535 -0.321308,
        -0.018130 -0.064446 -0.328381,
        -0.019941 -0.064556 -0.328360,
        -0.021406 -0.064856 -0.328301,
        -0.024291 -0.065445 -0.328184,
        -0.024628 -0.065514 -0.328170,
        -0.026512 -0.066378 -0.327996,
        -0.027306 -0.066741 -0.327923,
        -0.028333 -0.067533 -0.327759,
        -0.032881 -0.075208 -0.326077,
        -0.032697 -0.073952 -0.326372,
        -0.032102 -0.072569 -0.326678,
        -0.031309 -0.070724 -0.327087,
        -0.031148 -0.070519 -0.327131,
        -0.029891 -0.068913 -0.327472,
        -0.029541 -0.068466 -0.327567,
        -0.012323 -0.064446 -0.328381,
        -0.025372 -0.092234 -0.321684,
      ]
    }
    coordIndex [
      15, 33, 0, -1,
      0, 33, 1, -1,
      15, 16, 33, -1,
      33, 16, 14, -1,
      33, 14, 13, -1,
      13, 12, 33, -1,
      33, 12, 2, -1,
      33, 2, 1, -1,
      1, 2, 9, -1,
      9, 10, 1, -1,
      1, 10, 11, -1,
      1, 11, 8, -1,
      8, 7, 1, -1,
      1, 7, 6, -1,
      1, 6, 3, -1,
      3, 4, 1, -1,
      1, 4, 5, -1,
      1, 5, 25, -1,
      25, 26, 1, -1,
      1, 26, 27, -1,
      1, 27, 28, -1,
      28, 29, 1, -1,
      1, 29, 30, -1,
      1, 30, 31, -1,
      31, 24, 1, -1,
      1, 24, 23, -1,
      1, 23, 22, -1,
      22, 21, 1, -1,
      1, 21, 20, -1,
      1, 20, 19, -1,
      19, 18, 1, -1,
      1, 18, 17, -1,
      1, 17, 32, -1,
    ]
  }
}

Shape {
  appearance Appearance {
    material Material {
      diffuseColor 0.7922 0.8196 0.9333
      specularColor 0.3961 0.4118 0.4667
      ambientIntensity 0.2
      transparency 0.0000
      shininess 0.5
    }
  }
  geometry IndexedFaceSet {
    ccw TRUE
    solid FALSE
    coord DEF co Coordinate {
      point [
        0.052742 -0.084710 -0.323741,
        0.052647 -0.085357 -0.323577,
        0.021766 -0.080086 -0.324922,
        0.051788 -0.087370 -0.323034,
        0.051142 -0.088883 -0.322626,
        0.050750 -0.089380 -0.322487,
        0.049434 -0.091044 -0.322022,
        0.049367 -0.091129 -0.321999,
        0.047779 -0.092335 -0.321654,
        0.047204 -0.092772 -0.321530,
        0.045944 -0.093315 -0.321372,
        0.044385 -0.093986 -0.321176,
        0.043786 -0.094080 -0.321149,
        0.041035 -0.094513 -0.321022,
        0.039553 -0.094746 -0.320953,
        0.034644 -0.094116 -0.321138,
        0.034161 -0.094054 -0.321157,
        0.002561 -0.081314 -0.324617,
        0.016484 -0.081314 -0.324617,
        0.016484 -0.094285 -0.321089,
        0.000640 -0.098423 -0.319844,
        0.021766 -0.098423 -0.319844,
        0.000640 -0.094285 -0.321089,
        0.062096 -0.094285 -0.321089,
        0.057029 -0.088799 -0.322649,
        0.076980 -0.094285 -0.321089,
        0.057430 -0.087455 -0.323009,
        0.058735 -0.080171 -0.324900,
        0.076980 -0.080086 -0.324922,
        0.058365 -0.083899 -0.323954,
        0.058301 -0.084535 -0.323793,
        0.062096 -0.098423 -0.319844,
        0.040280 -0.098882 -0.319703,
        0.044559 -0.098320 -0.319876,
        0.045824 -0.098154 -0.319927,
        0.047828 -0.097407 -0.320155,
        0.049678 -0.096717 -0.320365,
        0.050487 -0.096184 -0.320524,
        0.052584 -0.094802 -0.320937,
        0.052913 -0.094461 -0.321036,
        0.054604 -0.092705 -0.321547,
        0.054955 -0.092341 -0.321653,
        0.056149 -0.090302 -0.322227,
        0.031173 -0.092958 -0.321474,
        0.029448 -0.092326 -0.321658,
        0.029448 -0.096471 -0.320439,
        0.033372 -0.097851 -0.320019,
        0.034237 -0.098156 -0.319927,
        0.037572 -0.098556 -0.319804,
        0.002561 -0.080086 -0.324922,
        0.002561 -0.077115 -0.325639,
        0.082261 -0.098423 -0.319844,
        0.082261 -0.080086 -0.324922,
        0.082261 -0.060201 -0.329186,
        0.076980 -0.060201 -0.329186,
        0.021766 -0.060201 -0.329186,
        0.001600 -0.060201 -0.329186,
        0.029448 -0.066447 -0.327982,
        0.029448 -0.061263 -0.328990,
        0.031093 -0.060731 -0.329089,
        0.058724 -0.080086 -0.324921,
        0.058074 -0.075136 -0.326095,
        0.057965 -0.074306 -0.326292,
        0.056830 -0.071361 -0.326939,
        0.056101 -0.069470 -0.327356,
        0.055278 -0.068324 -0.327592,
        0.053460 -0.065792 -0.328115,
        0.053226 -0.065593 -0.328154,
        0.050703 -0.063446 -0.328575,
        0.050219 -0.063033 -0.328656,
        0.047837 -0.061852 -0.328878,
        0.046212 -0.061045 -0.329031,
        0.044560 -0.060659 -0.329102,
        0.041493 -0.059943 -0.329233,
        0.040655 -0.059878 -0.329245,
        0.038713 -0.059728 -0.329272,
        0.033724 -0.060385 -0.329152,
        0.001600 -0.064446 -0.328381,
        0.016484 -0.064446 -0.328381,
        0.016484 -0.077115 -0.325639,
        0.032854 -0.065093 -0.328253,
        0.033928 -0.064665 -0.328339,
        0.036561 -0.064282 -0.328413,
        0.038668 -0.063975 -0.328474,
        0.042073 -0.064527 -0.328365,
        0.043548 -0.064766 -0.328319,
        0.044683 -0.065247 -0.328223,
        0.046315 -0.065939 -0.328085,
        0.046789 -0.066279 -0.328016,
        0.048644 -0.067611 -0.327744,
        0.048717 -0.067696 -0.327727,
        0.050230 -0.069438 -0.327361,
        0.050626 -0.069894 -0.327265,
        0.051456 -0.071472 -0.326921,
        0.052127 -0.072749 -0.326643,
        0.052429 -0.073961 -0.326364,
        0.053216 -0.077125 -0.325636,
        0.053256 -0.077285 -0.325599,
        0.053454 -0.079857 -0.324978,
        0.053420 -0.080085 -0.324920,
        0.021766 -0.061617 -0.336932,
        0.021766 -0.100739 -0.327370,
        0.001600 -0.061617 -0.336932,
        0.001600 -0.065963 -0.336108,
        0.016484 -0.065963 -0.336108,
        0.016484 -0.078930 -0.333302,
        0.002561 -0.078930 -0.333302,
        0.002561 -0.083227 -0.332254,
        0.016484 -0.083227 -0.332254,
        0.016484 -0.096504 -0.328644,
        0.000640 -0.096504 -0.328644,
        0.000640 -0.100739 -0.327370,
        0.058735 -0.082057 -0.332545,
        0.058333 -0.085870 -0.331578,
        0.058232 -0.086836 -0.331333,
        0.057403 -0.089507 -0.330619,
        0.056875 -0.091207 -0.330164,
        0.056156 -0.092435 -0.329820,
        0.054888 -0.094602 -0.329213,
        0.054609 -0.094897 -0.329127,
        0.052916 -0.096693 -0.328605,
        0.052640 -0.096985 -0.328520,
        0.050473 -0.098434 -0.328085,
        0.049577 -0.099033 -0.327905,
        0.047821 -0.099688 -0.327702,
        0.045648 -0.100498 -0.327451,
        0.044560 -0.100643 -0.327405,
        0.040280 -0.101209 -0.327226,
        0.038713 -0.061134 -0.337020,
        0.040656 -0.061264 -0.336997,
        0.040755 -0.061270 -0.336996,
        0.044562 -0.062084 -0.336853,
        0.045697 -0.062327 -0.336810,
        0.047828 -0.063331 -0.336625,
        0.049774 -0.064249 -0.336456,
        0.050667 -0.064985 -0.336313,
        0.053248 -0.067114 -0.335898,
        0.055309 -0.069913 -0.335320,
        0.055763 -0.070531 -0.335193,
        0.056824 -0.073048 -0.334641,
        0.057685 -0.075092 -0.334193,
        0.057961 -0.076920 -0.333760,
        0.033694 -0.061577 -0.336939,
        0.029448 -0.062705 -0.336731,
        0.029448 -0.068011 -0.335700,
        0.038668 -0.065480 -0.336202,
        0.036560 -0.065787 -0.336143,
        0.034061 -0.066151 -0.336072,
        0.032860 -0.066635 -0.335975,
        0.053454 -0.081733 -0.332625,
        0.053334 -0.079824 -0.333089,
        0.053145 -0.078953 -0.333292,
        0.052440 -0.075696 -0.334050,
        0.052250 -0.074819 -0.334254,
        0.051446 -0.073156 -0.334620,
        0.050784 -0.071789 -0.334922,
        0.050210 -0.071086 -0.335070,
        0.048778 -0.069333 -0.335440,
        0.048720 -0.069290 -0.335449,
        0.046788 -0.067839 -0.335743,
        0.046413 -0.067557 -0.335800,
        0.044673 -0.066804 -0.335948,
        0.043406 -0.066255 -0.336055,
        0.042074 -0.066037 -0.336096,
        0.039553 -0.096975 -0.328505,
        0.041052 -0.096830 -0.328550,
        0.042079 -0.096730 -0.328580,
        0.043776 -0.096288 -0.328714,
        0.045223 -0.095911 -0.328828,
        0.045949 -0.095538 -0.328938,
        0.047741 -0.094617 -0.329210,
        0.047812 -0.094556 -0.329227,
        0.049418 -0.093171 -0.329624,
        0.049711 -0.092919 -0.329696,
        0.050735 -0.091482 -0.330094,
        0.051335 -0.090641 -0.330326,
        0.051815 -0.089444 -0.330645,
        0.052644 -0.087377 -0.331196,
        0.052741 -0.086706 -0.331366,
        0.029448 -0.094498 -0.329226,
        0.031173 -0.095154 -0.329036,
        0.033988 -0.096224 -0.328726,
        0.034648 -0.096313 -0.328700,
        0.029448 -0.098741 -0.327979,
        0.037574 -0.100873 -0.327329,
        0.034189 -0.100454 -0.327459,
        0.033371 -0.100158 -0.327548,
        0.082261 -0.061617 -0.336932,
        0.082261 -0.100739 -0.327370,
        0.076980 -0.061617 -0.336932,
        0.076980 -0.096504 -0.328644,
        0.062096 -0.096504 -0.328644,
        0.062096 -0.100739 -0.327370,
      ]
    }
    coordIndex [
      100, 55, 101, -1,
      101, 55, 2, -1,
      101, 2, 21, -1,
      102, 56, 100, -1,
      100, 56, 55, -1,
      103, 77, 102, -1,
      102, 77, 56, -1,
      104, 78, 103, -1,
      103, 78, 77, -1,
      105, 79, 104, -1,
      104, 79, 78, -1,
      106, 50, 105, -1,
      105, 50, 79, -1,
      50, 106, 49, -1,
      49, 106, 107, -1,
      49, 107, 17, -1,
      108, 18, 107, -1,
      107, 18, 17, -1,
      109, 19, 108, -1,
      108, 19, 18, -1,
      110, 22, 109, -1,
      109, 22, 19, -1,
      111, 20, 110, -1,
      110, 20, 22, -1,
      21, 20, 101, -1,
      101, 20, 111, -1,
      101, 111, 110, -1,
      110, 109, 101, -1,
      101, 109, 108, -1,
      101, 108, 100, -1,
      103, 102, 104, -1,
      104, 102, 100, -1,
      104, 100, 105, -1,
      105, 100, 108, -1,
      105, 108, 106, -1,
      106, 108, 107, -1,
      112, 27, 113, -1,
      113, 27, 29, -1,
      113, 29, 114, -1,
      114, 29, 30, -1,
      114, 30, 115, -1,
      115, 30, 26, -1,
      115, 26, 116, -1,
      116, 26, 24, -1,
      116, 24, 117, -1,
      117, 24, 42, -1,
      117, 42, 118, -1,
      118, 42, 41, -1,
      118, 41, 119, -1,
      119, 41, 40, -1,
      119, 40, 120, -1,
      120, 40, 39, -1,
      120, 39, 121, -1,
      121, 39, 38, -1,
      121, 38, 122, -1,
      122, 38, 37, -1,
      122, 37, 123, -1,
      123, 37, 36, -1,
      123, 36, 124, -1,
      124, 36, 35, -1,
      124, 35, 125, -1,
      125, 35, 34, -1,
      125, 34, 126, -1,
      126, 34, 33, -1,
      126, 33, 127, -1,
      127, 33, 32, -1,
      128, 75, 129, -1,
      129, 75, 74, -1,
      129, 74, 130, -1,
      130, 74, 73, -1,
      130, 73, 131, -1,
      131, 73, 72, -1,
      131, 72, 132, -1,
      132, 72, 71, -1,
      132, 71, 133, -1,
      133, 71, 70, -1,
      133, 70, 134, -1,
      134, 70, 69, -1,
      134, 69, 135, -1,
      135, 69, 68, -1,
      135, 68, 136, -1,
      68, 67, 136, -1,
      136, 67, 66, -1,
      136, 66, 137, -1,
      137, 66, 65, -1,
      137, 65, 138, -1,
      138, 65, 64, -1,
      138, 64, 139, -1,
      139, 64, 63, -1,
      139, 63, 140, -1,
      140, 63, 62, -1,
      140, 62, 141, -1,
      27, 112, 60, -1,
      60, 112, 141, -1,
      60, 141, 61, -1,
      61, 141, 62, -1,
      75, 128, 76, -1,
      76, 128, 142, -1,
      76, 142, 59, -1,
      59, 142, 143, -1,
      59, 143, 58, -1,
      144, 57, 143, -1,
      143, 57, 58, -1,
      145, 83, 146, -1,
      146, 83, 82, -1,
      146, 82, 147, -1,
      147, 82, 81, -1,
      147, 81, 148, -1,
      148, 81, 80, -1,
      148, 80, 144, -1,
      144, 80, 57, -1,
      149, 98, 150, -1,
      150, 98, 97, -1,
      150, 97, 151, -1,
      151, 97, 96, -1,
      151, 96, 152, -1,
      152, 96, 95, -1,
      152, 95, 153, -1,
      153, 95, 94, -1,
      153, 94, 154, -1,
      154, 94, 93, -1,
      154, 93, 155, -1,
      155, 93, 92, -1,
      155, 92, 156, -1,
      156, 92, 91, -1,
      156, 91, 157, -1,
      157, 91, 90, -1,
      157, 90, 158, -1,
      158, 90, 89, -1,
      158, 89, 159, -1,
      159, 89, 88, -1,
      159, 88, 160, -1,
      160, 88, 87, -1,
      160, 87, 161, -1,
      161, 87, 86, -1,
      161, 86, 162, -1,
      162, 86, 85, -1,
      162, 85, 163, -1,
      163, 85, 84, -1,
      163, 84, 145, -1,
      145, 84, 83, -1,
      164, 14, 165, -1,
      165, 14, 13, -1,
      165, 13, 166, -1,
      166, 13, 167, -1,
      13, 12, 167, -1,
      167, 12, 11, -1,
      167, 11, 168, -1,
      168, 11, 10, -1,
      168, 10, 169, -1,
      169, 10, 170, -1,
      170, 10, 9, -1,
      170, 9, 171, -1,
      171, 9, 8, -1,
      171, 8, 172, -1,
      8, 7, 172, -1,
      172, 7, 6, -1,
      172, 6, 173, -1,
      173, 6, 5, -1,
      173, 5, 174, -1,
      174, 5, 175, -1,
      175, 5, 4, -1,
      175, 4, 176, -1,
      176, 4, 3, -1,
      176, 3, 177, -1,
      177, 3, 1, -1,
      177, 1, 178, -1,
      98, 149, 99, -1,
      99, 149, 178, -1,
      99, 178, 0, -1,
      0, 178, 1, -1,
      179, 44, 180, -1,
      180, 44, 43, -1,
      180, 43, 181, -1,
      181, 43, 16, -1,
      181, 16, 182, -1,
      182, 16, 15, -1,
      182, 15, 164, -1,
      164, 15, 14, -1,
      183, 45, 179, -1,
      179, 45, 44, -1,
      127, 32, 184, -1,
      184, 32, 48, -1,
      184, 48, 185, -1,
      185, 48, 47, -1,
      185, 47, 186, -1,
      186, 47, 46, -1,
      186, 46, 183, -1,
      183, 46, 45, -1,
      183, 179, 180, -1,
      183, 180, 186, -1,
      186, 180, 181, -1,
      186, 181, 185, -1,
      185, 181, 182, -1,
      185, 182, 184, -1,
      184, 182, 164, -1,
      184, 164, 127, -1,
      127, 164, 165, -1,
      127, 165, 126, -1,
      165, 166, 126, -1,
      126, 166, 167, -1,
      126, 167, 125, -1,
      125, 167, 168, -1,
      125, 168, 124, -1,
      124, 168, 169, -1,
      124, 169, 123, -1,
      123, 169, 170, -1,
      123, 170, 122, -1,
      122, 170, 171, -1,
      122, 171, 121, -1,
      121, 171, 172, -1,
      121, 172, 120, -1,
      120, 172, 173, -1,
      120, 173, 119, -1,
      119, 173, 174, -1,
      141, 112, 149, -1,
      149, 112, 113, -1,
      149, 113, 178, -1,
      178, 113, 114, -1,
      178, 114, 177, -1,
      177, 114, 115, -1,
      177, 115, 176, -1,
      176, 115, 116, -1,
      176, 116, 175, -1,
      175, 116, 117, -1,
      175, 117, 174, -1,
      174, 117, 118, -1,
      174, 118, 119, -1,
      149, 150, 141, -1,
      141, 150, 151, -1,
      141, 151, 140, -1,
      140, 151, 152, -1,
      140, 152, 139, -1,
      139, 152, 153, -1,
      139, 153, 138, -1,
      138, 153, 154, -1,
      138, 154, 137, -1,
      154, 155, 137, -1,
      137, 155, 156, -1,
      137, 156, 136, -1,
      159, 135, 158, -1,
      158, 135, 136, -1,
      158, 136, 157, -1,
      157, 136, 156, -1,
      128, 129, 163, -1,
      163, 129, 130, -1,
      163, 130, 162, -1,
      162, 130, 131, -1,
      162, 131, 161, -1,
      161, 131, 132, -1,
      161, 132, 160, -1,
      160, 132, 133, -1,
      160, 133, 159, -1,
      159, 133, 134, -1,
      159, 134, 135, -1,
      163, 145, 128, -1,
      128, 145, 146, -1,
      128, 146, 142, -1,
      144, 143, 148, -1,
      148, 143, 142, -1,
      148, 142, 147, -1,
      147, 142, 146, -1,
      187, 53, 188, -1,
      188, 53, 52, -1,
      188, 52, 51, -1,
      189, 54, 187, -1,
      187, 54, 53, -1,
      54, 189, 28, -1,
      28, 189, 190, -1,
      28, 190, 25, -1,
      191, 23, 190, -1,
      190, 23, 25, -1,
      192, 31, 191, -1,
      191, 31, 23, -1,
      51, 31, 188, -1,
      188, 31, 192, -1,
      189, 187, 190, -1,
      190, 187, 188, -1,
      190, 188, 191, -1,
      191, 188, 192, -1,
    ]
  }
}
