#VRML V2.0 utf8

Shape {
  appearance Appearance {
    material Material {
      diffuseColor 0.2510 0.2510 0.2510
      specularColor 0.1255 0.1255 0.1255
      ambientIntensity 0.2
      transparency 0.0000
      shininess 0.5
    }
  }
  geometry IndexedFaceSet {
    ccw TRUE
    solid FALSE
    coord DEF co Coordinate {
      point [
        -0.661800 0.475450 0.787402,
        -0.790411 0.475450 0.787402,
        -0.661800 -0.475450 0.787402,
        -0.790411 -0.475450 0.787402,
        -0.634230 -0.475450 0.787402,
        -0.610619 -0.475450 0.787402,
        -0.634230 0.475450 0.787402,
        -0.610619 0.475450 0.787402,
        -0.583049 -0.475450 0.787402,
        -0.559438 -0.475450 0.787402,
        -0.583049 0.475450 0.787402,
        -0.559438 0.475450 0.787402,
        -0.866142 0.531496 0.433071,
        -0.866142 0.531496 0.354331,
        -0.866142 0.295276 0.433071,
        -0.866142 0.295276 0.354331,
        0.098134 0.055854 0.000000,
        0.109764 0.054548 0.000000,
        0.072591 -0.032821 0.000000,
        0.228915 -0.050733 0.000000,
        0.109919 -0.051454 0.000000,
        0.168420 -0.050733 0.000000,
        0.117528 -0.050665 0.000000,
        0.128976 -0.046724 0.000000,
        0.152104 0.036268 0.000000,
        0.145181 0.047311 0.000000,
        0.213071 0.067377 0.000000,
        0.083778 0.053989 0.000000,
        0.070474 -0.031649 0.000000,
        0.070474 0.048292 0.000000,
        0.058952 0.475450 0.000000,
        0.070474 0.064136 0.000000,
        0.118605 0.051357 0.000000,
        0.126780 0.045888 0.000000,
        0.133912 0.038014 0.000000,
        0.142493 0.007061 0.000000,
        0.141297 -0.005725 0.000000,
        0.138088 -0.015884 0.000000,
        0.111806 -0.037975 0.000000,
        0.100790 -0.039211 0.000000,
        0.120412 -0.034807 0.000000,
        0.127661 -0.029921 0.000000,
        0.133203 -0.024074 0.000000,
        0.085112 -0.037470 0.000000,
        0.138781 0.028895 0.000000,
        0.141930 0.016251 0.000000,
        0.138476 -0.040657 0.000000,
        0.147348 -0.031318 0.000000,
        0.168420 -0.037770 0.000000,
        0.153640 -0.020087 0.000000,
        0.213071 -0.037770 0.000000,
        0.134518 0.057566 0.000000,
        0.123299 0.064023 0.000000,
        0.110132 0.067848 0.000000,
        0.157195 -0.007585 0.000000,
        0.158337 0.006093 0.000000,
        0.156638 0.022885 0.000000,
        0.098269 0.068817 0.000000,
        0.084130 0.067841 0.000000,
        0.070474 -0.044612 0.000000,
        0.083065 -0.049781 0.000000,
        0.058952 -0.051454 0.000000,
        0.094999 -0.051454 0.000000,
        0.058952 -0.475450 0.000000,
        0.099743 -0.052119 0.000000,
        0.102973 -0.052174 0.000000,
        0.228915 0.067377 0.000000,
        0.492126 0.475450 0.000000,
        0.492126 -0.051454 0.000000,
        0.492126 -0.475450 0.000000,
        -0.142700 -0.050733 0.000000,
        -0.128160 -0.018362 0.000000,
        -0.121387 -0.028926 0.000000,
        -0.015948 -0.050733 0.000000,
        0.047429 -0.050733 0.000000,
        0.047429 0.067377 0.000000,
        -0.013067 0.067377 0.000000,
        -0.492126 0.475450 0.000000,
        -0.013067 0.054413 0.000000,
        0.031585 0.054413 0.000000,
        0.031585 0.015523 0.000000,
        -0.111665 -0.038235 0.000000,
        -0.099333 -0.045402 0.000000,
        -0.085723 -0.049458 0.000000,
        -0.249287 -0.050733 0.000000,
        -0.492126 -0.051454 0.000000,
        -0.203196 0.067377 0.000000,
        -0.187352 0.067377 0.000000,
        -0.038994 0.067377 0.000000,
        -0.010186 0.015523 0.000000,
        -0.010186 0.002560 0.000000,
        0.031585 0.002560 0.000000,
        0.031585 -0.037770 0.000000,
        -0.015948 -0.037770 0.000000,
        -0.038994 -0.050733 0.000000,
        -0.071109 -0.050733 0.000000,
        -0.072324 0.067377 0.000000,
        -0.089388 0.065553 0.000000,
        -0.124538 0.042715 0.000000,
        -0.130027 0.032557 0.000000,
        -0.220052 -0.017605 0.000000,
        -0.171260 -0.017605 0.000000,
        -0.232003 -0.050733 0.000000,
        -0.159985 -0.050733 0.000000,
        -0.133200 0.020920 0.000000,
        -0.134058 0.009807 0.000000,
        -0.132400 -0.006000 0.000000,
        -0.103207 0.060700 0.000000,
        -0.116063 0.052085 0.000000,
        -0.116186 0.051976 0.000000,
        -0.492126 -0.475450 0.000000,
        0.063789 -0.050733 0.787402,
        0.046985 -0.050733 0.787402,
        -0.531868 -0.475450 0.787402,
        0.174198 -0.012084 0.787402,
        0.117274 -0.012084 0.787402,
        0.188141 -0.050733 0.787402,
        0.104119 -0.050733 0.787402,
        0.208306 -0.050733 0.787402,
        0.790411 -0.475450 0.787402,
        0.154532 0.087062 0.787402,
        0.790411 0.475450 0.787402,
        0.136047 0.087062 0.787402,
        -0.188276 0.051772 0.787402,
        -0.187041 0.061295 0.787402,
        -0.531868 0.475450 0.787402,
        -0.077367 0.087062 0.787402,
        -0.053841 0.087062 0.787402,
        -0.120240 0.013778 0.787402,
        -0.112291 0.006373 0.787402,
        -0.109295 0.064796 0.787402,
        -0.107711 -0.000517 0.787402,
        -0.105155 -0.007424 0.787402,
        -0.060661 0.054507 0.787402,
        -0.060563 0.040430 0.787402,
        -0.011830 -0.050733 0.787402,
        -0.060563 0.068577 0.787402,
        -0.061088 0.068577 0.787402,
        -0.058820 0.061106 0.787402,
        -0.056519 0.053794 0.787402,
        0.047386 0.054923 0.787402,
        0.048324 0.068577 0.787402,
        0.047878 0.068577 0.787402,
        -0.060563 -0.050733 0.787402,
        -0.077367 -0.050733 0.787402,
        -0.188276 -0.025107 0.787402,
        -0.188276 -0.045272 0.787402,
        0.083954 -0.050733 0.787402,
        0.063789 0.087062 0.787402,
        0.041943 0.087062 0.787402,
        0.000248 -0.006648 0.787402,
        -0.013065 -0.007016 0.787402,
        -0.003089 -0.015222 0.787402,
        -0.009691 -0.015323 0.787402,
        -0.006290 -0.023847 0.787402,
        -0.006920 -0.023847 0.787402,
        -0.140515 0.025621 0.787402,
        -0.119713 0.070205 0.787402,
        -0.153322 0.032408 0.787402,
        -0.131493 0.073021 0.787402,
        -0.141013 0.073618 0.787402,
        0.046103 0.061497 0.787402,
        0.043781 0.054582 0.787402,
        0.046985 0.041244 0.787402,
        -0.001748 -0.050733 0.787402,
        -0.104254 -0.015208 0.787402,
        -0.105339 -0.024890 0.787402,
        -0.107894 -0.031871 0.787402,
        -0.112346 -0.038333 0.787402,
        -0.174967 0.025018 0.787402,
        -0.181076 0.030849 0.787402,
        -0.185024 0.037074 0.787402,
        -0.187489 0.044256 0.787402,
        -0.184348 0.067889 0.787402,
        -0.180017 0.073872 0.787402,
        -0.174100 0.079006 0.787402,
        -0.166351 0.083458 0.787402,
        -0.154776 0.087257 0.787402,
        -0.139543 0.088742 0.787402,
        -0.124245 0.088088 0.787402,
        -0.109295 0.084961 0.787402,
        -0.154588 0.012676 0.787402,
        -0.178202 -0.031297 0.787402,
        -0.135861 0.002737 0.787402,
        -0.161891 -0.036311 0.787402,
        -0.133941 0.001513 0.787402,
        -0.151543 -0.037290 0.787402,
        -0.141537 -0.036519 0.787402,
        -0.167735 0.044527 0.787402,
        -0.169186 0.048326 0.787402,
        -0.169791 0.053584 0.787402,
        -0.165406 0.041109 0.787402,
        -0.161180 0.037403 0.787402,
        -0.166131 0.064431 0.787402,
        -0.168140 0.061304 0.787402,
        -0.169359 0.057760 0.787402,
        -0.118109 -0.043364 0.787402,
        -0.125896 -0.047625 0.787402,
        -0.139345 -0.051375 0.787402,
        -0.153591 -0.052414 0.787402,
        -0.171325 -0.050587 0.787402,
        -0.183859 -0.047383 0.787402,
        -0.134544 -0.034628 0.787402,
        -0.129602 -0.031900 0.787402,
        -0.126732 -0.029196 0.787402,
        -0.150660 0.072744 0.787402,
        -0.157976 0.070404 0.787402,
        -0.162992 0.067448 0.787402,
        -0.124908 -0.026464 0.787402,
        -0.123322 -0.022167 0.787402,
        -0.122739 -0.016731 0.787402,
        -0.123338 -0.011841 0.787402,
        -0.124899 -0.007921 0.787402,
        -0.128270 -0.003299 0.787402,
        0.866142 0.531496 0.354331,
        0.866142 0.531496 0.433071,
        0.866142 0.295276 0.354331,
        0.866142 0.295276 0.433071,
        0.796972 -0.501429 0.055819,
        0.846723 -0.551179 0.354320,
        0.531496 -0.501429 0.055819,
        0.846457 -0.551181 0.354331,
        0.526413 -0.501374 0.055489,
        -0.516593 -0.500941 0.052889,
        0.503848 -0.499539 0.044478,
        -0.521429 -0.501211 0.054510,
        -0.846457 -0.551181 0.354331,
        -0.526424 -0.501374 0.055491,
        0.512013 -0.500569 0.050660,
        0.516599 -0.500941 0.052892,
        0.521425 -0.501211 0.054509,
        -0.492126 -0.494867 0.016449,
        0.492126 -0.494867 0.016449,
        -0.493497 -0.496584 0.026749,
        0.493503 -0.496587 0.026770,
        -0.497507 -0.498179 0.036318,
        0.497519 -0.498182 0.036337,
        -0.503833 -0.499537 0.044463,
        -0.511994 -0.500568 0.050650,
        -0.846723 -0.551179 0.354320,
        -0.796972 -0.501429 0.055819,
        -0.531496 -0.501429 0.055819,
        -0.796972 0.501429 0.055819,
        -0.846723 0.551179 0.354320,
        -0.531496 0.501429 0.055819,
        -0.846457 0.551181 0.354331,
        -0.526413 0.501374 0.055489,
        0.516593 0.500941 0.052889,
        -0.503848 0.499539 0.044478,
        0.521429 0.501211 0.054510,
        0.846457 0.551181 0.354331,
        0.526424 0.501374 0.055491,
        -0.512013 0.500569 0.050660,
        -0.516599 0.500941 0.052892,
        -0.521425 0.501211 0.054509,
        0.492126 0.494867 0.016449,
        -0.492126 0.494867 0.016449,
        0.493497 0.496584 0.026749,
        -0.493503 0.496587 0.026770,
        0.497507 0.498179 0.036318,
        -0.497519 0.498182 0.036337,
        0.503833 0.499537 0.044463,
        0.511994 0.500568 0.050650,
        0.846723 0.551179 0.354320,
        0.796972 0.501429 0.055819,
        0.531496 0.501429 0.055819,
        0.866142 -0.531496 0.433071,
        0.866142 -0.531496 0.354331,
        0.866142 -0.295276 0.433071,
        0.866142 -0.295276 0.354331,
        0.846457 -0.551181 0.433071,
        -0.846457 -0.551181 0.433071,
        -0.866142 -0.531496 0.354331,
        -0.866142 -0.531496 0.433071,
        -0.866142 -0.295276 0.354331,
        -0.866142 -0.295276 0.433071,
        0.846457 0.551181 0.433071,
        -0.846457 0.551181 0.433071,
        -0.846723 0.551179 0.433081,
        -0.790411 0.494867 0.770953,
        0.790411 0.494867 0.770953,
        0.846723 0.551179 0.433081,
        -0.866140 -0.531762 0.433081,
        -0.809828 -0.475450 0.770953,
        -0.866140 0.531762 0.433081,
        -0.809828 0.475450 0.770953,
        0.866140 0.531762 0.433081,
        0.809828 0.475450 0.770953,
        0.866140 -0.531762 0.433081,
        0.809828 -0.475450 0.770953,
        0.846723 -0.551179 0.433081,
        0.790411 -0.494867 0.770953,
        -0.790411 -0.494867 0.770953,
        -0.846723 -0.551179 0.433081,
        0.866140 -0.531762 0.354320,
        0.816390 -0.482012 0.055819,
        0.866140 0.531762 0.354320,
        0.816390 0.482012 0.055819,
        -0.866140 0.531762 0.354320,
        -0.816390 0.482012 0.055819,
        -0.866140 -0.531762 0.354320,
        -0.816390 -0.482012 0.055819,
        0.567335 -0.295276 0.039370,
        0.796972 -0.295276 0.039370,
        0.796972 -0.482012 0.039370,
        0.531496 0.482012 0.039370,
        0.796972 0.482012 0.039370,
        0.796972 0.295276 0.039370,
        0.567335 0.295276 0.039370,
        0.531496 -0.482012 0.039370,
        -0.567335 0.295276 0.039370,
        -0.796972 0.295276 0.039370,
        -0.796972 0.482012 0.039370,
        -0.531496 -0.482012 0.039370,
        -0.796972 -0.482012 0.039370,
        -0.796972 -0.295276 0.039370,
        -0.567335 -0.295276 0.039370,
        -0.531496 0.482012 0.039370,
        -0.790411 0.480020 0.786864,
        -0.661800 0.479368 0.787008,
        -0.634230 0.479368 0.787008,
        -0.610619 0.479368 0.787008,
        -0.583049 0.479368 0.787008,
        -0.559438 0.479368 0.787008,
        -0.531868 0.479368 0.787008,
        0.790411 0.480020 0.786864,
        0.790411 0.484340 0.785280,
        -0.790411 0.484340 0.785280,
        0.790411 0.488174 0.782737,
        -0.790411 0.488174 0.782737,
        0.790411 0.491313 0.779373,
        -0.790411 0.491313 0.779373,
        0.790411 0.493586 0.775372,
        -0.790411 0.493586 0.775372,
        0.794980 -0.475450 0.786861,
        0.808600 -0.475450 0.775244,
        0.808600 0.475450 0.775244,
        0.808533 -0.475450 0.775364,
        0.808533 0.475450 0.775364,
        0.806339 -0.475450 0.779283,
        0.806339 0.475450 0.779283,
        0.806265 -0.475450 0.779364,
        0.806265 0.475450 0.779364,
        0.803198 -0.475450 0.782683,
        0.803198 0.475450 0.782683,
        0.803130 -0.475450 0.782729,
        0.803130 0.475450 0.782729,
        0.799350 -0.475450 0.785255,
        0.799350 0.475450 0.785255,
        0.799298 -0.475450 0.785274,
        0.799298 0.475450 0.785274,
        0.795007 -0.475450 0.786857,
        0.795007 0.475450 0.786857,
        0.794980 0.475450 0.786861,
        0.790411 0.493572 0.775364,
        0.790411 0.491379 0.779283,
        0.793955 0.490979 0.779283,
        0.790411 0.491304 0.779364,
        0.790411 0.488237 0.782683,
        0.793256 0.487917 0.782683,
        0.792400 0.484165 0.785255,
        0.791434 0.479931 0.786857,
        0.792405 0.479592 0.786857,
        0.794552 0.477444 0.786857,
        0.794005 0.478316 0.786857,
        0.794892 0.476473 0.786857,
        0.790411 0.480020 0.786861,
        0.794695 0.494198 0.771555,
        0.794458 0.493183 0.775244,
        0.795354 0.494094 0.771648,
        0.798303 0.491838 0.775244,
        0.803959 0.488998 0.772233,
        0.802266 0.490313 0.772169,
        0.801752 0.489671 0.775244,
        0.799971 0.492094 0.772084,
        0.798698 0.492646 0.771964,
        0.805273 0.487306 0.772169,
        0.804631 0.486791 0.775244,
        0.807055 0.485010 0.772084,
        0.806798 0.483342 0.775244,
        0.807607 0.483737 0.771964,
        0.809056 0.480393 0.771648,
        0.808144 0.479498 0.775244,
        0.809158 0.479735 0.771555,
        0.790411 0.488169 0.782729,
        0.790411 0.484389 0.785255,
        0.790411 0.484338 0.785274,
        0.790411 0.480047 0.786857,
        0.795984 0.482439 0.785255,
        0.797400 0.481024 0.785255,
        0.798465 0.479329 0.785255,
        0.799126 0.477439 0.785255,
        0.794289 0.483504 0.785255,
        0.793277 0.479044 0.786857,
        0.795959 0.486971 0.782683,
        0.798383 0.485448 0.782683,
        0.800408 0.483423 0.782683,
        0.801931 0.480998 0.782683,
        0.802878 0.478296 0.782683,
        0.797322 0.489801 0.779283,
        0.800342 0.487904 0.779283,
        0.802864 0.485381 0.779283,
        0.804762 0.482361 0.779283,
        0.805940 0.478994 0.779283,
        0.790411 0.493639 0.775244,
        -0.808533 0.475450 0.775364,
        -0.806339 0.475450 0.779283,
        -0.805940 0.478994 0.779283,
        -0.806265 0.475450 0.779364,
        -0.803198 0.475450 0.782683,
        -0.802878 0.478296 0.782683,
        -0.799126 0.477439 0.785255,
        -0.794892 0.476473 0.786857,
        -0.794552 0.477444 0.786857,
        -0.792405 0.479592 0.786857,
        -0.793277 0.479044 0.786857,
        -0.791434 0.479931 0.786857,
        -0.794980 0.475450 0.786861,
        -0.809158 0.479735 0.771555,
        -0.808144 0.479498 0.775244,
        -0.809056 0.480393 0.771648,
        -0.806798 0.483342 0.775244,
        -0.807607 0.483737 0.771964,
        -0.807055 0.485010 0.772084,
        -0.804631 0.486791 0.775244,
        -0.805273 0.487306 0.772169,
        -0.803959 0.488998 0.772233,
        -0.801752 0.489671 0.775244,
        -0.802266 0.490313 0.772169,
        -0.799971 0.492094 0.772084,
        -0.798303 0.491838 0.775244,
        -0.798698 0.492646 0.771964,
        -0.795354 0.494094 0.771648,
        -0.794458 0.493183 0.775244,
        -0.794695 0.494198 0.771555,
        -0.790411 0.493639 0.775244,
        -0.790411 0.480020 0.786861,
        -0.803130 0.475450 0.782729,
        -0.799350 0.475450 0.785255,
        -0.799298 0.475450 0.785274,
        -0.795007 0.475450 0.786857,
        -0.797400 0.481024 0.785255,
        -0.795984 0.482439 0.785255,
        -0.794289 0.483504 0.785255,
        -0.792400 0.484165 0.785255,
        -0.798465 0.479329 0.785255,
        -0.794005 0.478316 0.786857,
        -0.790411 0.480047 0.786857,
        -0.790411 0.484338 0.785274,
        -0.790411 0.484389 0.785255,
        -0.790411 0.488169 0.782729,
        -0.801931 0.480998 0.782683,
        -0.800408 0.483423 0.782683,
        -0.798383 0.485448 0.782683,
        -0.795959 0.486971 0.782683,
        -0.793256 0.487917 0.782683,
        -0.804762 0.482361 0.779283,
        -0.802864 0.485381 0.779283,
        -0.800342 0.487904 0.779283,
        -0.797322 0.489801 0.779283,
        -0.793955 0.490979 0.779283,
        -0.808600 0.475450 0.775244,
        -0.790411 0.488237 0.782683,
        -0.790411 0.491304 0.779364,
        -0.790411 0.491379 0.779283,
        -0.790411 0.493572 0.775364,
        -0.808600 -0.475450 0.775244,
        -0.808533 -0.475450 0.775364,
        -0.806339 -0.475450 0.779283,
        -0.806265 -0.475450 0.779364,
        -0.803198 -0.475450 0.782683,
        -0.803130 -0.475450 0.782729,
        -0.799350 -0.475450 0.785255,
        -0.799298 -0.475450 0.785274,
        -0.795007 -0.475450 0.786857,
        -0.794980 -0.475450 0.786861,
        0.790411 -0.480020 0.786864,
        -0.531868 -0.479368 0.787008,
        -0.559438 -0.479368 0.787008,
        -0.790411 -0.480020 0.786864,
        -0.583049 -0.479368 0.787008,
        -0.610619 -0.479368 0.787008,
        -0.661800 -0.479368 0.787008,
        -0.634230 -0.479368 0.787008,
        -0.790411 -0.484340 0.785280,
        0.790411 -0.484340 0.785280,
        -0.790411 -0.488174 0.782737,
        0.790411 -0.488174 0.782737,
        -0.790411 -0.491313 0.779373,
        0.790411 -0.491313 0.779373,
        -0.790411 -0.493586 0.775372,
        0.790411 -0.493586 0.775372,
        0.805940 -0.478994 0.779283,
        0.802878 -0.478296 0.782683,
        0.799126 -0.477439 0.785255,
        0.794892 -0.476473 0.786857,
        0.794552 -0.477444 0.786857,
        0.792405 -0.479592 0.786857,
        0.793277 -0.479044 0.786857,
        0.791434 -0.479931 0.786857,
        0.809158 -0.479735 0.771555,
        0.808144 -0.479498 0.775244,
        0.809056 -0.480393 0.771648,
        0.806798 -0.483342 0.775244,
        0.807607 -0.483737 0.771964,
        0.807055 -0.485010 0.772084,
        0.804631 -0.486791 0.775244,
        0.805273 -0.487306 0.772169,
        0.803959 -0.488998 0.772233,
        0.801752 -0.489671 0.775244,
        0.802266 -0.490313 0.772169,
        0.799971 -0.492094 0.772084,
        0.798303 -0.491838 0.775244,
        0.798698 -0.492646 0.771964,
        0.795354 -0.494094 0.771648,
        0.794458 -0.493183 0.775244,
        0.794695 -0.494198 0.771555,
        0.790411 -0.493639 0.775244,
        0.790411 -0.480020 0.786861,
        0.797400 -0.481024 0.785255,
        0.795984 -0.482439 0.785255,
        0.794289 -0.483504 0.785255,
        0.792400 -0.484165 0.785255,
        0.798465 -0.479329 0.785255,
        0.794005 -0.478316 0.786857,
        0.790411 -0.480047 0.786857,
        0.790411 -0.484338 0.785274,
        0.790411 -0.484389 0.785255,
        0.790411 -0.488169 0.782729,
        0.801931 -0.480998 0.782683,
        0.800408 -0.483423 0.782683,
        0.798383 -0.485448 0.782683,
        0.795959 -0.486971 0.782683,
        0.793256 -0.487917 0.782683,
        0.804762 -0.482361 0.779283,
        0.802864 -0.485381 0.779283,
        0.800342 -0.487904 0.779283,
        0.797322 -0.489801 0.779283,
        0.793955 -0.490979 0.779283,
        0.790411 -0.488237 0.782683,
        0.790411 -0.491304 0.779364,
        0.790411 -0.491379 0.779283,
        0.790411 -0.493572 0.775364,
        0.865553 0.535863 0.433370,
        0.865424 0.536762 0.433434,
        0.864065 0.539983 0.433587,
        0.863460 0.541415 0.433655,
        0.850823 0.550593 0.433370,
        0.851722 0.550464 0.433434,
        0.854944 0.549104 0.433587,
        0.856376 0.548499 0.433655,
        0.858632 0.546760 0.433697,
        0.861720 0.543672 0.433697,
        0.860376 0.545415 0.433730,
        -0.865553 0.535863 0.433370,
        -0.865424 0.536762 0.433434,
        -0.864065 0.539983 0.433587,
        -0.863460 0.541415 0.433655,
        -0.861720 0.543672 0.433697,
        -0.851722 0.550464 0.433434,
        -0.854944 0.549104 0.433587,
        -0.856376 0.548499 0.433655,
        -0.858632 0.546760 0.433697,
        -0.860376 0.545415 0.433730,
        -0.850823 0.550593 0.433370,
        -0.790411 -0.493572 0.775364,
        -0.790411 -0.491379 0.779283,
        -0.793955 -0.490979 0.779283,
        -0.790411 -0.491304 0.779364,
        -0.790411 -0.488237 0.782683,
        -0.793256 -0.487917 0.782683,
        -0.792400 -0.484165 0.785255,
        -0.791434 -0.479931 0.786857,
        -0.792405 -0.479592 0.786857,
        -0.794552 -0.477444 0.786857,
        -0.794005 -0.478316 0.786857,
        -0.794892 -0.476473 0.786857,
        -0.790411 -0.480020 0.786861,
        -0.794695 -0.494198 0.771555,
        -0.794458 -0.493183 0.775244,
        -0.795354 -0.494094 0.771648,
        -0.798303 -0.491838 0.775244,
        -0.798698 -0.492646 0.771964,
        -0.799971 -0.492094 0.772084,
        -0.801752 -0.489671 0.775244,
        -0.802266 -0.490313 0.772169,
        -0.803959 -0.488998 0.772233,
        -0.804631 -0.486791 0.775244,
        -0.805273 -0.487306 0.772169,
        -0.807055 -0.485010 0.772084,
        -0.806798 -0.483342 0.775244,
        -0.807607 -0.483737 0.771964,
        -0.809056 -0.480393 0.771648,
        -0.808144 -0.479498 0.775244,
        -0.809158 -0.479735 0.771555,
        -0.790411 -0.488169 0.782729,
        -0.790411 -0.484389 0.785255,
        -0.790411 -0.484338 0.785274,
        -0.790411 -0.480047 0.786857,
        -0.795984 -0.482439 0.785255,
        -0.797400 -0.481024 0.785255,
        -0.798465 -0.479329 0.785255,
        -0.799126 -0.477439 0.785255,
        -0.794289 -0.483504 0.785255,
        -0.793277 -0.479044 0.786857,
        -0.795959 -0.486971 0.782683,
        -0.798383 -0.485448 0.782683,
        -0.800408 -0.483423 0.782683,
        -0.801931 -0.480998 0.782683,
        -0.802878 -0.478296 0.782683,
        -0.797322 -0.489801 0.779283,
        -0.800342 -0.487904 0.779283,
        -0.802864 -0.485381 0.779283,
        -0.804762 -0.482361 0.779283,
        -0.805940 -0.478994 0.779283,
        -0.790411 -0.493639 0.775244,
        0.851548 -0.550489 0.433422,
        0.851722 -0.550464 0.433434,
        0.865449 -0.536588 0.433422,
        0.865424 -0.536762 0.433434,
        0.863494 -0.541334 0.433651,
        0.863460 -0.541415 0.433655,
        0.860376 -0.545415 0.433730,
        0.856376 -0.548499 0.433655,
        0.856295 -0.548533 0.433651,
        0.865553 0.535863 0.354031,
        0.865424 0.536762 0.353968,
        0.864065 0.539983 0.353815,
        0.863460 0.541415 0.353747,
        0.861720 0.543672 0.353704,
        0.860376 0.545415 0.353671,
        0.858632 0.546760 0.353704,
        0.856376 0.548499 0.353747,
        0.854944 0.549104 0.353815,
        0.851722 0.550464 0.353968,
        0.850823 0.550593 0.354031,
        -0.854944 0.549104 0.353815,
        -0.851722 0.550464 0.353968,
        -0.850823 0.550593 0.354031,
        -0.865553 0.535863 0.354031,
        -0.865424 0.536762 0.353968,
        -0.864065 0.539983 0.353815,
        -0.863460 0.541415 0.353747,
        -0.861720 0.543672 0.353704,
        -0.860376 0.545415 0.353671,
        -0.858632 0.546760 0.353704,
        -0.856376 0.548499 0.353747,
        -0.850823 -0.550593 0.433370,
        -0.851722 -0.550464 0.433434,
        -0.854944 -0.549104 0.433587,
        -0.856376 -0.548499 0.433655,
        -0.858632 -0.546760 0.433697,
        -0.865553 -0.535863 0.433370,
        -0.865424 -0.536762 0.433434,
        -0.864065 -0.539983 0.433587,
        -0.863460 -0.541415 0.433655,
        -0.861720 -0.543672 0.433697,
        -0.860376 -0.545415 0.433730,
        0.851548 -0.550489 0.353980,
        0.851722 -0.550464 0.353968,
        0.856295 -0.548533 0.353750,
        0.856376 -0.548499 0.353747,
        0.860376 -0.545415 0.353671,
        0.863460 -0.541415 0.353747,
        0.863494 -0.541334 0.353750,
        0.865424 -0.536762 0.353968,
        0.865449 -0.536588 0.353980,
        0.801915 0.500656 0.055124,
        0.806533 0.498656 0.054688,
        0.815720 0.486296 0.055217,
        0.810521 0.495560 0.054539,
        0.811835 0.493867 0.054602,
        0.813617 0.491572 0.054688,
        0.814169 0.490299 0.054808,
        0.815617 0.486955 0.055124,
        0.808828 0.496874 0.054602,
        0.805259 0.499207 0.054808,
        0.801257 0.500759 0.055217,
        -0.815720 0.486296 0.055217,
        -0.815617 0.486955 0.055124,
        -0.814169 0.490299 0.054808,
        -0.813617 0.491572 0.054688,
        -0.811835 0.493867 0.054602,
        -0.810521 0.495560 0.054539,
        -0.808828 0.496874 0.054602,
        -0.806533 0.498656 0.054688,
        -0.805259 0.499207 0.054808,
        -0.801915 0.500656 0.055124,
        -0.801257 0.500759 0.055217,
        -0.865553 -0.535863 0.354031,
        -0.865424 -0.536762 0.353968,
        -0.864065 -0.539983 0.353815,
        -0.863460 -0.541415 0.353747,
        -0.861720 -0.543672 0.353704,
        -0.860376 -0.545415 0.353671,
        -0.858632 -0.546760 0.353704,
        -0.856376 -0.548499 0.353747,
        -0.854944 -0.549104 0.353815,
        -0.851722 -0.550464 0.353968,
        -0.850823 -0.550593 0.354031,
        0.801257 -0.500759 0.055217,
        0.801915 -0.500656 0.055124,
        0.805259 -0.499207 0.054808,
        0.806533 -0.498656 0.054688,
        0.808828 -0.496874 0.054602,
        0.815720 -0.486296 0.055217,
        0.815617 -0.486955 0.055124,
        0.814169 -0.490299 0.054808,
        0.813617 -0.491572 0.054688,
        0.811835 -0.493867 0.054602,
        0.810521 -0.495560 0.054539,
        0.801542 0.482012 0.039911,
        0.801542 -0.482012 0.039911,
        0.801569 -0.482012 0.039914,
        0.801569 0.482012 0.039914,
        0.805860 -0.482012 0.041498,
        0.805860 0.482012 0.041498,
        0.805911 -0.482012 0.041517,
        0.805911 0.482012 0.041517,
        0.809691 -0.482012 0.044043,
        0.809691 0.482012 0.044043,
        0.809760 -0.482012 0.044089,
        0.809760 0.482012 0.044089,
        0.812826 -0.482012 0.047407,
        0.812826 0.482012 0.047407,
        0.812901 -0.482012 0.047489,
        0.812901 0.482012 0.047489,
        0.815094 -0.482012 0.051407,
        0.815094 0.482012 0.051407,
        0.815161 -0.482012 0.051528,
        0.815161 0.482012 0.051528,
        0.801454 0.483035 0.039914,
        0.799839 0.485606 0.039914,
        0.800566 0.484878 0.039914,
        0.796972 0.490899 0.041498,
        0.796972 0.490951 0.041517,
        0.798962 0.490727 0.041517,
        0.796972 0.494731 0.044043,
        0.796972 0.494799 0.044089,
        0.799818 0.494478 0.044089,
        0.800517 0.497541 0.047489,
        0.801020 0.499745 0.051528,
        0.804865 0.498400 0.051528,
        0.811193 0.493352 0.051528,
        0.813360 0.489904 0.051528,
        0.814706 0.486059 0.051528,
        0.796972 0.500201 0.051528,
        0.796972 0.500134 0.051407,
        0.796972 0.497940 0.047489,
        0.796972 0.497866 0.047407,
        0.812502 0.485556 0.047489,
        0.803883 0.496363 0.047489,
        0.808313 0.496233 0.051528,
        0.809439 0.484857 0.044089,
        0.802521 0.493533 0.044089,
        0.806904 0.494465 0.047489,
        0.805687 0.484001 0.041517,
        0.809426 0.491943 0.047489,
        0.804945 0.492009 0.044089,
        0.800851 0.490066 0.041517,
        0.797995 0.486493 0.039914,
        0.803961 0.487585 0.041517,
        0.811324 0.488923 0.047489,
        0.808493 0.487560 0.044089,
        0.805026 0.485891 0.041517,
        0.801114 0.484006 0.039914,
        0.796972 0.486581 0.039911,
        0.796972 0.486609 0.039914,
        0.806970 0.489985 0.044089,
        0.802546 0.489001 0.041517,
        0.798967 0.486153 0.039914,
        -0.796972 0.486581 0.039911,
        -0.797995 0.486493 0.039914,
        -0.800566 0.484878 0.039914,
        -0.799839 0.485606 0.039914,
        -0.805860 0.482012 0.041498,
        -0.805911 0.482012 0.041517,
        -0.805687 0.484001 0.041517,
        -0.809691 0.482012 0.044043,
        -0.809760 0.482012 0.044089,
        -0.809439 0.484857 0.044089,
        -0.812502 0.485556 0.047489,
        -0.814706 0.486059 0.051528,
        -0.813360 0.489904 0.051528,
        -0.804865 0.498400 0.051528,
        -0.801020 0.499745 0.051528,
        -0.811193 0.493352 0.051528,
        -0.815161 0.482012 0.051528,
        -0.815094 0.482012 0.051407,
        -0.812901 0.482012 0.047489,
        -0.812826 0.482012 0.047407,
        -0.796972 0.500201 0.051528,
        -0.796972 0.500134 0.051407,
        -0.800517 0.497541 0.047489,
        -0.811324 0.488923 0.047489,
        -0.796972 0.497940 0.047489,
        -0.796972 0.497866 0.047407,
        -0.799818 0.494478 0.044089,
        -0.808493 0.487560 0.044089,
        -0.809426 0.491943 0.047489,
        -0.808313 0.496233 0.051528,
        -0.796972 0.494799 0.044089,
        -0.796972 0.494731 0.044043,
        -0.798962 0.490727 0.041517,
        -0.806904 0.494465 0.047489,
        -0.806970 0.489985 0.044089,
        -0.805026 0.485891 0.041517,
        -0.801454 0.483035 0.039914,
        -0.802546 0.489001 0.041517,
        -0.803883 0.496363 0.047489,
        -0.802521 0.493533 0.044089,
        -0.800851 0.490066 0.041517,
        -0.798967 0.486153 0.039914,
        -0.801542 0.482012 0.039911,
        -0.801569 0.482012 0.039914,
        -0.804945 0.492009 0.044089,
        -0.803961 0.487585 0.041517,
        -0.801114 0.484006 0.039914,
        -0.796972 0.490951 0.041517,
        -0.796972 0.490899 0.041498,
        -0.796972 0.486609 0.039914,
        -0.801542 -0.482012 0.039908,
        -0.815108 0.482012 0.051400,
        -0.801542 0.482012 0.039908,
        -0.815108 -0.482012 0.051400,
        -0.812835 0.482012 0.047399,
        -0.812835 -0.482012 0.047399,
        -0.809696 0.482012 0.044035,
        -0.809696 -0.482012 0.044035,
        -0.805862 0.482012 0.041492,
        -0.805862 -0.482012 0.041492,
        -0.801257 -0.500759 0.055217,
        -0.801915 -0.500656 0.055124,
        -0.805259 -0.499207 0.054808,
        -0.806533 -0.498656 0.054688,
        -0.808828 -0.496874 0.054602,
        -0.810521 -0.495560 0.054539,
        -0.811835 -0.493867 0.054602,
        -0.813617 -0.491572 0.054688,
        -0.814169 -0.490299 0.054808,
        -0.815617 -0.486955 0.055124,
        -0.815720 -0.486296 0.055217,
        0.796972 -0.486581 0.039911,
        0.797995 -0.486493 0.039914,
        0.800566 -0.484878 0.039914,
        0.799839 -0.485606 0.039914,
        0.805687 -0.484001 0.041517,
        0.809439 -0.484857 0.044089,
        0.812502 -0.485556 0.047489,
        0.814706 -0.486059 0.051528,
        0.813360 -0.489904 0.051528,
        0.808313 -0.496233 0.051528,
        0.804865 -0.498400 0.051528,
        0.801020 -0.499745 0.051528,
        0.796972 -0.500201 0.051528,
        0.796972 -0.500134 0.051407,
        0.800517 -0.497541 0.047489,
        0.811324 -0.488923 0.047489,
        0.811193 -0.493352 0.051528,
        0.796972 -0.497940 0.047489,
        0.796972 -0.497866 0.047407,
        0.799818 -0.494478 0.044089,
        0.808493 -0.487560 0.044089,
        0.809426 -0.491943 0.047489,
        0.796972 -0.494799 0.044089,
        0.796972 -0.494731 0.044043,
        0.798962 -0.490727 0.041517,
        0.806904 -0.494465 0.047489,
        0.806970 -0.489985 0.044089,
        0.805026 -0.485891 0.041517,
        0.801454 -0.483035 0.039914,
        0.802546 -0.489001 0.041517,
        0.803883 -0.496363 0.047489,
        0.802521 -0.493533 0.044089,
        0.800851 -0.490066 0.041517,
        0.798967 -0.486153 0.039914,
        0.804945 -0.492009 0.044089,
        0.803961 -0.487585 0.041517,
        0.801114 -0.484006 0.039914,
        0.796972 -0.490951 0.041517,
        0.796972 -0.490899 0.041498,
        0.796972 -0.486609 0.039914,
        0.531496 0.500148 0.051400,
        0.531496 0.497875 0.047399,
        0.531496 0.494736 0.044035,
        0.531496 0.490902 0.041492,
        0.531496 0.486581 0.039908,
        -0.531496 0.500148 0.051400,
        -0.531496 0.497875 0.047399,
        -0.531496 0.494736 0.044035,
        -0.531496 0.490902 0.041492,
        -0.531496 0.486581 0.039908,
        -0.801542 -0.482012 0.039911,
        -0.801454 -0.483035 0.039914,
        -0.799839 -0.485606 0.039914,
        -0.800566 -0.484878 0.039914,
        -0.796972 -0.490899 0.041498,
        -0.796972 -0.490951 0.041517,
        -0.798962 -0.490727 0.041517,
        -0.796972 -0.494731 0.044043,
        -0.796972 -0.494799 0.044089,
        -0.799818 -0.494478 0.044089,
        -0.800517 -0.497541 0.047489,
        -0.801020 -0.499745 0.051528,
        -0.804865 -0.498400 0.051528,
        -0.811193 -0.493352 0.051528,
        -0.813360 -0.489904 0.051528,
        -0.814706 -0.486059 0.051528,
        -0.796972 -0.500201 0.051528,
        -0.796972 -0.500134 0.051407,
        -0.796972 -0.497940 0.047489,
        -0.796972 -0.497866 0.047407,
        -0.815161 -0.482012 0.051528,
        -0.815094 -0.482012 0.051407,
        -0.812502 -0.485556 0.047489,
        -0.803883 -0.496363 0.047489,
        -0.808313 -0.496233 0.051528,
        -0.812901 -0.482012 0.047489,
        -0.812826 -0.482012 0.047407,
        -0.809439 -0.484857 0.044089,
        -0.802521 -0.493533 0.044089,
        -0.806904 -0.494465 0.047489,
        -0.809760 -0.482012 0.044089,
        -0.809691 -0.482012 0.044043,
        -0.805687 -0.484001 0.041517,
        -0.809426 -0.491943 0.047489,
        -0.804945 -0.492009 0.044089,
        -0.800851 -0.490066 0.041517,
        -0.797995 -0.486493 0.039914,
        -0.803961 -0.487585 0.041517,
        -0.811324 -0.488923 0.047489,
        -0.808493 -0.487560 0.044089,
        -0.805026 -0.485891 0.041517,
        -0.801114 -0.484006 0.039914,
        -0.796972 -0.486581 0.039911,
        -0.796972 -0.486609 0.039914,
        -0.806970 -0.489985 0.044089,
        -0.802546 -0.489001 0.041517,
        -0.798967 -0.486153 0.039914,
        -0.805911 -0.482012 0.041517,
        -0.805860 -0.482012 0.041498,
        -0.801569 -0.482012 0.039914,
        0.531496 -0.500148 0.051400,
        0.531496 -0.497875 0.047399,
        0.531496 -0.494736 0.044035,
        0.531496 -0.490902 0.041492,
        0.531496 -0.486581 0.039908,
        0.526402 0.481787 0.038696,
        0.524044 0.481524 0.037905,
        0.523569 0.486124 0.038302,
        0.521662 0.481129 0.036722,
        0.517665 0.480119 0.033692,
        0.516870 0.484809 0.033715,
        0.517589 0.480087 0.033595,
        0.514502 0.478762 0.029620,
        0.513635 0.483544 0.029330,
        0.497155 0.494215 0.016558,
        0.498287 0.495748 0.025590,
        0.497221 0.494206 0.016559,
        0.501969 0.492266 0.016882,
        0.502769 0.493713 0.024714,
        0.505939 0.489261 0.017383,
        0.506652 0.490611 0.024179,
        0.506045 0.489180 0.017397,
        0.514461 0.478729 0.029522,
        0.512496 0.477167 0.024835,
        0.511678 0.482062 0.024241,
        0.512489 0.477148 0.024779,
        0.509174 0.485159 0.018067,
        0.509687 0.486642 0.024017,
        0.511115 0.480537 0.018837,
        0.511140 0.480476 0.018848,
        0.511811 0.475450 0.019685,
        0.511781 0.488033 0.029665,
        0.509055 0.491956 0.030605,
        0.505622 0.495071 0.032093,
        0.501693 0.497189 0.034037,
        0.515314 0.489226 0.034555,
        0.513087 0.493111 0.036162,
        0.510320 0.496236 0.038444,
        0.507174 0.498421 0.041265,
        0.521745 0.481150 0.036785,
        0.521139 0.485774 0.037078,
        0.520018 0.490137 0.038318,
        0.518444 0.493994 0.040434,
        0.516507 0.497127 0.043309,
        0.514317 0.499360 0.046779,
        0.522705 0.490468 0.039689,
        0.521502 0.494315 0.041991,
        0.520026 0.497451 0.045078,
        0.518358 0.499701 0.048780,
        0.526463 0.481794 0.038716,
        0.526135 0.486377 0.039190,
        0.525549 0.490708 0.040685,
        0.524735 0.494548 0.043121,
        0.523740 0.497685 0.046361,
        0.522617 0.499948 0.050229,
        0.528960 0.481957 0.039206,
        0.528793 0.486530 0.039728,
        0.528496 0.490853 0.041289,
        0.528087 0.494689 0.043806,
        0.527586 0.497828 0.047139,
        0.527021 0.500097 0.051106,
        0.492126 0.479856 0.000500,
        -0.492126 0.479856 0.000500,
        0.492126 0.480014 0.000555,
        -0.492126 0.480014 0.000555,
        0.492126 0.484039 0.001972,
        -0.492126 0.484039 0.001972,
        0.492126 0.484321 0.002151,
        -0.492126 0.484321 0.002151,
        0.492126 0.487786 0.004344,
        -0.492126 0.487786 0.004344,
        0.492126 0.488139 0.004700,
        -0.492126 0.488139 0.004700,
        0.492126 0.490906 0.007494,
        -0.492126 0.490906 0.007494,
        0.492126 0.491259 0.008063,
        -0.492126 0.491259 0.008063,
        0.492126 0.493243 0.011264,
        -0.492126 0.493243 0.011264,
        0.492126 0.493513 0.012055,
        -0.492126 0.493513 0.012055,
        0.492126 0.494676 0.015460,
        -0.492126 0.494676 0.015460,
        -0.527011 0.500097 0.051105,
        -0.527577 0.497827 0.047138,
        -0.528490 0.490853 0.041289,
        -0.526133 0.486377 0.039189,
        -0.528954 0.481957 0.039206,
        -0.528787 0.486530 0.039727,
        -0.521149 0.485776 0.037084,
        -0.524048 0.481524 0.037907,
        -0.523572 0.486124 0.038303,
        -0.526402 0.481787 0.038696,
        -0.526461 0.481794 0.038715,
        -0.516878 0.484812 0.033723,
        -0.521663 0.481129 0.036721,
        -0.521754 0.481152 0.036791,
        -0.513640 0.483546 0.029339,
        -0.517590 0.480087 0.033594,
        -0.517672 0.480122 0.033700,
        -0.522614 0.499948 0.050228,
        -0.518364 0.499702 0.048782,
        -0.514333 0.499362 0.046788,
        -0.507188 0.498423 0.041279,
        -0.501702 0.497191 0.034053,
        -0.498292 0.495751 0.025608,
        -0.523737 0.497685 0.046361,
        -0.520030 0.497451 0.045080,
        -0.516522 0.497129 0.043317,
        -0.510331 0.496239 0.038455,
        -0.505630 0.495073 0.032107,
        -0.502772 0.493716 0.024730,
        -0.525546 0.490707 0.040685,
        -0.522709 0.490469 0.039691,
        -0.520028 0.490139 0.038324,
        -0.515322 0.489228 0.034564,
        -0.511787 0.488036 0.029676,
        -0.509690 0.486645 0.024030,
        -0.511681 0.482066 0.024252,
        -0.512491 0.477148 0.024779,
        -0.512500 0.477170 0.024845,
        -0.514462 0.478729 0.029522,
        -0.514507 0.478765 0.029629,
        -0.497155 0.494215 0.016558,
        -0.497221 0.494206 0.016559,
        -0.501969 0.492266 0.016882,
        -0.505939 0.489261 0.017383,
        -0.528080 0.494689 0.043805,
        -0.524733 0.494548 0.043120,
        -0.521506 0.494315 0.041993,
        -0.518456 0.493995 0.040441,
        -0.513097 0.493113 0.036172,
        -0.509061 0.491958 0.030617,
        -0.506655 0.490614 0.024193,
        -0.506045 0.489180 0.017397,
        -0.511811 0.475450 0.019685,
        -0.511140 0.480476 0.018848,
        -0.511115 0.480537 0.018837,
        -0.509174 0.485159 0.018067,
        -0.531496 -0.500148 0.051400,
        -0.531496 -0.497875 0.047399,
        -0.531496 -0.494736 0.044035,
        -0.531496 -0.490902 0.041492,
        -0.531496 -0.486581 0.039908,
        0.527011 -0.500097 0.051105,
        0.527577 -0.497827 0.047138,
        0.528490 -0.490853 0.041289,
        0.526133 -0.486377 0.039189,
        0.528954 -0.481957 0.039206,
        0.528787 -0.486530 0.039727,
        0.521149 -0.485776 0.037084,
        0.524048 -0.481524 0.037907,
        0.523572 -0.486124 0.038303,
        0.526402 -0.481787 0.038696,
        0.526461 -0.481794 0.038715,
        0.516878 -0.484812 0.033723,
        0.521663 -0.481129 0.036721,
        0.521754 -0.481152 0.036791,
        0.513640 -0.483546 0.029339,
        0.517590 -0.480087 0.033594,
        0.517672 -0.480122 0.033700,
        0.522614 -0.499948 0.050228,
        0.518364 -0.499702 0.048782,
        0.514333 -0.499362 0.046788,
        0.507188 -0.498423 0.041279,
        0.501702 -0.497191 0.034053,
        0.498292 -0.495751 0.025608,
        0.523737 -0.497685 0.046361,
        0.520030 -0.497451 0.045080,
        0.516522 -0.497129 0.043317,
        0.510331 -0.496239 0.038455,
        0.505630 -0.495073 0.032107,
        0.502772 -0.493716 0.024730,
        0.525546 -0.490707 0.040685,
        0.522709 -0.490469 0.039691,
        0.520028 -0.490139 0.038324,
        0.515322 -0.489228 0.034564,
        0.511787 -0.488036 0.029676,
        0.509690 -0.486645 0.024030,
        0.511681 -0.482066 0.024252,
        0.512491 -0.477148 0.024779,
        0.512500 -0.477170 0.024845,
        0.514462 -0.478729 0.029522,
        0.514507 -0.478765 0.029629,
        0.497155 -0.494215 0.016558,
        0.497221 -0.494206 0.016559,
        0.501969 -0.492266 0.016882,
        0.505939 -0.489261 0.017383,
        0.528080 -0.494689 0.043805,
        0.524733 -0.494548 0.043120,
        0.521506 -0.494315 0.041993,
        0.518456 -0.493995 0.040441,
        0.513097 -0.493113 0.036172,
        0.509061 -0.491958 0.030617,
        0.506655 -0.490614 0.024193,
        0.506045 -0.489180 0.017397,
        0.511811 -0.475450 0.019685,
        0.511140 -0.480476 0.018848,
        0.511115 -0.480537 0.018837,
        0.509174 -0.485159 0.018067,
        0.495942 0.477654 0.000500,
        0.496382 0.476591 0.000500,
        0.494329 0.479266 0.000500,
        0.495242 0.478566 0.000500,
        0.497198 0.475450 0.000734,
        0.496532 0.475450 0.000500,
        0.501910 0.475450 0.002729,
        0.500715 0.475450 0.001972,
        0.500422 0.477673 0.001972,
        0.510697 0.480426 0.015460,
        0.508776 0.485063 0.015460,
        0.505721 0.489045 0.015460,
        0.501739 0.492101 0.015460,
        0.497102 0.494021 0.015460,
        0.496731 0.492637 0.011264,
        0.511064 0.475450 0.014616,
        0.511352 0.475450 0.015460,
        0.509312 0.480056 0.011264,
        0.507535 0.484346 0.011264,
        0.504707 0.488031 0.011264,
        0.501022 0.490859 0.011264,
        0.496126 0.490380 0.007494,
        0.499854 0.488836 0.007494,
        0.503055 0.486380 0.007494,
        0.505511 0.483178 0.007494,
        0.507056 0.479451 0.007494,
        0.495319 0.487365 0.004344,
        0.509919 0.475450 0.011264,
        0.509076 0.475450 0.009904,
        0.507582 0.475450 0.007494,
        0.505957 0.475450 0.005854,
        0.498294 0.486133 0.004344,
        0.500848 0.484173 0.004344,
        0.502809 0.481618 0.004344,
        0.504041 0.478643 0.004344,
        0.504461 0.475450 0.004344,
        0.494349 0.483746 0.001972,
        0.496420 0.482888 0.001972,
        0.498199 0.481524 0.001972,
        0.499564 0.479744 0.001972,
        0.493267 0.479706 0.000500,
        -0.493267 0.479706 0.000500,
        -0.494349 0.483746 0.001972,
        -0.495319 0.487365 0.004344,
        -0.496126 0.490380 0.007494,
        -0.496731 0.492637 0.011264,
        -0.501022 0.490859 0.011264,
        -0.501739 0.492101 0.015460,
        -0.497102 0.494021 0.015460,
        -0.510697 0.480426 0.015460,
        -0.505721 0.489045 0.015460,
        -0.511352 0.475450 0.015460,
        -0.511064 0.475450 0.014616,
        -0.509312 0.480056 0.011264,
        -0.499854 0.488836 0.007494,
        -0.507056 0.479451 0.007494,
        -0.509076 0.475450 0.009904,
        -0.509919 0.475450 0.011264,
        -0.498294 0.486133 0.004344,
        -0.504041 0.478643 0.004344,
        -0.505957 0.475450 0.005854,
        -0.507582 0.475450 0.007494,
        -0.496420 0.482888 0.001972,
        -0.500422 0.477673 0.001972,
        -0.501910 0.475450 0.002729,
        -0.504461 0.475450 0.004344,
        -0.494329 0.479266 0.000500,
        -0.496532 0.475450 0.000500,
        -0.496382 0.476591 0.000500,
        -0.497198 0.475450 0.000734,
        -0.500715 0.475450 0.001972,
        -0.508776 0.485063 0.015460,
        -0.507535 0.484346 0.011264,
        -0.504707 0.488031 0.011264,
        -0.505511 0.483178 0.007494,
        -0.503055 0.486380 0.007494,
        -0.502809 0.481618 0.004344,
        -0.500848 0.484173 0.004344,
        -0.499564 0.479744 0.001972,
        -0.498199 0.481524 0.001972,
        -0.495942 0.477654 0.000500,
        -0.495242 0.478566 0.000500,
        -0.528960 -0.481957 0.039206,
        -0.511811 -0.475450 0.019685,
        -0.512489 -0.477148 0.024779,
        -0.512496 -0.477167 0.024835,
        -0.526463 -0.481794 0.038716,
        -0.526402 -0.481787 0.038696,
        -0.524044 -0.481524 0.037905,
        -0.521745 -0.481150 0.036785,
        -0.521662 -0.481129 0.036722,
        -0.517665 -0.480119 0.033692,
        -0.517589 -0.480087 0.033595,
        -0.514502 -0.478762 0.029620,
        -0.514461 -0.478729 0.029522,
        -0.523569 -0.486124 0.038302,
        -0.516870 -0.484809 0.033715,
        -0.513635 -0.483544 0.029330,
        -0.496439 -0.494307 0.016542,
        -0.498287 -0.495748 0.025590,
        -0.502769 -0.493713 0.024714,
        -0.500519 -0.492858 0.016784,
        -0.497221 -0.494206 0.016559,
        -0.506652 -0.490611 0.024179,
        -0.504197 -0.490580 0.017163,
        -0.501969 -0.492266 0.016882,
        -0.509687 -0.486642 0.024017,
        -0.507307 -0.487559 0.017667,
        -0.506045 -0.489180 0.017397,
        -0.511228 -0.479817 0.018957,
        -0.511140 -0.480476 0.018848,
        -0.511678 -0.482062 0.024241,
        -0.509694 -0.483918 0.018274,
        -0.509174 -0.485159 0.018067,
        -0.511781 -0.488033 0.029665,
        -0.509055 -0.491956 0.030605,
        -0.505622 -0.495071 0.032093,
        -0.501693 -0.497189 0.034037,
        -0.515314 -0.489226 0.034555,
        -0.513087 -0.493111 0.036162,
        -0.510320 -0.496236 0.038444,
        -0.507174 -0.498421 0.041265,
        -0.521139 -0.485774 0.037078,
        -0.520018 -0.490137 0.038318,
        -0.518444 -0.493994 0.040434,
        -0.516507 -0.497127 0.043309,
        -0.514317 -0.499360 0.046779,
        -0.522705 -0.490468 0.039689,
        -0.521502 -0.494315 0.041991,
        -0.520026 -0.497451 0.045078,
        -0.518358 -0.499701 0.048780,
        -0.526135 -0.486377 0.039190,
        -0.525549 -0.490708 0.040685,
        -0.524735 -0.494548 0.043121,
        -0.523740 -0.497685 0.046361,
        -0.522617 -0.499948 0.050229,
        -0.528793 -0.486530 0.039728,
        -0.528496 -0.490853 0.041289,
        -0.528087 -0.494689 0.043806,
        -0.527586 -0.497828 0.047139,
        -0.527021 -0.500097 0.051106,
        0.511352 -0.475450 0.015460,
        0.511064 -0.475450 0.014616,
        0.509919 -0.475450 0.011264,
        0.509076 -0.475450 0.009904,
        0.507582 -0.475450 0.007494,
        0.505957 -0.475450 0.005854,
        0.504461 -0.475450 0.004344,
        0.501910 -0.475450 0.002729,
        0.500715 -0.475450 0.001972,
        0.497198 -0.475450 0.000734,
        0.496532 -0.475450 0.000500,
        -0.496532 -0.475450 0.000500,
        -0.497198 -0.475450 0.000734,
        -0.500715 -0.475450 0.001972,
        -0.501910 -0.475450 0.002729,
        -0.504461 -0.475450 0.004344,
        -0.505957 -0.475450 0.005854,
        -0.507582 -0.475450 0.007494,
        -0.509076 -0.475450 0.009904,
        -0.509919 -0.475450 0.011264,
        -0.511064 -0.475450 0.014616,
        -0.511352 -0.475450 0.015460,
        0.493267 -0.479706 0.000500,
        0.492126 -0.479856 0.000500,
        0.492126 -0.480014 0.000555,
        0.492126 -0.484321 0.002151,
        0.492126 -0.484039 0.001972,
        0.494349 -0.483746 0.001972,
        0.492126 -0.488139 0.004700,
        0.492126 -0.487786 0.004344,
        0.495319 -0.487365 0.004344,
        0.492126 -0.491259 0.008063,
        0.492126 -0.490906 0.007494,
        0.496126 -0.490380 0.007494,
        0.492126 -0.493513 0.012055,
        0.492126 -0.493243 0.011264,
        0.496731 -0.492637 0.011264,
        0.501022 -0.490859 0.011264,
        0.501739 -0.492101 0.015460,
        0.497102 -0.494021 0.015460,
        0.510697 -0.480426 0.015460,
        0.505721 -0.489045 0.015460,
        0.492126 -0.494676 0.015460,
        0.509312 -0.480056 0.011264,
        0.499854 -0.488836 0.007494,
        0.507056 -0.479451 0.007494,
        0.498294 -0.486133 0.004344,
        0.504041 -0.478643 0.004344,
        0.496420 -0.482888 0.001972,
        0.500422 -0.477673 0.001972,
        0.494329 -0.479266 0.000500,
        0.496382 -0.476591 0.000500,
        0.508776 -0.485063 0.015460,
        0.507535 -0.484346 0.011264,
        0.504707 -0.488031 0.011264,
        0.505511 -0.483178 0.007494,
        0.503055 -0.486380 0.007494,
        0.502809 -0.481618 0.004344,
        0.500848 -0.484173 0.004344,
        0.499564 -0.479744 0.001972,
        0.498199 -0.481524 0.001972,
        0.495942 -0.477654 0.000500,
        0.495242 -0.478566 0.000500,
        -0.496096 -0.477362 0.000500,
        -0.496422 -0.476431 0.000500,
        -0.494873 -0.478895 0.000500,
        -0.495571 -0.478198 0.000500,
        -0.494038 -0.479420 0.000500,
        -0.500499 -0.477361 0.001972,
        -0.510870 -0.479728 0.015460,
        -0.509448 -0.483792 0.015460,
        -0.507157 -0.487438 0.015460,
        -0.504113 -0.490482 0.015460,
        -0.500468 -0.492772 0.015460,
        -0.496404 -0.494194 0.015460,
        -0.492126 -0.494676 0.015460,
        -0.492126 -0.491259 0.008063,
        -0.492126 -0.493243 0.011264,
        -0.496085 -0.492797 0.011264,
        -0.492126 -0.493513 0.012055,
        -0.509472 -0.479409 0.011264,
        -0.508157 -0.483170 0.011264,
        -0.506037 -0.486544 0.011264,
        -0.503220 -0.489361 0.011264,
        -0.499846 -0.491481 0.011264,
        -0.492126 -0.488139 0.004700,
        -0.492126 -0.490906 0.007494,
        -0.495565 -0.490519 0.007494,
        -0.498832 -0.489376 0.007494,
        -0.501763 -0.487535 0.007494,
        -0.504210 -0.485087 0.007494,
        -0.506052 -0.482156 0.007494,
        -0.507195 -0.478890 0.007494,
        -0.492126 -0.484321 0.002151,
        -0.492126 -0.487786 0.004344,
        -0.494871 -0.487476 0.004344,
        -0.497478 -0.486564 0.004344,
        -0.499817 -0.485094 0.004344,
        -0.501770 -0.483141 0.004344,
        -0.503240 -0.480802 0.004344,
        -0.504152 -0.478195 0.004344,
        -0.492126 -0.480014 0.000555,
        -0.492126 -0.484039 0.001972,
        -0.494037 -0.483824 0.001972,
        -0.495852 -0.483189 0.001972,
        -0.497481 -0.482165 0.001972,
        -0.498841 -0.480805 0.001972,
        -0.499864 -0.479177 0.001972,
        -0.492126 -0.479856 0.000500,
        -0.493106 -0.479746 0.000500,
      ]
    }
    coordIndex [
      0, 1, 2, -1,
      2, 1, 3, -1,
      4, 5, 6, -1,
      6, 5, 7, -1,
      8, 9, 10, -1,
      10, 9, 11, -1,
      12, 13, 14, -1,
      14, 13, 15, -1,
      16, 17, 18, -1,
      19, 20, 21, -1,
      21, 20, 22, -1,
      21, 22, 23, -1,
      24, 25, 26, -1,
      16, 18, 27, -1,
      27, 18, 28, -1,
      27, 28, 29, -1,
      29, 28, 30, -1,
      29, 30, 31, -1,
      17, 32, 18, -1,
      18, 32, 33, -1,
      18, 33, 34, -1,
      35, 36, 18, -1,
      18, 36, 37, -1,
      38, 39, 40, -1,
      40, 39, 41, -1,
      37, 42, 18, -1,
      18, 42, 41, -1,
      18, 41, 43, -1,
      43, 41, 39, -1,
      34, 44, 18, -1,
      18, 44, 45, -1,
      18, 45, 35, -1,
      23, 46, 21, -1,
      21, 46, 47, -1,
      21, 47, 48, -1,
      48, 47, 49, -1,
      48, 49, 50, -1,
      51, 52, 30, -1,
      30, 52, 53, -1,
      49, 54, 50, -1,
      50, 54, 55, -1,
      50, 55, 26, -1,
      26, 55, 56, -1,
      26, 56, 24, -1,
      53, 57, 30, -1,
      30, 57, 58, -1,
      30, 58, 31, -1,
      59, 60, 61, -1,
      61, 60, 62, -1,
      61, 62, 63, -1,
      62, 64, 63, -1,
      63, 64, 65, -1,
      63, 65, 20, -1,
      25, 51, 26, -1,
      26, 51, 30, -1,
      26, 30, 66, -1,
      66, 30, 67, -1,
      66, 67, 19, -1,
      19, 67, 68, -1,
      19, 68, 20, -1,
      20, 68, 69, -1,
      20, 69, 63, -1,
      70, 71, 72, -1,
      73, 74, 61, -1,
      61, 74, 75, -1,
      76, 77, 75, -1,
      75, 77, 30, -1,
      75, 30, 61, -1,
      61, 30, 28, -1,
      61, 28, 59, -1,
      78, 79, 80, -1,
      72, 81, 70, -1,
      70, 81, 82, -1,
      70, 82, 83, -1,
      84, 85, 86, -1,
      86, 85, 77, -1,
      86, 77, 87, -1,
      88, 89, 90, -1,
      91, 92, 90, -1,
      90, 92, 93, -1,
      90, 93, 88, -1,
      88, 93, 73, -1,
      88, 73, 94, -1,
      94, 73, 61, -1,
      94, 61, 95, -1,
      80, 89, 78, -1,
      78, 89, 88, -1,
      78, 88, 76, -1,
      76, 88, 77, -1,
      77, 88, 96, -1,
      77, 96, 97, -1,
      87, 98, 99, -1,
      100, 101, 102, -1,
      102, 101, 103, -1,
      102, 103, 61, -1,
      61, 103, 70, -1,
      61, 70, 95, -1,
      95, 70, 83, -1,
      99, 104, 87, -1,
      87, 104, 105, -1,
      87, 105, 70, -1,
      70, 105, 106, -1,
      70, 106, 71, -1,
      97, 107, 77, -1,
      77, 107, 108, -1,
      77, 108, 87, -1,
      87, 108, 109, -1,
      87, 109, 98, -1,
      84, 102, 85, -1,
      85, 102, 61, -1,
      85, 61, 110, -1,
      110, 61, 63, -1,
      111, 112, 113, -1,
      114, 115, 116, -1,
      116, 115, 117, -1,
      118, 119, 120, -1,
      120, 119, 121, -1,
      120, 121, 122, -1,
      123, 124, 125, -1,
      125, 126, 121, -1,
      121, 126, 127, -1,
      128, 129, 130, -1,
      130, 129, 131, -1,
      130, 131, 132, -1,
      133, 134, 135, -1,
      136, 137, 138, -1,
      138, 137, 133, -1,
      138, 133, 139, -1,
      139, 133, 135, -1,
      140, 141, 142, -1,
      143, 144, 113, -1,
      145, 125, 146, -1,
      146, 125, 113, -1,
      118, 116, 119, -1,
      119, 116, 117, -1,
      119, 117, 113, -1,
      113, 117, 147, -1,
      113, 147, 111, -1,
      111, 147, 122, -1,
      111, 122, 148, -1,
      148, 122, 121, -1,
      148, 121, 149, -1,
      149, 121, 127, -1,
      149, 127, 150, -1,
      150, 127, 151, -1,
      150, 151, 152, -1,
      152, 151, 153, -1,
      152, 153, 154, -1,
      154, 153, 155, -1,
      128, 130, 156, -1,
      156, 130, 157, -1,
      156, 157, 158, -1,
      158, 157, 159, -1,
      158, 159, 160, -1,
      142, 161, 140, -1,
      140, 161, 162, -1,
      140, 162, 163, -1,
      163, 162, 164, -1,
      165, 166, 144, -1,
      144, 166, 167, -1,
      144, 167, 168, -1,
      169, 170, 145, -1,
      145, 170, 171, -1,
      145, 171, 125, -1,
      125, 171, 172, -1,
      125, 172, 123, -1,
      124, 173, 125, -1,
      125, 173, 174, -1,
      125, 174, 175, -1,
      175, 176, 125, -1,
      125, 176, 177, -1,
      125, 177, 178, -1,
      178, 179, 125, -1,
      125, 179, 180, -1,
      125, 180, 126, -1,
      126, 180, 130, -1,
      126, 130, 144, -1,
      144, 130, 132, -1,
      144, 132, 165, -1,
      134, 143, 135, -1,
      135, 143, 113, -1,
      135, 113, 164, -1,
      164, 113, 112, -1,
      164, 112, 163, -1,
      169, 145, 181, -1,
      181, 145, 182, -1,
      181, 182, 183, -1,
      183, 182, 184, -1,
      183, 184, 185, -1,
      185, 184, 186, -1,
      185, 186, 187, -1,
      188, 160, 189, -1,
      189, 160, 190, -1,
      188, 191, 160, -1,
      160, 191, 192, -1,
      160, 192, 158, -1,
      193, 194, 195, -1,
      168, 196, 144, -1,
      144, 196, 197, -1,
      144, 197, 113, -1,
      113, 197, 198, -1,
      113, 198, 199, -1,
      199, 200, 113, -1,
      113, 200, 201, -1,
      113, 201, 146, -1,
      187, 202, 185, -1,
      185, 202, 203, -1,
      185, 203, 204, -1,
      160, 205, 190, -1,
      190, 205, 206, -1,
      190, 206, 195, -1,
      195, 206, 207, -1,
      195, 207, 193, -1,
      204, 208, 185, -1,
      185, 208, 209, -1,
      185, 209, 210, -1,
      211, 212, 210, -1,
      210, 212, 213, -1,
      210, 213, 185, -1,
      214, 215, 216, -1,
      216, 215, 217, -1,
      218, 219, 220, -1,
      220, 219, 221, -1,
      220, 221, 222, -1,
      223, 224, 225, -1,
      225, 224, 226, -1,
      225, 226, 227, -1,
      224, 228, 226, -1,
      226, 228, 229, -1,
      226, 229, 221, -1,
      221, 229, 230, -1,
      221, 230, 222, -1,
      231, 232, 233, -1,
      233, 232, 234, -1,
      233, 234, 235, -1,
      235, 234, 236, -1,
      235, 236, 237, -1,
      237, 236, 224, -1,
      237, 224, 238, -1,
      238, 224, 223, -1,
      239, 240, 226, -1,
      226, 240, 241, -1,
      226, 241, 227, -1,
      242, 243, 244, -1,
      244, 243, 245, -1,
      244, 245, 246, -1,
      247, 248, 249, -1,
      249, 248, 250, -1,
      249, 250, 251, -1,
      248, 252, 250, -1,
      250, 252, 253, -1,
      250, 253, 245, -1,
      245, 253, 254, -1,
      245, 254, 246, -1,
      255, 256, 257, -1,
      257, 256, 258, -1,
      257, 258, 259, -1,
      259, 258, 260, -1,
      259, 260, 261, -1,
      261, 260, 248, -1,
      261, 248, 262, -1,
      262, 248, 247, -1,
      263, 264, 250, -1,
      250, 264, 265, -1,
      250, 265, 251, -1,
      266, 267, 268, -1,
      268, 267, 269, -1,
      270, 271, 221, -1,
      221, 271, 226, -1,
      272, 273, 274, -1,
      274, 273, 275, -1,
      250, 245, 276, -1,
      276, 245, 277, -1,
      277, 278, 279, -1,
      277, 279, 276, -1,
      276, 279, 280, -1,
      276, 280, 281, -1,
      273, 282, 283, -1,
      284, 12, 285, -1,
      285, 12, 14, -1,
      285, 14, 283, -1,
      283, 14, 275, -1,
      283, 275, 273, -1,
      215, 286, 287, -1,
      288, 266, 289, -1,
      289, 266, 268, -1,
      289, 268, 287, -1,
      287, 268, 217, -1,
      287, 217, 215, -1,
      270, 290, 291, -1,
      270, 291, 271, -1,
      271, 291, 292, -1,
      271, 292, 293, -1,
      267, 294, 295, -1,
      296, 214, 297, -1,
      297, 214, 216, -1,
      297, 216, 295, -1,
      295, 216, 269, -1,
      295, 269, 267, -1,
      13, 298, 299, -1,
      300, 272, 301, -1,
      301, 272, 274, -1,
      301, 274, 299, -1,
      299, 274, 15, -1,
      299, 15, 13, -1,
      302, 303, 304, -1,
      305, 306, 307, -1,
      307, 308, 305, -1,
      305, 308, 302, -1,
      305, 302, 309, -1,
      309, 302, 304, -1,
      310, 311, 312, -1,
      313, 314, 315, -1,
      315, 316, 313, -1,
      313, 316, 310, -1,
      313, 310, 317, -1,
      317, 310, 312, -1,
      1, 0, 318, -1,
      318, 0, 319, -1,
      318, 319, 320, -1,
      6, 7, 320, -1,
      320, 7, 321, -1,
      320, 321, 318, -1,
      318, 321, 322, -1,
      10, 11, 322, -1,
      322, 11, 323, -1,
      322, 323, 318, -1,
      318, 323, 324, -1,
      125, 121, 324, -1,
      324, 121, 325, -1,
      324, 325, 318, -1,
      318, 325, 326, -1,
      318, 326, 327, -1,
      327, 326, 328, -1,
      327, 328, 329, -1,
      329, 328, 330, -1,
      329, 330, 331, -1,
      331, 330, 332, -1,
      331, 332, 333, -1,
      333, 332, 280, -1,
      333, 280, 279, -1,
      121, 119, 334, -1,
      289, 287, 335, -1,
      335, 287, 336, -1,
      335, 336, 337, -1,
      337, 336, 338, -1,
      337, 338, 339, -1,
      339, 338, 340, -1,
      339, 340, 341, -1,
      341, 340, 342, -1,
      341, 342, 343, -1,
      343, 342, 344, -1,
      343, 344, 345, -1,
      345, 344, 346, -1,
      345, 346, 347, -1,
      347, 346, 348, -1,
      347, 348, 349, -1,
      349, 348, 350, -1,
      349, 350, 351, -1,
      351, 350, 352, -1,
      351, 352, 334, -1,
      334, 352, 353, -1,
      334, 353, 121, -1,
      354, 355, 356, -1,
      357, 358, 359, -1,
      360, 361, 362, -1,
      121, 363, 364, -1,
      365, 363, 121, -1,
      362, 361, 121, -1,
      366, 121, 361, -1,
      367, 368, 369, -1,
      369, 368, 370, -1,
      371, 372, 373, -1,
      373, 372, 374, -1,
      373, 374, 370, -1,
      370, 374, 375, -1,
      370, 375, 369, -1,
      371, 373, 376, -1,
      376, 373, 377, -1,
      376, 377, 378, -1,
      378, 377, 379, -1,
      378, 379, 380, -1,
      380, 379, 381, -1,
      381, 379, 382, -1,
      381, 382, 383, -1,
      383, 382, 336, -1,
      383, 336, 287, -1,
      353, 365, 121, -1,
      384, 385, 360, -1,
      360, 385, 386, -1,
      360, 386, 361, -1,
      361, 386, 387, -1,
      361, 387, 366, -1,
      388, 364, 389, -1,
      389, 364, 363, -1,
      389, 363, 390, -1,
      390, 363, 365, -1,
      390, 365, 391, -1,
      358, 384, 359, -1,
      359, 384, 360, -1,
      359, 360, 392, -1,
      392, 360, 362, -1,
      392, 362, 393, -1,
      393, 362, 121, -1,
      353, 352, 365, -1,
      365, 352, 350, -1,
      365, 350, 391, -1,
      391, 350, 348, -1,
      391, 348, 346, -1,
      394, 388, 395, -1,
      395, 388, 389, -1,
      395, 389, 396, -1,
      396, 389, 390, -1,
      396, 390, 397, -1,
      397, 390, 391, -1,
      397, 391, 398, -1,
      398, 391, 346, -1,
      356, 394, 399, -1,
      399, 394, 395, -1,
      399, 395, 400, -1,
      400, 395, 396, -1,
      400, 396, 401, -1,
      401, 396, 397, -1,
      401, 397, 402, -1,
      402, 397, 398, -1,
      402, 398, 403, -1,
      355, 357, 356, -1,
      356, 357, 359, -1,
      356, 359, 394, -1,
      394, 359, 392, -1,
      394, 392, 388, -1,
      388, 392, 393, -1,
      388, 393, 364, -1,
      364, 393, 121, -1,
      367, 280, 368, -1,
      368, 280, 404, -1,
      368, 404, 354, -1,
      346, 344, 398, -1,
      398, 344, 342, -1,
      398, 342, 403, -1,
      403, 342, 340, -1,
      403, 340, 338, -1,
      354, 356, 368, -1,
      368, 356, 399, -1,
      368, 399, 370, -1,
      370, 399, 400, -1,
      370, 400, 373, -1,
      373, 400, 401, -1,
      373, 401, 377, -1,
      377, 401, 402, -1,
      377, 402, 379, -1,
      379, 402, 403, -1,
      379, 403, 382, -1,
      382, 403, 338, -1,
      382, 338, 336, -1,
      405, 406, 407, -1,
      408, 409, 410, -1,
      411, 412, 413, -1,
      1, 414, 415, -1,
      416, 414, 1, -1,
      413, 412, 1, -1,
      417, 1, 412, -1,
      418, 419, 420, -1,
      420, 419, 421, -1,
      420, 421, 422, -1,
      422, 421, 423, -1,
      423, 421, 424, -1,
      423, 424, 425, -1,
      425, 424, 426, -1,
      426, 424, 427, -1,
      426, 427, 428, -1,
      428, 427, 429, -1,
      429, 427, 430, -1,
      429, 430, 431, -1,
      431, 430, 432, -1,
      432, 430, 433, -1,
      432, 433, 434, -1,
      434, 433, 435, -1,
      434, 435, 279, -1,
      436, 416, 1, -1,
      437, 438, 411, -1,
      411, 438, 439, -1,
      411, 439, 412, -1,
      412, 439, 440, -1,
      412, 440, 417, -1,
      441, 415, 442, -1,
      442, 415, 414, -1,
      442, 414, 443, -1,
      443, 414, 416, -1,
      443, 416, 444, -1,
      409, 437, 410, -1,
      410, 437, 411, -1,
      410, 411, 445, -1,
      445, 411, 413, -1,
      445, 413, 446, -1,
      446, 413, 1, -1,
      436, 447, 416, -1,
      416, 447, 448, -1,
      416, 448, 444, -1,
      444, 448, 449, -1,
      444, 449, 450, -1,
      451, 441, 452, -1,
      452, 441, 442, -1,
      452, 442, 453, -1,
      453, 442, 443, -1,
      453, 443, 454, -1,
      454, 443, 444, -1,
      454, 444, 455, -1,
      455, 444, 450, -1,
      407, 451, 456, -1,
      456, 451, 452, -1,
      456, 452, 457, -1,
      457, 452, 453, -1,
      457, 453, 458, -1,
      458, 453, 454, -1,
      458, 454, 459, -1,
      459, 454, 455, -1,
      459, 455, 460, -1,
      406, 408, 407, -1,
      407, 408, 410, -1,
      407, 410, 451, -1,
      451, 410, 445, -1,
      451, 445, 441, -1,
      441, 445, 446, -1,
      441, 446, 415, -1,
      415, 446, 1, -1,
      418, 285, 419, -1,
      419, 285, 461, -1,
      419, 461, 405, -1,
      450, 462, 455, -1,
      455, 462, 463, -1,
      455, 463, 460, -1,
      460, 463, 464, -1,
      460, 464, 465, -1,
      405, 407, 419, -1,
      419, 407, 456, -1,
      419, 456, 421, -1,
      421, 456, 457, -1,
      421, 457, 424, -1,
      424, 457, 458, -1,
      424, 458, 427, -1,
      427, 458, 459, -1,
      427, 459, 430, -1,
      430, 459, 460, -1,
      430, 460, 433, -1,
      433, 460, 465, -1,
      433, 465, 435, -1,
      3, 1, 417, -1,
      285, 283, 461, -1,
      461, 283, 466, -1,
      461, 466, 405, -1,
      405, 466, 467, -1,
      405, 467, 406, -1,
      406, 467, 468, -1,
      406, 468, 408, -1,
      408, 468, 469, -1,
      408, 469, 409, -1,
      409, 469, 470, -1,
      409, 470, 437, -1,
      437, 470, 471, -1,
      437, 471, 438, -1,
      438, 471, 472, -1,
      438, 472, 439, -1,
      439, 472, 473, -1,
      439, 473, 440, -1,
      440, 473, 474, -1,
      440, 474, 417, -1,
      417, 474, 475, -1,
      417, 475, 3, -1,
      119, 113, 476, -1,
      476, 113, 477, -1,
      477, 478, 479, -1,
      9, 8, 478, -1,
      478, 8, 480, -1,
      478, 480, 479, -1,
      479, 480, 481, -1,
      2, 3, 482, -1,
      482, 3, 479, -1,
      482, 479, 483, -1,
      483, 479, 481, -1,
      483, 481, 4, -1,
      4, 481, 5, -1,
      477, 479, 476, -1,
      476, 479, 484, -1,
      476, 484, 485, -1,
      485, 484, 486, -1,
      485, 486, 487, -1,
      487, 486, 488, -1,
      487, 488, 489, -1,
      489, 488, 490, -1,
      489, 490, 491, -1,
      491, 490, 292, -1,
      491, 292, 291, -1,
      337, 339, 492, -1,
      341, 343, 493, -1,
      494, 495, 496, -1,
      119, 497, 498, -1,
      499, 497, 119, -1,
      496, 495, 119, -1,
      334, 119, 495, -1,
      500, 501, 502, -1,
      502, 501, 503, -1,
      502, 503, 504, -1,
      504, 503, 505, -1,
      505, 503, 506, -1,
      505, 506, 507, -1,
      507, 506, 508, -1,
      508, 506, 509, -1,
      508, 509, 510, -1,
      510, 509, 511, -1,
      511, 509, 512, -1,
      511, 512, 513, -1,
      513, 512, 514, -1,
      514, 512, 515, -1,
      514, 515, 516, -1,
      516, 515, 517, -1,
      516, 517, 291, -1,
      518, 499, 119, -1,
      345, 347, 494, -1,
      494, 347, 349, -1,
      494, 349, 495, -1,
      495, 349, 351, -1,
      495, 351, 334, -1,
      519, 498, 520, -1,
      520, 498, 497, -1,
      520, 497, 521, -1,
      521, 497, 499, -1,
      521, 499, 522, -1,
      343, 345, 493, -1,
      493, 345, 494, -1,
      493, 494, 523, -1,
      523, 494, 496, -1,
      523, 496, 524, -1,
      524, 496, 119, -1,
      518, 525, 499, -1,
      499, 525, 526, -1,
      499, 526, 522, -1,
      522, 526, 527, -1,
      522, 527, 528, -1,
      529, 519, 530, -1,
      530, 519, 520, -1,
      530, 520, 531, -1,
      531, 520, 521, -1,
      531, 521, 532, -1,
      532, 521, 522, -1,
      532, 522, 533, -1,
      533, 522, 528, -1,
      492, 529, 534, -1,
      534, 529, 530, -1,
      534, 530, 535, -1,
      535, 530, 531, -1,
      535, 531, 536, -1,
      536, 531, 532, -1,
      536, 532, 537, -1,
      537, 532, 533, -1,
      537, 533, 538, -1,
      339, 341, 492, -1,
      492, 341, 493, -1,
      492, 493, 529, -1,
      529, 493, 523, -1,
      529, 523, 519, -1,
      519, 523, 524, -1,
      519, 524, 498, -1,
      498, 524, 119, -1,
      500, 289, 501, -1,
      501, 289, 335, -1,
      501, 335, 337, -1,
      528, 539, 533, -1,
      533, 539, 540, -1,
      533, 540, 538, -1,
      538, 540, 541, -1,
      538, 541, 542, -1,
      337, 492, 501, -1,
      501, 492, 534, -1,
      501, 534, 503, -1,
      503, 534, 535, -1,
      503, 535, 506, -1,
      506, 535, 536, -1,
      506, 536, 509, -1,
      509, 536, 537, -1,
      509, 537, 512, -1,
      512, 537, 538, -1,
      512, 538, 515, -1,
      515, 538, 542, -1,
      515, 542, 517, -1,
      543, 544, 381, -1,
      545, 546, 378, -1,
      281, 280, 547, -1,
      547, 280, 367, -1,
      547, 367, 548, -1,
      548, 367, 369, -1,
      548, 369, 549, -1,
      549, 369, 375, -1,
      549, 375, 550, -1,
      371, 551, 372, -1,
      372, 551, 550, -1,
      372, 550, 374, -1,
      374, 550, 375, -1,
      378, 546, 376, -1,
      376, 546, 552, -1,
      376, 552, 371, -1,
      371, 552, 553, -1,
      371, 553, 551, -1,
      545, 378, 544, -1,
      544, 378, 380, -1,
      544, 380, 381, -1,
      543, 381, 286, -1,
      286, 381, 383, -1,
      286, 383, 287, -1,
      284, 285, 554, -1,
      554, 285, 418, -1,
      554, 418, 555, -1,
      555, 418, 420, -1,
      555, 420, 556, -1,
      556, 420, 422, -1,
      556, 422, 557, -1,
      426, 558, 425, -1,
      425, 558, 557, -1,
      425, 557, 423, -1,
      423, 557, 422, -1,
      559, 560, 429, -1,
      429, 560, 561, -1,
      429, 561, 428, -1,
      428, 561, 562, -1,
      428, 562, 426, -1,
      426, 562, 563, -1,
      426, 563, 558, -1,
      279, 278, 434, -1,
      434, 278, 564, -1,
      434, 564, 432, -1,
      432, 564, 559, -1,
      432, 559, 431, -1,
      431, 559, 429, -1,
      565, 566, 567, -1,
      568, 569, 570, -1,
      571, 572, 573, -1,
      3, 574, 575, -1,
      576, 574, 3, -1,
      573, 572, 3, -1,
      577, 3, 572, -1,
      578, 579, 580, -1,
      580, 579, 581, -1,
      580, 581, 582, -1,
      582, 581, 583, -1,
      583, 581, 584, -1,
      583, 584, 585, -1,
      585, 584, 586, -1,
      586, 584, 587, -1,
      586, 587, 588, -1,
      588, 587, 589, -1,
      589, 587, 590, -1,
      589, 590, 591, -1,
      591, 590, 592, -1,
      592, 590, 593, -1,
      592, 593, 594, -1,
      594, 593, 466, -1,
      594, 466, 283, -1,
      475, 576, 3, -1,
      595, 596, 571, -1,
      571, 596, 597, -1,
      571, 597, 572, -1,
      572, 597, 598, -1,
      572, 598, 577, -1,
      599, 575, 600, -1,
      600, 575, 574, -1,
      600, 574, 601, -1,
      601, 574, 576, -1,
      601, 576, 602, -1,
      569, 595, 570, -1,
      570, 595, 571, -1,
      570, 571, 603, -1,
      603, 571, 573, -1,
      603, 573, 604, -1,
      604, 573, 3, -1,
      475, 474, 576, -1,
      576, 474, 473, -1,
      576, 473, 602, -1,
      602, 473, 472, -1,
      602, 472, 471, -1,
      605, 599, 606, -1,
      606, 599, 600, -1,
      606, 600, 607, -1,
      607, 600, 601, -1,
      607, 601, 608, -1,
      608, 601, 602, -1,
      608, 602, 609, -1,
      609, 602, 471, -1,
      567, 605, 610, -1,
      610, 605, 606, -1,
      610, 606, 611, -1,
      611, 606, 607, -1,
      611, 607, 612, -1,
      612, 607, 608, -1,
      612, 608, 613, -1,
      613, 608, 609, -1,
      613, 609, 614, -1,
      566, 568, 567, -1,
      567, 568, 570, -1,
      567, 570, 605, -1,
      605, 570, 603, -1,
      605, 603, 599, -1,
      599, 603, 604, -1,
      599, 604, 575, -1,
      575, 604, 3, -1,
      578, 292, 579, -1,
      579, 292, 615, -1,
      579, 615, 565, -1,
      471, 470, 609, -1,
      609, 470, 469, -1,
      609, 469, 614, -1,
      614, 469, 468, -1,
      614, 468, 467, -1,
      565, 567, 579, -1,
      579, 567, 610, -1,
      579, 610, 581, -1,
      581, 610, 611, -1,
      581, 611, 584, -1,
      584, 611, 612, -1,
      584, 612, 587, -1,
      587, 612, 613, -1,
      587, 613, 590, -1,
      590, 613, 614, -1,
      590, 614, 593, -1,
      593, 614, 467, -1,
      593, 467, 466, -1,
      616, 617, 514, -1,
      288, 289, 618, -1,
      618, 289, 500, -1,
      618, 500, 619, -1,
      619, 500, 502, -1,
      619, 502, 620, -1,
      620, 502, 504, -1,
      620, 504, 621, -1,
      504, 505, 621, -1,
      621, 505, 507, -1,
      621, 507, 622, -1,
      507, 508, 622, -1,
      622, 508, 510, -1,
      622, 510, 623, -1,
      623, 510, 511, -1,
      623, 511, 624, -1,
      624, 511, 617, -1,
      617, 511, 513, -1,
      617, 513, 514, -1,
      616, 514, 290, -1,
      290, 514, 516, -1,
      290, 516, 291, -1,
      286, 215, 214, -1,
      214, 296, 286, -1,
      286, 296, 625, -1,
      286, 625, 543, -1,
      543, 625, 626, -1,
      543, 626, 544, -1,
      544, 626, 627, -1,
      544, 627, 545, -1,
      545, 627, 546, -1,
      546, 627, 628, -1,
      546, 628, 552, -1,
      552, 628, 629, -1,
      552, 629, 553, -1,
      553, 629, 630, -1,
      553, 630, 551, -1,
      630, 631, 551, -1,
      551, 631, 632, -1,
      551, 632, 550, -1,
      550, 632, 633, -1,
      550, 633, 549, -1,
      549, 633, 634, -1,
      549, 634, 548, -1,
      548, 634, 635, -1,
      250, 276, 263, -1,
      263, 276, 281, -1,
      263, 281, 635, -1,
      635, 281, 547, -1,
      635, 547, 548, -1,
      277, 245, 278, -1,
      278, 245, 243, -1,
      278, 243, 564, -1,
      636, 559, 637, -1,
      637, 559, 564, -1,
      637, 564, 638, -1,
      638, 564, 243, -1,
      13, 12, 298, -1,
      298, 12, 284, -1,
      298, 284, 639, -1,
      639, 284, 554, -1,
      639, 554, 640, -1,
      640, 554, 555, -1,
      640, 555, 641, -1,
      641, 555, 556, -1,
      641, 556, 642, -1,
      642, 556, 557, -1,
      642, 557, 643, -1,
      643, 557, 558, -1,
      643, 558, 644, -1,
      644, 558, 563, -1,
      644, 563, 645, -1,
      645, 563, 562, -1,
      645, 562, 646, -1,
      646, 562, 561, -1,
      646, 561, 636, -1,
      636, 561, 560, -1,
      636, 560, 559, -1,
      293, 292, 647, -1,
      647, 292, 578, -1,
      647, 578, 648, -1,
      648, 578, 580, -1,
      648, 580, 649, -1,
      649, 580, 582, -1,
      649, 582, 650, -1,
      586, 651, 585, -1,
      585, 651, 650, -1,
      585, 650, 583, -1,
      583, 650, 582, -1,
      283, 282, 594, -1,
      594, 282, 652, -1,
      594, 652, 592, -1,
      592, 652, 653, -1,
      592, 653, 591, -1,
      591, 653, 654, -1,
      591, 654, 589, -1,
      589, 654, 655, -1,
      589, 655, 588, -1,
      588, 655, 656, -1,
      588, 656, 586, -1,
      586, 656, 657, -1,
      586, 657, 651, -1,
      270, 221, 290, -1,
      290, 221, 219, -1,
      290, 219, 616, -1,
      219, 658, 616, -1,
      616, 658, 659, -1,
      616, 659, 617, -1,
      617, 659, 660, -1,
      617, 660, 624, -1,
      624, 660, 623, -1,
      623, 660, 661, -1,
      623, 661, 622, -1,
      622, 661, 662, -1,
      622, 662, 621, -1,
      621, 662, 663, -1,
      621, 663, 620, -1,
      663, 664, 620, -1,
      620, 664, 665, -1,
      620, 665, 619, -1,
      619, 665, 666, -1,
      267, 266, 294, -1,
      294, 266, 288, -1,
      294, 288, 666, -1,
      666, 288, 618, -1,
      666, 618, 619, -1,
      635, 634, 667, -1,
      633, 632, 668, -1,
      296, 297, 625, -1,
      625, 297, 669, -1,
      625, 669, 626, -1,
      670, 629, 671, -1,
      671, 629, 628, -1,
      671, 628, 672, -1,
      672, 628, 627, -1,
      672, 627, 673, -1,
      673, 627, 626, -1,
      673, 626, 674, -1,
      674, 626, 669, -1,
      668, 632, 675, -1,
      675, 632, 631, -1,
      675, 631, 670, -1,
      670, 631, 630, -1,
      670, 630, 629, -1,
      633, 668, 634, -1,
      634, 668, 676, -1,
      634, 676, 667, -1,
      635, 667, 263, -1,
      263, 667, 677, -1,
      263, 677, 264, -1,
      299, 298, 678, -1,
      678, 298, 639, -1,
      678, 639, 679, -1,
      679, 639, 640, -1,
      679, 640, 680, -1,
      680, 640, 641, -1,
      680, 641, 681, -1,
      681, 641, 642, -1,
      681, 642, 682, -1,
      682, 642, 643, -1,
      682, 643, 683, -1,
      683, 643, 644, -1,
      683, 644, 684, -1,
      684, 644, 645, -1,
      684, 645, 685, -1,
      685, 645, 646, -1,
      685, 646, 686, -1,
      686, 646, 636, -1,
      686, 636, 687, -1,
      687, 636, 637, -1,
      687, 637, 688, -1,
      688, 637, 638, -1,
      688, 638, 242, -1,
      242, 638, 243, -1,
      282, 273, 272, -1,
      272, 300, 282, -1,
      282, 300, 689, -1,
      282, 689, 652, -1,
      652, 689, 690, -1,
      652, 690, 653, -1,
      653, 690, 691, -1,
      653, 691, 654, -1,
      654, 691, 655, -1,
      655, 691, 692, -1,
      655, 692, 656, -1,
      656, 692, 693, -1,
      656, 693, 657, -1,
      657, 693, 694, -1,
      657, 694, 651, -1,
      651, 694, 695, -1,
      651, 695, 650, -1,
      650, 695, 696, -1,
      650, 696, 649, -1,
      649, 696, 697, -1,
      649, 697, 648, -1,
      648, 697, 698, -1,
      648, 698, 647, -1,
      239, 226, 271, -1,
      698, 699, 647, -1,
      647, 699, 239, -1,
      647, 239, 293, -1,
      293, 239, 271, -1,
      219, 218, 658, -1,
      658, 218, 700, -1,
      658, 700, 659, -1,
      659, 700, 701, -1,
      659, 701, 660, -1,
      660, 701, 702, -1,
      660, 702, 661, -1,
      702, 703, 661, -1,
      661, 703, 704, -1,
      661, 704, 662, -1,
      295, 294, 705, -1,
      705, 294, 666, -1,
      705, 666, 706, -1,
      706, 666, 665, -1,
      706, 665, 707, -1,
      707, 665, 664, -1,
      707, 664, 708, -1,
      708, 664, 663, -1,
      708, 663, 709, -1,
      709, 663, 662, -1,
      709, 662, 710, -1,
      710, 662, 704, -1,
      307, 306, 711, -1,
      307, 711, 303, -1,
      304, 303, 712, -1,
      712, 303, 711, -1,
      712, 711, 713, -1,
      713, 711, 714, -1,
      713, 714, 715, -1,
      715, 714, 716, -1,
      715, 716, 717, -1,
      717, 716, 718, -1,
      717, 718, 719, -1,
      719, 718, 720, -1,
      719, 720, 721, -1,
      721, 720, 722, -1,
      721, 722, 723, -1,
      723, 722, 724, -1,
      723, 724, 725, -1,
      725, 724, 726, -1,
      725, 726, 727, -1,
      727, 726, 728, -1,
      727, 728, 729, -1,
      729, 728, 730, -1,
      729, 730, 295, -1,
      295, 730, 297, -1,
      711, 306, 731, -1,
      732, 733, 306, -1,
      734, 735, 736, -1,
      737, 738, 739, -1,
      740, 741, 742, -1,
      670, 671, 743, -1,
      672, 673, 744, -1,
      674, 669, 745, -1,
      745, 669, 297, -1,
      742, 676, 668, -1,
      676, 742, 667, -1,
      667, 742, 741, -1,
      667, 741, 677, -1,
      264, 677, 746, -1,
      746, 677, 741, -1,
      746, 741, 747, -1,
      747, 741, 740, -1,
      747, 740, 748, -1,
      748, 740, 749, -1,
      297, 730, 745, -1,
      745, 730, 728, -1,
      745, 728, 750, -1,
      738, 749, 739, -1,
      739, 749, 740, -1,
      739, 740, 751, -1,
      751, 740, 742, -1,
      751, 742, 752, -1,
      752, 742, 668, -1,
      752, 668, 675, -1,
      728, 726, 750, -1,
      750, 726, 724, -1,
      750, 724, 753, -1,
      735, 737, 736, -1,
      736, 737, 739, -1,
      736, 739, 754, -1,
      754, 739, 751, -1,
      754, 751, 755, -1,
      755, 751, 752, -1,
      755, 752, 743, -1,
      743, 752, 675, -1,
      743, 675, 670, -1,
      724, 722, 753, -1,
      753, 722, 720, -1,
      753, 720, 756, -1,
      743, 757, 755, -1,
      755, 757, 758, -1,
      755, 758, 754, -1,
      754, 758, 759, -1,
      754, 759, 736, -1,
      736, 759, 760, -1,
      736, 760, 734, -1,
      733, 732, 761, -1,
      673, 674, 744, -1,
      744, 674, 745, -1,
      744, 745, 762, -1,
      762, 745, 750, -1,
      762, 750, 763, -1,
      763, 750, 753, -1,
      763, 753, 764, -1,
      764, 753, 756, -1,
      764, 756, 765, -1,
      765, 756, 731, -1,
      765, 731, 306, -1,
      306, 766, 760, -1,
      760, 766, 767, -1,
      760, 767, 734, -1,
      757, 768, 758, -1,
      758, 768, 769, -1,
      758, 769, 759, -1,
      759, 769, 770, -1,
      759, 770, 760, -1,
      760, 770, 306, -1,
      768, 761, 769, -1,
      769, 761, 732, -1,
      769, 732, 770, -1,
      770, 732, 306, -1,
      720, 718, 756, -1,
      756, 718, 716, -1,
      756, 716, 731, -1,
      731, 716, 714, -1,
      731, 714, 711, -1,
      671, 672, 743, -1,
      743, 672, 744, -1,
      743, 744, 757, -1,
      757, 744, 762, -1,
      757, 762, 768, -1,
      768, 762, 763, -1,
      768, 763, 761, -1,
      761, 763, 764, -1,
      761, 764, 733, -1,
      733, 764, 765, -1,
      733, 765, 306, -1,
      771, 312, 772, -1,
      773, 774, 312, -1,
      775, 776, 777, -1,
      778, 779, 780, -1,
      781, 782, 783, -1,
      685, 686, 784, -1,
      687, 688, 785, -1,
      785, 688, 242, -1,
      786, 682, 683, -1,
      783, 680, 681, -1,
      680, 783, 679, -1,
      679, 783, 782, -1,
      679, 782, 678, -1,
      299, 678, 787, -1,
      787, 678, 782, -1,
      787, 782, 788, -1,
      788, 782, 781, -1,
      788, 781, 789, -1,
      789, 781, 790, -1,
      242, 791, 785, -1,
      785, 791, 792, -1,
      785, 792, 793, -1,
      779, 790, 780, -1,
      780, 790, 781, -1,
      780, 781, 794, -1,
      794, 781, 783, -1,
      794, 783, 786, -1,
      786, 783, 681, -1,
      786, 681, 682, -1,
      792, 795, 793, -1,
      793, 795, 796, -1,
      793, 796, 797, -1,
      776, 778, 777, -1,
      777, 778, 780, -1,
      777, 780, 798, -1,
      798, 780, 794, -1,
      798, 794, 799, -1,
      799, 794, 786, -1,
      799, 786, 800, -1,
      800, 786, 683, -1,
      800, 683, 684, -1,
      796, 801, 797, -1,
      797, 801, 802, -1,
      797, 802, 803, -1,
      800, 804, 799, -1,
      799, 804, 805, -1,
      799, 805, 798, -1,
      798, 805, 806, -1,
      798, 806, 777, -1,
      777, 806, 807, -1,
      777, 807, 775, -1,
      774, 773, 808, -1,
      686, 687, 784, -1,
      784, 687, 785, -1,
      784, 785, 809, -1,
      809, 785, 793, -1,
      809, 793, 810, -1,
      810, 793, 797, -1,
      810, 797, 811, -1,
      811, 797, 803, -1,
      811, 803, 812, -1,
      812, 803, 772, -1,
      812, 772, 312, -1,
      312, 813, 807, -1,
      807, 813, 814, -1,
      807, 814, 775, -1,
      804, 815, 805, -1,
      805, 815, 816, -1,
      805, 816, 806, -1,
      806, 816, 817, -1,
      806, 817, 807, -1,
      807, 817, 312, -1,
      815, 808, 816, -1,
      816, 808, 773, -1,
      816, 773, 817, -1,
      817, 773, 312, -1,
      802, 818, 803, -1,
      803, 818, 819, -1,
      803, 819, 772, -1,
      772, 819, 820, -1,
      772, 820, 771, -1,
      684, 685, 800, -1,
      800, 685, 784, -1,
      800, 784, 804, -1,
      804, 784, 809, -1,
      804, 809, 815, -1,
      815, 809, 810, -1,
      815, 810, 808, -1,
      808, 810, 811, -1,
      808, 811, 774, -1,
      774, 811, 812, -1,
      774, 812, 312, -1,
      315, 314, 821, -1,
      301, 299, 822, -1,
      823, 312, 311, -1,
      301, 822, 824, -1,
      824, 822, 825, -1,
      824, 825, 826, -1,
      826, 825, 827, -1,
      826, 827, 828, -1,
      828, 827, 829, -1,
      828, 829, 830, -1,
      830, 829, 823, -1,
      830, 823, 821, -1,
      821, 823, 311, -1,
      821, 311, 315, -1,
      240, 239, 831, -1,
      831, 239, 699, -1,
      831, 699, 832, -1,
      832, 699, 698, -1,
      832, 698, 833, -1,
      833, 698, 697, -1,
      833, 697, 834, -1,
      834, 697, 696, -1,
      834, 696, 835, -1,
      835, 696, 695, -1,
      835, 695, 836, -1,
      836, 695, 694, -1,
      836, 694, 837, -1,
      837, 694, 693, -1,
      837, 693, 838, -1,
      838, 693, 692, -1,
      838, 692, 839, -1,
      839, 692, 691, -1,
      839, 691, 840, -1,
      840, 691, 690, -1,
      840, 690, 841, -1,
      841, 690, 689, -1,
      841, 689, 301, -1,
      301, 689, 300, -1,
      842, 304, 843, -1,
      844, 845, 304, -1,
      715, 717, 846, -1,
      719, 721, 847, -1,
      848, 849, 850, -1,
      710, 704, 851, -1,
      703, 702, 852, -1,
      701, 700, 853, -1,
      853, 700, 218, -1,
      850, 707, 708, -1,
      707, 850, 706, -1,
      706, 850, 849, -1,
      706, 849, 705, -1,
      295, 705, 729, -1,
      729, 705, 849, -1,
      729, 849, 727, -1,
      727, 849, 848, -1,
      727, 848, 725, -1,
      725, 848, 723, -1,
      218, 854, 853, -1,
      853, 854, 855, -1,
      853, 855, 856, -1,
      721, 723, 847, -1,
      847, 723, 848, -1,
      847, 848, 857, -1,
      857, 848, 850, -1,
      857, 850, 858, -1,
      858, 850, 708, -1,
      858, 708, 709, -1,
      855, 859, 856, -1,
      856, 859, 860, -1,
      856, 860, 861, -1,
      717, 719, 846, -1,
      846, 719, 847, -1,
      846, 847, 862, -1,
      862, 847, 857, -1,
      862, 857, 863, -1,
      863, 857, 858, -1,
      863, 858, 851, -1,
      851, 858, 709, -1,
      851, 709, 710, -1,
      860, 864, 861, -1,
      861, 864, 865, -1,
      861, 865, 866, -1,
      851, 867, 863, -1,
      863, 867, 868, -1,
      863, 868, 862, -1,
      862, 868, 869, -1,
      862, 869, 846, -1,
      846, 869, 870, -1,
      846, 870, 715, -1,
      845, 844, 871, -1,
      702, 701, 852, -1,
      852, 701, 853, -1,
      852, 853, 872, -1,
      872, 853, 856, -1,
      872, 856, 873, -1,
      873, 856, 861, -1,
      873, 861, 874, -1,
      874, 861, 866, -1,
      874, 866, 875, -1,
      875, 866, 843, -1,
      875, 843, 304, -1,
      304, 712, 870, -1,
      870, 712, 713, -1,
      870, 713, 715, -1,
      867, 876, 868, -1,
      868, 876, 877, -1,
      868, 877, 869, -1,
      869, 877, 878, -1,
      869, 878, 870, -1,
      870, 878, 304, -1,
      876, 871, 877, -1,
      877, 871, 844, -1,
      877, 844, 878, -1,
      878, 844, 304, -1,
      865, 879, 866, -1,
      866, 879, 880, -1,
      866, 880, 843, -1,
      843, 880, 881, -1,
      843, 881, 842, -1,
      704, 703, 851, -1,
      851, 703, 852, -1,
      851, 852, 867, -1,
      867, 852, 872, -1,
      867, 872, 876, -1,
      876, 872, 873, -1,
      876, 873, 871, -1,
      871, 873, 874, -1,
      871, 874, 845, -1,
      845, 874, 875, -1,
      845, 875, 304, -1,
      264, 746, 265, -1,
      265, 746, 882, -1,
      746, 747, 882, -1,
      882, 747, 748, -1,
      882, 748, 883, -1,
      748, 749, 883, -1,
      883, 749, 738, -1,
      883, 738, 884, -1,
      738, 737, 884, -1,
      884, 737, 735, -1,
      884, 735, 885, -1,
      735, 734, 885, -1,
      885, 734, 767, -1,
      885, 767, 886, -1,
      767, 766, 886, -1,
      886, 766, 306, -1,
      886, 306, 305, -1,
      887, 792, 244, -1,
      244, 792, 791, -1,
      244, 791, 242, -1,
      888, 889, 802, -1,
      802, 801, 888, -1,
      888, 801, 796, -1,
      888, 796, 887, -1,
      887, 796, 795, -1,
      887, 795, 792, -1,
      771, 820, 890, -1,
      890, 820, 819, -1,
      890, 819, 889, -1,
      889, 819, 818, -1,
      889, 818, 802, -1,
      890, 891, 771, -1,
      771, 891, 317, -1,
      771, 317, 312, -1,
      892, 314, 893, -1,
      894, 895, 314, -1,
      896, 897, 898, -1,
      899, 900, 901, -1,
      902, 903, 904, -1,
      836, 837, 905, -1,
      838, 839, 906, -1,
      840, 841, 907, -1,
      907, 841, 301, -1,
      904, 833, 834, -1,
      833, 904, 832, -1,
      832, 904, 903, -1,
      832, 903, 831, -1,
      240, 831, 908, -1,
      908, 831, 903, -1,
      908, 903, 909, -1,
      909, 903, 902, -1,
      909, 902, 910, -1,
      910, 902, 911, -1,
      301, 912, 907, -1,
      907, 912, 913, -1,
      907, 913, 914, -1,
      900, 911, 901, -1,
      901, 911, 902, -1,
      901, 902, 915, -1,
      915, 902, 904, -1,
      915, 904, 916, -1,
      916, 904, 834, -1,
      916, 834, 835, -1,
      913, 917, 914, -1,
      914, 917, 918, -1,
      914, 918, 919, -1,
      897, 899, 898, -1,
      898, 899, 901, -1,
      898, 901, 920, -1,
      920, 901, 915, -1,
      920, 915, 921, -1,
      921, 915, 916, -1,
      921, 916, 905, -1,
      905, 916, 835, -1,
      905, 835, 836, -1,
      918, 922, 919, -1,
      919, 922, 923, -1,
      919, 923, 924, -1,
      905, 925, 921, -1,
      921, 925, 926, -1,
      921, 926, 920, -1,
      920, 926, 927, -1,
      920, 927, 898, -1,
      898, 927, 928, -1,
      898, 928, 896, -1,
      895, 894, 929, -1,
      839, 840, 906, -1,
      906, 840, 907, -1,
      906, 907, 930, -1,
      930, 907, 914, -1,
      930, 914, 931, -1,
      931, 914, 919, -1,
      931, 919, 932, -1,
      932, 919, 924, -1,
      932, 924, 933, -1,
      933, 924, 893, -1,
      933, 893, 314, -1,
      314, 934, 928, -1,
      928, 934, 935, -1,
      928, 935, 896, -1,
      925, 936, 926, -1,
      926, 936, 937, -1,
      926, 937, 927, -1,
      927, 937, 938, -1,
      927, 938, 928, -1,
      928, 938, 314, -1,
      936, 929, 937, -1,
      937, 929, 894, -1,
      937, 894, 938, -1,
      938, 894, 314, -1,
      923, 939, 924, -1,
      924, 939, 940, -1,
      924, 940, 893, -1,
      893, 940, 941, -1,
      893, 941, 892, -1,
      837, 838, 905, -1,
      905, 838, 906, -1,
      905, 906, 925, -1,
      925, 906, 930, -1,
      925, 930, 936, -1,
      936, 930, 931, -1,
      936, 931, 929, -1,
      929, 931, 932, -1,
      929, 932, 895, -1,
      895, 932, 933, -1,
      895, 933, 314, -1,
      942, 855, 220, -1,
      220, 855, 854, -1,
      220, 854, 218, -1,
      943, 944, 865, -1,
      865, 864, 943, -1,
      943, 864, 860, -1,
      943, 860, 942, -1,
      942, 860, 859, -1,
      942, 859, 855, -1,
      842, 881, 945, -1,
      945, 881, 880, -1,
      945, 880, 944, -1,
      944, 880, 879, -1,
      944, 879, 865, -1,
      945, 946, 842, -1,
      842, 946, 309, -1,
      842, 309, 304, -1,
      947, 948, 949, -1,
      950, 951, 952, -1,
      953, 954, 955, -1,
      255, 257, 956, -1,
      956, 257, 957, -1,
      956, 957, 958, -1,
      958, 957, 959, -1,
      959, 957, 960, -1,
      959, 960, 961, -1,
      961, 960, 962, -1,
      961, 962, 963, -1,
      964, 965, 966, -1,
      966, 965, 967, -1,
      963, 962, 968, -1,
      968, 962, 969, -1,
      968, 969, 970, -1,
      970, 969, 966, -1,
      970, 966, 971, -1,
      971, 966, 967, -1,
      971, 967, 972, -1,
      954, 964, 955, -1,
      955, 964, 966, -1,
      955, 966, 973, -1,
      973, 966, 969, -1,
      973, 969, 974, -1,
      974, 969, 962, -1,
      974, 962, 975, -1,
      975, 962, 960, -1,
      975, 960, 976, -1,
      976, 960, 957, -1,
      976, 957, 259, -1,
      259, 957, 257, -1,
      951, 953, 952, -1,
      952, 953, 955, -1,
      952, 955, 977, -1,
      977, 955, 973, -1,
      977, 973, 978, -1,
      978, 973, 974, -1,
      978, 974, 979, -1,
      979, 974, 975, -1,
      979, 975, 980, -1,
      980, 975, 976, -1,
      980, 976, 261, -1,
      261, 976, 259, -1,
      981, 950, 982, -1,
      982, 950, 952, -1,
      982, 952, 983, -1,
      983, 952, 977, -1,
      983, 977, 984, -1,
      984, 977, 978, -1,
      984, 978, 985, -1,
      985, 978, 979, -1,
      985, 979, 986, -1,
      986, 979, 980, -1,
      986, 980, 262, -1,
      262, 980, 261, -1,
      948, 981, 949, -1,
      949, 981, 982, -1,
      949, 982, 987, -1,
      987, 982, 983, -1,
      987, 983, 988, -1,
      988, 983, 984, -1,
      988, 984, 989, -1,
      989, 984, 985, -1,
      989, 985, 990, -1,
      990, 985, 986, -1,
      990, 986, 247, -1,
      247, 986, 262, -1,
      991, 947, 992, -1,
      992, 947, 949, -1,
      992, 949, 993, -1,
      993, 949, 987, -1,
      993, 987, 994, -1,
      994, 987, 988, -1,
      994, 988, 995, -1,
      995, 988, 989, -1,
      995, 989, 996, -1,
      996, 989, 990, -1,
      996, 990, 249, -1,
      249, 990, 247, -1,
      997, 991, 998, -1,
      998, 991, 992, -1,
      998, 992, 999, -1,
      999, 992, 993, -1,
      999, 993, 1000, -1,
      1000, 993, 994, -1,
      1000, 994, 1001, -1,
      1001, 994, 995, -1,
      1001, 995, 1002, -1,
      1002, 995, 996, -1,
      1002, 996, 251, -1,
      251, 996, 249, -1,
      305, 997, 886, -1,
      886, 997, 998, -1,
      886, 998, 885, -1,
      885, 998, 999, -1,
      885, 999, 884, -1,
      884, 999, 1000, -1,
      884, 1000, 883, -1,
      883, 1000, 1001, -1,
      883, 1001, 882, -1,
      882, 1001, 1002, -1,
      882, 1002, 265, -1,
      265, 1002, 251, -1,
      67, 77, 1003, -1,
      1003, 77, 1004, -1,
      1003, 1004, 1005, -1,
      1005, 1004, 1006, -1,
      1005, 1006, 1007, -1,
      1007, 1006, 1008, -1,
      1007, 1008, 1009, -1,
      1009, 1008, 1010, -1,
      1009, 1010, 1011, -1,
      1011, 1010, 1012, -1,
      1011, 1012, 1013, -1,
      1013, 1012, 1014, -1,
      1013, 1014, 1015, -1,
      1015, 1014, 1016, -1,
      1015, 1016, 1017, -1,
      1017, 1016, 1018, -1,
      1017, 1018, 1019, -1,
      1019, 1018, 1020, -1,
      1019, 1020, 1021, -1,
      1021, 1020, 1022, -1,
      1021, 1022, 1023, -1,
      1023, 1022, 1024, -1,
      1023, 1024, 255, -1,
      255, 1024, 256, -1,
      887, 244, 246, -1,
      888, 887, 1025, -1,
      889, 888, 1026, -1,
      891, 890, 1027, -1,
      1028, 1029, 1030, -1,
      1030, 1029, 317, -1,
      1030, 317, 891, -1,
      1031, 1032, 1033, -1,
      1033, 1032, 1034, -1,
      1033, 1034, 1028, -1,
      1028, 1034, 1035, -1,
      1028, 1035, 1029, -1,
      1036, 1037, 1031, -1,
      1031, 1037, 1038, -1,
      1031, 1038, 1032, -1,
      1039, 1040, 1036, -1,
      1036, 1040, 1041, -1,
      1036, 1041, 1037, -1,
      887, 246, 1025, -1,
      1025, 246, 254, -1,
      1025, 254, 1042, -1,
      1042, 254, 253, -1,
      1042, 253, 1043, -1,
      1043, 253, 252, -1,
      1043, 252, 1044, -1,
      1044, 252, 248, -1,
      1044, 248, 1045, -1,
      1045, 248, 260, -1,
      1045, 260, 1046, -1,
      1046, 260, 258, -1,
      1046, 258, 1047, -1,
      888, 1025, 1026, -1,
      1026, 1025, 1042, -1,
      1026, 1042, 1048, -1,
      1048, 1042, 1043, -1,
      1048, 1043, 1049, -1,
      1049, 1043, 1044, -1,
      1049, 1044, 1050, -1,
      1050, 1044, 1045, -1,
      1050, 1045, 1051, -1,
      1051, 1045, 1046, -1,
      1051, 1046, 1052, -1,
      1052, 1046, 1047, -1,
      1052, 1047, 1053, -1,
      891, 1027, 1030, -1,
      1030, 1027, 1054, -1,
      1030, 1054, 1028, -1,
      1028, 1054, 1055, -1,
      1028, 1055, 1033, -1,
      1033, 1055, 1056, -1,
      1033, 1056, 1031, -1,
      1031, 1056, 1057, -1,
      1031, 1057, 1036, -1,
      1036, 1057, 1058, -1,
      1036, 1058, 1039, -1,
      1039, 1058, 1059, -1,
      1039, 1059, 1060, -1,
      1061, 1062, 1060, -1,
      1060, 1062, 1063, -1,
      1060, 1063, 1039, -1,
      1039, 1063, 1064, -1,
      1039, 1064, 1040, -1,
      258, 256, 1065, -1,
      258, 1065, 1047, -1,
      1047, 1065, 1066, -1,
      1047, 1066, 1053, -1,
      1053, 1066, 1067, -1,
      1053, 1067, 1068, -1,
      889, 1026, 1069, -1,
      1069, 1026, 1048, -1,
      1069, 1048, 1070, -1,
      1070, 1048, 1049, -1,
      1070, 1049, 1071, -1,
      1071, 1049, 1050, -1,
      1071, 1050, 1072, -1,
      1072, 1050, 1051, -1,
      1072, 1051, 1073, -1,
      1073, 1051, 1052, -1,
      1073, 1052, 1074, -1,
      1074, 1052, 1053, -1,
      1074, 1053, 1075, -1,
      1075, 1053, 1068, -1,
      1075, 1068, 1076, -1,
      1076, 1059, 1075, -1,
      1075, 1059, 1058, -1,
      1075, 1058, 1074, -1,
      1074, 1058, 1057, -1,
      1074, 1057, 1073, -1,
      1073, 1057, 1056, -1,
      1073, 1056, 1072, -1,
      1072, 1056, 1055, -1,
      1072, 1055, 1071, -1,
      1071, 1055, 1054, -1,
      1071, 1054, 1070, -1,
      1070, 1054, 1027, -1,
      1070, 1027, 1069, -1,
      1069, 1027, 890, -1,
      1069, 890, 889, -1,
      1077, 1061, 1078, -1,
      1078, 1061, 1060, -1,
      1078, 1060, 1079, -1,
      1079, 1060, 1059, -1,
      1079, 1059, 1080, -1,
      1080, 1059, 1076, -1,
      240, 908, 241, -1,
      241, 908, 1081, -1,
      908, 909, 1081, -1,
      1081, 909, 910, -1,
      1081, 910, 1082, -1,
      910, 911, 1082, -1,
      1082, 911, 900, -1,
      1082, 900, 1083, -1,
      900, 899, 1083, -1,
      1083, 899, 897, -1,
      1083, 897, 1084, -1,
      897, 896, 1084, -1,
      1084, 896, 935, -1,
      1084, 935, 1085, -1,
      935, 934, 1085, -1,
      1085, 934, 314, -1,
      1085, 314, 313, -1,
      942, 220, 222, -1,
      943, 942, 1086, -1,
      944, 943, 1087, -1,
      946, 945, 1088, -1,
      1089, 1090, 1091, -1,
      1091, 1090, 309, -1,
      1091, 309, 946, -1,
      1092, 1093, 1094, -1,
      1094, 1093, 1095, -1,
      1094, 1095, 1089, -1,
      1089, 1095, 1096, -1,
      1089, 1096, 1090, -1,
      1097, 1098, 1092, -1,
      1092, 1098, 1099, -1,
      1092, 1099, 1093, -1,
      1100, 1101, 1097, -1,
      1097, 1101, 1102, -1,
      1097, 1102, 1098, -1,
      942, 222, 1086, -1,
      1086, 222, 230, -1,
      1086, 230, 1103, -1,
      1103, 230, 229, -1,
      1103, 229, 1104, -1,
      1104, 229, 228, -1,
      1104, 228, 1105, -1,
      1105, 228, 224, -1,
      1105, 224, 1106, -1,
      1106, 224, 236, -1,
      1106, 236, 1107, -1,
      1107, 236, 234, -1,
      1107, 234, 1108, -1,
      943, 1086, 1087, -1,
      1087, 1086, 1103, -1,
      1087, 1103, 1109, -1,
      1109, 1103, 1104, -1,
      1109, 1104, 1110, -1,
      1110, 1104, 1105, -1,
      1110, 1105, 1111, -1,
      1111, 1105, 1106, -1,
      1111, 1106, 1112, -1,
      1112, 1106, 1107, -1,
      1112, 1107, 1113, -1,
      1113, 1107, 1108, -1,
      1113, 1108, 1114, -1,
      946, 1088, 1091, -1,
      1091, 1088, 1115, -1,
      1091, 1115, 1089, -1,
      1089, 1115, 1116, -1,
      1089, 1116, 1094, -1,
      1094, 1116, 1117, -1,
      1094, 1117, 1092, -1,
      1092, 1117, 1118, -1,
      1092, 1118, 1097, -1,
      1097, 1118, 1119, -1,
      1097, 1119, 1100, -1,
      1100, 1119, 1120, -1,
      1100, 1120, 1121, -1,
      1122, 1123, 1121, -1,
      1121, 1123, 1124, -1,
      1121, 1124, 1100, -1,
      1100, 1124, 1125, -1,
      1100, 1125, 1101, -1,
      234, 232, 1126, -1,
      234, 1126, 1108, -1,
      1108, 1126, 1127, -1,
      1108, 1127, 1114, -1,
      1114, 1127, 1128, -1,
      1114, 1128, 1129, -1,
      944, 1087, 1130, -1,
      1130, 1087, 1109, -1,
      1130, 1109, 1131, -1,
      1131, 1109, 1110, -1,
      1131, 1110, 1132, -1,
      1132, 1110, 1111, -1,
      1132, 1111, 1133, -1,
      1133, 1111, 1112, -1,
      1133, 1112, 1134, -1,
      1134, 1112, 1113, -1,
      1134, 1113, 1135, -1,
      1135, 1113, 1114, -1,
      1135, 1114, 1136, -1,
      1136, 1114, 1129, -1,
      1136, 1129, 1137, -1,
      1137, 1120, 1136, -1,
      1136, 1120, 1119, -1,
      1136, 1119, 1135, -1,
      1135, 1119, 1118, -1,
      1135, 1118, 1134, -1,
      1134, 1118, 1117, -1,
      1134, 1117, 1133, -1,
      1133, 1117, 1116, -1,
      1133, 1116, 1132, -1,
      1132, 1116, 1115, -1,
      1132, 1115, 1131, -1,
      1131, 1115, 1088, -1,
      1131, 1088, 1130, -1,
      1130, 1088, 945, -1,
      1130, 945, 944, -1,
      1138, 1122, 1139, -1,
      1139, 1122, 1121, -1,
      1139, 1121, 1140, -1,
      1140, 1121, 1120, -1,
      1140, 1120, 1141, -1,
      1141, 1120, 1137, -1,
      997, 305, 309, -1,
      309, 1090, 997, -1,
      997, 1090, 1096, -1,
      997, 1096, 991, -1,
      991, 1096, 1095, -1,
      991, 1095, 947, -1,
      947, 1095, 1093, -1,
      947, 1093, 948, -1,
      948, 1093, 1099, -1,
      948, 1099, 981, -1,
      981, 1099, 1098, -1,
      981, 1098, 950, -1,
      950, 1098, 1102, -1,
      950, 1102, 951, -1,
      951, 1102, 1101, -1,
      951, 1101, 953, -1,
      953, 1101, 1125, -1,
      953, 1125, 954, -1,
      954, 1125, 1124, -1,
      954, 1124, 964, -1,
      964, 1124, 965, -1,
      965, 1124, 1123, -1,
      965, 1123, 967, -1,
      1123, 1122, 967, -1,
      967, 1122, 1138, -1,
      967, 1138, 972, -1,
      1142, 1143, 67, -1,
      1144, 1145, 67, -1,
      1146, 1147, 1143, -1,
      1143, 1147, 67, -1,
      1145, 1142, 67, -1,
      1148, 1149, 1150, -1,
      971, 1151, 970, -1,
      970, 1151, 1152, -1,
      970, 1152, 968, -1,
      968, 1152, 963, -1,
      963, 1152, 1153, -1,
      963, 1153, 961, -1,
      961, 1153, 1154, -1,
      961, 1154, 959, -1,
      959, 1154, 958, -1,
      958, 1154, 1155, -1,
      958, 1155, 956, -1,
      956, 1155, 1023, -1,
      956, 1023, 255, -1,
      1017, 1019, 1156, -1,
      1156, 1019, 1021, -1,
      1157, 1151, 1158, -1,
      1158, 1151, 971, -1,
      1158, 971, 972, -1,
      1157, 1159, 1151, -1,
      1151, 1159, 1160, -1,
      1151, 1160, 1152, -1,
      1152, 1160, 1161, -1,
      1152, 1161, 1153, -1,
      1153, 1161, 1162, -1,
      1153, 1162, 1154, -1,
      1154, 1162, 1156, -1,
      1154, 1156, 1155, -1,
      1155, 1156, 1021, -1,
      1155, 1021, 1023, -1,
      1013, 1015, 1163, -1,
      1163, 1015, 1017, -1,
      1017, 1156, 1163, -1,
      1163, 1156, 1162, -1,
      1163, 1162, 1164, -1,
      1164, 1162, 1161, -1,
      1164, 1161, 1165, -1,
      1165, 1161, 1160, -1,
      1165, 1160, 1166, -1,
      1166, 1160, 1159, -1,
      1166, 1159, 1167, -1,
      1009, 1011, 1168, -1,
      1168, 1011, 1013, -1,
      1157, 1169, 1159, -1,
      1159, 1169, 1170, -1,
      1159, 1170, 1167, -1,
      1167, 1170, 1171, -1,
      1167, 1171, 1172, -1,
      1013, 1163, 1168, -1,
      1168, 1163, 1164, -1,
      1168, 1164, 1173, -1,
      1173, 1164, 1165, -1,
      1173, 1165, 1174, -1,
      1174, 1165, 1166, -1,
      1174, 1166, 1175, -1,
      1175, 1166, 1167, -1,
      1175, 1167, 1176, -1,
      1176, 1167, 1172, -1,
      1176, 1172, 1177, -1,
      1005, 1007, 1178, -1,
      1178, 1007, 1009, -1,
      1009, 1168, 1178, -1,
      1178, 1168, 1173, -1,
      1178, 1173, 1179, -1,
      1179, 1173, 1174, -1,
      1179, 1174, 1180, -1,
      1180, 1174, 1175, -1,
      1180, 1175, 1181, -1,
      1181, 1175, 1176, -1,
      1181, 1176, 1150, -1,
      1150, 1176, 1177, -1,
      1150, 1177, 1148, -1,
      67, 1003, 1182, -1,
      1182, 1003, 1005, -1,
      1144, 67, 1182, -1,
      1005, 1178, 1182, -1,
      1182, 1178, 1179, -1,
      1182, 1179, 1144, -1,
      1144, 1179, 1180, -1,
      1144, 1180, 1145, -1,
      1145, 1180, 1181, -1,
      1145, 1181, 1142, -1,
      1142, 1181, 1150, -1,
      1142, 1150, 1143, -1,
      1143, 1150, 1149, -1,
      1143, 1149, 1146, -1,
      1183, 1004, 77, -1,
      1004, 1183, 1006, -1,
      1010, 1008, 1184, -1,
      1014, 1012, 1185, -1,
      1018, 1016, 1186, -1,
      1022, 1020, 1187, -1,
      1188, 1189, 1190, -1,
      1078, 1079, 1191, -1,
      1076, 1068, 1192, -1,
      1024, 1190, 256, -1,
      256, 1190, 1065, -1,
      1065, 1190, 1066, -1,
      1066, 1190, 1189, -1,
      1066, 1189, 1067, -1,
      1077, 1078, 1193, -1,
      1193, 1078, 1191, -1,
      1193, 1191, 1194, -1,
      1194, 1191, 1195, -1,
      1024, 1022, 1190, -1,
      1190, 1022, 1187, -1,
      1190, 1187, 1188, -1,
      1188, 1187, 1196, -1,
      1197, 1198, 1195, -1,
      1195, 1198, 1199, -1,
      1195, 1199, 1194, -1,
      1020, 1018, 1187, -1,
      1187, 1018, 1186, -1,
      1187, 1186, 1196, -1,
      1196, 1186, 1200, -1,
      1201, 1202, 1197, -1,
      1197, 1202, 1203, -1,
      1197, 1203, 1198, -1,
      1016, 1014, 1186, -1,
      1186, 1014, 1185, -1,
      1186, 1185, 1200, -1,
      1200, 1185, 1204, -1,
      1205, 1206, 1201, -1,
      1201, 1206, 1207, -1,
      1201, 1207, 1202, -1,
      1012, 1010, 1185, -1,
      1185, 1010, 1184, -1,
      1185, 1184, 1204, -1,
      1204, 1184, 1208, -1,
      77, 1209, 1210, -1,
      1210, 1209, 1211, -1,
      1210, 1211, 1205, -1,
      1205, 1211, 1212, -1,
      1205, 1212, 1206, -1,
      1080, 1076, 1213, -1,
      1213, 1076, 1192, -1,
      1213, 1192, 1214, -1,
      1214, 1192, 1215, -1,
      1214, 1215, 1216, -1,
      1216, 1215, 1217, -1,
      1216, 1217, 1218, -1,
      1218, 1217, 1219, -1,
      1218, 1219, 1220, -1,
      1220, 1219, 1221, -1,
      1220, 1221, 1222, -1,
      1222, 1221, 1223, -1,
      1222, 1223, 77, -1,
      1068, 1067, 1192, -1,
      1192, 1067, 1189, -1,
      1192, 1189, 1215, -1,
      1215, 1189, 1188, -1,
      1215, 1188, 1217, -1,
      1217, 1188, 1196, -1,
      1217, 1196, 1219, -1,
      1219, 1196, 1200, -1,
      1219, 1200, 1221, -1,
      1221, 1200, 1204, -1,
      1221, 1204, 1223, -1,
      1223, 1204, 1208, -1,
      1223, 1208, 77, -1,
      1079, 1080, 1191, -1,
      1191, 1080, 1213, -1,
      1191, 1213, 1195, -1,
      1195, 1213, 1214, -1,
      1195, 1214, 1197, -1,
      1197, 1214, 1216, -1,
      1197, 1216, 1201, -1,
      1201, 1216, 1218, -1,
      1201, 1218, 1205, -1,
      1205, 1218, 1220, -1,
      1205, 1220, 1210, -1,
      1210, 1220, 1222, -1,
      1210, 1222, 77, -1,
      1008, 1006, 1184, -1,
      1184, 1006, 1183, -1,
      1184, 1183, 1208, -1,
      1208, 1183, 77, -1,
      1224, 313, 317, -1,
      1225, 1226, 1077, -1,
      1077, 1226, 1061, -1,
      1061, 1226, 1062, -1,
      1062, 1226, 1227, -1,
      1062, 1227, 1063, -1,
      317, 1029, 1224, -1,
      1224, 1029, 1035, -1,
      1224, 1035, 1228, -1,
      1228, 1035, 1034, -1,
      1228, 1034, 1229, -1,
      1229, 1034, 1032, -1,
      1229, 1032, 1230, -1,
      1230, 1032, 1038, -1,
      1230, 1038, 1231, -1,
      1231, 1038, 1037, -1,
      1231, 1037, 1232, -1,
      1232, 1037, 1041, -1,
      1232, 1041, 1233, -1,
      1233, 1041, 1040, -1,
      1233, 1040, 1234, -1,
      1234, 1040, 1064, -1,
      1234, 1064, 1235, -1,
      1235, 1064, 1063, -1,
      1235, 1063, 1236, -1,
      1236, 1063, 1227, -1,
      1229, 1230, 1237, -1,
      1232, 1233, 1238, -1,
      1234, 1235, 1239, -1,
      231, 233, 1240, -1,
      1240, 233, 1241, -1,
      1242, 1243, 1241, -1,
      1241, 1243, 1244, -1,
      1241, 1244, 1240, -1,
      1245, 1246, 1242, -1,
      1242, 1246, 1247, -1,
      1242, 1247, 1243, -1,
      1248, 1249, 1245, -1,
      1245, 1249, 1250, -1,
      1245, 1250, 1246, -1,
      1251, 1252, 1253, -1,
      1253, 1252, 1254, -1,
      1253, 1254, 1248, -1,
      1248, 1254, 1255, -1,
      1248, 1255, 1249, -1,
      1225, 1251, 1226, -1,
      1226, 1251, 1253, -1,
      1226, 1253, 1227, -1,
      1227, 1253, 1236, -1,
      1235, 1236, 1239, -1,
      1239, 1236, 1253, -1,
      1239, 1253, 1256, -1,
      1256, 1253, 1248, -1,
      1256, 1248, 1257, -1,
      1257, 1248, 1245, -1,
      1257, 1245, 1258, -1,
      1258, 1245, 1242, -1,
      1258, 1242, 1259, -1,
      1259, 1242, 1241, -1,
      1259, 1241, 235, -1,
      235, 1241, 233, -1,
      1233, 1234, 1238, -1,
      1238, 1234, 1239, -1,
      1238, 1239, 1260, -1,
      1260, 1239, 1256, -1,
      1260, 1256, 1261, -1,
      1261, 1256, 1257, -1,
      1261, 1257, 1262, -1,
      1262, 1257, 1258, -1,
      1262, 1258, 1263, -1,
      1263, 1258, 1259, -1,
      1263, 1259, 237, -1,
      237, 1259, 235, -1,
      1231, 1232, 1264, -1,
      1264, 1232, 1238, -1,
      1264, 1238, 1265, -1,
      1265, 1238, 1260, -1,
      1265, 1260, 1266, -1,
      1266, 1260, 1261, -1,
      1266, 1261, 1267, -1,
      1267, 1261, 1262, -1,
      1267, 1262, 1268, -1,
      1268, 1262, 1263, -1,
      1268, 1263, 238, -1,
      238, 1263, 237, -1,
      1230, 1231, 1237, -1,
      1237, 1231, 1264, -1,
      1237, 1264, 1269, -1,
      1269, 1264, 1265, -1,
      1269, 1265, 1270, -1,
      1270, 1265, 1266, -1,
      1270, 1266, 1271, -1,
      1271, 1266, 1267, -1,
      1271, 1267, 1272, -1,
      1272, 1267, 1268, -1,
      1272, 1268, 223, -1,
      223, 1268, 238, -1,
      1228, 1229, 1273, -1,
      1273, 1229, 1237, -1,
      1273, 1237, 1274, -1,
      1274, 1237, 1269, -1,
      1274, 1269, 1275, -1,
      1275, 1269, 1270, -1,
      1275, 1270, 1276, -1,
      1276, 1270, 1271, -1,
      1276, 1271, 1277, -1,
      1277, 1271, 1272, -1,
      1277, 1272, 225, -1,
      225, 1272, 223, -1,
      1224, 1228, 1278, -1,
      1278, 1228, 1273, -1,
      1278, 1273, 1279, -1,
      1279, 1273, 1274, -1,
      1279, 1274, 1280, -1,
      1280, 1274, 1275, -1,
      1280, 1275, 1281, -1,
      1281, 1275, 1276, -1,
      1281, 1276, 1282, -1,
      1282, 1276, 1277, -1,
      1282, 1277, 227, -1,
      227, 1277, 225, -1,
      313, 1224, 1085, -1,
      1085, 1224, 1278, -1,
      1085, 1278, 1084, -1,
      1084, 1278, 1279, -1,
      1084, 1279, 1083, -1,
      1083, 1279, 1280, -1,
      1083, 1280, 1082, -1,
      1082, 1280, 1281, -1,
      1082, 1281, 1081, -1,
      1081, 1281, 1282, -1,
      1081, 1282, 241, -1,
      241, 1282, 227, -1,
      972, 1138, 1158, -1,
      1158, 1138, 1283, -1,
      1158, 1283, 1157, -1,
      1157, 1283, 1284, -1,
      1157, 1284, 1169, -1,
      1169, 1284, 1285, -1,
      1169, 1285, 1170, -1,
      1170, 1285, 1286, -1,
      1170, 1286, 1171, -1,
      1171, 1286, 1287, -1,
      1171, 1287, 1172, -1,
      1172, 1287, 1288, -1,
      1172, 1288, 1177, -1,
      1177, 1288, 1289, -1,
      1177, 1289, 1148, -1,
      1148, 1289, 1290, -1,
      1148, 1290, 1149, -1,
      1149, 1290, 1291, -1,
      1149, 1291, 1146, -1,
      1146, 1291, 1292, -1,
      1146, 1292, 1147, -1,
      1147, 1292, 1293, -1,
      1147, 1293, 67, -1,
      67, 1293, 69, -1,
      77, 110, 1209, -1,
      1209, 110, 1294, -1,
      1209, 1294, 1211, -1,
      1211, 1294, 1295, -1,
      1211, 1295, 1212, -1,
      1212, 1295, 1296, -1,
      1212, 1296, 1206, -1,
      1206, 1296, 1297, -1,
      1206, 1297, 1207, -1,
      1207, 1297, 1298, -1,
      1207, 1298, 1202, -1,
      1202, 1298, 1299, -1,
      1202, 1299, 1203, -1,
      1203, 1299, 1300, -1,
      1203, 1300, 1198, -1,
      1198, 1300, 1301, -1,
      1198, 1301, 1199, -1,
      1199, 1301, 1302, -1,
      1199, 1302, 1194, -1,
      1194, 1302, 1303, -1,
      1194, 1303, 1193, -1,
      1193, 1303, 1304, -1,
      1193, 1304, 1077, -1,
      1077, 1304, 1225, -1,
      1305, 1306, 69, -1,
      1306, 1305, 1307, -1,
      1308, 1309, 1310, -1,
      1311, 1312, 1313, -1,
      1314, 1315, 1316, -1,
      1317, 1318, 1319, -1,
      1320, 1321, 1322, -1,
      1139, 1140, 1323, -1,
      1137, 1129, 1324, -1,
      1325, 1322, 232, -1,
      232, 1322, 1126, -1,
      1126, 1322, 1127, -1,
      1127, 1322, 1321, -1,
      1127, 1321, 1128, -1,
      1138, 1139, 1283, -1,
      1283, 1139, 1323, -1,
      1283, 1323, 1284, -1,
      1284, 1323, 1326, -1,
      1325, 1317, 1322, -1,
      1322, 1317, 1319, -1,
      1322, 1319, 1320, -1,
      1320, 1319, 1327, -1,
      1328, 1286, 1326, -1,
      1326, 1286, 1285, -1,
      1326, 1285, 1284, -1,
      1318, 1314, 1319, -1,
      1319, 1314, 1316, -1,
      1319, 1316, 1327, -1,
      1327, 1316, 1329, -1,
      1330, 1288, 1328, -1,
      1328, 1288, 1287, -1,
      1328, 1287, 1286, -1,
      1315, 1311, 1316, -1,
      1316, 1311, 1313, -1,
      1316, 1313, 1329, -1,
      1329, 1313, 1331, -1,
      1332, 1290, 1330, -1,
      1330, 1290, 1289, -1,
      1330, 1289, 1288, -1,
      1312, 1308, 1313, -1,
      1313, 1308, 1310, -1,
      1313, 1310, 1331, -1,
      1331, 1310, 1333, -1,
      69, 1293, 1334, -1,
      1334, 1293, 1292, -1,
      1334, 1292, 1332, -1,
      1332, 1292, 1291, -1,
      1332, 1291, 1290, -1,
      1141, 1137, 1335, -1,
      1335, 1137, 1324, -1,
      1335, 1324, 1336, -1,
      1336, 1324, 1337, -1,
      1336, 1337, 1338, -1,
      1338, 1337, 1339, -1,
      1338, 1339, 1340, -1,
      1340, 1339, 1341, -1,
      1340, 1341, 1342, -1,
      1342, 1341, 1343, -1,
      1342, 1343, 1344, -1,
      1344, 1343, 1345, -1,
      1344, 1345, 69, -1,
      1129, 1128, 1324, -1,
      1324, 1128, 1321, -1,
      1324, 1321, 1337, -1,
      1337, 1321, 1320, -1,
      1337, 1320, 1339, -1,
      1339, 1320, 1327, -1,
      1339, 1327, 1341, -1,
      1341, 1327, 1329, -1,
      1341, 1329, 1343, -1,
      1343, 1329, 1331, -1,
      1343, 1331, 1345, -1,
      1345, 1331, 1333, -1,
      1345, 1333, 69, -1,
      1140, 1141, 1323, -1,
      1323, 1141, 1335, -1,
      1323, 1335, 1326, -1,
      1326, 1335, 1336, -1,
      1326, 1336, 1328, -1,
      1328, 1336, 1338, -1,
      1328, 1338, 1330, -1,
      1330, 1338, 1340, -1,
      1330, 1340, 1332, -1,
      1332, 1340, 1342, -1,
      1332, 1342, 1334, -1,
      1334, 1342, 1344, -1,
      1334, 1344, 69, -1,
      1309, 1307, 1310, -1,
      1310, 1307, 1305, -1,
      1310, 1305, 1333, -1,
      1333, 1305, 69, -1,
      1346, 1347, 110, -1,
      1348, 1349, 110, -1,
      1348, 110, 1350, -1,
      1295, 1294, 1347, -1,
      1347, 1294, 110, -1,
      1349, 1346, 110, -1,
      1297, 1296, 1351, -1,
      1251, 1352, 1252, -1,
      1252, 1352, 1353, -1,
      1250, 1249, 1354, -1,
      1354, 1249, 1255, -1,
      1354, 1255, 1353, -1,
      1353, 1255, 1254, -1,
      1353, 1254, 1252, -1,
      1250, 1354, 1246, -1,
      1246, 1354, 1355, -1,
      1246, 1355, 1247, -1,
      1247, 1355, 1356, -1,
      1247, 1356, 1243, -1,
      1243, 1356, 1244, -1,
      1244, 1356, 1357, -1,
      1244, 1357, 1240, -1,
      1240, 1357, 1358, -1,
      1240, 1358, 231, -1,
      1359, 1360, 1361, -1,
      1361, 1360, 1362, -1,
      1251, 1225, 1352, -1,
      1352, 1225, 1304, -1,
      1352, 1304, 1303, -1,
      1303, 1363, 1352, -1,
      1352, 1363, 1364, -1,
      1352, 1364, 1353, -1,
      1353, 1364, 1365, -1,
      1353, 1365, 1354, -1,
      1354, 1365, 1366, -1,
      1354, 1366, 1355, -1,
      1355, 1366, 1367, -1,
      1355, 1367, 1356, -1,
      1356, 1367, 1361, -1,
      1356, 1361, 1357, -1,
      1357, 1361, 1362, -1,
      1357, 1362, 1358, -1,
      1368, 1369, 1370, -1,
      1370, 1369, 1359, -1,
      1359, 1361, 1370, -1,
      1370, 1361, 1367, -1,
      1370, 1367, 1371, -1,
      1371, 1367, 1366, -1,
      1371, 1366, 1372, -1,
      1372, 1366, 1365, -1,
      1372, 1365, 1373, -1,
      1373, 1365, 1364, -1,
      1373, 1364, 1374, -1,
      1374, 1364, 1363, -1,
      1374, 1363, 1375, -1,
      1376, 1377, 1378, -1,
      1378, 1377, 1368, -1,
      1303, 1302, 1363, -1,
      1363, 1302, 1301, -1,
      1363, 1301, 1375, -1,
      1375, 1301, 1300, -1,
      1375, 1300, 1299, -1,
      1368, 1370, 1378, -1,
      1378, 1370, 1371, -1,
      1378, 1371, 1379, -1,
      1379, 1371, 1372, -1,
      1379, 1372, 1380, -1,
      1380, 1372, 1373, -1,
      1380, 1373, 1381, -1,
      1381, 1373, 1374, -1,
      1381, 1374, 1382, -1,
      1382, 1374, 1375, -1,
      1382, 1375, 1383, -1,
      1383, 1375, 1299, -1,
      1383, 1299, 1298, -1,
      1384, 1385, 1386, -1,
      1386, 1385, 1376, -1,
      1376, 1378, 1386, -1,
      1386, 1378, 1379, -1,
      1386, 1379, 1387, -1,
      1387, 1379, 1380, -1,
      1387, 1380, 1388, -1,
      1388, 1380, 1381, -1,
      1388, 1381, 1389, -1,
      1389, 1381, 1382, -1,
      1389, 1382, 1390, -1,
      1390, 1382, 1383, -1,
      1390, 1383, 1351, -1,
      1351, 1383, 1298, -1,
      1351, 1298, 1297, -1,
      110, 1391, 1392, -1,
      1392, 1391, 1384, -1,
      1350, 110, 1392, -1,
      1384, 1386, 1392, -1,
      1392, 1386, 1387, -1,
      1392, 1387, 1350, -1,
      1350, 1387, 1388, -1,
      1350, 1388, 1348, -1,
      1348, 1388, 1389, -1,
      1348, 1389, 1349, -1,
      1349, 1389, 1390, -1,
      1349, 1390, 1346, -1,
      1346, 1390, 1351, -1,
      1346, 1351, 1347, -1,
      1347, 1351, 1296, -1,
      1347, 1296, 1295, -1,
      110, 69, 1391, -1,
      1391, 69, 1306, -1,
      1391, 1306, 1384, -1,
      1384, 1306, 1307, -1,
      1384, 1307, 1385, -1,
      1385, 1307, 1309, -1,
      1385, 1309, 1376, -1,
      1376, 1309, 1308, -1,
      1376, 1308, 1377, -1,
      1377, 1308, 1312, -1,
      1377, 1312, 1368, -1,
      1368, 1312, 1311, -1,
      1368, 1311, 1369, -1,
      1369, 1311, 1315, -1,
      1369, 1315, 1359, -1,
      1359, 1315, 1314, -1,
      1359, 1314, 1360, -1,
      1360, 1314, 1318, -1,
      1360, 1318, 1362, -1,
      1362, 1318, 1317, -1,
      1362, 1317, 1358, -1,
      1358, 1317, 1325, -1,
      1358, 1325, 231, -1,
      231, 1325, 232, -1,
    ]
  }
}

Shape {
  appearance Appearance {
    material Material {
      diffuseColor 0.8510 0.8510 0.8510
      specularColor 0.4235 0.4235 0.4235
      ambientIntensity 0.2
      transparency 0.0000
      shininess 0.5
    }
  }
  geometry IndexedFaceSet {
    ccw TRUE
    solid FALSE
    coord DEF co Coordinate {
      point [
        0.866142 0.295276 0.354331,
        0.866142 0.295276 0.433071,
        0.866142 -0.295276 0.433071,
        0.866142 -0.295276 0.354331,
        0.567335 -0.295276 0.039370,
        0.796972 -0.295276 0.039370,
        0.796972 0.295276 0.039370,
        0.567335 0.295276 0.039370,
        0.944882 -0.295276 0.039370,
        0.944882 0.295276 0.039370,
        0.567335 -0.295276 -0.039370,
        0.567335 0.295276 -0.039370,
        0.944882 0.295276 0.354331,
        0.944882 -0.295276 0.354331,
        0.944882 0.295276 0.433071,
        0.944882 -0.295276 0.433071,
        1.020939 0.295276 0.374710,
        1.023622 0.295276 0.354331,
        0.984252 0.295276 0.422522,
        0.965261 0.295276 0.430388,
        1.000559 0.295276 0.410008,
        1.013073 0.295276 0.393701,
        1.023622 -0.295276 0.354331,
        1.020939 -0.295276 0.374710,
        1.013073 -0.295276 0.393701,
        1.000559 -0.295276 0.410008,
        0.984252 -0.295276 0.422522,
        0.965261 -0.295276 0.430388,
        1.023622 0.295276 0.039370,
        1.023622 -0.295276 0.039370,
        1.020939 0.295276 0.018991,
        1.013073 0.295276 0.000000,
        1.000559 0.295276 -0.016307,
        0.984252 0.295276 -0.028821,
        0.965261 0.295276 -0.036687,
        0.944882 0.295276 -0.039370,
        0.944882 -0.295276 -0.039370,
        0.965261 -0.295276 -0.036687,
        0.984252 -0.295276 -0.028821,
        1.000559 -0.295276 -0.016307,
        1.013073 -0.295276 0.000000,
        1.020939 -0.295276 0.018991,
      ]
    }
    coordIndex [
      8, 9, 5, -1,
      5, 9, 6, -1,
      4, 7, 10, -1,
      10, 7, 11, -1,
      0, 12, 3, -1,
      3, 12, 13, -1,
      1, 14, 0, -1,
      0, 14, 12, -1,
      2, 15, 1, -1,
      1, 15, 14, -1,
      3, 13, 2, -1,
      2, 13, 15, -1,
      16, 17, 12, -1,
      18, 12, 19, -1,
      19, 12, 14, -1,
      18, 20, 12, -1,
      12, 20, 21, -1,
      12, 21, 16, -1,
      22, 17, 16, -1,
      22, 16, 23, -1,
      23, 16, 21, -1,
      23, 21, 24, -1,
      24, 21, 20, -1,
      24, 20, 25, -1,
      25, 20, 18, -1,
      25, 18, 26, -1,
      26, 18, 19, -1,
      26, 19, 27, -1,
      27, 19, 14, -1,
      27, 14, 15, -1,
      27, 15, 13, -1,
      22, 23, 13, -1,
      13, 23, 24, -1,
      24, 25, 13, -1,
      13, 25, 26, -1,
      13, 26, 27, -1,
      8, 13, 9, -1,
      9, 13, 12, -1,
      9, 12, 28, -1,
      28, 12, 17, -1,
      28, 17, 29, -1,
      29, 17, 22, -1,
      22, 13, 29, -1,
      29, 13, 8, -1,
      28, 30, 9, -1,
      9, 30, 31, -1,
      9, 31, 32, -1,
      32, 33, 9, -1,
      9, 33, 34, -1,
      9, 34, 35, -1,
      36, 35, 34, -1,
      36, 34, 37, -1,
      37, 34, 33, -1,
      37, 33, 38, -1,
      38, 33, 32, -1,
      38, 32, 39, -1,
      39, 32, 31, -1,
      39, 31, 40, -1,
      40, 31, 30, -1,
      40, 30, 41, -1,
      41, 30, 28, -1,
      41, 28, 29, -1,
      36, 37, 8, -1,
      8, 37, 38, -1,
      8, 38, 39, -1,
      39, 40, 8, -1,
      8, 40, 41, -1,
      8, 41, 29, -1,
      11, 7, 35, -1,
      35, 7, 6, -1,
      35, 6, 9, -1,
      11, 35, 10, -1,
      10, 35, 36, -1,
      4, 10, 5, -1,
      5, 10, 36, -1,
      5, 36, 8, -1,
    ]
  }
}

Shape {
  appearance Appearance {
    material Material {
      diffuseColor 0.6667 0.6667 0.6667
      specularColor 0.3333 0.3333 0.3333
      ambientIntensity 0.2
      transparency 0.0000
      shininess 0.5
    }
  }
  geometry IndexedFaceSet {
    ccw TRUE
    solid FALSE
    coord DEF co Coordinate {
      point [
        0.063789 -0.050733 0.787402,
        0.046985 -0.050733 0.787402,
        0.174198 -0.012084 0.787402,
        0.117274 -0.012084 0.787402,
        0.188141 -0.050733 0.787402,
        0.104119 -0.050733 0.787402,
        0.208306 -0.050733 0.787402,
        0.154532 0.087062 0.787402,
        0.136047 0.087062 0.787402,
        -0.188276 0.051772 0.787402,
        -0.187041 0.061295 0.787402,
        -0.077367 0.087062 0.787402,
        -0.053841 0.087062 0.787402,
        -0.120240 0.013778 0.787402,
        -0.112291 0.006373 0.787402,
        -0.109295 0.064796 0.787402,
        -0.107711 -0.000517 0.787402,
        -0.105155 -0.007424 0.787402,
        -0.060661 0.054507 0.787402,
        -0.060563 0.040430 0.787402,
        -0.011830 -0.050733 0.787402,
        -0.060563 0.068577 0.787402,
        -0.061088 0.068577 0.787402,
        -0.058820 0.061106 0.787402,
        -0.056519 0.053794 0.787402,
        0.047386 0.054923 0.787402,
        0.048324 0.068577 0.787402,
        0.047878 0.068577 0.787402,
        -0.060563 -0.050733 0.787402,
        -0.077367 -0.050733 0.787402,
        -0.188276 -0.025107 0.787402,
        -0.188276 -0.045272 0.787402,
        0.083954 -0.050733 0.787402,
        0.063789 0.087062 0.787402,
        0.041943 0.087062 0.787402,
        0.000248 -0.006648 0.787402,
        -0.013065 -0.007016 0.787402,
        -0.003089 -0.015222 0.787402,
        -0.009691 -0.015323 0.787402,
        -0.006290 -0.023847 0.787402,
        -0.006920 -0.023847 0.787402,
        -0.140515 0.025621 0.787402,
        -0.119713 0.070205 0.787402,
        -0.153322 0.032408 0.787402,
        -0.131493 0.073021 0.787402,
        -0.141013 0.073618 0.787402,
        0.046103 0.061497 0.787402,
        0.043781 0.054582 0.787402,
        0.046985 0.041244 0.787402,
        -0.001748 -0.050733 0.787402,
        -0.104254 -0.015208 0.787402,
        -0.105339 -0.024890 0.787402,
        -0.107894 -0.031871 0.787402,
        -0.112346 -0.038333 0.787402,
        -0.174967 0.025018 0.787402,
        -0.181076 0.030849 0.787402,
        -0.185024 0.037074 0.787402,
        -0.187489 0.044256 0.787402,
        -0.184348 0.067889 0.787402,
        -0.180017 0.073872 0.787402,
        -0.174100 0.079006 0.787402,
        -0.166351 0.083458 0.787402,
        -0.154776 0.087257 0.787402,
        -0.139543 0.088742 0.787402,
        -0.124245 0.088088 0.787402,
        -0.109295 0.084961 0.787402,
        -0.154588 0.012676 0.787402,
        -0.178202 -0.031297 0.787402,
        -0.135861 0.002737 0.787402,
        -0.161891 -0.036311 0.787402,
        -0.133941 0.001513 0.787402,
        -0.151543 -0.037290 0.787402,
        -0.141537 -0.036519 0.787402,
        -0.167735 0.044527 0.787402,
        -0.169186 0.048326 0.787402,
        -0.169791 0.053584 0.787402,
        -0.165406 0.041109 0.787402,
        -0.161180 0.037403 0.787402,
        -0.166131 0.064431 0.787402,
        -0.168140 0.061304 0.787402,
        -0.169359 0.057760 0.787402,
        -0.118109 -0.043364 0.787402,
        -0.125896 -0.047625 0.787402,
        -0.139345 -0.051375 0.787402,
        -0.153591 -0.052414 0.787402,
        -0.171325 -0.050587 0.787402,
        -0.183859 -0.047383 0.787402,
        -0.134544 -0.034628 0.787402,
        -0.129602 -0.031900 0.787402,
        -0.126732 -0.029196 0.787402,
        -0.150660 0.072744 0.787402,
        -0.157976 0.070404 0.787402,
        -0.162992 0.067448 0.787402,
        -0.124908 -0.026464 0.787402,
        -0.123322 -0.022167 0.787402,
        -0.122739 -0.016731 0.787402,
        -0.123338 -0.011841 0.787402,
        -0.124899 -0.007921 0.787402,
        -0.128270 -0.003299 0.787402,
        0.154532 0.087062 0.783465,
        0.208306 -0.050733 0.783465,
        0.188141 -0.050733 0.783465,
        0.174198 -0.012084 0.783465,
        0.117274 -0.012084 0.783465,
        0.104119 -0.050733 0.783465,
        0.083954 -0.050733 0.783465,
        0.136047 0.087062 0.783465,
        0.121921 0.003040 0.783465,
        0.168002 0.003040 0.783465,
        0.142480 0.060595 0.783465,
        0.143806 0.065374 0.783465,
        0.144686 0.070257 0.783465,
        0.145132 0.070257 0.783465,
        0.146031 0.065389 0.783465,
        0.147259 0.060595 0.783465,
        0.121921 0.003040 0.787402,
        0.168002 0.003040 0.787402,
        0.142480 0.060595 0.787402,
        0.143806 0.065374 0.787402,
        0.144686 0.070257 0.787402,
        0.145132 0.070257 0.787402,
        0.146031 0.065389 0.787402,
        0.147259 0.060595 0.787402,
        0.063789 -0.050733 0.783465,
        0.046985 -0.050733 0.783465,
        0.046985 0.041244 0.783465,
        0.048324 0.068577 0.783465,
        0.047386 0.054923 0.783465,
        0.047878 0.068577 0.783465,
        0.043781 0.054582 0.783465,
        0.046103 0.061497 0.783465,
        -0.001748 -0.050733 0.783465,
        -0.011830 -0.050733 0.783465,
        -0.056519 0.053794 0.783465,
        -0.060563 0.068577 0.783465,
        -0.058820 0.061106 0.783465,
        -0.061088 0.068577 0.783465,
        -0.060563 0.040430 0.783465,
        -0.060661 0.054507 0.783465,
        -0.060563 -0.050733 0.783465,
        -0.077367 -0.050733 0.783465,
        -0.077367 0.087062 0.783465,
        -0.053841 0.087062 0.783465,
        -0.013065 -0.007016 0.783465,
        -0.006920 -0.023847 0.783465,
        -0.009691 -0.015323 0.783465,
        -0.006290 -0.023847 0.783465,
        0.000248 -0.006648 0.783465,
        -0.003089 -0.015222 0.783465,
        0.041943 0.087062 0.783465,
        0.063789 0.087062 0.783465,
        -0.188276 -0.045272 0.783465,
        -0.188276 -0.025107 0.783465,
        -0.151543 -0.037290 0.783465,
        -0.161891 -0.036311 0.783465,
        -0.178202 -0.031297 0.783465,
        -0.122739 -0.016731 0.783465,
        -0.123322 -0.022167 0.783465,
        -0.124908 -0.026464 0.783465,
        -0.126732 -0.029196 0.783465,
        -0.129602 -0.031900 0.783465,
        -0.134544 -0.034628 0.783465,
        -0.141537 -0.036519 0.783465,
        -0.154588 0.012676 0.783465,
        -0.135861 0.002737 0.783465,
        -0.133941 0.001513 0.783465,
        -0.128270 -0.003299 0.783465,
        -0.124899 -0.007921 0.783465,
        -0.123338 -0.011841 0.783465,
        -0.188276 0.051772 0.783465,
        -0.187489 0.044256 0.783465,
        -0.185024 0.037074 0.783465,
        -0.181076 0.030849 0.783465,
        -0.174967 0.025018 0.783465,
        -0.139543 0.088742 0.783465,
        -0.154776 0.087257 0.783465,
        -0.166351 0.083458 0.783465,
        -0.174100 0.079006 0.783465,
        -0.180017 0.073872 0.783465,
        -0.184348 0.067889 0.783465,
        -0.187041 0.061295 0.783465,
        -0.109295 0.084961 0.783465,
        -0.124245 0.088088 0.783465,
        -0.109295 0.064796 0.783465,
        -0.141013 0.073618 0.783465,
        -0.131493 0.073021 0.783465,
        -0.119713 0.070205 0.783465,
        -0.169791 0.053584 0.783465,
        -0.169359 0.057760 0.783465,
        -0.168140 0.061304 0.783465,
        -0.166131 0.064431 0.783465,
        -0.162992 0.067448 0.783465,
        -0.157976 0.070404 0.783465,
        -0.150660 0.072744 0.783465,
        -0.140515 0.025621 0.783465,
        -0.153322 0.032408 0.783465,
        -0.161180 0.037403 0.783465,
        -0.165406 0.041109 0.783465,
        -0.167735 0.044527 0.783465,
        -0.169186 0.048326 0.783465,
        -0.104254 -0.015208 0.783465,
        -0.105155 -0.007424 0.783465,
        -0.107711 -0.000517 0.783465,
        -0.112291 0.006373 0.783465,
        -0.120240 0.013778 0.783465,
        -0.153591 -0.052414 0.783465,
        -0.139345 -0.051375 0.783465,
        -0.125896 -0.047625 0.783465,
        -0.118109 -0.043364 0.783465,
        -0.112346 -0.038333 0.783465,
        -0.107894 -0.031871 0.783465,
        -0.105339 -0.024890 0.783465,
        -0.183859 -0.047383 0.783465,
        -0.171325 -0.050587 0.783465,
      ]
    }
    coordIndex [
      99, 100, 7, -1,
      7, 100, 6, -1,
      100, 101, 6, -1,
      6, 101, 4, -1,
      101, 102, 4, -1,
      4, 102, 2, -1,
      102, 103, 2, -1,
      2, 103, 3, -1,
      103, 104, 3, -1,
      3, 104, 5, -1,
      104, 105, 5, -1,
      5, 105, 32, -1,
      105, 106, 32, -1,
      32, 106, 8, -1,
      106, 99, 8, -1,
      8, 99, 7, -1,
      107, 103, 108, -1,
      108, 103, 102, -1,
      109, 106, 107, -1,
      107, 106, 105, -1,
      107, 105, 103, -1,
      103, 105, 104, -1,
      109, 110, 106, -1,
      106, 110, 111, -1,
      106, 111, 99, -1,
      99, 111, 112, -1,
      99, 112, 113, -1,
      113, 114, 99, -1,
      99, 114, 108, -1,
      99, 108, 100, -1,
      100, 108, 102, -1,
      100, 102, 101, -1,
      107, 108, 115, -1,
      115, 108, 116, -1,
      109, 107, 117, -1,
      117, 107, 115, -1,
      109, 117, 118, -1,
      109, 118, 110, -1,
      110, 118, 119, -1,
      110, 119, 111, -1,
      112, 111, 120, -1,
      120, 111, 119, -1,
      112, 120, 121, -1,
      112, 121, 113, -1,
      113, 121, 122, -1,
      113, 122, 114, -1,
      108, 114, 116, -1,
      116, 114, 122, -1,
      123, 124, 0, -1,
      0, 124, 1, -1,
      124, 125, 1, -1,
      1, 125, 48, -1,
      126, 26, 25, -1,
      126, 25, 127, -1,
      127, 25, 48, -1,
      127, 48, 125, -1,
      126, 128, 26, -1,
      26, 128, 27, -1,
      129, 47, 46, -1,
      129, 46, 130, -1,
      130, 46, 27, -1,
      130, 27, 128, -1,
      129, 131, 47, -1,
      47, 131, 49, -1,
      131, 132, 49, -1,
      49, 132, 20, -1,
      132, 133, 20, -1,
      20, 133, 24, -1,
      134, 21, 23, -1,
      134, 23, 135, -1,
      135, 23, 24, -1,
      135, 24, 133, -1,
      134, 136, 21, -1,
      21, 136, 22, -1,
      137, 19, 18, -1,
      137, 18, 138, -1,
      138, 18, 22, -1,
      138, 22, 136, -1,
      137, 139, 19, -1,
      19, 139, 28, -1,
      139, 140, 28, -1,
      28, 140, 29, -1,
      140, 141, 29, -1,
      29, 141, 11, -1,
      141, 142, 11, -1,
      11, 142, 12, -1,
      142, 143, 12, -1,
      12, 143, 36, -1,
      144, 40, 38, -1,
      144, 38, 145, -1,
      145, 38, 36, -1,
      145, 36, 143, -1,
      144, 146, 40, -1,
      40, 146, 39, -1,
      147, 35, 37, -1,
      147, 37, 148, -1,
      148, 37, 39, -1,
      148, 39, 146, -1,
      147, 149, 35, -1,
      35, 149, 34, -1,
      149, 150, 34, -1,
      34, 150, 33, -1,
      150, 123, 33, -1,
      33, 123, 0, -1,
      124, 123, 125, -1,
      125, 123, 150, -1,
      125, 150, 127, -1,
      127, 150, 126, -1,
      140, 139, 141, -1,
      141, 139, 137, -1,
      137, 138, 141, -1,
      141, 138, 136, -1,
      141, 136, 142, -1,
      142, 136, 134, -1,
      144, 132, 146, -1,
      146, 132, 131, -1,
      146, 131, 148, -1,
      148, 131, 147, -1,
      126, 150, 128, -1,
      128, 150, 149, -1,
      128, 149, 130, -1,
      144, 145, 132, -1,
      132, 145, 143, -1,
      132, 143, 133, -1,
      133, 143, 142, -1,
      133, 142, 135, -1,
      135, 142, 134, -1,
      147, 131, 149, -1,
      149, 131, 129, -1,
      149, 129, 130, -1,
      151, 152, 31, -1,
      31, 152, 30, -1,
      153, 71, 69, -1,
      153, 69, 154, -1,
      154, 69, 67, -1,
      154, 67, 155, -1,
      155, 67, 30, -1,
      155, 30, 152, -1,
      156, 95, 94, -1,
      156, 94, 157, -1,
      157, 94, 93, -1,
      157, 93, 158, -1,
      158, 93, 89, -1,
      158, 89, 159, -1,
      159, 89, 88, -1,
      159, 88, 160, -1,
      160, 88, 87, -1,
      160, 87, 161, -1,
      161, 87, 72, -1,
      161, 72, 162, -1,
      162, 72, 71, -1,
      162, 71, 153, -1,
      163, 66, 68, -1,
      163, 68, 164, -1,
      164, 68, 70, -1,
      164, 70, 165, -1,
      165, 70, 98, -1,
      165, 98, 166, -1,
      166, 98, 97, -1,
      166, 97, 167, -1,
      167, 97, 96, -1,
      167, 96, 168, -1,
      168, 96, 95, -1,
      168, 95, 156, -1,
      169, 9, 57, -1,
      169, 57, 170, -1,
      170, 57, 56, -1,
      170, 56, 171, -1,
      171, 56, 55, -1,
      171, 55, 172, -1,
      172, 55, 54, -1,
      172, 54, 173, -1,
      173, 54, 66, -1,
      173, 66, 163, -1,
      174, 63, 62, -1,
      174, 62, 175, -1,
      175, 62, 61, -1,
      175, 61, 176, -1,
      176, 61, 60, -1,
      176, 60, 177, -1,
      177, 60, 59, -1,
      177, 59, 178, -1,
      178, 59, 58, -1,
      178, 58, 179, -1,
      179, 58, 10, -1,
      179, 10, 180, -1,
      180, 10, 9, -1,
      180, 9, 169, -1,
      181, 65, 64, -1,
      181, 64, 182, -1,
      182, 64, 63, -1,
      182, 63, 174, -1,
      181, 183, 65, -1,
      65, 183, 15, -1,
      184, 45, 44, -1,
      184, 44, 185, -1,
      185, 44, 42, -1,
      185, 42, 186, -1,
      186, 42, 15, -1,
      186, 15, 183, -1,
      187, 75, 80, -1,
      187, 80, 188, -1,
      188, 80, 79, -1,
      188, 79, 189, -1,
      189, 79, 78, -1,
      189, 78, 190, -1,
      190, 78, 92, -1,
      190, 92, 191, -1,
      191, 92, 91, -1,
      191, 91, 192, -1,
      192, 91, 90, -1,
      192, 90, 193, -1,
      193, 90, 45, -1,
      193, 45, 184, -1,
      194, 41, 43, -1,
      194, 43, 195, -1,
      195, 43, 77, -1,
      195, 77, 196, -1,
      196, 77, 76, -1,
      196, 76, 197, -1,
      197, 76, 73, -1,
      197, 73, 198, -1,
      198, 73, 74, -1,
      198, 74, 199, -1,
      199, 74, 75, -1,
      199, 75, 187, -1,
      200, 50, 17, -1,
      200, 17, 201, -1,
      201, 17, 16, -1,
      201, 16, 202, -1,
      202, 16, 14, -1,
      202, 14, 203, -1,
      203, 14, 13, -1,
      203, 13, 204, -1,
      204, 13, 41, -1,
      204, 41, 194, -1,
      205, 84, 83, -1,
      205, 83, 206, -1,
      206, 83, 82, -1,
      206, 82, 207, -1,
      207, 82, 81, -1,
      207, 81, 208, -1,
      208, 81, 53, -1,
      208, 53, 209, -1,
      209, 53, 52, -1,
      209, 52, 210, -1,
      210, 52, 51, -1,
      210, 51, 211, -1,
      211, 51, 50, -1,
      211, 50, 200, -1,
      151, 31, 86, -1,
      151, 86, 212, -1,
      212, 86, 85, -1,
      212, 85, 213, -1,
      213, 85, 84, -1,
      213, 84, 205, -1,
      152, 151, 155, -1,
      155, 151, 212, -1,
      155, 212, 154, -1,
      154, 212, 213, -1,
      154, 213, 153, -1,
      153, 213, 205, -1,
      153, 205, 162, -1,
      162, 205, 206, -1,
      162, 206, 161, -1,
      161, 206, 207, -1,
      161, 207, 160, -1,
      160, 207, 208, -1,
      160, 208, 159, -1,
      159, 208, 209, -1,
      159, 209, 158, -1,
      158, 209, 210, -1,
      158, 210, 157, -1,
      157, 210, 211, -1,
      157, 211, 156, -1,
      156, 211, 200, -1,
      156, 200, 168, -1,
      168, 200, 201, -1,
      168, 201, 167, -1,
      167, 201, 202, -1,
      167, 202, 166, -1,
      166, 202, 203, -1,
      166, 203, 165, -1,
      165, 203, 204, -1,
      165, 204, 164, -1,
      164, 204, 194, -1,
      164, 194, 163, -1,
      163, 194, 195, -1,
      163, 195, 173, -1,
      173, 195, 196, -1,
      173, 196, 172, -1,
      172, 196, 197, -1,
      172, 197, 171, -1,
      171, 197, 198, -1,
      171, 198, 170, -1,
      170, 198, 199, -1,
      170, 199, 169, -1,
      169, 199, 187, -1,
      169, 187, 180, -1,
      180, 187, 188, -1,
      180, 188, 179, -1,
      179, 188, 189, -1,
      179, 189, 178, -1,
      178, 189, 190, -1,
      178, 190, 177, -1,
      177, 190, 191, -1,
      177, 191, 176, -1,
      176, 191, 192, -1,
      176, 192, 175, -1,
      175, 192, 193, -1,
      175, 193, 174, -1,
      174, 193, 184, -1,
      174, 184, 182, -1,
      182, 184, 185, -1,
      182, 185, 181, -1,
      181, 185, 186, -1,
      181, 186, 183, -1,
    ]
  }
}

Shape {
  appearance Appearance {
    material Material {
      diffuseColor 0.2510 0.2510 0.2510
      specularColor 0.1255 0.1255 0.1255
      ambientIntensity 0.2
      transparency 0.0000
      shininess 0.5
    }
  }
  geometry IndexedFaceSet {
    ccw TRUE
    solid FALSE
    coord DEF co Coordinate {
      point [
        0.121921 0.003040 0.787402,
        0.168002 0.003040 0.787402,
        0.142480 0.060595 0.787402,
        0.143806 0.065374 0.787402,
        0.144686 0.070257 0.787402,
        0.145132 0.070257 0.787402,
        0.146031 0.065389 0.787402,
        0.147259 0.060595 0.787402,
      ]
    }
    coordIndex [
      0, 1, 2, -1,
      2, 1, 7, -1,
      2, 7, 3, -1,
      3, 7, 6, -1,
      3, 6, 4, -1,
      4, 6, 5, -1,
    ]
  }
}

Shape {
  appearance Appearance {
    material Material {
      diffuseColor 1.0000 1.0000 1.0000
      specularColor 0.8784 0.8784 0.8784
      ambientIntensity 0.2
      transparency 0.0000
      shininess 0.5
    }
  }
  geometry IndexedFaceSet {
    ccw TRUE
    solid FALSE
    coord DEF co Coordinate {
      point [
        0.098134 0.055854 0.000000,
        0.109764 0.054548 0.000000,
        0.072591 -0.032821 0.000000,
        0.228915 -0.050733 0.000000,
        0.109919 -0.051454 0.000000,
        0.168420 -0.050733 0.000000,
        0.117528 -0.050665 0.000000,
        0.128976 -0.046724 0.000000,
        0.152104 0.036268 0.000000,
        0.145181 0.047311 0.000000,
        0.213071 0.067377 0.000000,
        0.083778 0.053989 0.000000,
        0.070474 -0.031649 0.000000,
        0.070474 0.048292 0.000000,
        0.070474 0.064136 0.000000,
        0.118605 0.051357 0.000000,
        0.126780 0.045888 0.000000,
        0.133912 0.038014 0.000000,
        0.142493 0.007061 0.000000,
        0.141297 -0.005725 0.000000,
        0.138088 -0.015884 0.000000,
        0.111806 -0.037975 0.000000,
        0.100790 -0.039211 0.000000,
        0.120412 -0.034807 0.000000,
        0.127661 -0.029921 0.000000,
        0.133203 -0.024074 0.000000,
        0.085112 -0.037470 0.000000,
        0.138781 0.028895 0.000000,
        0.141930 0.016251 0.000000,
        0.138476 -0.040657 0.000000,
        0.147348 -0.031318 0.000000,
        0.168420 -0.037770 0.000000,
        0.153640 -0.020087 0.000000,
        0.213071 -0.037770 0.000000,
        0.134518 0.057566 0.000000,
        0.123299 0.064023 0.000000,
        0.110132 0.067848 0.000000,
        0.157195 -0.007585 0.000000,
        0.158337 0.006093 0.000000,
        0.156638 0.022885 0.000000,
        0.098269 0.068817 0.000000,
        0.084130 0.067841 0.000000,
        0.070474 -0.044612 0.000000,
        0.083065 -0.049781 0.000000,
        0.094999 -0.051454 0.000000,
        0.099743 -0.052119 0.000000,
        0.102973 -0.052174 0.000000,
        0.228915 0.067377 0.000000,
        -0.142700 -0.050733 0.000000,
        -0.128160 -0.018362 0.000000,
        -0.121387 -0.028926 0.000000,
        -0.015948 -0.050733 0.000000,
        0.047429 -0.050733 0.000000,
        0.047429 0.067377 0.000000,
        -0.013067 0.067377 0.000000,
        -0.013067 0.054413 0.000000,
        0.031585 0.054413 0.000000,
        0.031585 0.015523 0.000000,
        -0.111665 -0.038235 0.000000,
        -0.099333 -0.045402 0.000000,
        -0.085723 -0.049458 0.000000,
        -0.249287 -0.050733 0.000000,
        -0.203196 0.067377 0.000000,
        -0.187352 0.067377 0.000000,
        -0.038994 0.067377 0.000000,
        -0.010186 0.015523 0.000000,
        -0.010186 0.002560 0.000000,
        0.031585 0.002560 0.000000,
        0.031585 -0.037770 0.000000,
        -0.015948 -0.037770 0.000000,
        -0.038994 -0.050733 0.000000,
        -0.071109 -0.050733 0.000000,
        -0.072324 0.067377 0.000000,
        -0.089388 0.065553 0.000000,
        -0.124538 0.042715 0.000000,
        -0.130027 0.032557 0.000000,
        -0.220052 -0.017605 0.000000,
        -0.171260 -0.017605 0.000000,
        -0.232003 -0.050733 0.000000,
        -0.159985 -0.050733 0.000000,
        -0.133200 0.020920 0.000000,
        -0.134058 0.009807 0.000000,
        -0.132400 -0.006000 0.000000,
        -0.103207 0.060700 0.000000,
        -0.116063 0.052085 0.000000,
        -0.116186 0.051976 0.000000,
        -0.203196 0.067377 0.003937,
        -0.249287 -0.050733 0.003937,
        -0.232003 -0.050733 0.003937,
        -0.220052 -0.017605 0.003937,
        -0.171260 -0.017605 0.003937,
        -0.159985 -0.050733 0.003937,
        -0.142700 -0.050733 0.003937,
        -0.187352 0.067377 0.003937,
        -0.175243 -0.004642 0.003937,
        -0.214741 -0.004642 0.003937,
        -0.192865 0.044691 0.003937,
        -0.194002 0.048787 0.003937,
        -0.194756 0.052973 0.003937,
        -0.195139 0.052973 0.003937,
        -0.195909 0.048800 0.003937,
        -0.196961 0.044691 0.003937,
        -0.175243 -0.004642 0.000000,
        -0.214741 -0.004642 0.000000,
        -0.192865 0.044691 0.000000,
        -0.194002 0.048787 0.000000,
        -0.194756 0.052973 0.000000,
        -0.195139 0.052973 0.000000,
        -0.195909 0.048800 0.000000,
        -0.196961 0.044691 0.000000,
        -0.071109 -0.050733 0.003937,
        -0.038994 -0.050733 0.003937,
        -0.038994 0.067377 0.003937,
        -0.072324 0.067377 0.003937,
        -0.134058 0.009807 0.003937,
        -0.133200 0.020920 0.003937,
        -0.130027 0.032557 0.003937,
        -0.124538 0.042715 0.003937,
        -0.116186 0.051976 0.003937,
        -0.116063 0.052085 0.003937,
        -0.103207 0.060700 0.003937,
        -0.089388 0.065553 0.003937,
        -0.085723 -0.049458 0.003937,
        -0.099333 -0.045402 0.003937,
        -0.111665 -0.038235 0.003937,
        -0.121387 -0.028926 0.003937,
        -0.128160 -0.018362 0.003937,
        -0.132400 -0.006000 0.003937,
        -0.110350 0.037851 0.003937,
        -0.104613 0.043942 0.003937,
        -0.095986 0.049515 0.003937,
        -0.086237 0.052927 0.003937,
        -0.072257 0.054413 0.003937,
        -0.054838 0.054413 0.003937,
        -0.054838 -0.037770 0.003937,
        -0.071604 -0.037770 0.003937,
        -0.084065 -0.036611 0.003937,
        -0.094004 -0.033508 0.003937,
        -0.102059 -0.028725 0.003937,
        -0.108683 -0.022182 0.003937,
        -0.113665 -0.014039 0.003937,
        -0.117130 -0.002936 0.003937,
        -0.118214 0.009469 0.003937,
        -0.117210 0.021224 0.003937,
        -0.114453 0.030566 0.003937,
        -0.072257 0.054413 0.000000,
        -0.054838 0.054413 0.000000,
        -0.086237 0.052927 0.000000,
        -0.095986 0.049515 0.000000,
        -0.104613 0.043942 0.000000,
        -0.110350 0.037851 0.000000,
        -0.114453 0.030566 0.000000,
        -0.117210 0.021224 0.000000,
        -0.118214 0.009469 0.000000,
        -0.117130 -0.002936 0.000000,
        -0.113665 -0.014039 0.000000,
        -0.108683 -0.022182 0.000000,
        -0.102059 -0.028725 0.000000,
        -0.094004 -0.033508 0.000000,
        -0.084065 -0.036611 0.000000,
        -0.071604 -0.037770 0.000000,
        -0.054838 -0.037770 0.000000,
        -0.015948 -0.037770 0.003937,
        -0.015948 -0.050733 0.003937,
        0.047429 -0.050733 0.003937,
        0.047429 0.067377 0.003937,
        -0.013067 0.067377 0.003937,
        -0.013067 0.054413 0.003937,
        0.031585 0.054413 0.003937,
        0.031585 0.015523 0.003937,
        -0.010186 0.015523 0.003937,
        -0.010186 0.002560 0.003937,
        0.031585 0.002560 0.003937,
        0.031585 -0.037770 0.003937,
        0.070474 -0.031649 0.003937,
        0.070474 -0.044612 0.003937,
        0.083065 -0.049781 0.003937,
        0.102973 -0.052174 0.003937,
        0.099743 -0.052119 0.003937,
        0.158337 0.006093 0.003937,
        0.157195 -0.007585 0.003937,
        0.153640 -0.020087 0.003937,
        0.147348 -0.031318 0.003937,
        0.138476 -0.040657 0.003937,
        0.128976 -0.046724 0.003937,
        0.117528 -0.050665 0.003937,
        0.098269 0.068817 0.003937,
        0.110132 0.067848 0.003937,
        0.123299 0.064023 0.003937,
        0.134518 0.057566 0.003937,
        0.145181 0.047311 0.003937,
        0.152104 0.036268 0.003937,
        0.156638 0.022885 0.003937,
        0.070474 0.064136 0.003937,
        0.084130 0.067841 0.003937,
        0.070474 0.048292 0.003937,
        0.098134 0.055854 0.003937,
        0.083778 0.053989 0.003937,
        0.142493 0.007061 0.003937,
        0.141930 0.016251 0.003937,
        0.138781 0.028895 0.003937,
        0.133912 0.038014 0.003937,
        0.126780 0.045888 0.003937,
        0.118605 0.051357 0.003937,
        0.109764 0.054548 0.003937,
        0.100790 -0.039211 0.003937,
        0.111806 -0.037975 0.003937,
        0.120412 -0.034807 0.003937,
        0.127661 -0.029921 0.003937,
        0.133203 -0.024074 0.003937,
        0.138088 -0.015884 0.003937,
        0.141297 -0.005725 0.003937,
        0.072591 -0.032821 0.003937,
        0.085112 -0.037470 0.003937,
        0.168420 -0.037770 0.003937,
        0.168420 -0.050733 0.003937,
        0.228915 -0.050733 0.003937,
        0.228915 0.067377 0.003937,
        0.213071 0.067377 0.003937,
        0.213071 -0.037770 0.003937,
      ]
    }
    coordIndex [
      86, 87, 62, -1,
      62, 87, 61, -1,
      87, 88, 61, -1,
      61, 88, 78, -1,
      88, 89, 78, -1,
      78, 89, 76, -1,
      89, 90, 76, -1,
      76, 90, 77, -1,
      90, 91, 77, -1,
      77, 91, 79, -1,
      91, 92, 79, -1,
      79, 92, 48, -1,
      92, 93, 48, -1,
      48, 93, 63, -1,
      93, 86, 63, -1,
      63, 86, 62, -1,
      94, 90, 95, -1,
      95, 90, 89, -1,
      96, 93, 94, -1,
      94, 93, 92, -1,
      94, 92, 90, -1,
      90, 92, 91, -1,
      96, 97, 93, -1,
      93, 97, 98, -1,
      93, 98, 86, -1,
      86, 98, 99, -1,
      86, 99, 100, -1,
      100, 101, 86, -1,
      86, 101, 95, -1,
      86, 95, 87, -1,
      87, 95, 89, -1,
      87, 89, 88, -1,
      94, 95, 102, -1,
      102, 95, 103, -1,
      96, 94, 104, -1,
      104, 94, 102, -1,
      96, 104, 105, -1,
      96, 105, 97, -1,
      97, 105, 106, -1,
      97, 106, 98, -1,
      99, 98, 107, -1,
      107, 98, 106, -1,
      99, 107, 108, -1,
      99, 108, 100, -1,
      100, 108, 109, -1,
      100, 109, 101, -1,
      95, 101, 103, -1,
      103, 101, 109, -1,
      110, 111, 71, -1,
      71, 111, 70, -1,
      111, 112, 70, -1,
      70, 112, 64, -1,
      112, 113, 64, -1,
      64, 113, 72, -1,
      114, 81, 80, -1,
      114, 80, 115, -1,
      115, 80, 75, -1,
      115, 75, 116, -1,
      116, 75, 74, -1,
      116, 74, 117, -1,
      117, 74, 85, -1,
      117, 85, 118, -1,
      118, 85, 84, -1,
      118, 84, 119, -1,
      119, 84, 83, -1,
      119, 83, 120, -1,
      120, 83, 73, -1,
      120, 73, 121, -1,
      121, 73, 72, -1,
      121, 72, 113, -1,
      110, 71, 60, -1,
      110, 60, 122, -1,
      122, 60, 59, -1,
      122, 59, 123, -1,
      123, 59, 58, -1,
      123, 58, 124, -1,
      124, 58, 50, -1,
      124, 50, 125, -1,
      125, 50, 49, -1,
      125, 49, 126, -1,
      126, 49, 82, -1,
      126, 82, 127, -1,
      127, 82, 81, -1,
      127, 81, 114, -1,
      116, 117, 128, -1,
      128, 117, 118, -1,
      128, 118, 129, -1,
      129, 118, 119, -1,
      129, 119, 130, -1,
      130, 119, 120, -1,
      130, 120, 131, -1,
      131, 120, 121, -1,
      131, 121, 132, -1,
      132, 121, 113, -1,
      132, 113, 133, -1,
      133, 113, 112, -1,
      133, 112, 134, -1,
      134, 112, 111, -1,
      134, 111, 135, -1,
      135, 111, 110, -1,
      135, 110, 136, -1,
      136, 110, 122, -1,
      136, 122, 137, -1,
      137, 122, 123, -1,
      137, 123, 138, -1,
      138, 123, 124, -1,
      138, 124, 139, -1,
      139, 124, 125, -1,
      139, 125, 140, -1,
      140, 125, 126, -1,
      140, 126, 141, -1,
      141, 126, 127, -1,
      141, 127, 142, -1,
      142, 127, 114, -1,
      142, 114, 143, -1,
      143, 114, 115, -1,
      143, 115, 144, -1,
      144, 115, 116, -1,
      144, 116, 128, -1,
      132, 133, 145, -1,
      145, 133, 146, -1,
      132, 145, 147, -1,
      132, 147, 131, -1,
      131, 147, 148, -1,
      131, 148, 130, -1,
      130, 148, 149, -1,
      130, 149, 129, -1,
      129, 149, 150, -1,
      129, 150, 128, -1,
      128, 150, 151, -1,
      128, 151, 144, -1,
      144, 151, 152, -1,
      144, 152, 143, -1,
      143, 152, 153, -1,
      143, 153, 142, -1,
      142, 153, 154, -1,
      142, 154, 141, -1,
      141, 154, 155, -1,
      141, 155, 140, -1,
      140, 155, 156, -1,
      140, 156, 139, -1,
      139, 156, 157, -1,
      139, 157, 138, -1,
      138, 157, 158, -1,
      138, 158, 137, -1,
      137, 158, 159, -1,
      137, 159, 136, -1,
      136, 159, 160, -1,
      136, 160, 135, -1,
      134, 135, 161, -1,
      161, 135, 160, -1,
      133, 134, 146, -1,
      146, 134, 161, -1,
      162, 163, 69, -1,
      69, 163, 51, -1,
      163, 164, 51, -1,
      51, 164, 52, -1,
      164, 165, 52, -1,
      52, 165, 53, -1,
      165, 166, 53, -1,
      53, 166, 54, -1,
      166, 167, 54, -1,
      54, 167, 55, -1,
      167, 168, 55, -1,
      55, 168, 56, -1,
      168, 169, 56, -1,
      56, 169, 57, -1,
      169, 170, 57, -1,
      57, 170, 65, -1,
      170, 171, 65, -1,
      65, 171, 66, -1,
      171, 172, 66, -1,
      66, 172, 67, -1,
      172, 173, 67, -1,
      67, 173, 68, -1,
      173, 162, 68, -1,
      68, 162, 69, -1,
      164, 163, 162, -1,
      162, 173, 164, -1,
      164, 173, 172, -1,
      164, 172, 165, -1,
      167, 166, 168, -1,
      168, 166, 165, -1,
      168, 165, 169, -1,
      169, 165, 172, -1,
      169, 172, 170, -1,
      170, 172, 171, -1,
      174, 175, 12, -1,
      12, 175, 42, -1,
      42, 175, 176, -1,
      177, 46, 45, -1,
      177, 45, 178, -1,
      178, 45, 44, -1,
      178, 44, 176, -1,
      176, 44, 43, -1,
      176, 43, 42, -1,
      179, 38, 37, -1,
      179, 37, 180, -1,
      180, 37, 32, -1,
      180, 32, 181, -1,
      181, 32, 30, -1,
      181, 30, 182, -1,
      182, 30, 29, -1,
      182, 29, 183, -1,
      183, 29, 7, -1,
      183, 7, 184, -1,
      184, 7, 6, -1,
      184, 6, 185, -1,
      185, 6, 177, -1,
      177, 6, 4, -1,
      177, 4, 46, -1,
      186, 40, 36, -1,
      186, 36, 187, -1,
      187, 36, 35, -1,
      187, 35, 188, -1,
      188, 35, 34, -1,
      188, 34, 189, -1,
      189, 34, 9, -1,
      189, 9, 190, -1,
      190, 9, 8, -1,
      190, 8, 191, -1,
      191, 8, 39, -1,
      191, 39, 192, -1,
      192, 39, 38, -1,
      192, 38, 179, -1,
      193, 14, 41, -1,
      193, 41, 194, -1,
      194, 41, 40, -1,
      194, 40, 186, -1,
      193, 195, 14, -1,
      14, 195, 13, -1,
      196, 0, 11, -1,
      196, 11, 197, -1,
      197, 11, 13, -1,
      197, 13, 195, -1,
      198, 18, 28, -1,
      198, 28, 199, -1,
      199, 28, 27, -1,
      199, 27, 200, -1,
      200, 27, 17, -1,
      200, 17, 201, -1,
      201, 17, 16, -1,
      201, 16, 202, -1,
      202, 16, 15, -1,
      202, 15, 203, -1,
      203, 15, 1, -1,
      203, 1, 204, -1,
      204, 1, 0, -1,
      204, 0, 196, -1,
      205, 22, 21, -1,
      205, 21, 206, -1,
      206, 21, 23, -1,
      206, 23, 207, -1,
      207, 23, 24, -1,
      207, 24, 208, -1,
      208, 24, 25, -1,
      208, 25, 209, -1,
      209, 25, 20, -1,
      209, 20, 210, -1,
      210, 20, 19, -1,
      210, 19, 211, -1,
      211, 19, 18, -1,
      211, 18, 198, -1,
      174, 12, 2, -1,
      174, 2, 212, -1,
      212, 2, 26, -1,
      212, 26, 213, -1,
      213, 26, 22, -1,
      213, 22, 205, -1,
      206, 177, 205, -1,
      205, 177, 178, -1,
      205, 178, 213, -1,
      213, 178, 176, -1,
      213, 176, 212, -1,
      212, 176, 175, -1,
      212, 175, 174, -1,
      195, 193, 197, -1,
      197, 193, 194, -1,
      197, 194, 196, -1,
      196, 194, 186, -1,
      196, 186, 204, -1,
      204, 186, 187, -1,
      204, 187, 203, -1,
      203, 187, 188, -1,
      203, 188, 202, -1,
      202, 188, 189, -1,
      202, 189, 201, -1,
      201, 189, 190, -1,
      201, 190, 200, -1,
      200, 190, 191, -1,
      200, 191, 199, -1,
      199, 191, 192, -1,
      199, 192, 198, -1,
      198, 192, 179, -1,
      198, 179, 211, -1,
      211, 179, 180, -1,
      211, 180, 210, -1,
      210, 180, 181, -1,
      210, 181, 209, -1,
      209, 181, 182, -1,
      209, 182, 208, -1,
      208, 182, 183, -1,
      208, 183, 207, -1,
      207, 183, 184, -1,
      207, 184, 206, -1,
      206, 184, 185, -1,
      206, 185, 177, -1,
      214, 215, 31, -1,
      31, 215, 5, -1,
      215, 216, 5, -1,
      5, 216, 3, -1,
      216, 217, 3, -1,
      3, 217, 47, -1,
      217, 218, 47, -1,
      47, 218, 10, -1,
      218, 219, 10, -1,
      10, 219, 33, -1,
      219, 214, 33, -1,
      33, 214, 31, -1,
      218, 217, 219, -1,
      219, 217, 216, -1,
      219, 216, 214, -1,
      214, 216, 215, -1,
    ]
  }
}

Shape {
  appearance Appearance {
    material Material {
      diffuseColor 0.2510 0.2510 0.2510
      specularColor 0.1255 0.1255 0.1255
      ambientIntensity 0.2
      transparency 0.0000
      shininess 0.5
    }
  }
  geometry IndexedFaceSet {
    ccw TRUE
    solid FALSE
    coord DEF co Coordinate {
      point [
        -0.175243 -0.004642 0.000000,
        -0.214741 -0.004642 0.000000,
        -0.192865 0.044691 0.000000,
        -0.194002 0.048787 0.000000,
        -0.194756 0.052973 0.000000,
        -0.195139 0.052973 0.000000,
        -0.195909 0.048800 0.000000,
        -0.196961 0.044691 0.000000,
        -0.072257 0.054413 0.000000,
        -0.054838 0.054413 0.000000,
        -0.086237 0.052927 0.000000,
        -0.095986 0.049515 0.000000,
        -0.104613 0.043942 0.000000,
        -0.110350 0.037851 0.000000,
        -0.114453 0.030566 0.000000,
        -0.117210 0.021224 0.000000,
        -0.118214 0.009469 0.000000,
        -0.117130 -0.002936 0.000000,
        -0.113665 -0.014039 0.000000,
        -0.108683 -0.022182 0.000000,
        -0.102059 -0.028725 0.000000,
        -0.094004 -0.033508 0.000000,
        -0.084065 -0.036611 0.000000,
        -0.071604 -0.037770 0.000000,
        -0.054838 -0.037770 0.000000,
      ]
    }
    coordIndex [
      0, 1, 2, -1,
      2, 1, 7, -1,
      2, 7, 3, -1,
      3, 7, 6, -1,
      3, 6, 4, -1,
      4, 6, 5, -1,
      9, 24, 8, -1,
      8, 24, 23, -1,
      8, 23, 22, -1,
      16, 15, 8, -1,
      8, 15, 14, -1,
      8, 14, 10, -1,
      22, 21, 8, -1,
      8, 21, 20, -1,
      8, 20, 19, -1,
      19, 18, 8, -1,
      8, 18, 17, -1,
      8, 17, 16, -1,
      13, 12, 14, -1,
      14, 12, 11, -1,
      14, 11, 10, -1,
    ]
  }
}

Shape {
  appearance Appearance {
    material Material {
      diffuseColor 0.8510 0.8510 0.8510
      specularColor 0.4235 0.4235 0.4235
      ambientIntensity 0.2
      transparency 0.0000
      shininess 0.5
    }
  }
  geometry IndexedFaceSet {
    ccw TRUE
    solid FALSE
    coord DEF co Coordinate {
      point [
        -0.661800 0.475450 0.787402,
        -0.661800 -0.475450 0.787402,
        -0.634230 -0.475450 0.787402,
        -0.610619 -0.475450 0.787402,
        -0.634230 0.475450 0.787402,
        -0.610619 0.475450 0.787402,
        -0.583049 -0.475450 0.787402,
        -0.559438 -0.475450 0.787402,
        -0.583049 0.475450 0.787402,
        -0.559438 0.475450 0.787402,
        -0.866142 0.295276 0.433071,
        -0.866142 0.295276 0.354331,
        -0.531868 -0.475450 0.787402,
        -0.531868 0.475450 0.787402,
        -0.866142 -0.295276 0.354331,
        -0.866142 -0.295276 0.433071,
        -0.567335 0.295276 0.039370,
        -0.796972 0.295276 0.039370,
        -0.796972 -0.295276 0.039370,
        -0.567335 -0.295276 0.039370,
        -0.661800 0.479368 0.787008,
        -0.634230 0.479368 0.787008,
        -0.610619 0.479368 0.787008,
        -0.583049 0.479368 0.787008,
        -0.559438 0.479368 0.787008,
        -0.531868 0.479368 0.787008,
        -0.531868 -0.479368 0.787008,
        -0.559438 -0.479368 0.787008,
        -0.583049 -0.479368 0.787008,
        -0.610619 -0.479368 0.787008,
        -0.661800 -0.479368 0.787008,
        -0.634230 -0.479368 0.787008,
        -0.944882 0.295276 0.039370,
        -0.944882 -0.295276 0.039370,
        -0.567335 0.295276 -0.039370,
        -0.567335 -0.295276 -0.039370,
        -0.944882 0.295276 0.433071,
        -0.944882 -0.295276 0.433071,
        -0.944882 0.295276 0.354331,
        -0.944882 -0.295276 0.354331,
        -1.023622 0.295276 0.354331,
        -1.023622 -0.295276 0.354331,
        -1.020939 -0.295276 0.374710,
        -1.020939 0.295276 0.374710,
        -1.013073 -0.295276 0.393701,
        -1.013073 0.295276 0.393701,
        -1.000559 -0.295276 0.410008,
        -1.000559 0.295276 0.410008,
        -0.984252 -0.295276 0.422522,
        -0.984252 0.295276 0.422522,
        -0.965261 -0.295276 0.430388,
        -0.965261 0.295276 0.430388,
        -1.023622 -0.295276 0.039370,
        -1.023622 0.295276 0.039370,
        -0.944882 0.295276 -0.039370,
        -0.944882 -0.295276 -0.039370,
        -0.965261 -0.295276 -0.036687,
        -0.965261 0.295276 -0.036687,
        -0.984252 -0.295276 -0.028821,
        -0.984252 0.295276 -0.028821,
        -1.000559 -0.295276 -0.016307,
        -1.000559 0.295276 -0.016307,
        -1.013073 -0.295276 0.000000,
        -1.013073 0.295276 0.000000,
        -1.020939 -0.295276 0.018991,
        -1.020939 0.295276 0.018991,
      ]
    }
    coordIndex [
      32, 33, 17, -1,
      17, 33, 18, -1,
      16, 19, 34, -1,
      34, 19, 35, -1,
      10, 36, 15, -1,
      15, 36, 37, -1,
      11, 38, 10, -1,
      10, 38, 36, -1,
      14, 39, 11, -1,
      11, 39, 38, -1,
      15, 37, 14, -1,
      14, 37, 39, -1,
      40, 41, 42, -1,
      40, 42, 43, -1,
      43, 42, 44, -1,
      43, 44, 45, -1,
      45, 44, 46, -1,
      45, 46, 47, -1,
      47, 46, 48, -1,
      47, 48, 49, -1,
      49, 48, 50, -1,
      49, 50, 51, -1,
      51, 50, 37, -1,
      51, 37, 36, -1,
      51, 36, 38, -1,
      45, 38, 43, -1,
      43, 38, 40, -1,
      45, 47, 38, -1,
      38, 47, 49, -1,
      38, 49, 51, -1,
      37, 50, 39, -1,
      39, 50, 48, -1,
      39, 48, 46, -1,
      46, 44, 39, -1,
      39, 44, 42, -1,
      39, 42, 41, -1,
      52, 41, 53, -1,
      53, 41, 40, -1,
      53, 40, 32, -1,
      32, 40, 38, -1,
      32, 38, 33, -1,
      33, 38, 39, -1,
      39, 41, 33, -1,
      33, 41, 52, -1,
      54, 55, 56, -1,
      54, 56, 57, -1,
      57, 56, 58, -1,
      57, 58, 59, -1,
      59, 58, 60, -1,
      59, 60, 61, -1,
      61, 60, 62, -1,
      61, 62, 63, -1,
      63, 62, 64, -1,
      63, 64, 65, -1,
      65, 64, 52, -1,
      65, 52, 53, -1,
      54, 57, 32, -1,
      32, 57, 59, -1,
      32, 59, 61, -1,
      61, 63, 32, -1,
      32, 63, 65, -1,
      32, 65, 53, -1,
      56, 55, 33, -1,
      62, 33, 64, -1,
      64, 33, 52, -1,
      62, 60, 33, -1,
      33, 60, 58, -1,
      33, 58, 56, -1,
      35, 55, 34, -1,
      34, 55, 54, -1,
      16, 34, 17, -1,
      17, 34, 54, -1,
      17, 54, 32, -1,
      35, 19, 55, -1,
      55, 19, 18, -1,
      55, 18, 33, -1,
      7, 27, 9, -1,
      9, 27, 24, -1,
      13, 25, 12, -1,
      12, 25, 26, -1,
      26, 25, 27, -1,
      27, 25, 24, -1,
      3, 29, 5, -1,
      5, 29, 22, -1,
      8, 23, 6, -1,
      6, 23, 28, -1,
      28, 23, 29, -1,
      29, 23, 22, -1,
      1, 30, 0, -1,
      0, 30, 20, -1,
      4, 21, 2, -1,
      2, 21, 31, -1,
      31, 21, 30, -1,
      30, 21, 20, -1,
    ]
  }
}
