#VRML V2.0 utf8

Shape {
  appearance Appearance {
    material Material {
      diffuseColor 0.2510 0.2510 0.2510
      specularColor 0.1255 0.1255 0.1255
      ambientIntensity 0.2
      transparency 0.0000
      shininess 0.5
    }
  }
  geometry IndexedFaceSet {
    ccw TRUE
    solid FALSE
    coord DEF co Coordinate {
      point [
        0.123791 -0.102880 0.000000,
        0.131698 -0.103988 0.000000,
        -0.080325 -2.027559 0.000000,
        0.787402 -0.196850 0.000000,
        2.027559 -0.196850 0.000000,
        2.027559 -1.437008 0.000000,
        0.137081 -0.104080 0.000000,
        0.787402 -0.102880 0.000000,
        1.437008 -2.027559 0.000000,
        -0.061120 -0.080074 0.000000,
        -0.061120 -0.101680 0.000000,
        -0.080325 -0.102880 0.000000,
        0.044507 -0.101680 0.000000,
        0.082917 -0.091477 0.000000,
        0.082917 -0.069872 0.000000,
        0.044507 0.095171 0.000000,
        0.103900 -0.100093 0.000000,
        2.027559 1.437008 0.000000,
        2.027559 0.196850 0.000000,
        1.437008 2.027559 0.000000,
        0.787402 0.196850 0.000000,
        -0.080325 2.027559 0.000000,
        0.018100 -0.012857 0.000000,
        0.018100 -0.080074 0.000000,
        -0.051517 -0.012857 0.000000,
        -0.051517 0.008749 0.000000,
        -0.056319 0.073565 0.000000,
        0.018100 0.008749 0.000000,
        0.018100 0.073565 0.000000,
        0.346985 -0.101680 0.000000,
        0.148657 -0.102880 0.000000,
        0.246159 -0.101680 0.000000,
        0.161340 -0.101565 0.000000,
        0.180419 -0.094998 0.000000,
        0.320578 0.095171 0.000000,
        0.346985 0.095171 0.000000,
        -0.056319 0.095171 0.000000,
        0.148400 0.073789 0.000000,
        0.163134 0.068472 0.000000,
        0.086445 -0.071826 0.000000,
        0.176759 0.059357 0.000000,
        0.188646 0.046233 0.000000,
        0.202948 -0.005355 0.000000,
        0.200954 -0.026665 0.000000,
        0.195606 -0.043597 0.000000,
        0.151803 -0.080415 0.000000,
        0.133443 -0.082475 0.000000,
        0.166146 -0.075135 0.000000,
        0.178228 -0.066992 0.000000,
        0.187465 -0.057247 0.000000,
        0.107312 -0.079574 0.000000,
        0.196761 0.031035 0.000000,
        0.202009 0.009961 0.000000,
        0.189656 0.078819 0.000000,
        0.207428 0.061728 0.000000,
        0.218965 0.043323 0.000000,
        0.196254 -0.084886 0.000000,
        0.211040 -0.069320 0.000000,
        0.246159 -0.080074 0.000000,
        0.221526 -0.050602 0.000000,
        0.320578 -0.080074 0.000000,
        0.227451 -0.029766 0.000000,
        0.229354 -0.006968 0.000000,
        0.226523 0.021019 0.000000,
        0.170958 0.089582 0.000000,
        0.149013 0.095957 0.000000,
        0.129241 0.097571 0.000000,
        0.105676 0.095945 0.000000,
        0.082917 0.089769 0.000000,
        0.082917 0.063363 0.000000,
        0.105090 0.072857 0.000000,
        0.129016 0.075966 0.000000,
        -2.027559 -2.027559 0.000000,
        -2.027559 -0.196850 0.000000,
        -0.787402 -0.196850 0.000000,
        -0.787402 -0.102880 0.000000,
        -0.421212 -0.101680 0.000000,
        -0.153056 -0.101680 0.000000,
        -0.099530 -0.101680 0.000000,
        -0.787402 0.196850 0.000000,
        -2.027559 0.196850 0.000000,
        -2.027559 2.027559 0.000000,
        -0.346793 0.095171 0.000000,
        -0.373200 0.095171 0.000000,
        -0.450020 -0.101680 0.000000,
        -0.099530 0.095171 0.000000,
        -0.257970 -0.000779 0.000000,
        -0.255208 -0.027123 0.000000,
        -0.272374 -0.101680 0.000000,
        -0.248141 -0.047727 0.000000,
        -0.236852 -0.065334 0.000000,
        -0.155081 0.095171 0.000000,
        -0.183521 0.092131 0.000000,
        -0.206553 0.084043 0.000000,
        -0.227978 0.069685 0.000000,
        -0.220649 -0.080848 0.000000,
        -0.200095 -0.092793 0.000000,
        -0.177413 -0.099554 0.000000,
        -0.228184 0.069504 0.000000,
        -0.242104 0.054068 0.000000,
        -0.251253 0.037139 0.000000,
        -0.256540 0.017744 0.000000,
        -0.301181 -0.101680 0.000000,
        -0.319974 -0.046465 0.000000,
        -0.401294 -0.046465 0.000000,
        2.027559 0.196850 0.118110,
        2.027559 0.177165 0.118110,
        0.885827 0.177165 0.118110,
        2.027559 -0.177165 0.118110,
        2.027559 -0.196850 0.118110,
        0.885827 -0.177165 0.118110,
        0.787402 -0.196850 0.118110,
        0.787402 0.196850 0.118110,
        -2.027559 -0.196850 0.118110,
        -2.027559 -0.177165 0.118110,
        -0.885827 -0.177165 0.118110,
        -2.027559 0.177165 0.118110,
        -2.027559 0.196850 0.118110,
        -0.885827 0.177165 0.118110,
        -0.787402 0.196850 0.118110,
        -0.787402 -0.196850 0.118110,
      ]
    }
    coordIndex [
      0, 1, 2, -1,
      3, 4, 5, -1,
      6, 7, 3, -1,
      5, 8, 3, -1,
      3, 8, 2, -1,
      3, 2, 6, -1,
      6, 2, 1, -1,
      9, 10, 11, -1,
      11, 10, 12, -1,
      13, 12, 14, -1,
      14, 12, 15, -1,
      2, 11, 0, -1,
      0, 11, 12, -1,
      0, 12, 16, -1,
      16, 12, 13, -1,
      17, 18, 19, -1,
      19, 18, 20, -1,
      19, 20, 21, -1,
      22, 23, 24, -1,
      24, 23, 9, -1,
      24, 9, 25, -1,
      25, 9, 26, -1,
      25, 26, 27, -1,
      27, 26, 28, -1,
      29, 30, 31, -1,
      31, 30, 32, -1,
      31, 32, 33, -1,
      34, 21, 35, -1,
      35, 21, 20, -1,
      35, 20, 29, -1,
      29, 20, 7, -1,
      29, 7, 30, -1,
      30, 7, 6, -1,
      15, 36, 21, -1,
      37, 38, 39, -1,
      39, 38, 40, -1,
      39, 40, 41, -1,
      42, 43, 39, -1,
      39, 43, 44, -1,
      45, 46, 47, -1,
      47, 46, 48, -1,
      44, 49, 39, -1,
      39, 49, 48, -1,
      39, 48, 50, -1,
      50, 48, 46, -1,
      41, 51, 39, -1,
      39, 51, 52, -1,
      39, 52, 42, -1,
      53, 21, 54, -1,
      54, 21, 34, -1,
      54, 34, 55, -1,
      33, 56, 31, -1,
      31, 56, 57, -1,
      31, 57, 58, -1,
      58, 57, 59, -1,
      58, 59, 60, -1,
      59, 61, 60, -1,
      60, 61, 62, -1,
      60, 62, 34, -1,
      34, 62, 63, -1,
      34, 63, 55, -1,
      53, 64, 21, -1,
      21, 64, 65, -1,
      21, 65, 66, -1,
      66, 67, 21, -1,
      21, 67, 68, -1,
      21, 68, 15, -1,
      15, 68, 69, -1,
      15, 69, 14, -1,
      14, 69, 70, -1,
      14, 70, 39, -1,
      39, 70, 71, -1,
      39, 71, 37, -1,
      72, 73, 2, -1,
      2, 73, 74, -1,
      2, 74, 11, -1,
      11, 74, 75, -1,
      11, 75, 76, -1,
      77, 78, 11, -1,
      79, 80, 81, -1,
      81, 82, 79, -1,
      79, 82, 83, -1,
      79, 83, 75, -1,
      75, 83, 84, -1,
      75, 84, 76, -1,
      78, 85, 11, -1,
      11, 85, 21, -1,
      11, 21, 9, -1,
      9, 21, 36, -1,
      9, 36, 26, -1,
      86, 87, 88, -1,
      88, 87, 89, -1,
      88, 89, 90, -1,
      85, 91, 21, -1,
      21, 91, 92, -1,
      21, 92, 81, -1,
      81, 92, 93, -1,
      81, 93, 94, -1,
      90, 95, 88, -1,
      88, 95, 96, -1,
      88, 96, 97, -1,
      94, 98, 81, -1,
      81, 98, 99, -1,
      81, 99, 100, -1,
      88, 82, 86, -1,
      86, 82, 81, -1,
      86, 81, 101, -1,
      101, 81, 100, -1,
      97, 77, 88, -1,
      88, 77, 11, -1,
      88, 11, 102, -1,
      102, 11, 76, -1,
      102, 76, 103, -1,
      103, 76, 104, -1,
      105, 106, 107, -1,
      108, 109, 110, -1,
      110, 109, 111, -1,
      110, 111, 107, -1,
      107, 111, 112, -1,
      107, 112, 105, -1,
      113, 114, 115, -1,
      116, 117, 118, -1,
      118, 117, 119, -1,
      118, 119, 115, -1,
      115, 119, 120, -1,
      115, 120, 113, -1,
    ]
  }
}

Shape {
  appearance Appearance {
    material Material {
      diffuseColor 1.0000 1.0000 1.0000
      specularColor 0.5020 0.5020 0.5020
      ambientIntensity 0.2
      transparency 0.0000
      shininess 0.5
    }
  }
  geometry IndexedFaceSet {
    ccw TRUE
    solid FALSE
    coord DEF co Coordinate {
      point [
        -1.964108 -0.131481 0.672285,
        -1.968504 0.000000 0.196850,
        -1.950940 -0.262376 0.196850,
        -1.898561 -0.520070 0.196850,
        -1.929059 -0.392098 0.672285,
        -1.950940 -0.262376 0.672285,
        -1.812303 -0.768483 0.196850,
        -1.859585 -0.645718 0.672285,
        -1.898561 -0.520070 0.672285,
        -1.693704 -1.003182 0.196850,
        -1.756927 -0.887815 0.672285,
        -1.812303 -0.768483 0.672285,
        -1.544881 -1.219980 0.196850,
        -1.622917 -1.114069 0.672285,
        -1.693704 -1.003182 0.672285,
        -1.368489 -1.415007 0.196850,
        -1.459945 -1.320443 0.672285,
        -1.544881 -1.219980 0.672285,
        -1.167677 -1.584783 0.196850,
        -1.270921 -1.503252 0.672285,
        -1.368489 -1.415007 0.672285,
        -0.946027 -1.726279 0.196850,
        -1.059217 -1.659237 0.672285,
        -1.167677 -1.584783 0.672285,
        -0.707496 -1.836970 0.196850,
        -0.828612 -1.785612 0.672285,
        -0.946027 -1.726279 0.672285,
        -0.456339 -1.914879 0.196850,
        -0.583220 -1.880123 0.672285,
        -0.707496 -1.836970 0.672285,
        -0.197039 -1.958618 0.196850,
        -0.327420 -1.941083 0.672285,
        -0.456339 -1.914879 0.672285,
        0.065778 -1.967405 0.196850,
        -0.065778 -1.967405 0.672285,
        -0.197039 -1.958618 0.672285,
        0.327420 -1.941083 0.196850,
        0.197039 -1.958618 0.672285,
        0.065778 -1.967405 0.672285,
        0.583220 -1.880123 0.196850,
        0.456339 -1.914879 0.672285,
        0.327420 -1.941083 0.672285,
        0.828612 -1.785612 0.196850,
        0.707496 -1.836970 0.672285,
        0.583220 -1.880123 0.672285,
        1.059217 -1.659237 0.196850,
        0.946027 -1.726279 0.672285,
        0.828612 -1.785612 0.672285,
        1.270921 -1.503252 0.196850,
        1.167677 -1.584783 0.672285,
        1.059217 -1.659237 0.672285,
        1.459945 -1.320443 0.196850,
        1.368489 -1.415007 0.672285,
        1.270921 -1.503252 0.672285,
        1.622917 -1.114069 0.196850,
        1.544881 -1.219980 0.672285,
        1.459945 -1.320443 0.672285,
        1.756927 -0.887815 0.196850,
        1.693704 -1.003182 0.672285,
        1.622917 -1.114069 0.672285,
        1.859585 -0.645718 0.196850,
        1.812303 -0.768483 0.672285,
        1.756927 -0.887815 0.672285,
        1.929059 -0.392098 0.196850,
        1.898561 -0.520070 0.672285,
        1.859585 -0.645718 0.672285,
        1.964108 -0.131481 0.196850,
        1.950940 -0.262376 0.672285,
        1.929059 -0.392098 0.672285,
        1.929059 0.392098 0.196850,
        1.950940 0.262376 0.672285,
        1.964108 0.131481 0.196850,
        1.964108 0.131481 0.672285,
        1.968504 0.000000 0.196850,
        1.968504 0.000000 0.672285,
        1.964108 -0.131481 0.672285,
        1.859585 0.645718 0.196850,
        1.898561 0.520070 0.672285,
        1.929059 0.392098 0.672285,
        1.756927 0.887815 0.196850,
        1.812303 0.768483 0.672285,
        1.859585 0.645718 0.672285,
        1.622917 1.114069 0.196850,
        1.693704 1.003182 0.672285,
        1.756927 0.887815 0.672285,
        1.459945 1.320443 0.196850,
        1.544881 1.219980 0.672285,
        1.622917 1.114069 0.672285,
        1.270921 1.503252 0.196850,
        1.368489 1.415007 0.672285,
        1.459945 1.320443 0.672285,
        1.059217 1.659237 0.196850,
        1.167677 1.584783 0.672285,
        1.270921 1.503252 0.672285,
        0.828612 1.785612 0.196850,
        0.946027 1.726279 0.672285,
        1.059217 1.659237 0.672285,
        0.583220 1.880123 0.196850,
        0.707496 1.836970 0.672285,
        0.828612 1.785612 0.672285,
        0.327420 1.941083 0.196850,
        0.456339 1.914879 0.672285,
        0.583220 1.880123 0.672285,
        0.065778 1.967405 0.196850,
        0.197039 1.958618 0.672285,
        0.327420 1.941083 0.672285,
        -0.197039 1.958618 0.196850,
        -0.065778 1.967405 0.672285,
        0.065778 1.967405 0.672285,
        -0.456339 1.914879 0.196850,
        -0.327420 1.941083 0.672285,
        -0.197039 1.958618 0.672285,
        -0.707496 1.836970 0.196850,
        -0.583220 1.880123 0.672285,
        -0.456339 1.914879 0.672285,
        -0.946027 1.726279 0.196850,
        -0.828612 1.785612 0.672285,
        -0.707496 1.836970 0.672285,
        -1.167677 1.584783 0.196850,
        -1.059217 1.659237 0.672285,
        -0.946027 1.726279 0.672285,
        -1.368489 1.415007 0.196850,
        -1.270921 1.503252 0.672285,
        -1.167677 1.584783 0.672285,
        -1.544881 1.219980 0.196850,
        -1.459945 1.320443 0.672285,
        -1.368489 1.415007 0.672285,
        -1.693704 1.003182 0.196850,
        -1.622917 1.114069 0.672285,
        -1.544881 1.219980 0.672285,
        -1.812303 0.768483 0.196850,
        -1.756927 0.887815 0.672285,
        -1.693704 1.003182 0.672285,
        -1.898561 0.520070 0.196850,
        -1.859585 0.645718 0.672285,
        -1.812303 0.768483 0.672285,
        -1.950940 0.262376 0.196850,
        -1.929059 0.392098 0.672285,
        -1.898561 0.520070 0.672285,
        -1.968504 0.000000 0.672285,
        -1.964108 0.131481 0.672285,
        -1.950940 0.262376 0.672285,
      ]
    }
    coordIndex [
      0, 1, 2, -1,
      3, 4, 2, -1,
      2, 4, 5, -1,
      2, 5, 0, -1,
      6, 7, 3, -1,
      3, 7, 8, -1,
      3, 8, 4, -1,
      9, 10, 6, -1,
      6, 10, 11, -1,
      6, 11, 7, -1,
      12, 13, 9, -1,
      9, 13, 14, -1,
      9, 14, 10, -1,
      15, 16, 12, -1,
      12, 16, 17, -1,
      12, 17, 13, -1,
      18, 19, 15, -1,
      15, 19, 20, -1,
      15, 20, 16, -1,
      21, 22, 18, -1,
      18, 22, 23, -1,
      18, 23, 19, -1,
      24, 25, 21, -1,
      21, 25, 26, -1,
      21, 26, 22, -1,
      27, 28, 24, -1,
      24, 28, 29, -1,
      24, 29, 25, -1,
      30, 31, 27, -1,
      27, 31, 32, -1,
      27, 32, 28, -1,
      33, 34, 30, -1,
      30, 34, 35, -1,
      30, 35, 31, -1,
      36, 37, 33, -1,
      33, 37, 38, -1,
      33, 38, 34, -1,
      39, 40, 36, -1,
      36, 40, 41, -1,
      36, 41, 37, -1,
      42, 43, 39, -1,
      39, 43, 44, -1,
      39, 44, 40, -1,
      45, 46, 42, -1,
      42, 46, 47, -1,
      42, 47, 43, -1,
      48, 49, 45, -1,
      45, 49, 50, -1,
      45, 50, 46, -1,
      51, 52, 48, -1,
      48, 52, 53, -1,
      48, 53, 49, -1,
      54, 55, 51, -1,
      51, 55, 56, -1,
      51, 56, 52, -1,
      57, 58, 54, -1,
      54, 58, 59, -1,
      54, 59, 55, -1,
      60, 61, 57, -1,
      57, 61, 62, -1,
      57, 62, 58, -1,
      63, 64, 60, -1,
      60, 64, 65, -1,
      60, 65, 61, -1,
      66, 67, 63, -1,
      63, 67, 68, -1,
      63, 68, 64, -1,
      69, 70, 71, -1,
      71, 70, 72, -1,
      71, 72, 73, -1,
      73, 72, 74, -1,
      73, 74, 66, -1,
      66, 74, 75, -1,
      66, 75, 67, -1,
      76, 77, 69, -1,
      69, 77, 78, -1,
      69, 78, 70, -1,
      79, 80, 76, -1,
      76, 80, 81, -1,
      76, 81, 77, -1,
      82, 83, 79, -1,
      79, 83, 84, -1,
      79, 84, 80, -1,
      85, 86, 82, -1,
      82, 86, 87, -1,
      82, 87, 83, -1,
      88, 89, 85, -1,
      85, 89, 90, -1,
      85, 90, 86, -1,
      91, 92, 88, -1,
      88, 92, 93, -1,
      88, 93, 89, -1,
      94, 95, 91, -1,
      91, 95, 96, -1,
      91, 96, 92, -1,
      97, 98, 94, -1,
      94, 98, 99, -1,
      94, 99, 95, -1,
      100, 101, 97, -1,
      97, 101, 102, -1,
      97, 102, 98, -1,
      103, 104, 100, -1,
      100, 104, 105, -1,
      100, 105, 101, -1,
      106, 107, 103, -1,
      103, 107, 108, -1,
      103, 108, 104, -1,
      109, 110, 106, -1,
      106, 110, 111, -1,
      106, 111, 107, -1,
      112, 113, 109, -1,
      109, 113, 114, -1,
      109, 114, 110, -1,
      115, 116, 112, -1,
      112, 116, 117, -1,
      112, 117, 113, -1,
      118, 119, 115, -1,
      115, 119, 120, -1,
      115, 120, 116, -1,
      121, 122, 118, -1,
      118, 122, 123, -1,
      118, 123, 119, -1,
      124, 125, 121, -1,
      121, 125, 126, -1,
      121, 126, 122, -1,
      127, 128, 124, -1,
      124, 128, 129, -1,
      124, 129, 125, -1,
      130, 131, 127, -1,
      127, 131, 132, -1,
      127, 132, 128, -1,
      133, 134, 130, -1,
      130, 134, 135, -1,
      130, 135, 131, -1,
      136, 137, 133, -1,
      133, 137, 138, -1,
      133, 138, 134, -1,
      0, 139, 1, -1,
      1, 139, 140, -1,
      1, 140, 136, -1,
      136, 140, 141, -1,
      136, 141, 137, -1,
    ]
  }
}

Shape {
  appearance Appearance {
    material Material {
      diffuseColor 0.2510 0.2510 0.2510
      specularColor 0.1255 0.1255 0.1255
      ambientIntensity 0.2
      transparency 0.0000
      shininess 0.5
    }
  }
  geometry IndexedFaceSet {
    ccw TRUE
    solid FALSE
    coord DEF co Coordinate {
      point [
        -0.080325 -2.027559 0.000000,
        2.027559 -0.196850 0.000000,
        2.027559 -1.437008 0.000000,
        1.437008 -2.027559 0.000000,
        2.027559 1.437008 0.000000,
        2.027559 0.196850 0.000000,
        1.437008 2.027559 0.000000,
        -0.080325 2.027559 0.000000,
        -2.027559 -2.027559 0.000000,
        -2.027559 -0.196850 0.000000,
        -2.027559 0.196850 0.000000,
        -2.027559 2.027559 0.000000,
        2.027559 0.196850 0.118110,
        2.027559 0.177165 0.118110,
        2.027559 -0.177165 0.118110,
        2.027559 -0.196850 0.118110,
        -2.027559 -0.196850 0.118110,
        -2.027559 -0.177165 0.118110,
        -2.027559 0.177165 0.118110,
        -2.027559 0.196850 0.118110,
        -1.968504 0.000000 0.196850,
        -1.950940 -0.262376 0.196850,
        -1.898561 -0.520070 0.196850,
        -1.812303 -0.768483 0.196850,
        -1.693704 -1.003182 0.196850,
        -1.544881 -1.219980 0.196850,
        -1.368489 -1.415007 0.196850,
        -1.167677 -1.584783 0.196850,
        -0.946027 -1.726279 0.196850,
        -0.707496 -1.836970 0.196850,
        -0.456339 -1.914879 0.196850,
        -0.197039 -1.958618 0.196850,
        0.065778 -1.967405 0.196850,
        0.327420 -1.941083 0.196850,
        0.583220 -1.880123 0.196850,
        0.828612 -1.785612 0.196850,
        1.059217 -1.659237 0.196850,
        1.270921 -1.503252 0.196850,
        1.459945 -1.320443 0.196850,
        1.622917 -1.114069 0.196850,
        1.756927 -0.887815 0.196850,
        1.859585 -0.645718 0.196850,
        1.929059 -0.392098 0.196850,
        1.964108 -0.131481 0.196850,
        1.929059 0.392098 0.196850,
        1.964108 0.131481 0.196850,
        1.968504 0.000000 0.196850,
        1.859585 0.645718 0.196850,
        1.756927 0.887815 0.196850,
        1.622917 1.114069 0.196850,
        1.459945 1.320443 0.196850,
        1.270921 1.503252 0.196850,
        1.059217 1.659237 0.196850,
        0.828612 1.785612 0.196850,
        0.583220 1.880123 0.196850,
        0.327420 1.941083 0.196850,
        0.065778 1.967405 0.196850,
        -0.197039 1.958618 0.196850,
        -0.456339 1.914879 0.196850,
        -0.707496 1.836970 0.196850,
        -0.946027 1.726279 0.196850,
        -1.167677 1.584783 0.196850,
        -1.368489 1.415007 0.196850,
        -1.544881 1.219980 0.196850,
        -1.693704 1.003182 0.196850,
        -1.812303 0.768483 0.196850,
        -1.898561 0.520070 0.196850,
        -1.950940 0.262376 0.196850,
        1.946630 0.492126 0.196850,
        1.946630 0.492126 0.393701,
        1.874074 0.720697 0.196850,
        1.874074 0.720697 0.393701,
        1.774785 0.938987 0.196850,
        1.774785 0.938987 0.393701,
        1.650179 1.143883 0.196850,
        1.650179 1.143883 0.393701,
        1.502033 1.332462 0.196850,
        1.502033 1.332462 0.393701,
        1.332462 1.502033 0.196850,
        1.332462 1.502033 0.393701,
        1.143883 1.650179 0.196850,
        1.143883 1.650179 0.393701,
        0.938987 1.774785 0.196850,
        0.938987 1.774785 0.393701,
        0.720697 1.874074 0.196850,
        0.720697 1.874074 0.393701,
        0.492126 1.946630 0.196850,
        0.492126 1.946630 0.393701,
        0.492126 -1.946630 0.196850,
        0.492126 -1.946630 0.393701,
        0.720697 -1.874074 0.196850,
        0.720697 -1.874074 0.393701,
        0.938987 -1.774785 0.196850,
        0.938987 -1.774785 0.393701,
        1.143883 -1.650179 0.196850,
        1.143883 -1.650179 0.393701,
        1.332462 -1.502033 0.196850,
        1.332462 -1.502033 0.393701,
        1.502033 -1.332462 0.196850,
        1.502033 -1.332462 0.393701,
        1.650179 -1.143883 0.196850,
        1.650179 -1.143883 0.393701,
        1.774785 -0.938987 0.196850,
        1.774785 -0.938987 0.393701,
        1.874074 -0.720697 0.196850,
        1.874074 -0.720697 0.393701,
        1.946630 -0.492126 0.196850,
        1.946630 -0.492126 0.393701,
        0.492126 2.027559 0.196850,
        0.492126 2.027559 0.393701,
        1.437008 2.027559 0.393701,
        -2.027559 2.027559 0.787402,
        -0.492126 2.027559 0.787402,
        -0.492126 2.027559 0.196850,
        -0.492126 -2.027559 0.196850,
        -0.492126 -2.027559 0.787402,
        -2.027559 -2.027559 0.787402,
        0.492126 -2.027559 0.196850,
        0.492126 -2.027559 0.393701,
        1.437008 -2.027559 0.393701,
        2.027559 -0.492126 0.196850,
        2.027559 -0.492126 0.393701,
        2.027559 -1.437008 0.393701,
        2.027559 1.437008 0.393701,
        2.027559 0.492126 0.393701,
        2.027559 0.492126 0.196850,
        -0.492126 1.946630 0.787402,
        -0.720697 1.874074 0.787402,
        -2.027559 0.492126 0.787402,
        -1.946630 0.492126 0.787402,
        -1.874074 0.720697 0.787402,
        -1.774785 0.938987 0.787402,
        -1.650179 1.143883 0.787402,
        -1.502033 1.332462 0.787402,
        -1.332462 1.502033 0.787402,
        -1.143883 1.650179 0.787402,
        -0.938987 1.774785 0.787402,
        -0.492126 -1.946630 0.787402,
        -0.720697 -1.874074 0.787402,
        -0.938987 -1.774785 0.787402,
        -1.143883 -1.650179 0.787402,
        -1.332462 -1.502033 0.787402,
        -1.502033 -1.332462 0.787402,
        -1.650179 -1.143883 0.787402,
        -1.946630 -0.492126 0.787402,
        -2.027559 -0.492126 0.787402,
        -1.874074 -0.720697 0.787402,
        -1.774785 -0.938987 0.787402,
        -0.492126 1.946630 0.196850,
        -0.720697 1.874074 0.196850,
        -0.938987 1.774785 0.196850,
        -1.143883 1.650179 0.196850,
        -1.332462 1.502033 0.196850,
        -1.502033 1.332462 0.196850,
        -1.650179 1.143883 0.196850,
        -1.774785 0.938987 0.196850,
        -1.874074 0.720697 0.196850,
        -1.946630 0.492126 0.196850,
        -1.946630 -0.492126 0.196850,
        -1.874074 -0.720697 0.196850,
        -1.774785 -0.938987 0.196850,
        -1.650179 -1.143883 0.196850,
        -1.502033 -1.332462 0.196850,
        -1.332462 -1.502033 0.196850,
        -1.143883 -1.650179 0.196850,
        -0.938987 -1.774785 0.196850,
        -0.720697 -1.874074 0.196850,
        -0.492126 -1.946630 0.196850,
        -2.027559 -0.492126 0.196850,
        -2.027559 0.492126 0.196850,
      ]
    }
    coordIndex [
      68, 69, 70, -1,
      70, 69, 71, -1,
      70, 71, 72, -1,
      72, 71, 73, -1,
      72, 73, 74, -1,
      74, 73, 75, -1,
      74, 75, 76, -1,
      76, 75, 77, -1,
      76, 77, 78, -1,
      78, 77, 79, -1,
      78, 79, 80, -1,
      80, 79, 81, -1,
      80, 81, 82, -1,
      82, 81, 83, -1,
      82, 83, 84, -1,
      84, 83, 85, -1,
      84, 85, 86, -1,
      86, 85, 87, -1,
      88, 89, 90, -1,
      90, 89, 91, -1,
      90, 91, 92, -1,
      92, 91, 93, -1,
      92, 93, 94, -1,
      94, 93, 95, -1,
      94, 95, 96, -1,
      96, 95, 97, -1,
      96, 97, 98, -1,
      98, 97, 99, -1,
      98, 99, 100, -1,
      100, 99, 101, -1,
      100, 101, 102, -1,
      102, 101, 103, -1,
      102, 103, 104, -1,
      104, 103, 105, -1,
      104, 105, 106, -1,
      106, 105, 107, -1,
      108, 109, 110, -1,
      111, 112, 11, -1,
      11, 112, 113, -1,
      11, 113, 7, -1,
      7, 113, 108, -1,
      7, 108, 6, -1,
      6, 108, 110, -1,
      114, 115, 116, -1,
      116, 8, 114, -1,
      114, 8, 0, -1,
      114, 0, 117, -1,
      117, 0, 3, -1,
      117, 3, 118, -1,
      118, 3, 119, -1,
      120, 121, 122, -1,
      2, 1, 122, -1,
      122, 1, 15, -1,
      122, 15, 120, -1,
      123, 124, 4, -1,
      4, 124, 125, -1,
      4, 125, 5, -1,
      15, 14, 120, -1,
      120, 14, 13, -1,
      120, 13, 125, -1,
      125, 13, 12, -1,
      125, 12, 5, -1,
      121, 120, 107, -1,
      107, 120, 106, -1,
      69, 68, 124, -1,
      124, 68, 125, -1,
      89, 88, 118, -1,
      118, 88, 117, -1,
      109, 108, 87, -1,
      87, 108, 86, -1,
      126, 112, 127, -1,
      127, 112, 111, -1,
      128, 129, 111, -1,
      111, 129, 130, -1,
      111, 130, 131, -1,
      131, 132, 111, -1,
      111, 132, 133, -1,
      111, 133, 134, -1,
      134, 135, 111, -1,
      111, 135, 136, -1,
      111, 136, 127, -1,
      116, 115, 137, -1,
      137, 138, 116, -1,
      116, 138, 139, -1,
      116, 139, 140, -1,
      140, 141, 116, -1,
      116, 141, 142, -1,
      116, 142, 143, -1,
      144, 145, 146, -1,
      146, 145, 116, -1,
      146, 116, 147, -1,
      147, 116, 143, -1,
      148, 126, 149, -1,
      149, 126, 127, -1,
      149, 127, 150, -1,
      150, 127, 136, -1,
      150, 136, 151, -1,
      151, 136, 135, -1,
      151, 135, 152, -1,
      152, 135, 134, -1,
      152, 134, 153, -1,
      153, 134, 133, -1,
      153, 133, 154, -1,
      154, 133, 132, -1,
      154, 132, 155, -1,
      155, 132, 131, -1,
      155, 131, 156, -1,
      156, 131, 130, -1,
      156, 130, 157, -1,
      157, 130, 129, -1,
      158, 144, 159, -1,
      159, 144, 146, -1,
      159, 146, 160, -1,
      160, 146, 147, -1,
      160, 147, 161, -1,
      161, 147, 143, -1,
      161, 143, 162, -1,
      162, 143, 142, -1,
      162, 142, 163, -1,
      163, 142, 141, -1,
      163, 141, 164, -1,
      164, 141, 140, -1,
      164, 140, 165, -1,
      165, 140, 139, -1,
      165, 139, 166, -1,
      166, 139, 138, -1,
      166, 138, 167, -1,
      167, 138, 137, -1,
      17, 16, 168, -1,
      128, 111, 169, -1,
      169, 111, 11, -1,
      16, 9, 168, -1,
      168, 9, 8, -1,
      168, 8, 145, -1,
      145, 8, 116, -1,
      17, 168, 18, -1,
      18, 168, 169, -1,
      18, 169, 19, -1,
      19, 169, 11, -1,
      19, 11, 10, -1,
      45, 46, 125, -1,
      125, 46, 120, -1,
      120, 46, 43, -1,
      120, 43, 42, -1,
      86, 108, 56, -1,
      56, 108, 113, -1,
      56, 113, 57, -1,
      157, 169, 20, -1,
      20, 169, 168, -1,
      20, 168, 21, -1,
      21, 168, 158, -1,
      21, 158, 22, -1,
      22, 158, 23, -1,
      23, 158, 159, -1,
      23, 159, 24, -1,
      56, 55, 86, -1,
      86, 55, 54, -1,
      86, 54, 84, -1,
      84, 54, 53, -1,
      45, 125, 44, -1,
      44, 125, 68, -1,
      44, 68, 47, -1,
      47, 68, 70, -1,
      47, 70, 48, -1,
      48, 70, 72, -1,
      48, 72, 49, -1,
      49, 72, 74, -1,
      49, 74, 50, -1,
      50, 74, 76, -1,
      50, 76, 51, -1,
      51, 76, 78, -1,
      51, 78, 52, -1,
      52, 78, 80, -1,
      52, 80, 53, -1,
      53, 80, 82, -1,
      53, 82, 84, -1,
      159, 160, 24, -1,
      24, 160, 161, -1,
      24, 161, 25, -1,
      25, 161, 162, -1,
      25, 162, 26, -1,
      26, 162, 163, -1,
      26, 163, 27, -1,
      27, 163, 164, -1,
      27, 164, 28, -1,
      28, 164, 165, -1,
      28, 165, 29, -1,
      29, 165, 166, -1,
      29, 166, 30, -1,
      30, 166, 167, -1,
      30, 167, 31, -1,
      31, 167, 114, -1,
      31, 114, 32, -1,
      32, 114, 117, -1,
      32, 117, 33, -1,
      33, 117, 88, -1,
      33, 88, 34, -1,
      34, 88, 90, -1,
      34, 90, 35, -1,
      35, 90, 92, -1,
      35, 92, 36, -1,
      36, 92, 94, -1,
      36, 94, 37, -1,
      37, 94, 96, -1,
      37, 96, 38, -1,
      38, 96, 98, -1,
      38, 98, 39, -1,
      39, 98, 100, -1,
      39, 100, 40, -1,
      40, 100, 102, -1,
      40, 102, 41, -1,
      41, 102, 104, -1,
      41, 104, 42, -1,
      42, 104, 106, -1,
      42, 106, 120, -1,
      63, 154, 64, -1,
      64, 154, 155, -1,
      64, 155, 65, -1,
      65, 155, 156, -1,
      65, 156, 66, -1,
      66, 156, 157, -1,
      66, 157, 67, -1,
      67, 157, 20, -1,
      57, 113, 58, -1,
      58, 113, 148, -1,
      58, 148, 59, -1,
      59, 148, 149, -1,
      59, 149, 60, -1,
      60, 149, 150, -1,
      60, 150, 61, -1,
      61, 150, 151, -1,
      61, 151, 62, -1,
      62, 151, 152, -1,
      62, 152, 63, -1,
      63, 152, 153, -1,
      63, 153, 154, -1,
      168, 145, 158, -1,
      158, 145, 144, -1,
      157, 129, 169, -1,
      169, 129, 128, -1,
      115, 114, 137, -1,
      137, 114, 167, -1,
      113, 112, 148, -1,
      148, 112, 126, -1,
      69, 124, 71, -1,
      71, 124, 123, -1,
      71, 123, 73, -1,
      73, 123, 75, -1,
      109, 87, 110, -1,
      110, 87, 85, -1,
      110, 85, 83, -1,
      83, 81, 110, -1,
      110, 81, 79, -1,
      110, 79, 123, -1,
      123, 79, 77, -1,
      123, 77, 75, -1,
      89, 118, 91, -1,
      91, 118, 119, -1,
      91, 119, 93, -1,
      93, 119, 95, -1,
      121, 107, 122, -1,
      122, 107, 105, -1,
      122, 105, 103, -1,
      103, 101, 122, -1,
      122, 101, 99, -1,
      122, 99, 119, -1,
      119, 99, 97, -1,
      119, 97, 95, -1,
    ]
  }
}

Shape {
  appearance Appearance {
    material Material {
      diffuseColor 1.0000 1.0000 1.0000
      specularColor 0.5020 0.5020 0.5020
      ambientIntensity 0.2
      transparency 0.0000
      shininess 0.5
    }
  }
  geometry IndexedFaceSet {
    ccw TRUE
    solid FALSE
    coord DEF co Coordinate {
      point [
        -1.964108 -0.131481 0.672285,
        -1.929059 -0.392098 0.672285,
        -1.950940 -0.262376 0.672285,
        -1.859585 -0.645718 0.672285,
        -1.898561 -0.520070 0.672285,
        -1.756927 -0.887815 0.672285,
        -1.812303 -0.768483 0.672285,
        -1.622917 -1.114069 0.672285,
        -1.693704 -1.003182 0.672285,
        -1.459945 -1.320443 0.672285,
        -1.544881 -1.219980 0.672285,
        -1.270921 -1.503252 0.672285,
        -1.368489 -1.415007 0.672285,
        -1.059217 -1.659237 0.672285,
        -1.167677 -1.584783 0.672285,
        -0.828612 -1.785612 0.672285,
        -0.946027 -1.726279 0.672285,
        -0.583220 -1.880123 0.672285,
        -0.707496 -1.836970 0.672285,
        -0.327420 -1.941083 0.672285,
        -0.456339 -1.914879 0.672285,
        -0.065778 -1.967405 0.672285,
        -0.197039 -1.958618 0.672285,
        0.197039 -1.958618 0.672285,
        0.065778 -1.967405 0.672285,
        0.456339 -1.914879 0.672285,
        0.327420 -1.941083 0.672285,
        0.707496 -1.836970 0.672285,
        0.583220 -1.880123 0.672285,
        0.946027 -1.726279 0.672285,
        0.828612 -1.785612 0.672285,
        1.167677 -1.584783 0.672285,
        1.059217 -1.659237 0.672285,
        1.368489 -1.415007 0.672285,
        1.270921 -1.503252 0.672285,
        1.544881 -1.219980 0.672285,
        1.459945 -1.320443 0.672285,
        1.693704 -1.003182 0.672285,
        1.622917 -1.114069 0.672285,
        1.812303 -0.768483 0.672285,
        1.756927 -0.887815 0.672285,
        1.898561 -0.520070 0.672285,
        1.859585 -0.645718 0.672285,
        1.950940 -0.262376 0.672285,
        1.929059 -0.392098 0.672285,
        1.950940 0.262376 0.672285,
        1.964108 0.131481 0.672285,
        1.968504 0.000000 0.672285,
        1.964108 -0.131481 0.672285,
        1.898561 0.520070 0.672285,
        1.929059 0.392098 0.672285,
        1.812303 0.768483 0.672285,
        1.859585 0.645718 0.672285,
        1.693704 1.003182 0.672285,
        1.756927 0.887815 0.672285,
        1.544881 1.219980 0.672285,
        1.622917 1.114069 0.672285,
        1.368489 1.415007 0.672285,
        1.459945 1.320443 0.672285,
        1.167677 1.584783 0.672285,
        1.270921 1.503252 0.672285,
        0.946027 1.726279 0.672285,
        1.059217 1.659237 0.672285,
        0.707496 1.836970 0.672285,
        0.828612 1.785612 0.672285,
        0.456339 1.914879 0.672285,
        0.583220 1.880123 0.672285,
        0.197039 1.958618 0.672285,
        0.327420 1.941083 0.672285,
        -0.065778 1.967405 0.672285,
        0.065778 1.967405 0.672285,
        -0.327420 1.941083 0.672285,
        -0.197039 1.958618 0.672285,
        -0.583220 1.880123 0.672285,
        -0.456339 1.914879 0.672285,
        -0.828612 1.785612 0.672285,
        -0.707496 1.836970 0.672285,
        -1.059217 1.659237 0.672285,
        -0.946027 1.726279 0.672285,
        -1.270921 1.503252 0.672285,
        -1.167677 1.584783 0.672285,
        -1.459945 1.320443 0.672285,
        -1.368489 1.415007 0.672285,
        -1.622917 1.114069 0.672285,
        -1.544881 1.219980 0.672285,
        -1.756927 0.887815 0.672285,
        -1.693704 1.003182 0.672285,
        -1.859585 0.645718 0.672285,
        -1.812303 0.768483 0.672285,
        -1.929059 0.392098 0.672285,
        -1.898561 0.520070 0.672285,
        -1.968504 0.000000 0.672285,
        -1.964108 0.131481 0.672285,
        -1.950940 0.262376 0.672285,
        1.713589 0.865915 0.801742,
        1.699361 0.891878 0.801742,
        1.678235 0.880806 0.837868,
        1.506773 1.189887 0.801742,
        1.496580 1.201943 0.801742,
        1.477743 1.186830 0.837868,
        0.445082 1.867645 0.801742,
        0.414136 1.873935 0.801742,
        0.408983 1.850681 0.837868,
        0.064155 1.918874 0.801742,
        0.046393 1.918874 0.801742,
        0.045798 1.894780 0.837868,
        -0.319343 1.893202 0.801742,
        -0.323211 1.892416 0.801742,
        -0.319093 1.868280 0.837868,
        -1.138874 1.545691 0.801742,
        -1.165206 1.524897 0.801742,
        -1.150776 1.505990 0.837868,
        -1.423933 1.287871 0.801742,
        -1.436674 1.272800 0.801742,
        -1.418678 1.256839 0.837868,
        -1.651925 0.978437 0.801742,
        -1.654770 0.973245 0.801742,
        -1.633720 0.960858 0.837868,
        -1.915659 0.128238 0.801742,
        -1.916846 0.092730 0.801742,
        -1.893120 0.091570 0.837868,
        -1.902816 -0.255904 0.801742,
        -1.899205 -0.277311 0.801742,
        -1.875445 -0.273855 0.837868,
        -1.813714 -0.629790 0.801742,
        -1.810877 -0.637156 0.801742,
        -1.787891 -0.629076 0.837868,
        -1.033089 -1.618308 0.801742,
        -1.012712 -1.630378 0.801742,
        -1.000054 -1.610025 0.837868,
        -0.690044 -1.791657 0.801742,
        -0.680722 -1.794894 0.801742,
        -0.672094 -1.772168 0.837868,
        0.568833 -1.833746 0.801742,
        0.593071 -1.825330 0.801742,
        0.585690 -1.802569 0.837868,
        0.922691 -1.683697 0.801742,
        0.932879 -1.677663 0.801742,
        0.921101 -1.656461 0.837868,
        1.767599 -0.749527 0.801742,
        1.777530 -0.723742 0.801742,
        1.755410 -0.714720 0.837868,
        1.881474 -0.382426 0.801742,
        1.883772 -0.368804 0.801742,
        1.860024 -0.364144 0.837868,
        1.915659 0.128238 1.042656,
        1.919947 0.000000 1.042656,
        1.895333 0.000000 1.006530,
        1.881474 0.382426 1.042656,
        1.883772 0.368804 1.042656,
        1.860024 0.364144 1.006530,
        1.767599 0.749527 1.042656,
        1.777530 0.723742 1.042656,
        1.755410 0.714720 1.006530,
        1.138874 1.545691 1.042656,
        1.239571 1.466172 1.042656,
        1.222191 1.448633 1.006530,
        0.922691 1.683697 1.042656,
        0.932879 1.677663 1.042656,
        0.921101 1.656461 1.006530,
        0.568833 1.833746 1.042656,
        0.593071 1.825330 1.042656,
        0.585690 1.802569 1.006530,
        -0.690044 1.791657 1.042656,
        -0.680722 1.794894 1.042656,
        -0.672094 1.772168 1.006530,
        -1.033089 1.618308 1.042656,
        -1.012712 1.630378 1.042656,
        -1.000054 1.610025 1.006530,
        -1.813714 0.629790 1.042656,
        -1.810877 0.637156 1.042656,
        -1.787891 0.629076 1.006530,
        -1.902816 0.255904 1.042656,
        -1.899205 0.277311 1.042656,
        -1.875445 0.273855 1.006530,
        -1.651925 -0.978437 1.042656,
        -1.654770 -0.973245 1.042656,
        -1.633720 -0.960858 1.006530,
        -1.423933 -1.287871 1.042656,
        -1.436674 -1.272800 1.042656,
        -1.418678 -1.256839 1.006530,
        -1.138874 -1.545691 1.042656,
        -1.165206 -1.524897 1.042656,
        -1.150776 -1.505990 1.006530,
        -0.319343 -1.893202 1.042656,
        -0.323211 -1.892416 1.042656,
        -0.319093 -1.868280 1.006530,
        0.064155 -1.918874 1.042656,
        0.046393 -1.918874 1.042656,
        0.045798 -1.894780 1.006530,
        0.445082 -1.867645 1.042656,
        0.414136 -1.873935 1.042656,
        0.408983 -1.850681 1.006530,
        1.334732 -1.380103 1.042656,
        1.239571 -1.466172 1.042656,
        1.222191 -1.448633 1.006530,
        1.506773 -1.189887 1.042656,
        1.496580 -1.201943 1.042656,
        1.477743 -1.186830 1.006530,
        1.713589 -0.865915 1.042656,
        1.699361 -0.891878 1.042656,
        1.678235 -0.880806 1.006530,
        1.915659 -0.128238 1.042656,
        1.886485 -0.182926 1.006530,
        1.909929 -0.185196 1.042656,
        1.902816 -0.255904 1.042656,
        1.883772 -0.368804 1.042656,
        1.860024 -0.364144 1.006530,
        1.881474 -0.382426 1.042656,
        1.851730 -0.507241 1.042656,
        1.816196 -0.541963 1.006530,
        1.838864 -0.548716 1.042656,
        1.813714 -0.629790 1.042656,
        1.767599 -0.749527 1.042656,
        1.777530 -0.723742 1.042656,
        1.755410 -0.714720 1.006530,
        1.651925 -0.978437 1.042656,
        1.585390 -1.038667 1.006530,
        1.605187 -1.051650 1.042656,
        1.582884 -1.086588 1.042656,
        1.423933 -1.287871 1.042656,
        1.356299 -1.323912 1.006530,
        1.373156 -1.340374 1.042656,
        1.138874 -1.545691 1.042656,
        1.076672 -1.559829 1.006530,
        1.090051 -1.579206 1.042656,
        1.033089 -1.618308 1.042656,
        0.932879 -1.677663 1.042656,
        0.921101 -1.656461 1.006530,
        0.922691 -1.683697 1.042656,
        0.808172 -1.741566 1.042656,
        0.756929 -1.737627 1.006530,
        0.766376 -1.759289 1.042656,
        0.690044 -1.791657 1.042656,
        0.568833 -1.833746 1.042656,
        0.593071 -1.825330 1.042656,
        0.585690 -1.802569 1.006530,
        0.319343 -1.893202 1.042656,
        0.228457 -1.881515 1.006530,
        0.231302 -1.905043 1.042656,
        0.192178 -1.910304 1.042656,
        -0.064155 -1.918874 1.042656,
        -0.137288 -1.890355 1.006530,
        -0.139002 -1.913864 1.042656,
        -0.192178 -1.910304 1.042656,
        -0.445082 -1.867645 1.042656,
        -0.497918 -1.828761 1.006530,
        -0.504102 -1.851478 1.042656,
        -0.568833 -1.833746 1.042656,
        -0.680722 -1.794894 1.042656,
        -0.672094 -1.772168 1.006530,
        -0.690044 -1.791657 1.042656,
        -0.808172 -1.741566 1.042656,
        -0.839996 -1.699028 1.006530,
        -0.850454 -1.720200 1.042656,
        -0.922691 -1.683697 1.042656,
        -1.033089 -1.618308 1.042656,
        -1.012712 -1.630378 1.042656,
        -1.000054 -1.610025 1.006530,
        -1.239571 -1.466172 1.042656,
        -1.290752 -1.387893 1.006530,
        -1.306919 -1.405259 1.042656,
        -1.334732 -1.380103 1.042656,
        -1.506773 -1.189887 1.042656,
        -1.533357 -1.114049 1.006530,
        -1.552441 -1.127906 1.042656,
        -1.582884 -1.086588 1.042656,
        -1.713589 -0.865915 1.042656,
        -1.718830 -0.798696 1.006530,
        -1.740178 -0.808617 1.042656,
        -1.767599 -0.749527 1.042656,
        -1.810877 -0.637156 1.042656,
        -1.787891 -0.629076 1.006530,
        -1.813714 -0.629790 1.042656,
        -1.851730 -0.507241 1.042656,
        -1.840259 -0.453583 1.006530,
        -1.863169 -0.459238 1.042656,
        -1.881474 -0.382426 1.042656,
        -1.899205 -0.277311 1.042656,
        -1.875445 -0.273855 1.006530,
        -1.902816 -0.255904 1.042656,
        -1.915659 -0.128238 1.042656,
        -1.893120 -0.091570 1.006530,
        -1.916846 -0.092730 1.042656,
        -1.919947 0.000000 1.042656,
        -1.916846 0.092730 1.042656,
        -1.893120 0.091570 1.006530,
        -1.915659 0.128238 1.042656,
        -1.881474 0.382426 1.042656,
        -1.840259 0.453583 1.006530,
        -1.863169 0.459238 1.042656,
        -1.851730 0.507241 1.042656,
        -1.767599 0.749527 1.042656,
        -1.718830 0.798696 1.006530,
        -1.740178 0.808617 1.042656,
        -1.713589 0.865915 1.042656,
        -1.654770 0.973245 1.042656,
        -1.633720 0.960858 1.006530,
        -1.651925 0.978437 1.042656,
        -1.582884 1.086588 1.042656,
        -1.533357 1.114049 1.006530,
        -1.552441 1.127906 1.042656,
        -1.506773 1.189887 1.042656,
        -1.436674 1.272800 1.042656,
        -1.418678 1.256839 1.006530,
        -1.423933 1.287871 1.042656,
        -1.334732 1.380103 1.042656,
        -1.290752 1.387893 1.006530,
        -1.306919 1.405259 1.042656,
        -1.239571 1.466172 1.042656,
        -1.165206 1.524897 1.042656,
        -1.150776 1.505990 1.006530,
        -1.138874 1.545691 1.042656,
        -0.922691 1.683697 1.042656,
        -0.839996 1.699028 1.006530,
        -0.850454 1.720200 1.042656,
        -0.808172 1.741566 1.042656,
        -0.568833 1.833746 1.042656,
        -0.497918 1.828761 1.006530,
        -0.504102 1.851478 1.042656,
        -0.445082 1.867645 1.042656,
        -0.323211 1.892416 1.042656,
        -0.319093 1.868280 1.006530,
        -0.319343 1.893202 1.042656,
        -0.192178 1.910304 1.042656,
        -0.137288 1.890355 1.006530,
        -0.139002 1.913864 1.042656,
        -0.064155 1.918874 1.042656,
        0.046393 1.918874 1.042656,
        0.045798 1.894780 1.006530,
        0.064155 1.918874 1.042656,
        0.192178 1.910304 1.042656,
        0.228457 1.881515 1.006530,
        0.231302 1.905043 1.042656,
        0.319343 1.893202 1.042656,
        0.414136 1.873935 1.042656,
        0.408983 1.850681 1.006530,
        0.445082 1.867645 1.042656,
        0.690044 1.791657 1.042656,
        0.756929 1.737627 1.006530,
        0.766376 1.759289 1.042656,
        0.808172 1.741566 1.042656,
        1.033089 1.618308 1.042656,
        1.076672 1.559829 1.006530,
        1.090051 1.579206 1.042656,
        1.334732 1.380103 1.042656,
        1.356299 1.323912 1.006530,
        1.373156 1.340374 1.042656,
        1.423933 1.287871 1.042656,
        1.496580 1.201943 1.042656,
        1.477743 1.186830 1.006530,
        1.506773 1.189887 1.042656,
        1.582884 1.086588 1.042656,
        1.585390 1.038667 1.006530,
        1.605187 1.051650 1.042656,
        1.651925 0.978437 1.042656,
        1.699361 0.891878 1.042656,
        1.678235 0.880806 1.006530,
        1.713589 0.865915 1.042656,
        1.813714 0.629790 1.042656,
        1.816196 0.541963 1.006530,
        1.838864 0.548716 1.042656,
        1.851730 0.507241 1.042656,
        1.902816 0.255904 1.042656,
        1.886485 0.182926 1.006530,
        1.909929 0.185196 1.042656,
        1.902816 -0.255904 0.801742,
        1.909929 -0.185196 0.801742,
        1.886485 -0.182926 0.837868,
        1.915659 -0.128238 0.801742,
        1.871205 -0.181444 0.965600,
        1.879982 0.000000 0.965600,
        1.866013 -0.180941 0.922199,
        1.874765 0.000000 0.922199,
        1.871205 -0.181444 0.878798,
        1.879982 0.000000 0.878798,
        1.895333 0.000000 0.837868,
        1.919947 0.000000 0.801742,
        1.844958 -0.361195 0.965600,
        1.839839 -0.360193 0.922199,
        1.844958 -0.361195 0.878798,
        1.813714 -0.629790 0.801742,
        1.838864 -0.548716 0.801742,
        1.816196 -0.541963 0.837868,
        1.851730 -0.507241 0.801742,
        1.801485 -0.537573 0.965600,
        1.796486 -0.536081 0.922199,
        1.801485 -0.537573 0.878798,
        1.741191 -0.708931 0.965600,
        1.736360 -0.706964 0.922199,
        1.741191 -0.708931 0.878798,
        1.678235 -0.880806 0.837868,
        1.699361 -0.891878 0.801742,
        1.713589 -0.865915 0.801742,
        1.664641 -0.873671 0.965600,
        1.660022 -0.871247 0.922199,
        1.664641 -0.873671 0.878798,
        1.582884 -1.086588 0.801742,
        1.605187 -1.051650 0.801742,
        1.585390 -1.038667 0.837868,
        1.651925 -0.978437 0.801742,
        1.572548 -1.030254 0.965600,
        1.568185 -1.027395 0.922199,
        1.572548 -1.030254 0.878798,
        1.477743 -1.186830 0.837868,
        1.496580 -1.201943 0.801742,
        1.506773 -1.189887 0.801742,
        1.465774 -1.177217 0.965600,
        1.461706 -1.173950 0.922199,
        1.465774 -1.177217 0.878798,
        1.334732 -1.380103 0.801742,
        1.373156 -1.340374 0.801742,
        1.356299 -1.323912 0.837868,
        1.423933 -1.287871 0.801742,
        1.345313 -1.313189 0.965600,
        1.341580 -1.309545 0.922199,
        1.345313 -1.313189 0.878798,
        1.212292 -1.436900 0.965600,
        1.208928 -1.432913 0.922199,
        1.212292 -1.436900 0.878798,
        1.222191 -1.448633 0.837868,
        1.239571 -1.466172 0.801742,
        1.033089 -1.618308 0.801742,
        1.090051 -1.579206 0.801742,
        1.076672 -1.559829 0.837868,
        1.138874 -1.545691 0.801742,
        1.067951 -1.547194 0.965600,
        1.064988 -1.542902 0.922199,
        1.067951 -1.547194 0.878798,
        0.913640 -1.643044 0.965600,
        0.911105 -1.638485 0.922199,
        0.913640 -1.643044 0.878798,
        0.690044 -1.791657 0.801742,
        0.766376 -1.759289 0.801742,
        0.756929 -1.737627 0.837868,
        0.808172 -1.741566 0.801742,
        0.750798 -1.723552 0.965600,
        0.748715 -1.718770 0.922199,
        0.750798 -1.723552 0.878798,
        0.580946 -1.787969 0.965600,
        0.579334 -1.783008 0.922199,
        0.580946 -1.787969 0.878798,
        0.408983 -1.850681 0.837868,
        0.414136 -1.873935 0.801742,
        0.445082 -1.867645 0.801742,
        0.405670 -1.835691 0.965600,
        0.404545 -1.830598 0.922199,
        0.405670 -1.835691 0.878798,
        0.192178 -1.910304 0.801742,
        0.231302 -1.905043 0.801742,
        0.228457 -1.881515 0.837868,
        0.319343 -1.893202 0.801742,
        0.226607 -1.866274 0.965600,
        0.225978 -1.861096 0.922199,
        0.226607 -1.866274 0.878798,
        0.045798 -1.894780 0.837868,
        0.046393 -1.918874 0.801742,
        0.064155 -1.918874 0.801742,
        0.045428 -1.879433 0.965600,
        0.045301 -1.874218 0.922199,
        0.045428 -1.879433 0.878798,
        -0.192178 -1.910304 0.801742,
        -0.139002 -1.913864 0.801742,
        -0.137288 -1.890355 0.837868,
        -0.064155 -1.918874 0.801742,
        -0.136176 -1.875043 0.965600,
        -0.135798 -1.869841 0.922199,
        -0.136176 -1.875043 0.878798,
        -0.319093 -1.868280 0.837868,
        -0.323211 -1.892416 0.801742,
        -0.319343 -1.893202 0.801742,
        -0.316508 -1.853147 0.965600,
        -0.315630 -1.848005 0.922199,
        -0.316508 -1.853147 0.878798,
        -0.568833 -1.833746 0.801742,
        -0.504102 -1.851478 0.801742,
        -0.497918 -1.828761 0.837868,
        -0.445082 -1.867645 0.801742,
        -0.493885 -1.813948 0.965600,
        -0.492515 -1.808915 0.922199,
        -0.493885 -1.813948 0.878798,
        -0.666651 -1.757813 0.965600,
        -0.664801 -1.752936 0.922199,
        -0.666651 -1.757813 0.878798,
        -0.922691 -1.683697 0.801742,
        -0.850454 -1.720200 0.801742,
        -0.839996 -1.699028 0.837868,
        -0.808172 -1.741566 0.801742,
        -0.833192 -1.685266 0.965600,
        -0.830880 -1.680590 0.922199,
        -0.833192 -1.685266 0.878798,
        -0.991954 -1.596984 0.965600,
        -0.989202 -1.592553 0.922199,
        -0.991954 -1.596984 0.878798,
        -1.150776 -1.505990 0.837868,
        -1.165206 -1.524897 0.801742,
        -1.138874 -1.545691 0.801742,
        -1.141454 -1.493791 0.965600,
        -1.138287 -1.489647 0.922199,
        -1.141454 -1.493791 0.878798,
        -1.334732 -1.380103 0.801742,
        -1.306919 -1.405259 0.801742,
        -1.290752 -1.387893 0.837868,
        -1.239571 -1.466172 0.801742,
        -1.280297 -1.376652 0.965600,
        -1.276745 -1.372832 0.922199,
        -1.280297 -1.376652 0.878798,
        -1.418678 -1.256839 0.837868,
        -1.436674 -1.272800 0.801742,
        -1.423933 -1.287871 0.801742,
        -1.407187 -1.246658 0.965600,
        -1.403282 -1.243200 0.922199,
        -1.407187 -1.246658 0.878798,
        -1.582884 -1.086588 0.801742,
        -1.552441 -1.127906 0.801742,
        -1.533357 -1.114049 0.837868,
        -1.506773 -1.189887 0.801742,
        -1.520937 -1.105026 0.965600,
        -1.516717 -1.101959 0.922199,
        -1.520937 -1.105026 0.878798,
        -1.633720 -0.960858 0.837868,
        -1.654770 -0.973245 0.801742,
        -1.651925 -0.978437 0.801742,
        -1.620487 -0.953075 0.965600,
        -1.615991 -0.950431 0.922199,
        -1.620487 -0.953075 0.878798,
        -1.767599 -0.749527 0.801742,
        -1.740178 -0.808617 0.801742,
        -1.718830 -0.798696 0.837868,
        -1.713589 -0.865915 0.801742,
        -1.704907 -0.792226 0.965600,
        -1.700177 -0.790028 0.922199,
        -1.704907 -0.792226 0.878798,
        -1.773409 -0.623981 0.965600,
        -1.768488 -0.622249 0.922199,
        -1.773409 -0.623981 0.878798,
        -1.881474 -0.382426 0.801742,
        -1.863169 -0.459238 0.801742,
        -1.840259 -0.453583 0.837868,
        -1.851730 -0.507241 0.801742,
        -1.825353 -0.449909 0.965600,
        -1.820288 -0.448661 0.922199,
        -1.825353 -0.449909 0.878798,
        -1.860254 -0.271637 0.965600,
        -1.855093 -0.270883 0.922199,
        -1.860254 -0.271637 0.878798,
        -1.919947 0.000000 0.801742,
        -1.916846 -0.092730 0.801742,
        -1.893120 -0.091570 0.837868,
        -1.915659 -0.128238 0.801742,
        -1.877786 -0.090828 0.965600,
        -1.872576 -0.090576 0.922199,
        -1.877786 -0.090828 0.878798,
        -1.877786 0.090828 0.965600,
        -1.872576 0.090576 0.922199,
        -1.877786 0.090828 0.878798,
        -1.875445 0.273855 0.837868,
        -1.899205 0.277311 0.801742,
        -1.902816 0.255904 0.801742,
        -1.860254 0.271637 0.965600,
        -1.855093 0.270883 0.922199,
        -1.860254 0.271637 0.878798,
        -1.851730 0.507241 0.801742,
        -1.863169 0.459238 0.801742,
        -1.840259 0.453583 0.837868,
        -1.881474 0.382426 0.801742,
        -1.825353 0.449909 0.965600,
        -1.820288 0.448661 0.922199,
        -1.825353 0.449909 0.878798,
        -1.787891 0.629076 0.837868,
        -1.810877 0.637156 0.801742,
        -1.813714 0.629790 0.801742,
        -1.773409 0.623981 0.965600,
        -1.768488 0.622249 0.922199,
        -1.773409 0.623981 0.878798,
        -1.713589 0.865915 0.801742,
        -1.740178 0.808617 0.801742,
        -1.718830 0.798696 0.837868,
        -1.767599 0.749527 0.801742,
        -1.704907 0.792226 0.965600,
        -1.700177 0.790028 0.922199,
        -1.704907 0.792226 0.878798,
        -1.620487 0.953075 0.965600,
        -1.615991 0.950431 0.922199,
        -1.620487 0.953075 0.878798,
        -1.506773 1.189887 0.801742,
        -1.552441 1.127906 0.801742,
        -1.533357 1.114049 0.837868,
        -1.582884 1.086588 0.801742,
        -1.520937 1.105026 0.965600,
        -1.516717 1.101959 0.922199,
        -1.520937 1.105026 0.878798,
        -1.407187 1.246658 0.965600,
        -1.403282 1.243200 0.922199,
        -1.407187 1.246658 0.878798,
        -1.239571 1.466172 0.801742,
        -1.306919 1.405259 0.801742,
        -1.290752 1.387893 0.837868,
        -1.334732 1.380103 0.801742,
        -1.280297 1.376652 0.965600,
        -1.276745 1.372832 0.922199,
        -1.280297 1.376652 0.878798,
        -1.141454 1.493791 0.965600,
        -1.138287 1.489647 0.922199,
        -1.141454 1.493791 0.878798,
        -1.000054 1.610025 0.837868,
        -1.012712 1.630378 0.801742,
        -1.033089 1.618308 0.801742,
        -0.991954 1.596984 0.965600,
        -0.989202 1.592553 0.922199,
        -0.991954 1.596984 0.878798,
        -0.808172 1.741566 0.801742,
        -0.850454 1.720200 0.801742,
        -0.839996 1.699028 0.837868,
        -0.922691 1.683697 0.801742,
        -0.833192 1.685266 0.965600,
        -0.830880 1.680590 0.922199,
        -0.833192 1.685266 0.878798,
        -0.672094 1.772168 0.837868,
        -0.680722 1.794894 0.801742,
        -0.690044 1.791657 0.801742,
        -0.666651 1.757813 0.965600,
        -0.664801 1.752936 0.922199,
        -0.666651 1.757813 0.878798,
        -0.445082 1.867645 0.801742,
        -0.504102 1.851478 0.801742,
        -0.497918 1.828761 0.837868,
        -0.568833 1.833746 0.801742,
        -0.493885 1.813948 0.965600,
        -0.492515 1.808915 0.922199,
        -0.493885 1.813948 0.878798,
        -0.316508 1.853147 0.965600,
        -0.315630 1.848005 0.922199,
        -0.316508 1.853147 0.878798,
        -0.064155 1.918874 0.801742,
        -0.139002 1.913864 0.801742,
        -0.137288 1.890355 0.837868,
        -0.192178 1.910304 0.801742,
        -0.136176 1.875043 0.965600,
        -0.135798 1.869841 0.922199,
        -0.136176 1.875043 0.878798,
        0.045428 1.879433 0.965600,
        0.045301 1.874218 0.922199,
        0.045428 1.879433 0.878798,
        0.319343 1.893202 0.801742,
        0.231302 1.905043 0.801742,
        0.228457 1.881515 0.837868,
        0.192178 1.910304 0.801742,
        0.226607 1.866274 0.965600,
        0.225978 1.861096 0.922199,
        0.226607 1.866274 0.878798,
        0.405670 1.835691 0.965600,
        0.404545 1.830598 0.922199,
        0.405670 1.835691 0.878798,
        0.585690 1.802569 0.837868,
        0.593071 1.825330 0.801742,
        0.568833 1.833746 0.801742,
        0.580946 1.787969 0.965600,
        0.579334 1.783008 0.922199,
        0.580946 1.787969 0.878798,
        0.808172 1.741566 0.801742,
        0.766376 1.759289 0.801742,
        0.756929 1.737627 0.837868,
        0.690044 1.791657 0.801742,
        0.750798 1.723552 0.965600,
        0.748715 1.718770 0.922199,
        0.750798 1.723552 0.878798,
        0.921101 1.656461 0.837868,
        0.932879 1.677663 0.801742,
        0.922691 1.683697 0.801742,
        0.913640 1.643044 0.965600,
        0.911105 1.638485 0.922199,
        0.913640 1.643044 0.878798,
        1.138874 1.545691 0.801742,
        1.090051 1.579206 0.801742,
        1.076672 1.559829 0.837868,
        1.033089 1.618308 0.801742,
        1.067951 1.547194 0.965600,
        1.064988 1.542902 0.922199,
        1.067951 1.547194 0.878798,
        1.212292 1.436900 0.965600,
        1.208928 1.432913 0.922199,
        1.212292 1.436900 0.878798,
        1.222191 1.448633 0.837868,
        1.239571 1.466172 0.801742,
        1.423933 1.287871 0.801742,
        1.373156 1.340374 0.801742,
        1.356299 1.323912 0.837868,
        1.334732 1.380103 0.801742,
        1.345313 1.313189 0.965600,
        1.341580 1.309545 0.922199,
        1.345313 1.313189 0.878798,
        1.465774 1.177217 0.965600,
        1.461706 1.173950 0.922199,
        1.465774 1.177217 0.878798,
        1.651925 0.978437 0.801742,
        1.605187 1.051650 0.801742,
        1.585390 1.038667 0.837868,
        1.582884 1.086588 0.801742,
        1.572548 1.030254 0.965600,
        1.568185 1.027395 0.922199,
        1.572548 1.030254 0.878798,
        1.664641 0.873671 0.965600,
        1.660022 0.871247 0.922199,
        1.664641 0.873671 0.878798,
        1.755410 0.714720 0.837868,
        1.777530 0.723742 0.801742,
        1.767599 0.749527 0.801742,
        1.741191 0.708931 0.965600,
        1.736360 0.706964 0.922199,
        1.741191 0.708931 0.878798,
        1.851730 0.507241 0.801742,
        1.838864 0.548716 0.801742,
        1.816196 0.541963 0.837868,
        1.813714 0.629790 0.801742,
        1.801485 0.537573 0.965600,
        1.796486 0.536081 0.922199,
        1.801485 0.537573 0.878798,
        1.860024 0.364144 0.837868,
        1.883772 0.368804 0.801742,
        1.881474 0.382426 0.801742,
        1.844958 0.361195 0.965600,
        1.839839 0.360193 0.922199,
        1.844958 0.361195 0.878798,
        1.915659 0.128238 0.801742,
        1.909929 0.185196 0.801742,
        1.886485 0.182926 0.837868,
        1.902816 0.255904 0.801742,
        1.871205 0.181444 0.965600,
        1.866013 0.180941 0.922199,
        1.871205 0.181444 0.878798,
        1.490410 -0.957828 3.937008,
        1.574708 -0.811819 3.937008,
        0.735972 1.611553 3.937008,
        -0.863359 1.547051 3.937008,
        -0.863359 -1.547051 3.937008,
        -0.735972 1.611553 3.937008,
        -0.735972 -1.611553 3.937008,
        1.699889 0.499133 3.937008,
        1.644746 0.658457 3.937008,
        1.699889 -0.499133 3.937008,
        0.579451 1.674214 3.937008,
        0.417683 1.721713 3.937008,
        0.252133 1.753620 3.937008,
        0.084299 1.769647 3.937008,
        -0.084299 1.769647 3.937008,
        -0.252133 1.753620 3.937008,
        -0.579451 -1.674214 3.937008,
        -0.417683 -1.721713 3.937008,
        -0.252133 -1.753620 3.937008,
        1.644746 -0.658457 3.937008,
        0.885827 1.534297 3.937008,
        1.027660 1.443146 3.937008,
        -0.417683 1.721713 3.937008,
        -0.579451 1.674214 3.937008,
        -0.084299 -1.769647 3.937008,
        0.084299 -1.769647 3.937008,
        0.252133 -1.753620 3.937008,
        1.574708 0.811819 3.937008,
        1.490410 0.957828 3.937008,
        1.392614 1.095163 3.937008,
        1.282206 1.222581 3.937008,
        1.160186 1.338926 3.937008,
        0.417683 -1.721713 3.937008,
        0.579451 -1.674214 3.937008,
        0.735972 -1.611553 3.937008,
        0.885827 -1.534297 3.937008,
        1.027660 -1.443146 3.937008,
        1.160186 -1.338926 3.937008,
        1.282206 -1.222581 3.937008,
        1.392614 -1.095163 3.937008,
        1.739637 0.335288 3.937008,
        1.739637 -0.335288 3.937008,
        1.763631 0.168406 3.937008,
        1.763631 -0.168406 3.937008,
        1.771654 -0.000000 3.937008,
        -1.693704 -1.003182 1.172113,
        -1.691879 -1.002129 3.740157,
        -1.756927 -0.887815 1.172113,
        -1.749676 -0.902021 3.740157,
        -1.812303 -0.768483 1.172113,
        -0.946027 -1.726279 1.172113,
        -0.984252 -1.704774 3.740157,
        -1.059217 -1.659237 1.172113,
        -1.141844 -1.603496 3.740157,
        -1.167677 -1.584783 1.172113,
        -1.166898 -1.583793 3.740157,
        -1.270921 -1.503252 1.172113,
        -1.289096 -1.487696 3.740157,
        -1.368489 -1.415007 1.172113,
        -1.366985 -1.413430 3.740157,
        -1.459945 -1.320443 1.172113,
        -1.424673 -1.358423 3.740157,
        -1.544881 -1.219980 1.172113,
        -1.544740 -1.219859 3.740157,
        -1.622917 -1.114069 1.172113,
        -1.547349 -1.216848 3.740157,
        -1.656011 -1.064254 3.740157,
        -0.707496 -1.836970 1.172113,
        -0.706730 -1.835058 3.740157,
        -0.828612 -1.785612 1.172113,
        -0.817746 -1.790614 3.740157,
        -0.945294 -1.724858 3.740157,
        0.327420 -1.941083 1.172113,
        0.280147 -1.948467 3.740157,
        0.197039 -1.958618 1.172113,
        0.093665 -1.966274 3.740157,
        0.065778 -1.967405 1.172113,
        0.065778 -1.966274 3.740157,
        -0.065778 -1.967405 1.172113,
        -0.093665 -1.966274 3.740157,
        -0.197039 -1.958618 1.172113,
        -0.196829 -1.956423 3.740157,
        -0.327420 -1.941083 1.172113,
        -0.280147 -1.948467 3.740157,
        -0.456339 -1.914879 1.172113,
        -0.456270 -1.914522 3.740157,
        -0.583220 -1.880123 1.172113,
        -0.464093 -1.913015 3.740157,
        -0.643835 -1.860238 3.740157,
        0.583220 -1.880123 1.172113,
        0.582656 -1.878202 3.740157,
        0.456339 -1.914879 1.172113,
        0.464093 -1.913015 3.740157,
        0.327099 -1.939418 3.740157,
        1.459945 -1.320443 1.172113,
        1.424673 -1.358423 3.740157,
        1.368489 -1.415007 1.172113,
        1.289096 -1.487696 3.740157,
        1.270921 -1.503252 1.172113,
        1.270307 -1.502472 3.740157,
        1.167677 -1.584783 1.172113,
        1.141844 -1.603496 3.740157,
        1.059217 -1.659237 1.172113,
        1.058017 -1.657369 3.740157,
        0.946027 -1.726279 1.172113,
        0.984252 -1.704774 3.740157,
        0.828612 -1.785612 1.172113,
        0.828367 -1.785139 3.740157,
        0.707496 -1.836970 1.172113,
        0.817746 -1.790614 3.740157,
        0.643835 -1.860238 3.740157,
        1.756927 -0.887815 1.172113,
        1.749676 -0.902021 3.740157,
        1.693704 -1.003182 1.172113,
        1.656011 -1.064254 3.740157,
        1.622917 -1.114069 1.172113,
        1.621338 -1.112945 3.740157,
        1.544881 -1.219980 1.172113,
        1.547349 -1.216848 3.740157,
        1.458596 -1.319274 3.740157,
        1.964108 -0.131481 1.172113,
        1.959590 -0.187118 3.740157,
        1.950940 -0.262376 1.172113,
        1.932931 -0.372542 3.740157,
        1.929059 -0.392098 1.172113,
        1.928235 -0.391898 3.740157,
        1.898561 -0.520070 1.172113,
        1.888766 -0.554592 3.740157,
        1.859585 -0.645718 1.172113,
        1.857479 -0.644989 3.740157,
        1.812303 -0.768483 1.172113,
        1.827496 -0.731619 3.740157,
        1.756295 -0.887527 3.740157,
        1.929059 0.392098 1.172113,
        1.932931 0.372542 3.740157,
        1.950940 0.262376 1.172113,
        1.959590 0.187118 3.740157,
        1.964108 0.131481 1.172113,
        1.962245 0.131393 3.740157,
        1.968504 0.000000 1.172113,
        1.968504 0.000000 3.740157,
        1.962245 -0.131393 3.740157,
        1.622917 1.114069 1.172113,
        1.656011 1.064254 3.740157,
        1.693704 1.003182 1.172113,
        1.749676 0.902021 3.740157,
        1.756927 0.887815 1.172113,
        1.756295 0.887527 3.740157,
        1.812303 0.768483 1.172113,
        1.827496 0.731619 3.740157,
        1.859585 0.645718 1.172113,
        1.857479 0.644989 3.740157,
        1.898561 0.520070 1.172113,
        1.888766 0.554592 3.740157,
        1.928235 0.391898 3.740157,
        1.270921 1.503252 1.172113,
        1.289096 1.487696 3.740157,
        1.368489 1.415007 1.172113,
        1.424673 1.358423 3.740157,
        1.459945 1.320443 1.172113,
        1.458596 1.319274 3.740157,
        1.544881 1.219980 1.172113,
        1.547349 1.216848 3.740157,
        1.621338 1.112945 3.740157,
        0.583220 1.880123 1.172113,
        0.643835 1.860238 3.740157,
        0.707496 1.836970 1.172113,
        0.817746 1.790614 3.740157,
        0.828612 1.785612 1.172113,
        0.828367 1.785139 3.740157,
        0.946027 1.726279 1.172113,
        0.984252 1.704774 3.740157,
        1.059217 1.659237 1.172113,
        1.058017 1.657369 3.740157,
        1.167677 1.584783 1.172113,
        1.141844 1.603496 3.740157,
        1.270307 1.502472 3.740157,
        0.065778 1.967405 1.172113,
        0.093665 1.966274 3.740157,
        0.197039 1.958618 1.172113,
        0.280147 1.948467 3.740157,
        0.327420 1.941083 1.172113,
        0.327099 1.939418 3.740157,
        0.456339 1.914879 1.172113,
        0.464093 1.913015 3.740157,
        0.582656 1.878202 3.740157,
        -0.583220 1.880123 1.172113,
        -0.464093 1.913015 3.740157,
        -0.456339 1.914879 1.172113,
        -0.456270 1.914522 3.740157,
        -0.327420 1.941083 1.172113,
        -0.280147 1.948467 3.740157,
        -0.197039 1.958618 1.172113,
        -0.196829 1.956423 3.740157,
        -0.065778 1.967405 1.172113,
        -0.093665 1.966274 3.740157,
        0.065778 1.966274 3.740157,
        -1.167677 1.584783 1.172113,
        -1.141844 1.603496 3.740157,
        -1.059217 1.659237 1.172113,
        -0.984252 1.704774 3.740157,
        -0.946027 1.726279 1.172113,
        -0.945294 1.724858 3.740157,
        -0.828612 1.785612 1.172113,
        -0.817746 1.790614 3.740157,
        -0.707496 1.836970 1.172113,
        -0.706730 1.835058 3.740157,
        -0.643835 1.860238 3.740157,
        -1.622917 1.114069 1.172113,
        -1.547349 1.216848 3.740157,
        -1.544881 1.219980 1.172113,
        -1.544740 1.219859 3.740157,
        -1.459945 1.320443 1.172113,
        -1.424673 1.358423 3.740157,
        -1.368489 1.415007 1.172113,
        -1.366985 1.413430 3.740157,
        -1.270921 1.503252 1.172113,
        -1.289096 1.487696 3.740157,
        -1.166898 1.583793 3.740157,
        -1.898561 0.520070 1.172113,
        -1.888766 0.554592 3.740157,
        -1.859585 0.645718 1.172113,
        -1.827496 0.731619 3.740157,
        -1.812303 0.768483 1.172113,
        -1.810944 0.767862 3.740157,
        -1.756927 0.887815 1.172113,
        -1.749676 0.902021 3.740157,
        -1.693704 1.003182 1.172113,
        -1.691879 1.002129 3.740157,
        -1.656011 1.064254 3.740157,
        -1.810944 -0.767862 3.740157,
        -1.827496 -0.731619 3.740157,
        -1.859585 -0.645718 1.172113,
        -1.888766 -0.554592 3.740157,
        -1.898561 -0.520070 1.172113,
        -1.897220 -0.519744 3.740157,
        -1.929059 -0.392098 1.172113,
        -1.932931 -0.372542 3.740157,
        -1.950940 -0.262376 1.172113,
        -1.948814 -0.262070 3.740157,
        -1.964108 -0.131481 1.172113,
        -1.959590 -0.187118 3.740157,
        -1.968504 0.000000 1.172113,
        -1.968504 0.000000 3.740157,
        -1.964108 0.131481 1.172113,
        -1.959590 0.187118 3.740157,
        -1.950940 0.262376 1.172113,
        -1.948814 0.262070 3.740157,
        -1.929059 0.392098 1.172113,
        -1.932931 0.372542 3.740157,
        -1.897220 0.519744 3.740157,
        -1.907396 -0.387695 0.762917,
        -1.929032 -0.259430 0.762917,
        -1.877242 -0.514230 0.762917,
        -1.838703 -0.638467 0.762917,
        -1.791952 -0.759853 0.762917,
        -1.737198 -0.877846 0.762917,
        -1.674685 -0.991917 0.762917,
        -1.604692 -1.101559 0.762917,
        -1.353122 -1.399118 0.762917,
        -1.443551 -1.305615 0.762917,
        -1.527533 -1.206280 0.762917,
        -1.256649 -1.486372 0.762917,
        -1.154564 -1.566987 0.762917,
        -1.047323 -1.640604 0.762917,
        -0.935404 -1.706894 0.762917,
        -0.819307 -1.765561 0.762917,
        -0.699551 -1.816342 0.762917,
        -0.576670 -1.859011 0.762917,
        -0.451215 -1.893376 0.762917,
        -0.323743 -1.919286 0.762917,
        -0.194826 -1.936624 0.762917,
        0.194826 -1.936624 0.762917,
        0.065039 -1.945312 0.762917,
        -0.065039 -1.945312 0.762917,
        0.323743 -1.919286 0.762917,
        0.451215 -1.893376 0.762917,
        0.576670 -1.859011 0.762917,
        0.699551 -1.816342 0.762917,
        0.819307 -1.765561 0.762917,
        0.935404 -1.706894 0.762917,
        1.047323 -1.640604 0.762917,
        1.154564 -1.566987 0.762917,
        1.256649 -1.486372 0.762917,
        1.353122 -1.399118 0.762917,
        1.604692 -1.101559 0.762917,
        1.527533 -1.206280 0.762917,
        1.443551 -1.305615 0.762917,
        1.674685 -0.991917 0.762917,
        1.737198 -0.877846 0.762917,
        1.791952 -0.759853 0.762917,
        1.907396 -0.387695 0.762917,
        1.877242 -0.514230 0.762917,
        1.838703 -0.638467 0.762917,
        1.929032 -0.259430 0.762917,
        1.942052 0.130005 0.762917,
        1.946399 0.000000 0.762917,
        1.942052 -0.130005 0.762917,
        1.929032 0.259430 0.762917,
        1.907396 0.387695 0.762917,
        1.877242 0.514230 0.762917,
        1.737198 0.877846 0.762917,
        1.791952 0.759853 0.762917,
        1.838703 0.638467 0.762917,
        1.674685 0.991917 0.762917,
        1.604692 1.101559 0.762917,
        1.527533 1.206280 0.762917,
        1.443551 1.305615 0.762917,
        1.353122 1.399118 0.762917,
        1.256649 1.486372 0.762917,
        1.154564 1.566987 0.762917,
        0.819307 1.765561 0.762917,
        0.935404 1.706894 0.762917,
        1.047323 1.640604 0.762917,
        0.699551 1.816342 0.762917,
        0.576670 1.859011 0.762917,
        0.451215 1.893376 0.762917,
        0.065039 1.945312 0.762917,
        0.194826 1.936624 0.762917,
        0.323743 1.919286 0.762917,
        -0.065039 1.945312 0.762917,
        -0.323743 1.919286 0.762917,
        -0.194826 1.936624 0.762917,
        -0.451215 1.893376 0.762917,
        -0.576670 1.859011 0.762917,
        -0.699551 1.816342 0.762917,
        -0.819307 1.765561 0.762917,
        -1.154564 1.566987 0.762917,
        -1.047323 1.640604 0.762917,
        -0.935404 1.706894 0.762917,
        -1.256649 1.486372 0.762917,
        -1.353122 1.399118 0.762917,
        -1.443551 1.305615 0.762917,
        -1.527533 1.206280 0.762917,
        -1.604692 1.101559 0.762917,
        -1.674685 0.991917 0.762917,
        -1.737198 0.877846 0.762917,
        -1.877242 0.514230 0.762917,
        -1.838703 0.638467 0.762917,
        -1.791952 0.759853 0.762917,
        -1.907396 0.387695 0.762917,
        -1.929032 0.259430 0.762917,
        -1.942052 0.130005 0.762917,
        -1.958515 0.131107 0.718929,
        -1.945384 0.261629 0.718929,
        -1.923565 0.390982 0.718929,
        -1.893154 0.518589 0.718929,
        -1.854289 0.643879 0.718929,
        -1.807142 0.766294 0.718929,
        -1.751923 0.885287 0.718929,
        -1.688880 1.000326 0.718929,
        -1.618294 1.110896 0.718929,
        -1.540481 1.216506 0.718929,
        -1.455787 1.316682 0.718929,
        -1.364592 1.410978 0.718929,
        -1.267302 1.498971 0.718929,
        -1.164351 1.580270 0.718929,
        -1.056201 1.654511 0.718929,
        -0.943333 1.721363 0.718929,
        -0.826252 1.780527 0.718929,
        -0.705481 1.831738 0.718929,
        -0.581559 1.874769 0.718929,
        -0.455039 1.909426 0.718929,
        -0.326487 1.935555 0.718929,
        -0.196478 1.953040 0.718929,
        -0.065590 1.961802 0.718929,
        0.065590 1.961802 0.718929,
        0.196478 1.953040 0.718929,
        0.326487 1.935555 0.718929,
        0.455039 1.909426 0.718929,
        0.581559 1.874769 0.718929,
        0.705481 1.831738 0.718929,
        0.826252 1.780527 0.718929,
        0.943333 1.721363 0.718929,
        1.056201 1.654511 0.718929,
        1.164351 1.580270 0.718929,
        1.267302 1.498971 0.718929,
        1.364592 1.410978 0.718929,
        1.455787 1.316682 0.718929,
        1.540481 1.216506 0.718929,
        1.618294 1.110896 0.718929,
        1.688880 1.000326 0.718929,
        1.751923 0.885287 0.718929,
        1.807142 0.766294 0.718929,
        1.854289 0.643879 0.718929,
        1.893154 0.518589 0.718929,
        1.923565 0.390982 0.718929,
        1.945384 0.261629 0.718929,
        1.958515 0.131107 0.718929,
        1.962898 0.000000 0.718929,
        1.958515 -0.131107 0.718929,
        1.945384 -0.261629 0.718929,
        1.923565 -0.390982 0.718929,
        1.893154 -0.518589 0.718929,
        1.854289 -0.643879 0.718929,
        1.807142 -0.766294 0.718929,
        1.751923 -0.885287 0.718929,
        1.688880 -1.000326 0.718929,
        1.618294 -1.110896 0.718929,
        1.540481 -1.216506 0.718929,
        1.455787 -1.316682 0.718929,
        1.364592 -1.410978 0.718929,
        1.267302 -1.498971 0.718929,
        1.164351 -1.580270 0.718929,
        1.056201 -1.654511 0.718929,
        0.943333 -1.721363 0.718929,
        0.826252 -1.780527 0.718929,
        0.705481 -1.831738 0.718929,
        0.581559 -1.874769 0.718929,
        0.455039 -1.909426 0.718929,
        0.326487 -1.935555 0.718929,
        0.196478 -1.953040 0.718929,
        0.065590 -1.961802 0.718929,
        -0.065590 -1.961802 0.718929,
        -0.196478 -1.953040 0.718929,
        -0.326487 -1.935555 0.718929,
        -0.455039 -1.909426 0.718929,
        -0.581559 -1.874769 0.718929,
        -0.705481 -1.831738 0.718929,
        -0.826252 -1.780527 0.718929,
        -0.943333 -1.721363 0.718929,
        -1.056201 -1.654511 0.718929,
        -1.164351 -1.580270 0.718929,
        -1.267302 -1.498971 0.718929,
        -1.364592 -1.410978 0.718929,
        -1.455787 -1.316682 0.718929,
        -1.540481 -1.216506 0.718929,
        -1.618294 -1.110896 0.718929,
        -1.688880 -1.000326 0.718929,
        -1.751923 -0.885287 0.718929,
        -1.807142 -0.766294 0.718929,
        -1.854289 -0.643879 0.718929,
        -1.893154 -0.518589 0.718929,
        -1.923565 -0.390982 0.718929,
        -1.945384 -0.261629 0.718929,
        -1.958515 -0.131107 0.718929,
        -1.962898 0.000000 0.718929,
        -1.942052 -0.130005 0.762917,
        -1.946399 0.000000 0.762917,
        -1.877242 -0.514230 1.081481,
        -1.907396 -0.387695 1.081481,
        -1.929032 -0.259430 1.081481,
        -1.942052 -0.130005 1.081481,
        -1.838703 -0.638467 1.081481,
        -1.791952 -0.759853 1.081481,
        -1.737198 -0.877846 1.081481,
        -1.674685 -0.991917 1.081481,
        -1.604692 -1.101559 1.081481,
        -1.527533 -1.206280 1.081481,
        -1.443551 -1.305615 1.081481,
        -1.353122 -1.399118 1.081481,
        -1.256649 -1.486372 1.081481,
        -1.154564 -1.566987 1.081481,
        -1.047323 -1.640604 1.081481,
        -0.935404 -1.706894 1.081481,
        -0.819307 -1.765561 1.081481,
        -0.699551 -1.816342 1.081481,
        -0.576670 -1.859011 1.081481,
        -0.451215 -1.893376 1.081481,
        -0.323743 -1.919286 1.081481,
        -0.194826 -1.936624 1.081481,
        -0.065039 -1.945312 1.081481,
        0.065039 -1.945312 1.081481,
        0.194826 -1.936624 1.081481,
        0.323743 -1.919286 1.081481,
        0.451215 -1.893376 1.081481,
        0.576670 -1.859011 1.081481,
        0.699551 -1.816342 1.081481,
        0.819307 -1.765561 1.081481,
        0.935404 -1.706894 1.081481,
        1.047323 -1.640604 1.081481,
        1.154564 -1.566987 1.081481,
        1.256649 -1.486372 1.081481,
        1.353122 -1.399118 1.081481,
        1.443551 -1.305615 1.081481,
        1.527533 -1.206280 1.081481,
        1.604692 -1.101559 1.081481,
        1.674685 -0.991917 1.081481,
        1.737198 -0.877846 1.081481,
        1.791952 -0.759853 1.081481,
        1.838703 -0.638467 1.081481,
        1.877242 -0.514230 1.081481,
        1.907396 -0.387695 1.081481,
        1.929032 -0.259430 1.081481,
        1.942052 -0.130005 1.081481,
        1.946399 0.000000 1.081481,
        1.942052 0.130005 1.081481,
        1.929032 0.259430 1.081481,
        1.907396 0.387695 1.081481,
        1.877242 0.514230 1.081481,
        1.838703 0.638467 1.081481,
        1.791952 0.759853 1.081481,
        1.737198 0.877846 1.081481,
        1.674685 0.991917 1.081481,
        1.604692 1.101559 1.081481,
        1.527533 1.206280 1.081481,
        1.443551 1.305615 1.081481,
        1.353122 1.399118 1.081481,
        1.256649 1.486372 1.081481,
        1.154564 1.566987 1.081481,
        1.047323 1.640604 1.081481,
        0.935404 1.706894 1.081481,
        0.819307 1.765561 1.081481,
        0.699551 1.816342 1.081481,
        0.576670 1.859011 1.081481,
        0.451215 1.893376 1.081481,
        0.323743 1.919286 1.081481,
        0.194826 1.936624 1.081481,
        0.065039 1.945312 1.081481,
        -0.065039 1.945312 1.081481,
        -0.194826 1.936624 1.081481,
        -0.323743 1.919286 1.081481,
        -0.451215 1.893376 1.081481,
        -0.576670 1.859011 1.081481,
        -0.699551 1.816342 1.081481,
        -0.819307 1.765561 1.081481,
        -0.935404 1.706894 1.081481,
        -1.047323 1.640604 1.081481,
        -1.154564 1.566987 1.081481,
        -1.256649 1.486372 1.081481,
        -1.353122 1.399118 1.081481,
        -1.443551 1.305615 1.081481,
        -1.527533 1.206280 1.081481,
        -1.604692 1.101559 1.081481,
        -1.674685 0.991917 1.081481,
        -1.737198 0.877846 1.081481,
        -1.791952 0.759853 1.081481,
        -1.838703 0.638467 1.081481,
        -1.877242 0.514230 1.081481,
        -1.907396 0.387695 1.081481,
        -1.929032 0.259430 1.081481,
        -1.942052 0.130005 1.081481,
        -1.946399 0.000000 1.081481,
        -1.958515 0.131107 1.125469,
        -1.945384 0.261629 1.125469,
        -1.923565 0.390982 1.125469,
        -1.893154 0.518589 1.125469,
        -1.854289 0.643879 1.125469,
        -1.807142 0.766294 1.125469,
        -1.751923 0.885287 1.125469,
        -1.688880 1.000326 1.125469,
        -1.618294 1.110896 1.125469,
        -1.540481 1.216506 1.125469,
        -1.455787 1.316682 1.125469,
        -1.364592 1.410978 1.125469,
        -1.267302 1.498971 1.125469,
        -1.164351 1.580270 1.125469,
        -1.056201 1.654511 1.125469,
        -0.943333 1.721363 1.125469,
        -0.826252 1.780527 1.125469,
        -0.705481 1.831738 1.125469,
        -0.581559 1.874769 1.125469,
        -0.455039 1.909426 1.125469,
        -0.326487 1.935555 1.125469,
        -0.196478 1.953040 1.125469,
        -0.065590 1.961802 1.125469,
        0.065590 1.961802 1.125469,
        0.196478 1.953040 1.125469,
        0.326487 1.935555 1.125469,
        0.455039 1.909426 1.125469,
        0.581559 1.874769 1.125469,
        0.705481 1.831738 1.125469,
        0.826252 1.780527 1.125469,
        0.943333 1.721363 1.125469,
        1.056201 1.654511 1.125469,
        1.164351 1.580270 1.125469,
        1.267302 1.498971 1.125469,
        1.364592 1.410978 1.125469,
        1.455787 1.316682 1.125469,
        1.540481 1.216506 1.125469,
        1.618294 1.110896 1.125469,
        1.688880 1.000326 1.125469,
        1.751923 0.885287 1.125469,
        1.807142 0.766294 1.125469,
        1.854289 0.643879 1.125469,
        1.893154 0.518589 1.125469,
        1.923565 0.390982 1.125469,
        1.945384 0.261629 1.125469,
        1.958515 0.131107 1.125469,
        1.962898 0.000000 1.125469,
        1.958515 -0.131107 1.125469,
        1.945384 -0.261629 1.125469,
        1.923565 -0.390982 1.125469,
        1.893154 -0.518589 1.125469,
        1.854289 -0.643879 1.125469,
        1.807142 -0.766294 1.125469,
        1.751923 -0.885287 1.125469,
        1.688880 -1.000326 1.125469,
        1.618294 -1.110896 1.125469,
        1.540481 -1.216506 1.125469,
        1.455787 -1.316682 1.125469,
        1.364592 -1.410978 1.125469,
        1.267302 -1.498971 1.125469,
        1.164351 -1.580270 1.125469,
        1.056201 -1.654511 1.125469,
        0.943333 -1.721363 1.125469,
        0.826252 -1.780527 1.125469,
        0.705481 -1.831738 1.125469,
        0.581559 -1.874769 1.125469,
        0.455039 -1.909426 1.125469,
        0.326487 -1.935555 1.125469,
        0.196478 -1.953040 1.125469,
        0.065590 -1.961802 1.125469,
        -0.065590 -1.961802 1.125469,
        -0.196478 -1.953040 1.125469,
        -0.326487 -1.935555 1.125469,
        -0.455039 -1.909426 1.125469,
        -0.581559 -1.874769 1.125469,
        -0.705481 -1.831738 1.125469,
        -0.826252 -1.780527 1.125469,
        -0.943333 -1.721363 1.125469,
        -1.056201 -1.654511 1.125469,
        -1.164351 -1.580270 1.125469,
        -1.267302 -1.498971 1.125469,
        -1.364592 -1.410978 1.125469,
        -1.455787 -1.316682 1.125469,
        -1.540481 -1.216506 1.125469,
        -1.618294 -1.110896 1.125469,
        -1.688880 -1.000326 1.125469,
        -1.751923 -0.885287 1.125469,
        -1.807142 -0.766294 1.125469,
        -1.854289 -0.643879 1.125469,
        -1.893154 -0.518589 1.125469,
        -1.923565 -0.390982 1.125469,
        -1.945384 -0.261629 1.125469,
        -1.958515 -0.131107 1.125469,
        -1.962898 0.000000 1.125469,
      ]
    }
    coordIndex [
      94, 95, 96, -1,
      97, 98, 99, -1,
      100, 101, 102, -1,
      103, 104, 105, -1,
      106, 107, 108, -1,
      109, 110, 111, -1,
      112, 113, 114, -1,
      115, 116, 117, -1,
      118, 119, 120, -1,
      121, 122, 123, -1,
      124, 125, 126, -1,
      127, 128, 129, -1,
      130, 131, 132, -1,
      133, 134, 135, -1,
      136, 137, 138, -1,
      139, 140, 141, -1,
      142, 143, 144, -1,
      145, 146, 147, -1,
      148, 149, 150, -1,
      151, 152, 153, -1,
      154, 155, 156, -1,
      157, 158, 159, -1,
      160, 161, 162, -1,
      163, 164, 165, -1,
      166, 167, 168, -1,
      169, 170, 171, -1,
      172, 173, 174, -1,
      175, 176, 177, -1,
      178, 179, 180, -1,
      181, 182, 183, -1,
      184, 185, 186, -1,
      187, 188, 189, -1,
      190, 191, 192, -1,
      193, 194, 195, -1,
      196, 197, 198, -1,
      199, 200, 201, -1,
      146, 202, 203, -1,
      203, 202, 204, -1,
      203, 204, 205, -1,
      205, 206, 207, -1,
      207, 206, 208, -1,
      208, 209, 210, -1,
      210, 209, 211, -1,
      210, 211, 212, -1,
      199, 201, 213, -1,
      212, 214, 215, -1,
      215, 214, 213, -1,
      200, 216, 217, -1,
      217, 216, 218, -1,
      217, 218, 219, -1,
      196, 198, 219, -1,
      197, 220, 221, -1,
      221, 220, 222, -1,
      221, 222, 193, -1,
      194, 223, 224, -1,
      224, 223, 225, -1,
      224, 225, 226, -1,
      226, 227, 228, -1,
      228, 227, 229, -1,
      229, 230, 231, -1,
      231, 230, 232, -1,
      231, 232, 233, -1,
      190, 192, 234, -1,
      233, 235, 236, -1,
      236, 235, 234, -1,
      191, 237, 238, -1,
      238, 237, 239, -1,
      238, 239, 240, -1,
      187, 189, 240, -1,
      188, 241, 242, -1,
      242, 241, 243, -1,
      242, 243, 244, -1,
      184, 186, 244, -1,
      185, 245, 246, -1,
      246, 245, 247, -1,
      246, 247, 248, -1,
      248, 249, 250, -1,
      250, 249, 251, -1,
      251, 252, 253, -1,
      253, 252, 254, -1,
      253, 254, 255, -1,
      181, 183, 256, -1,
      255, 257, 258, -1,
      258, 257, 256, -1,
      182, 259, 260, -1,
      260, 259, 261, -1,
      260, 261, 262, -1,
      178, 180, 262, -1,
      179, 263, 264, -1,
      264, 263, 265, -1,
      264, 265, 266, -1,
      175, 177, 266, -1,
      176, 267, 268, -1,
      268, 267, 269, -1,
      268, 269, 270, -1,
      270, 271, 272, -1,
      272, 271, 273, -1,
      273, 274, 275, -1,
      275, 274, 276, -1,
      275, 276, 277, -1,
      277, 278, 279, -1,
      279, 278, 280, -1,
      280, 281, 282, -1,
      282, 281, 283, -1,
      282, 283, 284, -1,
      284, 285, 286, -1,
      286, 285, 287, -1,
      172, 174, 287, -1,
      173, 288, 289, -1,
      289, 288, 290, -1,
      289, 290, 291, -1,
      169, 171, 291, -1,
      170, 292, 293, -1,
      293, 292, 294, -1,
      293, 294, 295, -1,
      295, 296, 297, -1,
      297, 296, 298, -1,
      298, 299, 300, -1,
      300, 299, 301, -1,
      300, 301, 302, -1,
      302, 303, 304, -1,
      304, 303, 305, -1,
      305, 306, 307, -1,
      307, 306, 308, -1,
      307, 308, 309, -1,
      309, 310, 311, -1,
      311, 310, 312, -1,
      166, 168, 312, -1,
      167, 313, 314, -1,
      314, 313, 315, -1,
      314, 315, 316, -1,
      163, 165, 316, -1,
      164, 317, 318, -1,
      318, 317, 319, -1,
      318, 319, 320, -1,
      320, 321, 322, -1,
      322, 321, 323, -1,
      323, 324, 325, -1,
      325, 324, 326, -1,
      325, 326, 327, -1,
      327, 328, 329, -1,
      329, 328, 330, -1,
      330, 331, 332, -1,
      332, 331, 333, -1,
      332, 333, 334, -1,
      334, 335, 336, -1,
      336, 335, 337, -1,
      160, 162, 337, -1,
      161, 338, 339, -1,
      339, 338, 340, -1,
      339, 340, 341, -1,
      157, 159, 341, -1,
      158, 342, 343, -1,
      343, 342, 344, -1,
      343, 344, 154, -1,
      155, 345, 346, -1,
      346, 345, 347, -1,
      346, 347, 348, -1,
      348, 349, 350, -1,
      350, 349, 351, -1,
      351, 352, 353, -1,
      353, 352, 354, -1,
      353, 354, 355, -1,
      355, 356, 357, -1,
      357, 356, 358, -1,
      151, 153, 358, -1,
      152, 359, 360, -1,
      360, 359, 361, -1,
      360, 361, 362, -1,
      148, 150, 362, -1,
      149, 363, 364, -1,
      364, 363, 365, -1,
      364, 365, 145, -1,
      366, 367, 368, -1,
      368, 367, 369, -1,
      146, 203, 147, -1,
      147, 203, 370, -1,
      147, 370, 371, -1,
      371, 370, 372, -1,
      371, 372, 373, -1,
      373, 372, 374, -1,
      373, 374, 375, -1,
      375, 374, 368, -1,
      375, 368, 376, -1,
      376, 368, 369, -1,
      376, 369, 377, -1,
      205, 207, 203, -1,
      203, 207, 378, -1,
      203, 378, 370, -1,
      370, 378, 379, -1,
      370, 379, 372, -1,
      372, 379, 380, -1,
      372, 380, 374, -1,
      374, 380, 144, -1,
      374, 144, 368, -1,
      368, 144, 143, -1,
      368, 143, 366, -1,
      381, 382, 383, -1,
      383, 382, 384, -1,
      208, 210, 207, -1,
      207, 210, 385, -1,
      207, 385, 378, -1,
      378, 385, 386, -1,
      378, 386, 379, -1,
      379, 386, 387, -1,
      379, 387, 380, -1,
      380, 387, 383, -1,
      380, 383, 144, -1,
      144, 383, 384, -1,
      144, 384, 142, -1,
      212, 215, 210, -1,
      210, 215, 388, -1,
      210, 388, 385, -1,
      385, 388, 389, -1,
      385, 389, 386, -1,
      386, 389, 390, -1,
      386, 390, 387, -1,
      387, 390, 141, -1,
      387, 141, 383, -1,
      383, 141, 140, -1,
      383, 140, 381, -1,
      391, 392, 393, -1,
      213, 201, 215, -1,
      215, 201, 394, -1,
      215, 394, 388, -1,
      388, 394, 395, -1,
      388, 395, 389, -1,
      389, 395, 396, -1,
      389, 396, 390, -1,
      390, 396, 391, -1,
      390, 391, 141, -1,
      141, 391, 393, -1,
      141, 393, 139, -1,
      397, 398, 399, -1,
      399, 398, 400, -1,
      200, 217, 201, -1,
      201, 217, 401, -1,
      201, 401, 394, -1,
      394, 401, 402, -1,
      394, 402, 395, -1,
      395, 402, 403, -1,
      395, 403, 396, -1,
      396, 403, 399, -1,
      396, 399, 391, -1,
      391, 399, 400, -1,
      391, 400, 392, -1,
      404, 405, 406, -1,
      219, 198, 217, -1,
      217, 198, 407, -1,
      217, 407, 401, -1,
      401, 407, 408, -1,
      401, 408, 402, -1,
      402, 408, 409, -1,
      402, 409, 403, -1,
      403, 409, 404, -1,
      403, 404, 399, -1,
      399, 404, 406, -1,
      399, 406, 397, -1,
      410, 411, 412, -1,
      412, 411, 413, -1,
      197, 221, 198, -1,
      198, 221, 414, -1,
      198, 414, 407, -1,
      407, 414, 415, -1,
      407, 415, 408, -1,
      408, 415, 416, -1,
      408, 416, 409, -1,
      409, 416, 412, -1,
      409, 412, 404, -1,
      404, 412, 413, -1,
      404, 413, 405, -1,
      193, 195, 221, -1,
      221, 195, 417, -1,
      221, 417, 414, -1,
      414, 417, 418, -1,
      414, 418, 415, -1,
      415, 418, 419, -1,
      415, 419, 416, -1,
      416, 419, 420, -1,
      416, 420, 412, -1,
      412, 420, 421, -1,
      412, 421, 410, -1,
      422, 423, 424, -1,
      424, 423, 425, -1,
      194, 224, 195, -1,
      195, 224, 426, -1,
      195, 426, 417, -1,
      417, 426, 427, -1,
      417, 427, 418, -1,
      418, 427, 428, -1,
      418, 428, 419, -1,
      419, 428, 424, -1,
      419, 424, 420, -1,
      420, 424, 425, -1,
      420, 425, 421, -1,
      226, 228, 224, -1,
      224, 228, 429, -1,
      224, 429, 426, -1,
      426, 429, 430, -1,
      426, 430, 427, -1,
      427, 430, 431, -1,
      427, 431, 428, -1,
      428, 431, 138, -1,
      428, 138, 424, -1,
      424, 138, 137, -1,
      424, 137, 422, -1,
      432, 433, 434, -1,
      434, 433, 435, -1,
      229, 231, 228, -1,
      228, 231, 436, -1,
      228, 436, 429, -1,
      429, 436, 437, -1,
      429, 437, 430, -1,
      430, 437, 438, -1,
      430, 438, 431, -1,
      431, 438, 434, -1,
      431, 434, 138, -1,
      138, 434, 435, -1,
      138, 435, 136, -1,
      233, 236, 231, -1,
      231, 236, 439, -1,
      231, 439, 436, -1,
      436, 439, 440, -1,
      436, 440, 437, -1,
      437, 440, 441, -1,
      437, 441, 438, -1,
      438, 441, 135, -1,
      438, 135, 434, -1,
      434, 135, 134, -1,
      434, 134, 432, -1,
      442, 443, 444, -1,
      234, 192, 236, -1,
      236, 192, 445, -1,
      236, 445, 439, -1,
      439, 445, 446, -1,
      439, 446, 440, -1,
      440, 446, 447, -1,
      440, 447, 441, -1,
      441, 447, 442, -1,
      441, 442, 135, -1,
      135, 442, 444, -1,
      135, 444, 133, -1,
      448, 449, 450, -1,
      450, 449, 451, -1,
      191, 238, 192, -1,
      192, 238, 452, -1,
      192, 452, 445, -1,
      445, 452, 453, -1,
      445, 453, 446, -1,
      446, 453, 454, -1,
      446, 454, 447, -1,
      447, 454, 450, -1,
      447, 450, 442, -1,
      442, 450, 451, -1,
      442, 451, 443, -1,
      455, 456, 457, -1,
      240, 189, 238, -1,
      238, 189, 458, -1,
      238, 458, 452, -1,
      452, 458, 459, -1,
      452, 459, 453, -1,
      453, 459, 460, -1,
      453, 460, 454, -1,
      454, 460, 455, -1,
      454, 455, 450, -1,
      450, 455, 457, -1,
      450, 457, 448, -1,
      461, 462, 463, -1,
      463, 462, 464, -1,
      188, 242, 189, -1,
      189, 242, 465, -1,
      189, 465, 458, -1,
      458, 465, 466, -1,
      458, 466, 459, -1,
      459, 466, 467, -1,
      459, 467, 460, -1,
      460, 467, 463, -1,
      460, 463, 455, -1,
      455, 463, 464, -1,
      455, 464, 456, -1,
      468, 469, 470, -1,
      244, 186, 242, -1,
      242, 186, 471, -1,
      242, 471, 465, -1,
      465, 471, 472, -1,
      465, 472, 466, -1,
      466, 472, 473, -1,
      466, 473, 467, -1,
      467, 473, 468, -1,
      467, 468, 463, -1,
      463, 468, 470, -1,
      463, 470, 461, -1,
      474, 475, 476, -1,
      476, 475, 477, -1,
      185, 246, 186, -1,
      186, 246, 478, -1,
      186, 478, 471, -1,
      471, 478, 479, -1,
      471, 479, 472, -1,
      472, 479, 480, -1,
      472, 480, 473, -1,
      473, 480, 476, -1,
      473, 476, 468, -1,
      468, 476, 477, -1,
      468, 477, 469, -1,
      248, 250, 246, -1,
      246, 250, 481, -1,
      246, 481, 478, -1,
      478, 481, 482, -1,
      478, 482, 479, -1,
      479, 482, 483, -1,
      479, 483, 480, -1,
      480, 483, 132, -1,
      480, 132, 476, -1,
      476, 132, 131, -1,
      476, 131, 474, -1,
      484, 485, 486, -1,
      486, 485, 487, -1,
      251, 253, 250, -1,
      250, 253, 488, -1,
      250, 488, 481, -1,
      481, 488, 489, -1,
      481, 489, 482, -1,
      482, 489, 490, -1,
      482, 490, 483, -1,
      483, 490, 486, -1,
      483, 486, 132, -1,
      132, 486, 487, -1,
      132, 487, 130, -1,
      255, 258, 253, -1,
      253, 258, 491, -1,
      253, 491, 488, -1,
      488, 491, 492, -1,
      488, 492, 489, -1,
      489, 492, 493, -1,
      489, 493, 490, -1,
      490, 493, 129, -1,
      490, 129, 486, -1,
      486, 129, 128, -1,
      486, 128, 484, -1,
      494, 495, 496, -1,
      256, 183, 258, -1,
      258, 183, 497, -1,
      258, 497, 491, -1,
      491, 497, 498, -1,
      491, 498, 492, -1,
      492, 498, 499, -1,
      492, 499, 493, -1,
      493, 499, 494, -1,
      493, 494, 129, -1,
      129, 494, 496, -1,
      129, 496, 127, -1,
      500, 501, 502, -1,
      502, 501, 503, -1,
      182, 260, 183, -1,
      183, 260, 504, -1,
      183, 504, 497, -1,
      497, 504, 505, -1,
      497, 505, 498, -1,
      498, 505, 506, -1,
      498, 506, 499, -1,
      499, 506, 502, -1,
      499, 502, 494, -1,
      494, 502, 503, -1,
      494, 503, 495, -1,
      507, 508, 509, -1,
      262, 180, 260, -1,
      260, 180, 510, -1,
      260, 510, 504, -1,
      504, 510, 511, -1,
      504, 511, 505, -1,
      505, 511, 512, -1,
      505, 512, 506, -1,
      506, 512, 507, -1,
      506, 507, 502, -1,
      502, 507, 509, -1,
      502, 509, 500, -1,
      513, 514, 515, -1,
      515, 514, 516, -1,
      179, 264, 180, -1,
      180, 264, 517, -1,
      180, 517, 510, -1,
      510, 517, 518, -1,
      510, 518, 511, -1,
      511, 518, 519, -1,
      511, 519, 512, -1,
      512, 519, 515, -1,
      512, 515, 507, -1,
      507, 515, 516, -1,
      507, 516, 508, -1,
      520, 521, 522, -1,
      266, 177, 264, -1,
      264, 177, 523, -1,
      264, 523, 517, -1,
      517, 523, 524, -1,
      517, 524, 518, -1,
      518, 524, 525, -1,
      518, 525, 519, -1,
      519, 525, 520, -1,
      519, 520, 515, -1,
      515, 520, 522, -1,
      515, 522, 513, -1,
      526, 527, 528, -1,
      528, 527, 529, -1,
      176, 268, 177, -1,
      177, 268, 530, -1,
      177, 530, 523, -1,
      523, 530, 531, -1,
      523, 531, 524, -1,
      524, 531, 532, -1,
      524, 532, 525, -1,
      525, 532, 528, -1,
      525, 528, 520, -1,
      520, 528, 529, -1,
      520, 529, 521, -1,
      270, 272, 268, -1,
      268, 272, 533, -1,
      268, 533, 530, -1,
      530, 533, 534, -1,
      530, 534, 531, -1,
      531, 534, 535, -1,
      531, 535, 532, -1,
      532, 535, 126, -1,
      532, 126, 528, -1,
      528, 126, 125, -1,
      528, 125, 526, -1,
      536, 537, 538, -1,
      538, 537, 539, -1,
      273, 275, 272, -1,
      272, 275, 540, -1,
      272, 540, 533, -1,
      533, 540, 541, -1,
      533, 541, 534, -1,
      534, 541, 542, -1,
      534, 542, 535, -1,
      535, 542, 538, -1,
      535, 538, 126, -1,
      126, 538, 539, -1,
      126, 539, 124, -1,
      277, 279, 275, -1,
      275, 279, 543, -1,
      275, 543, 540, -1,
      540, 543, 544, -1,
      540, 544, 541, -1,
      541, 544, 545, -1,
      541, 545, 542, -1,
      542, 545, 123, -1,
      542, 123, 538, -1,
      538, 123, 122, -1,
      538, 122, 536, -1,
      546, 547, 548, -1,
      548, 547, 549, -1,
      280, 282, 279, -1,
      279, 282, 550, -1,
      279, 550, 543, -1,
      543, 550, 551, -1,
      543, 551, 544, -1,
      544, 551, 552, -1,
      544, 552, 545, -1,
      545, 552, 548, -1,
      545, 548, 123, -1,
      123, 548, 549, -1,
      123, 549, 121, -1,
      284, 286, 282, -1,
      282, 286, 553, -1,
      282, 553, 550, -1,
      550, 553, 554, -1,
      550, 554, 551, -1,
      551, 554, 555, -1,
      551, 555, 552, -1,
      552, 555, 120, -1,
      552, 120, 548, -1,
      548, 120, 119, -1,
      548, 119, 546, -1,
      556, 557, 558, -1,
      287, 174, 286, -1,
      286, 174, 559, -1,
      286, 559, 553, -1,
      553, 559, 560, -1,
      553, 560, 554, -1,
      554, 560, 561, -1,
      554, 561, 555, -1,
      555, 561, 556, -1,
      555, 556, 120, -1,
      120, 556, 558, -1,
      120, 558, 118, -1,
      562, 563, 564, -1,
      564, 563, 565, -1,
      173, 289, 174, -1,
      174, 289, 566, -1,
      174, 566, 559, -1,
      559, 566, 567, -1,
      559, 567, 560, -1,
      560, 567, 568, -1,
      560, 568, 561, -1,
      561, 568, 564, -1,
      561, 564, 556, -1,
      556, 564, 565, -1,
      556, 565, 557, -1,
      569, 570, 571, -1,
      291, 171, 289, -1,
      289, 171, 572, -1,
      289, 572, 566, -1,
      566, 572, 573, -1,
      566, 573, 567, -1,
      567, 573, 574, -1,
      567, 574, 568, -1,
      568, 574, 569, -1,
      568, 569, 564, -1,
      564, 569, 571, -1,
      564, 571, 562, -1,
      575, 576, 577, -1,
      577, 576, 578, -1,
      170, 293, 171, -1,
      171, 293, 579, -1,
      171, 579, 572, -1,
      572, 579, 580, -1,
      572, 580, 573, -1,
      573, 580, 581, -1,
      573, 581, 574, -1,
      574, 581, 577, -1,
      574, 577, 569, -1,
      569, 577, 578, -1,
      569, 578, 570, -1,
      295, 297, 293, -1,
      293, 297, 582, -1,
      293, 582, 579, -1,
      579, 582, 583, -1,
      579, 583, 580, -1,
      580, 583, 584, -1,
      580, 584, 581, -1,
      581, 584, 117, -1,
      581, 117, 577, -1,
      577, 117, 116, -1,
      577, 116, 575, -1,
      585, 586, 587, -1,
      587, 586, 588, -1,
      298, 300, 297, -1,
      297, 300, 589, -1,
      297, 589, 582, -1,
      582, 589, 590, -1,
      582, 590, 583, -1,
      583, 590, 591, -1,
      583, 591, 584, -1,
      584, 591, 587, -1,
      584, 587, 117, -1,
      117, 587, 588, -1,
      117, 588, 115, -1,
      302, 304, 300, -1,
      300, 304, 592, -1,
      300, 592, 589, -1,
      589, 592, 593, -1,
      589, 593, 590, -1,
      590, 593, 594, -1,
      590, 594, 591, -1,
      591, 594, 114, -1,
      591, 114, 587, -1,
      587, 114, 113, -1,
      587, 113, 585, -1,
      595, 596, 597, -1,
      597, 596, 598, -1,
      305, 307, 304, -1,
      304, 307, 599, -1,
      304, 599, 592, -1,
      592, 599, 600, -1,
      592, 600, 593, -1,
      593, 600, 601, -1,
      593, 601, 594, -1,
      594, 601, 597, -1,
      594, 597, 114, -1,
      114, 597, 598, -1,
      114, 598, 112, -1,
      309, 311, 307, -1,
      307, 311, 602, -1,
      307, 602, 599, -1,
      599, 602, 603, -1,
      599, 603, 600, -1,
      600, 603, 604, -1,
      600, 604, 601, -1,
      601, 604, 111, -1,
      601, 111, 597, -1,
      597, 111, 110, -1,
      597, 110, 595, -1,
      605, 606, 607, -1,
      312, 168, 311, -1,
      311, 168, 608, -1,
      311, 608, 602, -1,
      602, 608, 609, -1,
      602, 609, 603, -1,
      603, 609, 610, -1,
      603, 610, 604, -1,
      604, 610, 605, -1,
      604, 605, 111, -1,
      111, 605, 607, -1,
      111, 607, 109, -1,
      611, 612, 613, -1,
      613, 612, 614, -1,
      167, 314, 168, -1,
      168, 314, 615, -1,
      168, 615, 608, -1,
      608, 615, 616, -1,
      608, 616, 609, -1,
      609, 616, 617, -1,
      609, 617, 610, -1,
      610, 617, 613, -1,
      610, 613, 605, -1,
      605, 613, 614, -1,
      605, 614, 606, -1,
      618, 619, 620, -1,
      316, 165, 314, -1,
      314, 165, 621, -1,
      314, 621, 615, -1,
      615, 621, 622, -1,
      615, 622, 616, -1,
      616, 622, 623, -1,
      616, 623, 617, -1,
      617, 623, 618, -1,
      617, 618, 613, -1,
      613, 618, 620, -1,
      613, 620, 611, -1,
      624, 625, 626, -1,
      626, 625, 627, -1,
      164, 318, 165, -1,
      165, 318, 628, -1,
      165, 628, 621, -1,
      621, 628, 629, -1,
      621, 629, 622, -1,
      622, 629, 630, -1,
      622, 630, 623, -1,
      623, 630, 626, -1,
      623, 626, 618, -1,
      618, 626, 627, -1,
      618, 627, 619, -1,
      320, 322, 318, -1,
      318, 322, 631, -1,
      318, 631, 628, -1,
      628, 631, 632, -1,
      628, 632, 629, -1,
      629, 632, 633, -1,
      629, 633, 630, -1,
      630, 633, 108, -1,
      630, 108, 626, -1,
      626, 108, 107, -1,
      626, 107, 624, -1,
      634, 635, 636, -1,
      636, 635, 637, -1,
      323, 325, 322, -1,
      322, 325, 638, -1,
      322, 638, 631, -1,
      631, 638, 639, -1,
      631, 639, 632, -1,
      632, 639, 640, -1,
      632, 640, 633, -1,
      633, 640, 636, -1,
      633, 636, 108, -1,
      108, 636, 637, -1,
      108, 637, 106, -1,
      327, 329, 325, -1,
      325, 329, 641, -1,
      325, 641, 638, -1,
      638, 641, 642, -1,
      638, 642, 639, -1,
      639, 642, 643, -1,
      639, 643, 640, -1,
      640, 643, 105, -1,
      640, 105, 636, -1,
      636, 105, 104, -1,
      636, 104, 634, -1,
      644, 645, 646, -1,
      646, 645, 647, -1,
      330, 332, 329, -1,
      329, 332, 648, -1,
      329, 648, 641, -1,
      641, 648, 649, -1,
      641, 649, 642, -1,
      642, 649, 650, -1,
      642, 650, 643, -1,
      643, 650, 646, -1,
      643, 646, 105, -1,
      105, 646, 647, -1,
      105, 647, 103, -1,
      334, 336, 332, -1,
      332, 336, 651, -1,
      332, 651, 648, -1,
      648, 651, 652, -1,
      648, 652, 649, -1,
      649, 652, 653, -1,
      649, 653, 650, -1,
      650, 653, 102, -1,
      650, 102, 646, -1,
      646, 102, 101, -1,
      646, 101, 644, -1,
      654, 655, 656, -1,
      337, 162, 336, -1,
      336, 162, 657, -1,
      336, 657, 651, -1,
      651, 657, 658, -1,
      651, 658, 652, -1,
      652, 658, 659, -1,
      652, 659, 653, -1,
      653, 659, 654, -1,
      653, 654, 102, -1,
      102, 654, 656, -1,
      102, 656, 100, -1,
      660, 661, 662, -1,
      662, 661, 663, -1,
      161, 339, 162, -1,
      162, 339, 664, -1,
      162, 664, 657, -1,
      657, 664, 665, -1,
      657, 665, 658, -1,
      658, 665, 666, -1,
      658, 666, 659, -1,
      659, 666, 662, -1,
      659, 662, 654, -1,
      654, 662, 663, -1,
      654, 663, 655, -1,
      667, 668, 669, -1,
      341, 159, 339, -1,
      339, 159, 670, -1,
      339, 670, 664, -1,
      664, 670, 671, -1,
      664, 671, 665, -1,
      665, 671, 672, -1,
      665, 672, 666, -1,
      666, 672, 667, -1,
      666, 667, 662, -1,
      662, 667, 669, -1,
      662, 669, 660, -1,
      673, 674, 675, -1,
      675, 674, 676, -1,
      158, 343, 159, -1,
      159, 343, 677, -1,
      159, 677, 670, -1,
      670, 677, 678, -1,
      670, 678, 671, -1,
      671, 678, 679, -1,
      671, 679, 672, -1,
      672, 679, 675, -1,
      672, 675, 667, -1,
      667, 675, 676, -1,
      667, 676, 668, -1,
      154, 156, 343, -1,
      343, 156, 680, -1,
      343, 680, 677, -1,
      677, 680, 681, -1,
      677, 681, 678, -1,
      678, 681, 682, -1,
      678, 682, 679, -1,
      679, 682, 683, -1,
      679, 683, 675, -1,
      675, 683, 684, -1,
      675, 684, 673, -1,
      685, 686, 687, -1,
      687, 686, 688, -1,
      155, 346, 156, -1,
      156, 346, 689, -1,
      156, 689, 680, -1,
      680, 689, 690, -1,
      680, 690, 681, -1,
      681, 690, 691, -1,
      681, 691, 682, -1,
      682, 691, 687, -1,
      682, 687, 683, -1,
      683, 687, 688, -1,
      683, 688, 684, -1,
      348, 350, 346, -1,
      346, 350, 692, -1,
      346, 692, 689, -1,
      689, 692, 693, -1,
      689, 693, 690, -1,
      690, 693, 694, -1,
      690, 694, 691, -1,
      691, 694, 99, -1,
      691, 99, 687, -1,
      687, 99, 98, -1,
      687, 98, 685, -1,
      695, 696, 697, -1,
      697, 696, 698, -1,
      351, 353, 350, -1,
      350, 353, 699, -1,
      350, 699, 692, -1,
      692, 699, 700, -1,
      692, 700, 693, -1,
      693, 700, 701, -1,
      693, 701, 694, -1,
      694, 701, 697, -1,
      694, 697, 99, -1,
      99, 697, 698, -1,
      99, 698, 97, -1,
      355, 357, 353, -1,
      353, 357, 702, -1,
      353, 702, 699, -1,
      699, 702, 703, -1,
      699, 703, 700, -1,
      700, 703, 704, -1,
      700, 704, 701, -1,
      701, 704, 96, -1,
      701, 96, 697, -1,
      697, 96, 95, -1,
      697, 95, 695, -1,
      705, 706, 707, -1,
      358, 153, 357, -1,
      357, 153, 708, -1,
      357, 708, 702, -1,
      702, 708, 709, -1,
      702, 709, 703, -1,
      703, 709, 710, -1,
      703, 710, 704, -1,
      704, 710, 705, -1,
      704, 705, 96, -1,
      96, 705, 707, -1,
      96, 707, 94, -1,
      711, 712, 713, -1,
      713, 712, 714, -1,
      152, 360, 153, -1,
      153, 360, 715, -1,
      153, 715, 708, -1,
      708, 715, 716, -1,
      708, 716, 709, -1,
      709, 716, 717, -1,
      709, 717, 710, -1,
      710, 717, 713, -1,
      710, 713, 705, -1,
      705, 713, 714, -1,
      705, 714, 706, -1,
      718, 719, 720, -1,
      362, 150, 360, -1,
      360, 150, 721, -1,
      360, 721, 715, -1,
      715, 721, 722, -1,
      715, 722, 716, -1,
      716, 722, 723, -1,
      716, 723, 717, -1,
      717, 723, 718, -1,
      717, 718, 713, -1,
      713, 718, 720, -1,
      713, 720, 711, -1,
      724, 725, 726, -1,
      726, 725, 727, -1,
      149, 364, 150, -1,
      150, 364, 728, -1,
      150, 728, 721, -1,
      721, 728, 729, -1,
      721, 729, 722, -1,
      722, 729, 730, -1,
      722, 730, 723, -1,
      723, 730, 726, -1,
      723, 726, 718, -1,
      718, 726, 727, -1,
      718, 727, 719, -1,
      145, 147, 364, -1,
      364, 147, 371, -1,
      364, 371, 728, -1,
      728, 371, 373, -1,
      728, 373, 729, -1,
      729, 373, 375, -1,
      729, 375, 730, -1,
      730, 375, 376, -1,
      730, 376, 726, -1,
      726, 376, 377, -1,
      726, 377, 724, -1,
      731, 732, 733, -1,
      734, 735, 736, -1,
      736, 735, 737, -1,
      738, 739, 740, -1,
      733, 741, 737, -1,
      737, 741, 742, -1,
      737, 742, 743, -1,
      743, 744, 737, -1,
      737, 744, 745, -1,
      737, 745, 746, -1,
      737, 747, 733, -1,
      733, 747, 748, -1,
      733, 748, 749, -1,
      732, 750, 733, -1,
      733, 750, 740, -1,
      733, 740, 751, -1,
      751, 740, 752, -1,
      746, 753, 737, -1,
      737, 753, 754, -1,
      737, 754, 736, -1,
      749, 755, 733, -1,
      733, 755, 756, -1,
      733, 756, 757, -1,
      739, 758, 740, -1,
      740, 758, 759, -1,
      740, 759, 760, -1,
      760, 761, 740, -1,
      740, 761, 762, -1,
      740, 762, 752, -1,
      757, 763, 733, -1,
      733, 763, 764, -1,
      733, 764, 765, -1,
      765, 766, 733, -1,
      733, 766, 767, -1,
      733, 767, 768, -1,
      768, 769, 733, -1,
      733, 769, 770, -1,
      733, 770, 731, -1,
      738, 740, 771, -1,
      771, 740, 772, -1,
      771, 772, 773, -1,
      773, 772, 774, -1,
      773, 774, 775, -1,
      776, 777, 778, -1,
      778, 777, 779, -1,
      778, 779, 780, -1,
      781, 782, 783, -1,
      783, 782, 784, -1,
      783, 784, 785, -1,
      785, 784, 786, -1,
      785, 786, 787, -1,
      787, 786, 788, -1,
      787, 788, 789, -1,
      789, 788, 790, -1,
      789, 790, 791, -1,
      791, 790, 792, -1,
      791, 792, 793, -1,
      793, 792, 794, -1,
      793, 794, 795, -1,
      795, 794, 796, -1,
      795, 796, 776, -1,
      776, 796, 797, -1,
      776, 797, 777, -1,
      798, 799, 800, -1,
      800, 799, 801, -1,
      800, 801, 781, -1,
      781, 801, 802, -1,
      781, 802, 782, -1,
      803, 804, 805, -1,
      805, 804, 806, -1,
      805, 806, 807, -1,
      807, 806, 808, -1,
      807, 808, 809, -1,
      809, 808, 810, -1,
      809, 810, 811, -1,
      811, 810, 812, -1,
      811, 812, 813, -1,
      813, 812, 814, -1,
      813, 814, 815, -1,
      815, 814, 816, -1,
      815, 816, 817, -1,
      817, 816, 818, -1,
      817, 818, 798, -1,
      798, 818, 819, -1,
      798, 819, 799, -1,
      820, 821, 822, -1,
      822, 821, 823, -1,
      822, 823, 803, -1,
      803, 823, 824, -1,
      803, 824, 804, -1,
      825, 826, 827, -1,
      827, 826, 828, -1,
      827, 828, 829, -1,
      829, 828, 830, -1,
      829, 830, 831, -1,
      831, 830, 832, -1,
      831, 832, 833, -1,
      833, 832, 834, -1,
      833, 834, 835, -1,
      835, 834, 836, -1,
      835, 836, 837, -1,
      837, 836, 838, -1,
      837, 838, 839, -1,
      839, 838, 840, -1,
      839, 840, 820, -1,
      820, 840, 841, -1,
      820, 841, 821, -1,
      842, 843, 844, -1,
      844, 843, 845, -1,
      844, 845, 846, -1,
      846, 845, 847, -1,
      846, 847, 848, -1,
      848, 847, 849, -1,
      848, 849, 825, -1,
      825, 849, 850, -1,
      825, 850, 826, -1,
      851, 852, 853, -1,
      853, 852, 854, -1,
      853, 854, 855, -1,
      855, 854, 856, -1,
      855, 856, 857, -1,
      857, 856, 858, -1,
      857, 858, 859, -1,
      859, 858, 860, -1,
      859, 860, 861, -1,
      861, 860, 862, -1,
      861, 862, 842, -1,
      842, 862, 863, -1,
      842, 863, 843, -1,
      864, 865, 866, -1,
      866, 865, 867, -1,
      866, 867, 868, -1,
      868, 867, 869, -1,
      868, 869, 870, -1,
      870, 869, 871, -1,
      870, 871, 851, -1,
      851, 871, 872, -1,
      851, 872, 852, -1,
      873, 874, 875, -1,
      875, 874, 876, -1,
      875, 876, 877, -1,
      877, 876, 878, -1,
      877, 878, 879, -1,
      879, 878, 880, -1,
      879, 880, 881, -1,
      881, 880, 882, -1,
      881, 882, 883, -1,
      883, 882, 884, -1,
      883, 884, 864, -1,
      864, 884, 885, -1,
      864, 885, 865, -1,
      886, 887, 888, -1,
      888, 887, 889, -1,
      888, 889, 890, -1,
      890, 889, 891, -1,
      890, 891, 892, -1,
      892, 891, 893, -1,
      892, 893, 873, -1,
      873, 893, 894, -1,
      873, 894, 874, -1,
      895, 896, 897, -1,
      897, 896, 898, -1,
      897, 898, 899, -1,
      899, 898, 900, -1,
      899, 900, 901, -1,
      901, 900, 902, -1,
      901, 902, 903, -1,
      903, 902, 904, -1,
      903, 904, 905, -1,
      905, 904, 906, -1,
      905, 906, 886, -1,
      886, 906, 907, -1,
      886, 907, 887, -1,
      908, 909, 910, -1,
      910, 909, 911, -1,
      910, 911, 912, -1,
      912, 911, 913, -1,
      912, 913, 914, -1,
      914, 913, 915, -1,
      914, 915, 895, -1,
      895, 915, 916, -1,
      895, 916, 896, -1,
      917, 918, 919, -1,
      919, 918, 920, -1,
      919, 920, 921, -1,
      921, 920, 922, -1,
      921, 922, 923, -1,
      923, 922, 924, -1,
      923, 924, 925, -1,
      925, 924, 926, -1,
      925, 926, 908, -1,
      908, 926, 927, -1,
      908, 927, 909, -1,
      928, 929, 930, -1,
      930, 929, 931, -1,
      930, 931, 932, -1,
      932, 931, 933, -1,
      932, 933, 934, -1,
      934, 933, 935, -1,
      934, 935, 936, -1,
      936, 935, 937, -1,
      936, 937, 917, -1,
      917, 937, 938, -1,
      917, 938, 918, -1,
      939, 940, 941, -1,
      941, 940, 942, -1,
      941, 942, 943, -1,
      943, 942, 944, -1,
      943, 944, 945, -1,
      945, 944, 946, -1,
      945, 946, 947, -1,
      947, 946, 948, -1,
      947, 948, 928, -1,
      928, 948, 949, -1,
      928, 949, 929, -1,
      950, 951, 952, -1,
      952, 951, 953, -1,
      952, 953, 954, -1,
      954, 953, 955, -1,
      954, 955, 956, -1,
      956, 955, 957, -1,
      956, 957, 958, -1,
      958, 957, 959, -1,
      958, 959, 939, -1,
      939, 959, 960, -1,
      939, 960, 940, -1,
      779, 961, 780, -1,
      780, 961, 962, -1,
      780, 962, 963, -1,
      963, 962, 964, -1,
      963, 964, 965, -1,
      965, 964, 966, -1,
      965, 966, 967, -1,
      967, 966, 968, -1,
      967, 968, 969, -1,
      969, 968, 970, -1,
      969, 970, 971, -1,
      971, 970, 972, -1,
      971, 972, 973, -1,
      973, 972, 974, -1,
      973, 974, 975, -1,
      975, 974, 976, -1,
      975, 976, 977, -1,
      977, 976, 978, -1,
      977, 978, 979, -1,
      979, 978, 980, -1,
      979, 980, 950, -1,
      950, 980, 981, -1,
      950, 981, 951, -1,
      536, 122, 982, -1,
      982, 122, 983, -1,
      536, 982, 537, -1,
      537, 982, 984, -1,
      537, 984, 539, -1,
      539, 984, 985, -1,
      539, 985, 124, -1,
      124, 985, 125, -1,
      125, 985, 986, -1,
      125, 986, 526, -1,
      526, 986, 527, -1,
      527, 986, 987, -1,
      527, 987, 529, -1,
      529, 987, 521, -1,
      521, 987, 988, -1,
      521, 988, 522, -1,
      522, 988, 989, -1,
      522, 989, 513, -1,
      501, 500, 990, -1,
      990, 500, 509, -1,
      990, 509, 991, -1,
      991, 509, 508, -1,
      991, 508, 992, -1,
      992, 508, 516, -1,
      992, 516, 989, -1,
      989, 516, 514, -1,
      989, 514, 513, -1,
      501, 990, 503, -1,
      503, 990, 993, -1,
      503, 993, 495, -1,
      495, 993, 994, -1,
      495, 994, 496, -1,
      496, 994, 995, -1,
      496, 995, 127, -1,
      127, 995, 128, -1,
      128, 995, 996, -1,
      128, 996, 484, -1,
      484, 996, 485, -1,
      485, 996, 997, -1,
      485, 997, 487, -1,
      487, 997, 998, -1,
      487, 998, 130, -1,
      130, 998, 131, -1,
      131, 998, 999, -1,
      131, 999, 474, -1,
      474, 999, 475, -1,
      475, 999, 1000, -1,
      475, 1000, 477, -1,
      477, 1000, 469, -1,
      469, 1000, 1001, -1,
      469, 1001, 470, -1,
      470, 1001, 1002, -1,
      470, 1002, 461, -1,
      449, 448, 1003, -1,
      1003, 448, 457, -1,
      1003, 457, 1004, -1,
      1004, 457, 456, -1,
      1004, 456, 1005, -1,
      1005, 456, 464, -1,
      1005, 464, 1002, -1,
      1002, 464, 462, -1,
      1002, 462, 461, -1,
      449, 1003, 451, -1,
      451, 1003, 1006, -1,
      451, 1006, 443, -1,
      443, 1006, 1007, -1,
      443, 1007, 444, -1,
      444, 1007, 1008, -1,
      444, 1008, 133, -1,
      133, 1008, 134, -1,
      134, 1008, 1009, -1,
      134, 1009, 432, -1,
      432, 1009, 433, -1,
      433, 1009, 1010, -1,
      433, 1010, 435, -1,
      435, 1010, 1011, -1,
      435, 1011, 136, -1,
      136, 1011, 137, -1,
      137, 1011, 1012, -1,
      137, 1012, 422, -1,
      422, 1012, 423, -1,
      423, 1012, 1013, -1,
      423, 1013, 425, -1,
      425, 1013, 1014, -1,
      425, 1014, 421, -1,
      421, 1014, 1015, -1,
      421, 1015, 410, -1,
      398, 397, 1016, -1,
      1016, 397, 406, -1,
      1016, 406, 1017, -1,
      1017, 406, 405, -1,
      1017, 405, 1018, -1,
      1018, 405, 413, -1,
      1018, 413, 1015, -1,
      1015, 413, 411, -1,
      1015, 411, 410, -1,
      398, 1016, 400, -1,
      400, 1016, 1019, -1,
      400, 1019, 392, -1,
      392, 1019, 1020, -1,
      392, 1020, 393, -1,
      393, 1020, 1021, -1,
      393, 1021, 139, -1,
      1022, 384, 1023, -1,
      1023, 384, 382, -1,
      1023, 382, 1024, -1,
      1024, 382, 381, -1,
      1024, 381, 1021, -1,
      1021, 381, 140, -1,
      1021, 140, 139, -1,
      1025, 143, 1022, -1,
      1022, 143, 142, -1,
      1022, 142, 384, -1,
      725, 724, 1026, -1,
      1026, 724, 377, -1,
      1026, 377, 1027, -1,
      1027, 377, 369, -1,
      1027, 369, 1028, -1,
      1028, 369, 367, -1,
      1028, 367, 1025, -1,
      1025, 367, 366, -1,
      1025, 366, 143, -1,
      725, 1026, 727, -1,
      727, 1026, 1029, -1,
      727, 1029, 719, -1,
      719, 1029, 1030, -1,
      719, 1030, 720, -1,
      720, 1030, 1031, -1,
      720, 1031, 711, -1,
      95, 94, 1032, -1,
      1032, 94, 707, -1,
      1032, 707, 1033, -1,
      1033, 707, 706, -1,
      1033, 706, 1034, -1,
      1034, 706, 714, -1,
      1034, 714, 1031, -1,
      1031, 714, 712, -1,
      1031, 712, 711, -1,
      95, 1032, 695, -1,
      695, 1032, 1035, -1,
      695, 1035, 696, -1,
      696, 1035, 1036, -1,
      696, 1036, 698, -1,
      698, 1036, 1037, -1,
      698, 1037, 97, -1,
      97, 1037, 98, -1,
      98, 1037, 1038, -1,
      98, 1038, 685, -1,
      685, 1038, 686, -1,
      686, 1038, 1039, -1,
      686, 1039, 688, -1,
      688, 1039, 1040, -1,
      688, 1040, 684, -1,
      684, 1040, 1041, -1,
      684, 1041, 673, -1,
      661, 660, 1042, -1,
      1042, 660, 669, -1,
      1042, 669, 1043, -1,
      1043, 669, 668, -1,
      1043, 668, 1044, -1,
      1044, 668, 676, -1,
      1044, 676, 1041, -1,
      1041, 676, 674, -1,
      1041, 674, 673, -1,
      661, 1042, 663, -1,
      663, 1042, 1045, -1,
      663, 1045, 655, -1,
      655, 1045, 1046, -1,
      655, 1046, 656, -1,
      656, 1046, 1047, -1,
      656, 1047, 100, -1,
      1048, 647, 1049, -1,
      1049, 647, 645, -1,
      1049, 645, 1050, -1,
      1050, 645, 644, -1,
      1050, 644, 1047, -1,
      1047, 644, 101, -1,
      1047, 101, 100, -1,
      1051, 104, 1048, -1,
      1048, 104, 103, -1,
      1048, 103, 647, -1,
      1052, 637, 1053, -1,
      1053, 637, 635, -1,
      1053, 635, 1051, -1,
      1051, 635, 634, -1,
      1051, 634, 104, -1,
      625, 624, 1054, -1,
      1054, 624, 107, -1,
      1054, 107, 1052, -1,
      1052, 107, 106, -1,
      1052, 106, 637, -1,
      625, 1054, 627, -1,
      627, 1054, 1055, -1,
      627, 1055, 619, -1,
      619, 1055, 1056, -1,
      619, 1056, 620, -1,
      620, 1056, 1057, -1,
      620, 1057, 611, -1,
      110, 109, 1058, -1,
      1058, 109, 607, -1,
      1058, 607, 1059, -1,
      1059, 607, 606, -1,
      1059, 606, 1060, -1,
      1060, 606, 614, -1,
      1060, 614, 1057, -1,
      1057, 614, 612, -1,
      1057, 612, 611, -1,
      110, 1058, 595, -1,
      595, 1058, 1061, -1,
      595, 1061, 596, -1,
      596, 1061, 1062, -1,
      596, 1062, 598, -1,
      598, 1062, 1063, -1,
      598, 1063, 112, -1,
      112, 1063, 113, -1,
      113, 1063, 1064, -1,
      113, 1064, 585, -1,
      585, 1064, 586, -1,
      586, 1064, 1065, -1,
      586, 1065, 588, -1,
      588, 1065, 1066, -1,
      588, 1066, 115, -1,
      115, 1066, 116, -1,
      116, 1066, 1067, -1,
      116, 1067, 575, -1,
      563, 562, 1068, -1,
      1068, 562, 571, -1,
      1068, 571, 1069, -1,
      1069, 571, 570, -1,
      1069, 570, 1070, -1,
      1070, 570, 578, -1,
      1070, 578, 1067, -1,
      1067, 578, 576, -1,
      1067, 576, 575, -1,
      563, 1068, 565, -1,
      565, 1068, 1071, -1,
      565, 1071, 557, -1,
      557, 1071, 1072, -1,
      557, 1072, 558, -1,
      558, 1072, 1073, -1,
      558, 1073, 118, -1,
      91, 1074, 92, -1,
      92, 1074, 1075, -1,
      92, 1075, 93, -1,
      93, 1075, 1076, -1,
      93, 1076, 89, -1,
      89, 1076, 1077, -1,
      89, 1077, 90, -1,
      90, 1077, 1078, -1,
      90, 1078, 87, -1,
      87, 1078, 1079, -1,
      87, 1079, 88, -1,
      88, 1079, 1080, -1,
      88, 1080, 85, -1,
      85, 1080, 1081, -1,
      85, 1081, 86, -1,
      86, 1081, 1082, -1,
      86, 1082, 83, -1,
      83, 1082, 1083, -1,
      83, 1083, 84, -1,
      84, 1083, 1084, -1,
      84, 1084, 81, -1,
      81, 1084, 1085, -1,
      81, 1085, 82, -1,
      82, 1085, 1086, -1,
      82, 1086, 79, -1,
      79, 1086, 1087, -1,
      79, 1087, 80, -1,
      80, 1087, 1088, -1,
      80, 1088, 77, -1,
      77, 1088, 1089, -1,
      77, 1089, 78, -1,
      78, 1089, 1090, -1,
      78, 1090, 75, -1,
      75, 1090, 1091, -1,
      75, 1091, 76, -1,
      76, 1091, 1092, -1,
      76, 1092, 73, -1,
      73, 1092, 1093, -1,
      73, 1093, 74, -1,
      74, 1093, 1094, -1,
      74, 1094, 71, -1,
      71, 1094, 1095, -1,
      71, 1095, 72, -1,
      72, 1095, 1096, -1,
      72, 1096, 69, -1,
      69, 1096, 1097, -1,
      69, 1097, 70, -1,
      70, 1097, 1098, -1,
      70, 1098, 67, -1,
      67, 1098, 1099, -1,
      67, 1099, 68, -1,
      68, 1099, 1100, -1,
      68, 1100, 65, -1,
      65, 1100, 1101, -1,
      65, 1101, 66, -1,
      66, 1101, 1102, -1,
      66, 1102, 63, -1,
      63, 1102, 1103, -1,
      63, 1103, 64, -1,
      64, 1103, 1104, -1,
      64, 1104, 61, -1,
      61, 1104, 1105, -1,
      61, 1105, 62, -1,
      62, 1105, 1106, -1,
      62, 1106, 59, -1,
      59, 1106, 1107, -1,
      59, 1107, 60, -1,
      60, 1107, 1108, -1,
      60, 1108, 57, -1,
      57, 1108, 1109, -1,
      57, 1109, 58, -1,
      58, 1109, 1110, -1,
      58, 1110, 55, -1,
      55, 1110, 1111, -1,
      55, 1111, 56, -1,
      56, 1111, 1112, -1,
      56, 1112, 53, -1,
      53, 1112, 1113, -1,
      53, 1113, 54, -1,
      54, 1113, 1114, -1,
      54, 1114, 51, -1,
      51, 1114, 1115, -1,
      51, 1115, 52, -1,
      52, 1115, 1116, -1,
      52, 1116, 49, -1,
      49, 1116, 1117, -1,
      49, 1117, 50, -1,
      50, 1117, 1118, -1,
      50, 1118, 45, -1,
      45, 1118, 1119, -1,
      45, 1119, 46, -1,
      46, 1119, 1120, -1,
      46, 1120, 47, -1,
      47, 1120, 1121, -1,
      47, 1121, 48, -1,
      48, 1121, 1122, -1,
      48, 1122, 43, -1,
      43, 1122, 1123, -1,
      43, 1123, 44, -1,
      44, 1123, 1124, -1,
      44, 1124, 41, -1,
      41, 1124, 1125, -1,
      41, 1125, 42, -1,
      42, 1125, 1126, -1,
      42, 1126, 39, -1,
      39, 1126, 1127, -1,
      39, 1127, 40, -1,
      40, 1127, 1128, -1,
      40, 1128, 37, -1,
      37, 1128, 1129, -1,
      37, 1129, 38, -1,
      38, 1129, 1130, -1,
      38, 1130, 35, -1,
      35, 1130, 1131, -1,
      35, 1131, 36, -1,
      36, 1131, 1132, -1,
      36, 1132, 33, -1,
      33, 1132, 1133, -1,
      33, 1133, 34, -1,
      34, 1133, 1134, -1,
      34, 1134, 31, -1,
      31, 1134, 1135, -1,
      31, 1135, 32, -1,
      32, 1135, 1136, -1,
      32, 1136, 29, -1,
      29, 1136, 1137, -1,
      29, 1137, 30, -1,
      30, 1137, 1138, -1,
      30, 1138, 27, -1,
      27, 1138, 1139, -1,
      27, 1139, 28, -1,
      28, 1139, 1140, -1,
      28, 1140, 25, -1,
      25, 1140, 1141, -1,
      25, 1141, 26, -1,
      26, 1141, 1142, -1,
      26, 1142, 23, -1,
      23, 1142, 1143, -1,
      23, 1143, 24, -1,
      24, 1143, 1144, -1,
      24, 1144, 21, -1,
      21, 1144, 1145, -1,
      21, 1145, 22, -1,
      22, 1145, 1146, -1,
      22, 1146, 19, -1,
      19, 1146, 1147, -1,
      19, 1147, 20, -1,
      20, 1147, 1148, -1,
      20, 1148, 17, -1,
      17, 1148, 1149, -1,
      17, 1149, 18, -1,
      18, 1149, 1150, -1,
      18, 1150, 15, -1,
      15, 1150, 1151, -1,
      15, 1151, 16, -1,
      16, 1151, 1152, -1,
      16, 1152, 13, -1,
      13, 1152, 1153, -1,
      13, 1153, 14, -1,
      14, 1153, 1154, -1,
      14, 1154, 11, -1,
      11, 1154, 1155, -1,
      11, 1155, 12, -1,
      12, 1155, 1156, -1,
      12, 1156, 9, -1,
      9, 1156, 1157, -1,
      9, 1157, 10, -1,
      10, 1157, 1158, -1,
      10, 1158, 7, -1,
      7, 1158, 1159, -1,
      7, 1159, 8, -1,
      8, 1159, 1160, -1,
      8, 1160, 5, -1,
      5, 1160, 1161, -1,
      5, 1161, 6, -1,
      6, 1161, 1162, -1,
      6, 1162, 3, -1,
      3, 1162, 1163, -1,
      3, 1163, 4, -1,
      4, 1163, 1164, -1,
      4, 1164, 1, -1,
      1, 1164, 1165, -1,
      1, 1165, 2, -1,
      2, 1165, 1166, -1,
      2, 1166, 0, -1,
      0, 1166, 1167, -1,
      0, 1167, 91, -1,
      91, 1167, 1074, -1,
      1167, 1073, 1074, -1,
      1074, 1073, 1072, -1,
      1074, 1072, 1075, -1,
      1075, 1072, 1071, -1,
      1075, 1071, 1076, -1,
      1076, 1071, 1068, -1,
      1076, 1068, 1077, -1,
      1077, 1068, 1069, -1,
      1077, 1069, 1078, -1,
      1078, 1069, 1070, -1,
      1078, 1070, 1079, -1,
      1079, 1070, 1067, -1,
      1079, 1067, 1080, -1,
      1080, 1067, 1066, -1,
      1080, 1066, 1081, -1,
      1081, 1066, 1065, -1,
      1081, 1065, 1082, -1,
      1082, 1065, 1064, -1,
      1082, 1064, 1083, -1,
      1083, 1064, 1063, -1,
      1083, 1063, 1084, -1,
      1084, 1063, 1062, -1,
      1084, 1062, 1085, -1,
      1085, 1062, 1061, -1,
      1085, 1061, 1086, -1,
      1086, 1061, 1058, -1,
      1086, 1058, 1087, -1,
      1087, 1058, 1059, -1,
      1087, 1059, 1088, -1,
      1088, 1059, 1060, -1,
      1088, 1060, 1089, -1,
      1089, 1060, 1057, -1,
      1089, 1057, 1090, -1,
      1090, 1057, 1056, -1,
      1090, 1056, 1091, -1,
      1091, 1056, 1055, -1,
      1091, 1055, 1092, -1,
      1092, 1055, 1054, -1,
      1092, 1054, 1093, -1,
      1093, 1054, 1052, -1,
      1093, 1052, 1094, -1,
      1094, 1052, 1053, -1,
      1094, 1053, 1095, -1,
      1095, 1053, 1051, -1,
      1095, 1051, 1096, -1,
      1096, 1051, 1048, -1,
      1096, 1048, 1097, -1,
      1097, 1048, 1049, -1,
      1097, 1049, 1098, -1,
      1098, 1049, 1050, -1,
      1098, 1050, 1099, -1,
      1099, 1050, 1047, -1,
      1099, 1047, 1100, -1,
      1100, 1047, 1046, -1,
      1100, 1046, 1101, -1,
      1101, 1046, 1045, -1,
      1101, 1045, 1102, -1,
      1102, 1045, 1042, -1,
      1102, 1042, 1103, -1,
      1103, 1042, 1043, -1,
      1103, 1043, 1104, -1,
      1104, 1043, 1044, -1,
      1104, 1044, 1105, -1,
      1105, 1044, 1041, -1,
      1105, 1041, 1106, -1,
      1106, 1041, 1040, -1,
      1106, 1040, 1107, -1,
      1107, 1040, 1039, -1,
      1107, 1039, 1108, -1,
      1108, 1039, 1038, -1,
      1108, 1038, 1109, -1,
      1109, 1038, 1037, -1,
      1109, 1037, 1110, -1,
      1110, 1037, 1036, -1,
      1110, 1036, 1111, -1,
      1111, 1036, 1035, -1,
      1111, 1035, 1112, -1,
      1112, 1035, 1032, -1,
      1112, 1032, 1113, -1,
      1113, 1032, 1033, -1,
      1113, 1033, 1114, -1,
      1114, 1033, 1034, -1,
      1114, 1034, 1115, -1,
      1115, 1034, 1031, -1,
      1115, 1031, 1116, -1,
      1116, 1031, 1030, -1,
      1116, 1030, 1117, -1,
      1117, 1030, 1029, -1,
      1117, 1029, 1118, -1,
      1118, 1029, 1026, -1,
      1118, 1026, 1119, -1,
      1119, 1026, 1027, -1,
      1119, 1027, 1120, -1,
      1120, 1027, 1028, -1,
      1120, 1028, 1121, -1,
      1121, 1028, 1025, -1,
      1121, 1025, 1122, -1,
      1122, 1025, 1022, -1,
      1122, 1022, 1123, -1,
      1123, 1022, 1023, -1,
      1123, 1023, 1124, -1,
      1124, 1023, 1024, -1,
      1124, 1024, 1125, -1,
      1125, 1024, 1021, -1,
      1125, 1021, 1126, -1,
      1126, 1021, 1020, -1,
      1126, 1020, 1127, -1,
      1127, 1020, 1019, -1,
      1127, 1019, 1128, -1,
      1128, 1019, 1016, -1,
      1128, 1016, 1129, -1,
      1129, 1016, 1017, -1,
      1129, 1017, 1130, -1,
      1130, 1017, 1018, -1,
      1130, 1018, 1131, -1,
      1131, 1018, 1015, -1,
      1131, 1015, 1132, -1,
      1132, 1015, 1014, -1,
      1132, 1014, 1133, -1,
      1133, 1014, 1013, -1,
      1133, 1013, 1134, -1,
      1134, 1013, 1012, -1,
      1134, 1012, 1135, -1,
      1135, 1012, 1011, -1,
      1135, 1011, 1136, -1,
      1136, 1011, 1010, -1,
      1136, 1010, 1137, -1,
      1137, 1010, 1009, -1,
      1137, 1009, 1138, -1,
      1138, 1009, 1008, -1,
      1138, 1008, 1139, -1,
      1139, 1008, 1007, -1,
      1139, 1007, 1140, -1,
      1140, 1007, 1006, -1,
      1140, 1006, 1141, -1,
      1141, 1006, 1003, -1,
      1141, 1003, 1142, -1,
      1142, 1003, 1004, -1,
      1142, 1004, 1143, -1,
      1143, 1004, 1005, -1,
      1143, 1005, 1144, -1,
      1144, 1005, 1002, -1,
      1144, 1002, 1145, -1,
      1145, 1002, 1001, -1,
      1145, 1001, 1146, -1,
      1146, 1001, 1000, -1,
      1146, 1000, 1147, -1,
      1147, 1000, 999, -1,
      1147, 999, 1148, -1,
      1148, 999, 998, -1,
      1148, 998, 1149, -1,
      1149, 998, 997, -1,
      1149, 997, 1150, -1,
      1150, 997, 996, -1,
      1150, 996, 1151, -1,
      1151, 996, 995, -1,
      1151, 995, 1152, -1,
      1152, 995, 994, -1,
      1152, 994, 1153, -1,
      1153, 994, 993, -1,
      1153, 993, 1154, -1,
      1154, 993, 990, -1,
      1154, 990, 1155, -1,
      1155, 990, 991, -1,
      1155, 991, 1156, -1,
      1156, 991, 992, -1,
      1156, 992, 1157, -1,
      1157, 992, 989, -1,
      1157, 989, 1158, -1,
      1158, 989, 988, -1,
      1158, 988, 1159, -1,
      1159, 988, 987, -1,
      1159, 987, 1160, -1,
      1160, 987, 986, -1,
      1160, 986, 1161, -1,
      1161, 986, 985, -1,
      1161, 985, 1162, -1,
      1162, 985, 984, -1,
      1162, 984, 1163, -1,
      1163, 984, 982, -1,
      1163, 982, 1164, -1,
      1164, 982, 983, -1,
      1164, 983, 1165, -1,
      1165, 983, 1168, -1,
      1165, 1168, 1166, -1,
      1166, 1168, 1169, -1,
      1166, 1169, 1167, -1,
      1167, 1169, 1073, -1,
      122, 121, 983, -1,
      983, 121, 549, -1,
      983, 549, 1168, -1,
      1168, 549, 547, -1,
      1168, 547, 1169, -1,
      1169, 547, 546, -1,
      1169, 546, 1073, -1,
      1073, 546, 119, -1,
      1073, 119, 118, -1,
      276, 1170, 277, -1,
      277, 1170, 1171, -1,
      277, 1171, 278, -1,
      278, 1171, 1172, -1,
      278, 1172, 280, -1,
      280, 1172, 1173, -1,
      280, 1173, 281, -1,
      276, 274, 1170, -1,
      1170, 274, 273, -1,
      1170, 273, 1174, -1,
      1174, 273, 271, -1,
      1174, 271, 1175, -1,
      1175, 271, 270, -1,
      1175, 270, 1176, -1,
      1176, 270, 269, -1,
      269, 267, 1176, -1,
      1176, 267, 176, -1,
      1176, 176, 1177, -1,
      176, 175, 1177, -1,
      1177, 175, 266, -1,
      1177, 266, 1178, -1,
      1178, 266, 265, -1,
      1178, 265, 1179, -1,
      265, 263, 1179, -1,
      1179, 263, 179, -1,
      1179, 179, 1180, -1,
      179, 178, 1180, -1,
      1180, 178, 262, -1,
      1180, 262, 1181, -1,
      1181, 262, 261, -1,
      1181, 261, 1182, -1,
      1182, 261, 259, -1,
      1182, 259, 1183, -1,
      1183, 259, 182, -1,
      182, 181, 1183, -1,
      1183, 181, 256, -1,
      1183, 256, 1184, -1,
      1184, 256, 257, -1,
      1184, 257, 1185, -1,
      1185, 257, 255, -1,
      1185, 255, 1186, -1,
      1186, 255, 254, -1,
      254, 252, 1186, -1,
      1186, 252, 251, -1,
      1186, 251, 1187, -1,
      1187, 251, 249, -1,
      1187, 249, 1188, -1,
      1188, 249, 248, -1,
      1188, 248, 1189, -1,
      1189, 248, 247, -1,
      247, 245, 1189, -1,
      1189, 245, 185, -1,
      1189, 185, 1190, -1,
      185, 184, 1190, -1,
      1190, 184, 244, -1,
      1190, 244, 1191, -1,
      1191, 244, 243, -1,
      1191, 243, 1192, -1,
      243, 241, 1192, -1,
      1192, 241, 188, -1,
      1192, 188, 1193, -1,
      188, 187, 1193, -1,
      1193, 187, 240, -1,
      1193, 240, 1194, -1,
      1194, 240, 239, -1,
      1194, 239, 1195, -1,
      1195, 239, 237, -1,
      1195, 237, 1196, -1,
      1196, 237, 191, -1,
      191, 190, 1196, -1,
      1196, 190, 234, -1,
      1196, 234, 1197, -1,
      1197, 234, 235, -1,
      1197, 235, 1198, -1,
      1198, 235, 233, -1,
      1198, 233, 1199, -1,
      1199, 233, 232, -1,
      232, 230, 1199, -1,
      1199, 230, 229, -1,
      1199, 229, 1200, -1,
      1200, 229, 227, -1,
      1200, 227, 1201, -1,
      1201, 227, 226, -1,
      1201, 226, 1202, -1,
      1202, 226, 225, -1,
      225, 223, 1202, -1,
      1202, 223, 194, -1,
      1202, 194, 1203, -1,
      1203, 194, 193, -1,
      1203, 193, 1204, -1,
      1204, 193, 222, -1,
      1204, 222, 1205, -1,
      222, 220, 1205, -1,
      1205, 220, 197, -1,
      1205, 197, 1206, -1,
      197, 196, 1206, -1,
      1206, 196, 219, -1,
      1206, 219, 1207, -1,
      1207, 219, 218, -1,
      1207, 218, 1208, -1,
      1208, 218, 216, -1,
      1208, 216, 1209, -1,
      1209, 216, 200, -1,
      200, 199, 1209, -1,
      1209, 199, 213, -1,
      1209, 213, 1210, -1,
      1210, 213, 214, -1,
      1210, 214, 1211, -1,
      1211, 214, 212, -1,
      1211, 212, 1212, -1,
      1212, 212, 211, -1,
      211, 209, 1212, -1,
      1212, 209, 208, -1,
      1212, 208, 1213, -1,
      1213, 208, 206, -1,
      1213, 206, 1214, -1,
      1214, 206, 205, -1,
      1214, 205, 1215, -1,
      1215, 205, 204, -1,
      204, 202, 1215, -1,
      1215, 202, 146, -1,
      1215, 146, 1216, -1,
      1216, 146, 145, -1,
      1216, 145, 1217, -1,
      1217, 145, 365, -1,
      1217, 365, 1218, -1,
      365, 363, 1218, -1,
      1218, 363, 149, -1,
      1218, 149, 1219, -1,
      149, 148, 1219, -1,
      1219, 148, 362, -1,
      1219, 362, 1220, -1,
      1220, 362, 361, -1,
      1220, 361, 1221, -1,
      1221, 361, 359, -1,
      1221, 359, 1222, -1,
      1222, 359, 152, -1,
      152, 151, 1222, -1,
      1222, 151, 358, -1,
      1222, 358, 1223, -1,
      1223, 358, 356, -1,
      1223, 356, 1224, -1,
      1224, 356, 355, -1,
      1224, 355, 1225, -1,
      1225, 355, 354, -1,
      354, 352, 1225, -1,
      1225, 352, 351, -1,
      1225, 351, 1226, -1,
      1226, 351, 349, -1,
      1226, 349, 1227, -1,
      1227, 349, 348, -1,
      1227, 348, 1228, -1,
      1228, 348, 347, -1,
      347, 345, 1228, -1,
      1228, 345, 155, -1,
      1228, 155, 1229, -1,
      1229, 155, 154, -1,
      1229, 154, 1230, -1,
      1230, 154, 344, -1,
      1230, 344, 1231, -1,
      344, 342, 1231, -1,
      1231, 342, 158, -1,
      1231, 158, 1232, -1,
      158, 157, 1232, -1,
      1232, 157, 341, -1,
      1232, 341, 1233, -1,
      1233, 341, 340, -1,
      1233, 340, 1234, -1,
      340, 338, 1234, -1,
      1234, 338, 161, -1,
      1234, 161, 1235, -1,
      161, 160, 1235, -1,
      1235, 160, 337, -1,
      1235, 337, 1236, -1,
      1236, 337, 335, -1,
      1236, 335, 1237, -1,
      1237, 335, 334, -1,
      1237, 334, 1238, -1,
      1238, 334, 333, -1,
      333, 331, 1238, -1,
      1238, 331, 330, -1,
      1238, 330, 1239, -1,
      1239, 330, 328, -1,
      1239, 328, 1240, -1,
      1240, 328, 327, -1,
      1240, 327, 1241, -1,
      1241, 327, 326, -1,
      326, 324, 1241, -1,
      1241, 324, 323, -1,
      1241, 323, 1242, -1,
      1242, 323, 321, -1,
      1242, 321, 1243, -1,
      321, 320, 1243, -1,
      1243, 320, 319, -1,
      1243, 319, 1244, -1,
      319, 317, 1244, -1,
      1244, 317, 164, -1,
      1244, 164, 1245, -1,
      164, 163, 1245, -1,
      1245, 163, 316, -1,
      1245, 316, 1246, -1,
      1246, 316, 315, -1,
      1246, 315, 1247, -1,
      315, 313, 1247, -1,
      1247, 313, 167, -1,
      1247, 167, 1248, -1,
      167, 166, 1248, -1,
      1248, 166, 312, -1,
      1248, 312, 1249, -1,
      1249, 312, 310, -1,
      1249, 310, 1250, -1,
      1250, 310, 309, -1,
      1250, 309, 1251, -1,
      1251, 309, 308, -1,
      308, 306, 1251, -1,
      1251, 306, 305, -1,
      1251, 305, 1252, -1,
      1252, 305, 303, -1,
      1252, 303, 1253, -1,
      1253, 303, 302, -1,
      1253, 302, 1254, -1,
      1254, 302, 301, -1,
      301, 299, 1254, -1,
      1254, 299, 298, -1,
      1254, 298, 1255, -1,
      1255, 298, 296, -1,
      1255, 296, 1256, -1,
      296, 295, 1256, -1,
      1256, 295, 294, -1,
      1256, 294, 1257, -1,
      294, 292, 1257, -1,
      1257, 292, 170, -1,
      1257, 170, 1258, -1,
      170, 169, 1258, -1,
      1258, 169, 291, -1,
      1258, 291, 1259, -1,
      1259, 291, 290, -1,
      1259, 290, 1260, -1,
      290, 288, 1260, -1,
      1260, 288, 173, -1,
      1260, 173, 1261, -1,
      173, 172, 1261, -1,
      1261, 172, 287, -1,
      1261, 287, 1262, -1,
      1262, 287, 285, -1,
      1262, 285, 1263, -1,
      1263, 285, 284, -1,
      1263, 284, 1173, -1,
      1173, 284, 283, -1,
      1173, 283, 281, -1,
      1263, 1264, 1262, -1,
      1262, 1264, 1265, -1,
      1262, 1265, 1261, -1,
      1261, 1265, 1266, -1,
      1261, 1266, 1260, -1,
      1260, 1266, 1267, -1,
      1260, 1267, 1259, -1,
      1259, 1267, 1268, -1,
      1259, 1268, 1258, -1,
      1258, 1268, 1269, -1,
      1258, 1269, 1257, -1,
      1257, 1269, 1270, -1,
      1257, 1270, 1256, -1,
      1256, 1270, 1271, -1,
      1256, 1271, 1255, -1,
      1255, 1271, 1272, -1,
      1255, 1272, 1254, -1,
      1254, 1272, 1273, -1,
      1254, 1273, 1253, -1,
      1253, 1273, 1274, -1,
      1253, 1274, 1252, -1,
      1252, 1274, 1275, -1,
      1252, 1275, 1251, -1,
      1251, 1275, 1276, -1,
      1251, 1276, 1250, -1,
      1250, 1276, 1277, -1,
      1250, 1277, 1249, -1,
      1249, 1277, 1278, -1,
      1249, 1278, 1248, -1,
      1248, 1278, 1279, -1,
      1248, 1279, 1247, -1,
      1247, 1279, 1280, -1,
      1247, 1280, 1246, -1,
      1246, 1280, 1281, -1,
      1246, 1281, 1245, -1,
      1245, 1281, 1282, -1,
      1245, 1282, 1244, -1,
      1244, 1282, 1283, -1,
      1244, 1283, 1243, -1,
      1243, 1283, 1284, -1,
      1243, 1284, 1242, -1,
      1242, 1284, 1285, -1,
      1242, 1285, 1241, -1,
      1241, 1285, 1286, -1,
      1241, 1286, 1240, -1,
      1240, 1286, 1287, -1,
      1240, 1287, 1239, -1,
      1239, 1287, 1288, -1,
      1239, 1288, 1238, -1,
      1238, 1288, 1289, -1,
      1238, 1289, 1237, -1,
      1237, 1289, 1290, -1,
      1237, 1290, 1236, -1,
      1236, 1290, 1291, -1,
      1236, 1291, 1235, -1,
      1235, 1291, 1292, -1,
      1235, 1292, 1234, -1,
      1234, 1292, 1293, -1,
      1234, 1293, 1233, -1,
      1233, 1293, 1294, -1,
      1233, 1294, 1232, -1,
      1232, 1294, 1295, -1,
      1232, 1295, 1231, -1,
      1231, 1295, 1296, -1,
      1231, 1296, 1230, -1,
      1230, 1296, 1297, -1,
      1230, 1297, 1229, -1,
      1229, 1297, 1298, -1,
      1229, 1298, 1228, -1,
      1228, 1298, 1299, -1,
      1228, 1299, 1227, -1,
      1227, 1299, 1300, -1,
      1227, 1300, 1226, -1,
      1226, 1300, 1301, -1,
      1226, 1301, 1225, -1,
      1225, 1301, 1302, -1,
      1225, 1302, 1224, -1,
      1224, 1302, 1303, -1,
      1224, 1303, 1223, -1,
      1223, 1303, 1304, -1,
      1223, 1304, 1222, -1,
      1222, 1304, 1305, -1,
      1222, 1305, 1221, -1,
      1221, 1305, 1306, -1,
      1221, 1306, 1220, -1,
      1220, 1306, 1307, -1,
      1220, 1307, 1219, -1,
      1219, 1307, 1308, -1,
      1219, 1308, 1218, -1,
      1218, 1308, 1309, -1,
      1218, 1309, 1217, -1,
      1217, 1309, 1310, -1,
      1217, 1310, 1216, -1,
      1216, 1310, 1311, -1,
      1216, 1311, 1215, -1,
      1215, 1311, 1312, -1,
      1215, 1312, 1214, -1,
      1214, 1312, 1313, -1,
      1214, 1313, 1213, -1,
      1213, 1313, 1314, -1,
      1213, 1314, 1212, -1,
      1212, 1314, 1315, -1,
      1212, 1315, 1211, -1,
      1211, 1315, 1316, -1,
      1211, 1316, 1210, -1,
      1210, 1316, 1317, -1,
      1210, 1317, 1209, -1,
      1209, 1317, 1318, -1,
      1209, 1318, 1208, -1,
      1208, 1318, 1319, -1,
      1208, 1319, 1207, -1,
      1207, 1319, 1320, -1,
      1207, 1320, 1206, -1,
      1206, 1320, 1321, -1,
      1206, 1321, 1205, -1,
      1205, 1321, 1322, -1,
      1205, 1322, 1204, -1,
      1204, 1322, 1323, -1,
      1204, 1323, 1203, -1,
      1203, 1323, 1324, -1,
      1203, 1324, 1202, -1,
      1202, 1324, 1325, -1,
      1202, 1325, 1201, -1,
      1201, 1325, 1326, -1,
      1201, 1326, 1200, -1,
      1200, 1326, 1327, -1,
      1200, 1327, 1199, -1,
      1199, 1327, 1328, -1,
      1199, 1328, 1198, -1,
      1198, 1328, 1329, -1,
      1198, 1329, 1197, -1,
      1197, 1329, 1330, -1,
      1197, 1330, 1196, -1,
      1196, 1330, 1331, -1,
      1196, 1331, 1195, -1,
      1195, 1331, 1332, -1,
      1195, 1332, 1194, -1,
      1194, 1332, 1333, -1,
      1194, 1333, 1193, -1,
      1193, 1333, 1334, -1,
      1193, 1334, 1192, -1,
      1192, 1334, 1335, -1,
      1192, 1335, 1191, -1,
      1191, 1335, 1336, -1,
      1191, 1336, 1190, -1,
      1190, 1336, 1337, -1,
      1190, 1337, 1189, -1,
      1189, 1337, 1338, -1,
      1189, 1338, 1188, -1,
      1188, 1338, 1339, -1,
      1188, 1339, 1187, -1,
      1187, 1339, 1340, -1,
      1187, 1340, 1186, -1,
      1186, 1340, 1341, -1,
      1186, 1341, 1185, -1,
      1185, 1341, 1342, -1,
      1185, 1342, 1184, -1,
      1184, 1342, 1343, -1,
      1184, 1343, 1183, -1,
      1183, 1343, 1344, -1,
      1183, 1344, 1182, -1,
      1182, 1344, 1345, -1,
      1182, 1345, 1181, -1,
      1181, 1345, 1346, -1,
      1181, 1346, 1180, -1,
      1180, 1346, 1347, -1,
      1180, 1347, 1179, -1,
      1179, 1347, 1348, -1,
      1179, 1348, 1178, -1,
      1178, 1348, 1349, -1,
      1178, 1349, 1177, -1,
      1177, 1349, 1350, -1,
      1177, 1350, 1176, -1,
      1176, 1350, 1351, -1,
      1176, 1351, 1175, -1,
      1175, 1351, 1352, -1,
      1175, 1352, 1174, -1,
      1174, 1352, 1353, -1,
      1174, 1353, 1170, -1,
      1170, 1353, 1354, -1,
      1170, 1354, 1171, -1,
      1171, 1354, 1355, -1,
      1171, 1355, 1172, -1,
      1172, 1355, 1356, -1,
      1172, 1356, 1173, -1,
      1173, 1356, 1357, -1,
      1173, 1357, 1263, -1,
      1263, 1357, 1264, -1,
      1357, 975, 1264, -1,
      1264, 975, 977, -1,
      1264, 977, 1265, -1,
      1265, 977, 979, -1,
      1265, 979, 1266, -1,
      1266, 979, 950, -1,
      1266, 950, 1267, -1,
      1267, 950, 952, -1,
      1267, 952, 1268, -1,
      1268, 952, 954, -1,
      1268, 954, 1269, -1,
      1269, 954, 956, -1,
      1269, 956, 1270, -1,
      1270, 956, 958, -1,
      1270, 958, 1271, -1,
      1271, 958, 939, -1,
      1271, 939, 1272, -1,
      1272, 939, 941, -1,
      1272, 941, 1273, -1,
      1273, 941, 943, -1,
      1273, 943, 1274, -1,
      1274, 943, 945, -1,
      1274, 945, 1275, -1,
      1275, 945, 947, -1,
      1275, 947, 1276, -1,
      1276, 947, 928, -1,
      1276, 928, 1277, -1,
      1277, 928, 930, -1,
      1277, 930, 1278, -1,
      1278, 930, 932, -1,
      1278, 932, 1279, -1,
      1279, 932, 934, -1,
      1279, 934, 1280, -1,
      1280, 934, 936, -1,
      1280, 936, 1281, -1,
      1281, 936, 917, -1,
      1281, 917, 1282, -1,
      1282, 917, 919, -1,
      1282, 919, 1283, -1,
      1283, 919, 921, -1,
      1283, 921, 1284, -1,
      1284, 921, 923, -1,
      1284, 923, 1285, -1,
      1285, 923, 925, -1,
      1285, 925, 1286, -1,
      1286, 925, 908, -1,
      1286, 908, 1287, -1,
      1287, 908, 910, -1,
      1287, 910, 1288, -1,
      1288, 910, 912, -1,
      1288, 912, 1289, -1,
      1289, 912, 914, -1,
      1289, 914, 1290, -1,
      1290, 914, 895, -1,
      1290, 895, 1291, -1,
      1291, 895, 897, -1,
      1291, 897, 1292, -1,
      1292, 897, 899, -1,
      1292, 899, 1293, -1,
      1293, 899, 901, -1,
      1293, 901, 1294, -1,
      1294, 901, 903, -1,
      1294, 903, 1295, -1,
      1295, 903, 905, -1,
      1295, 905, 1296, -1,
      1296, 905, 886, -1,
      1296, 886, 1297, -1,
      1297, 886, 888, -1,
      1297, 888, 1298, -1,
      1298, 888, 890, -1,
      1298, 890, 1299, -1,
      1299, 890, 892, -1,
      1299, 892, 1300, -1,
      1300, 892, 873, -1,
      1300, 873, 1301, -1,
      1301, 873, 875, -1,
      1301, 875, 1302, -1,
      1302, 875, 877, -1,
      1302, 877, 1303, -1,
      1303, 877, 879, -1,
      1303, 879, 1304, -1,
      1304, 879, 881, -1,
      1304, 881, 1305, -1,
      1305, 881, 883, -1,
      1305, 883, 1306, -1,
      1306, 883, 864, -1,
      1306, 864, 1307, -1,
      1307, 864, 866, -1,
      1307, 866, 1308, -1,
      1308, 866, 868, -1,
      1308, 868, 1309, -1,
      1309, 868, 870, -1,
      1309, 870, 1310, -1,
      1310, 870, 851, -1,
      1310, 851, 1311, -1,
      1311, 851, 853, -1,
      1311, 853, 1312, -1,
      1312, 853, 855, -1,
      1312, 855, 1313, -1,
      1313, 855, 857, -1,
      1313, 857, 1314, -1,
      1314, 857, 859, -1,
      1314, 859, 1315, -1,
      1315, 859, 861, -1,
      1315, 861, 1316, -1,
      1316, 861, 842, -1,
      1316, 842, 1317, -1,
      1317, 842, 844, -1,
      1317, 844, 1318, -1,
      1318, 844, 846, -1,
      1318, 846, 1319, -1,
      1319, 846, 848, -1,
      1319, 848, 1320, -1,
      1320, 848, 825, -1,
      1320, 825, 1321, -1,
      1321, 825, 827, -1,
      1321, 827, 1322, -1,
      1322, 827, 829, -1,
      1322, 829, 1323, -1,
      1323, 829, 831, -1,
      1323, 831, 1324, -1,
      1324, 831, 833, -1,
      1324, 833, 1325, -1,
      1325, 833, 835, -1,
      1325, 835, 1326, -1,
      1326, 835, 837, -1,
      1326, 837, 1327, -1,
      1327, 837, 839, -1,
      1327, 839, 1328, -1,
      1328, 839, 820, -1,
      1328, 820, 1329, -1,
      1329, 820, 822, -1,
      1329, 822, 1330, -1,
      1330, 822, 803, -1,
      1330, 803, 1331, -1,
      1331, 803, 805, -1,
      1331, 805, 1332, -1,
      1332, 805, 807, -1,
      1332, 807, 1333, -1,
      1333, 807, 809, -1,
      1333, 809, 1334, -1,
      1334, 809, 811, -1,
      1334, 811, 1335, -1,
      1335, 811, 813, -1,
      1335, 813, 1336, -1,
      1336, 813, 815, -1,
      1336, 815, 1337, -1,
      1337, 815, 817, -1,
      1337, 817, 1338, -1,
      1338, 817, 798, -1,
      1338, 798, 1339, -1,
      1339, 798, 800, -1,
      1339, 800, 1340, -1,
      1340, 800, 781, -1,
      1340, 781, 1341, -1,
      1341, 781, 783, -1,
      1341, 783, 1342, -1,
      1342, 783, 785, -1,
      1342, 785, 1343, -1,
      1343, 785, 787, -1,
      1343, 787, 1344, -1,
      1344, 787, 789, -1,
      1344, 789, 1345, -1,
      1345, 789, 791, -1,
      1345, 791, 1346, -1,
      1346, 791, 793, -1,
      1346, 793, 1347, -1,
      1347, 793, 795, -1,
      1347, 795, 1348, -1,
      1348, 795, 776, -1,
      1348, 776, 1349, -1,
      1349, 776, 778, -1,
      1349, 778, 1350, -1,
      1350, 778, 780, -1,
      1350, 780, 1351, -1,
      1351, 780, 963, -1,
      1351, 963, 1352, -1,
      1352, 963, 965, -1,
      1352, 965, 1353, -1,
      1353, 965, 967, -1,
      1353, 967, 1354, -1,
      1354, 967, 969, -1,
      1354, 969, 1355, -1,
      1355, 969, 971, -1,
      1355, 971, 1356, -1,
      1356, 971, 973, -1,
      1356, 973, 1357, -1,
      1357, 973, 975, -1,
    ]
  }
}

Shape {
  appearance Appearance {
    material Material {
      diffuseColor 0.2510 0.2510 0.2510
      specularColor 0.1255 0.1255 0.1255
      ambientIntensity 0.2
      transparency 0.0000
      shininess 0.5
    }
  }
  geometry IndexedFaceSet {
    ccw TRUE
    solid FALSE
    coord DEF co Coordinate {
      point [
        0.787402 -0.196850 0.000000,
        2.027559 -0.196850 0.000000,
        2.027559 -1.437008 0.000000,
        0.787402 -0.102880 0.000000,
        1.437008 -2.027559 0.000000,
        2.027559 1.437008 0.000000,
        2.027559 0.196850 0.000000,
        1.437008 2.027559 0.000000,
        0.787402 0.196850 0.000000,
        -2.027559 -0.196850 0.000000,
        -0.787402 -0.196850 0.000000,
        -0.787402 -0.102880 0.000000,
        -0.787402 0.196850 0.000000,
        -2.027559 0.196850 0.000000,
        2.027559 0.196850 0.118110,
        2.027559 -0.196850 0.118110,
        0.787402 -0.196850 0.118110,
        0.787402 0.196850 0.118110,
        -2.027559 -0.196850 0.118110,
        -2.027559 0.196850 0.118110,
        -0.787402 0.196850 0.118110,
        -0.787402 -0.196850 0.118110,
        1.437008 2.027559 0.393701,
        1.437008 -2.027559 0.393701,
        2.027559 -1.437008 0.393701,
        2.027559 1.437008 0.393701,
      ]
    }
    coordIndex [
      5, 7, 25, -1,
      25, 7, 22, -1,
      4, 2, 23, -1,
      23, 2, 24, -1,
      8, 6, 17, -1,
      17, 6, 14, -1,
      16, 15, 0, -1,
      0, 15, 1, -1,
      8, 17, 3, -1,
      3, 17, 16, -1,
      3, 16, 0, -1,
      20, 19, 12, -1,
      12, 19, 13, -1,
      10, 9, 21, -1,
      21, 9, 18, -1,
      20, 12, 21, -1,
      21, 12, 11, -1,
      21, 11, 10, -1,
    ]
  }
}

Shape {
  appearance Appearance {
    material Material {
      diffuseColor 1.0000 1.0000 1.0000
      specularColor 0.5020 0.5020 0.5020
      ambientIntensity 0.2
      transparency 0.0000
      shininess 0.5
    }
  }
  geometry IndexedFaceSet {
    ccw TRUE
    solid FALSE
    coord DEF co Coordinate {
      point [
        2.027559 0.177165 0.118110,
        0.885827 0.177165 0.118110,
        2.027559 -0.177165 0.118110,
        0.885827 -0.177165 0.118110,
        -2.027559 -0.177165 0.118110,
        -0.885827 -0.177165 0.118110,
        -2.027559 0.177165 0.118110,
        -0.885827 0.177165 0.118110,
        1.490410 -0.957828 3.937008,
        1.574708 -0.811819 3.937008,
        0.735972 1.611553 3.937008,
        -0.863359 1.547051 3.937008,
        -0.863359 -1.547051 3.937008,
        -0.735972 1.611553 3.937008,
        -0.735972 -1.611553 3.937008,
        1.699889 0.499133 3.937008,
        1.644746 0.658457 3.937008,
        1.699889 -0.499133 3.937008,
        0.579451 1.674214 3.937008,
        0.417683 1.721713 3.937008,
        0.252133 1.753620 3.937008,
        0.084299 1.769647 3.937008,
        -0.084299 1.769647 3.937008,
        -0.252133 1.753620 3.937008,
        -0.579451 -1.674214 3.937008,
        -0.417683 -1.721713 3.937008,
        -0.252133 -1.753620 3.937008,
        1.644746 -0.658457 3.937008,
        0.885827 1.534297 3.937008,
        1.027660 1.443146 3.937008,
        -0.417683 1.721713 3.937008,
        -0.579451 1.674214 3.937008,
        -0.084299 -1.769647 3.937008,
        0.084299 -1.769647 3.937008,
        0.252133 -1.753620 3.937008,
        1.574708 0.811819 3.937008,
        1.490410 0.957828 3.937008,
        1.392614 1.095163 3.937008,
        1.282206 1.222581 3.937008,
        1.160186 1.338926 3.937008,
        0.417683 -1.721713 3.937008,
        0.579451 -1.674214 3.937008,
        0.735972 -1.611553 3.937008,
        0.885827 -1.534297 3.937008,
        1.027660 -1.443146 3.937008,
        1.160186 -1.338926 3.937008,
        1.282206 -1.222581 3.937008,
        1.392614 -1.095163 3.937008,
        1.739637 0.335288 3.937008,
        1.739637 -0.335288 3.937008,
        1.763631 0.168406 3.937008,
        1.763631 -0.168406 3.937008,
        1.771654 -0.000000 3.937008,
        -1.691879 -1.002129 3.740157,
        -1.749676 -0.902021 3.740157,
        -0.984252 -1.704774 3.740157,
        -1.141844 -1.603496 3.740157,
        -1.166898 -1.583793 3.740157,
        -1.289096 -1.487696 3.740157,
        -1.366985 -1.413430 3.740157,
        -1.424673 -1.358423 3.740157,
        -1.544740 -1.219859 3.740157,
        -1.547349 -1.216848 3.740157,
        -1.656011 -1.064254 3.740157,
        -0.706730 -1.835058 3.740157,
        -0.817746 -1.790614 3.740157,
        -0.945294 -1.724858 3.740157,
        0.280147 -1.948467 3.740157,
        0.093665 -1.966274 3.740157,
        0.065778 -1.966274 3.740157,
        -0.093665 -1.966274 3.740157,
        -0.196829 -1.956423 3.740157,
        -0.280147 -1.948467 3.740157,
        -0.456270 -1.914522 3.740157,
        -0.464093 -1.913015 3.740157,
        -0.643835 -1.860238 3.740157,
        0.582656 -1.878202 3.740157,
        0.464093 -1.913015 3.740157,
        0.327099 -1.939418 3.740157,
        1.424673 -1.358423 3.740157,
        1.289096 -1.487696 3.740157,
        1.270307 -1.502472 3.740157,
        1.141844 -1.603496 3.740157,
        1.058017 -1.657369 3.740157,
        0.984252 -1.704774 3.740157,
        0.828367 -1.785139 3.740157,
        0.817746 -1.790614 3.740157,
        0.643835 -1.860238 3.740157,
        1.749676 -0.902021 3.740157,
        1.656011 -1.064254 3.740157,
        1.621338 -1.112945 3.740157,
        1.547349 -1.216848 3.740157,
        1.458596 -1.319274 3.740157,
        1.959590 -0.187118 3.740157,
        1.932931 -0.372542 3.740157,
        1.928235 -0.391898 3.740157,
        1.888766 -0.554592 3.740157,
        1.857479 -0.644989 3.740157,
        1.827496 -0.731619 3.740157,
        1.756295 -0.887527 3.740157,
        1.932931 0.372542 3.740157,
        1.959590 0.187118 3.740157,
        1.962245 0.131393 3.740157,
        1.968504 0.000000 3.740157,
        1.962245 -0.131393 3.740157,
        1.656011 1.064254 3.740157,
        1.749676 0.902021 3.740157,
        1.756295 0.887527 3.740157,
        1.827496 0.731619 3.740157,
        1.857479 0.644989 3.740157,
        1.888766 0.554592 3.740157,
        1.928235 0.391898 3.740157,
        1.289096 1.487696 3.740157,
        1.424673 1.358423 3.740157,
        1.458596 1.319274 3.740157,
        1.547349 1.216848 3.740157,
        1.621338 1.112945 3.740157,
        0.643835 1.860238 3.740157,
        0.817746 1.790614 3.740157,
        0.828367 1.785139 3.740157,
        0.984252 1.704774 3.740157,
        1.058017 1.657369 3.740157,
        1.141844 1.603496 3.740157,
        1.270307 1.502472 3.740157,
        0.093665 1.966274 3.740157,
        0.280147 1.948467 3.740157,
        0.327099 1.939418 3.740157,
        0.464093 1.913015 3.740157,
        0.582656 1.878202 3.740157,
        -0.464093 1.913015 3.740157,
        -0.456270 1.914522 3.740157,
        -0.280147 1.948467 3.740157,
        -0.196829 1.956423 3.740157,
        -0.093665 1.966274 3.740157,
        0.065778 1.966274 3.740157,
        -1.141844 1.603496 3.740157,
        -0.984252 1.704774 3.740157,
        -0.945294 1.724858 3.740157,
        -0.817746 1.790614 3.740157,
        -0.706730 1.835058 3.740157,
        -0.643835 1.860238 3.740157,
        -1.547349 1.216848 3.740157,
        -1.544740 1.219859 3.740157,
        -1.424673 1.358423 3.740157,
        -1.366985 1.413430 3.740157,
        -1.289096 1.487696 3.740157,
        -1.166898 1.583793 3.740157,
        -1.888766 0.554592 3.740157,
        -1.827496 0.731619 3.740157,
        -1.810944 0.767862 3.740157,
        -1.749676 0.902021 3.740157,
        -1.691879 1.002129 3.740157,
        -1.656011 1.064254 3.740157,
        -1.810944 -0.767862 3.740157,
        -1.827496 -0.731619 3.740157,
        -1.888766 -0.554592 3.740157,
        -1.897220 -0.519744 3.740157,
        -1.932931 -0.372542 3.740157,
        -1.948814 -0.262070 3.740157,
        -1.959590 -0.187118 3.740157,
        -1.968504 0.000000 3.740157,
        -1.959590 0.187118 3.740157,
        -1.948814 0.262070 3.740157,
        -1.932931 0.372542 3.740157,
        -1.897220 0.519744 3.740157,
        -2.283465 0.177165 0.118110,
        -2.283465 -0.177165 0.118110,
        -0.885827 0.177165 -0.019685,
        -2.283465 0.177165 -0.019685,
        -2.283465 -0.177165 -0.019685,
        -0.885827 -0.177165 -0.019685,
        2.283465 -0.177165 0.118110,
        2.283465 0.177165 0.118110,
        0.885827 0.177165 -0.019685,
        2.283465 0.177165 -0.019685,
        0.885827 -0.177165 -0.019685,
        2.283465 -0.177165 -0.019685,
        1.952913 0.186481 3.791106,
        1.882330 0.552702 3.791106,
        1.743714 0.898947 3.791106,
        1.542076 1.212702 3.791106,
        1.137954 1.598032 3.791106,
        0.814960 1.784513 3.791106,
        0.462511 1.906496 3.791106,
        -0.093346 1.959574 3.791106,
        -0.462511 1.906496 3.791106,
        -0.814960 1.784513 3.791106,
        -1.284704 1.482627 3.791106,
        -1.542076 1.212702 3.791106,
        -1.743714 0.898947 3.791106,
        -1.926344 0.371272 3.791106,
        -1.926344 -0.371272 3.791106,
        -1.743714 -0.898947 3.791106,
        -1.419819 -1.353794 3.791106,
        -1.284704 -1.482627 3.791106,
        -0.814960 -1.784513 3.791106,
        -0.279193 -1.941828 3.791106,
        -0.093346 -1.959574 3.791106,
        0.093346 -1.959574 3.791106,
        0.462511 -1.906496 3.791106,
        0.980898 -1.698965 3.791106,
        1.137954 -1.598032 3.791106,
        1.284704 -1.482627 3.791106,
        1.542076 -1.212702 3.791106,
        1.821269 -0.729126 3.791106,
        1.882330 -0.552702 3.791106,
        -0.757136 1.657897 3.930301,
        -1.071905 1.408352 3.937008,
        -1.027660 1.443146 3.937008,
        -1.057213 1.484648 3.930301,
        -1.422738 1.052860 3.937008,
        -1.392614 1.095163 3.937008,
        -1.432662 1.126658 3.930301,
        -1.660308 0.613494 3.937008,
        -1.644746 0.658457 3.937008,
        -1.692045 0.677393 3.930301,
        -1.765688 0.125230 3.937008,
        -1.763631 0.168406 3.937008,
        -1.814349 0.173249 3.930301,
        -1.730473 -0.373064 3.937008,
        -1.739637 -0.335288 3.937008,
        -1.789665 -0.344930 3.930301,
        -1.557449 -0.841713 3.937008,
        -1.574708 -0.811819 3.937008,
        -1.619993 -0.835165 3.930301,
        -1.260374 -1.243398 3.937008,
        -1.282206 -1.222581 3.937008,
        -1.319079 -1.257739 3.930301,
        -0.885827 -1.534297 3.937008,
        -0.911301 -1.578420 3.930301,
        1.748774 -0.513486 3.930301,
        1.789665 -0.344930 3.930301,
        1.836284 -0.353915 3.910635,
        -1.160186 -1.338926 3.937008,
        -1.490410 -0.957828 3.937008,
        -1.699889 -0.499133 3.937008,
        -1.771654 0.000000 3.937008,
        -1.699889 0.499133 3.937008,
        -1.490410 0.957828 3.937008,
        -1.160186 1.338926 3.937008,
        1.814349 -0.173249 3.930301,
        1.861611 -0.177762 3.910635,
        1.902195 -0.181638 3.879352,
        1.822602 0.000000 3.930301,
        1.870079 0.000000 3.910635,
        1.910848 0.000000 3.879352,
        1.942131 0.000000 3.838583,
        1.814349 0.173249 3.930301,
        1.861611 0.177762 3.910635,
        1.902195 0.181638 3.879352,
        1.933337 0.184611 3.838583,
        1.933337 -0.184611 3.838583,
        1.952913 -0.186481 3.791106,
        1.961796 0.000000 3.791106,
        1.926344 -0.371272 3.791106,
        1.907034 -0.367551 3.838583,
        1.876316 -0.361630 3.879352,
        1.533270 -0.985373 3.930301,
        1.432662 -1.126658 3.930301,
        1.573210 -1.011041 3.910635,
        1.469981 -1.156006 3.910635,
        1.607507 -1.033082 3.879352,
        1.502028 -1.181208 3.879352,
        1.633824 -1.049995 3.838583,
        1.526618 -1.200546 3.838583,
        1.650368 -1.060627 3.791106,
        0.596115 -1.722360 3.930301,
        0.429695 -1.771226 3.930301,
        0.611643 -1.767226 3.910635,
        0.440888 -1.817364 3.910635,
        0.624977 -1.805753 3.879352,
        0.450500 -1.856984 3.879352,
        0.635209 -1.835315 3.838583,
        0.457875 -1.887385 3.838583,
        0.641641 -1.853899 3.791106,
        -0.596115 -1.722360 3.930301,
        -0.757136 -1.657897 3.930301,
        -0.611643 -1.767226 3.910635,
        -0.776859 -1.701083 3.910635,
        -0.624977 -1.805753 3.879352,
        -0.793795 -1.738168 3.879352,
        -0.635209 -1.835315 3.838583,
        -0.806791 -1.766624 3.838583,
        -0.641641 -1.853899 3.791106,
        -1.027660 -1.443146 3.937008,
        -1.071905 -1.408352 3.937008,
        -1.057213 -1.484648 3.930301,
        -1.193550 -1.377431 3.930301,
        -1.084752 -1.523321 3.910635,
        -1.224641 -1.413311 3.910635,
        -1.108400 -1.556531 3.879352,
        -1.251339 -1.444122 3.879352,
        -1.126546 -1.582013 3.838583,
        -1.271825 -1.467765 3.838583,
        -1.137954 -1.598032 3.791106,
        -1.422738 -1.052860 3.937008,
        -1.533270 -0.985373 3.930301,
        -1.573210 -1.011041 3.910635,
        -1.662192 -0.856920 3.910635,
        -1.607507 -1.033082 3.879352,
        -1.698430 -0.875601 3.879352,
        -1.633824 -1.049995 3.838583,
        -1.726235 -0.889936 3.838583,
        -1.650368 -1.060627 3.791106,
        -1.660308 -0.613494 3.937008,
        -1.748774 -0.513486 3.930301,
        -1.794327 -0.526862 3.910635,
        -1.836284 -0.353915 3.910635,
        -1.833445 -0.538348 3.879352,
        -1.876316 -0.361630 3.879352,
        -1.863461 -0.547161 3.838583,
        -1.907034 -0.367551 3.838583,
        -1.882330 -0.552702 3.791106,
        -1.739637 0.335288 3.937008,
        -1.789665 0.344930 3.930301,
        -1.861611 0.177762 3.910635,
        -1.836284 0.353915 3.910635,
        -1.902195 0.181638 3.879352,
        -1.876316 0.361630 3.879352,
        -1.933337 0.184611 3.838583,
        -1.907034 0.367551 3.838583,
        -1.952913 0.186481 3.791106,
        -1.574708 0.811819 3.937008,
        -1.619993 0.835165 3.930301,
        -1.736121 0.695038 3.910635,
        -1.662192 0.856920 3.910635,
        -1.773970 0.710191 3.879352,
        -1.698430 0.875601 3.879352,
        -1.803012 0.721817 3.838583,
        -1.726235 0.889936 3.838583,
        -1.821269 0.729126 3.791106,
        -1.282206 1.222581 3.937008,
        -1.260374 1.243398 3.937008,
        -1.319079 1.257739 3.930301,
        -1.193550 1.377431 3.930301,
        -1.353440 1.290502 3.910635,
        -1.224641 1.413311 3.910635,
        -1.382946 1.318636 3.879352,
        -1.251339 1.444122 3.879352,
        -1.405586 1.340224 3.838583,
        -1.271825 1.467765 3.838583,
        -1.419819 1.353794 3.791106,
        -0.885827 1.534297 3.937008,
        -0.911301 1.578420 3.930301,
        -0.935039 1.619536 3.910635,
        -0.776859 1.701083 3.910635,
        -0.955424 1.654843 3.879352,
        -0.793795 1.738168 3.879352,
        -0.971065 1.681935 3.838583,
        -0.806791 1.766624 3.838583,
        -0.980898 1.698965 3.791106,
        -0.259383 1.804051 3.930301,
        -0.086723 1.820538 3.930301,
        -0.266140 1.851044 3.910635,
        -0.088982 1.867961 3.910635,
        -0.271942 1.891398 3.879352,
        -0.090922 1.908683 3.879352,
        -0.276394 1.922363 3.838583,
        -0.092410 1.939931 3.838583,
        -0.279193 1.941828 3.791106,
        0.259383 1.804051 3.930301,
        0.429695 1.771226 3.930301,
        0.266140 1.851044 3.910635,
        0.440888 1.817364 3.910635,
        0.271942 1.891398 3.879352,
        0.450500 1.856984 3.879352,
        0.276394 1.922363 3.838583,
        0.457875 1.887385 3.838583,
        0.279193 1.941828 3.791106,
        0.911301 1.578420 3.930301,
        1.057213 1.484648 3.930301,
        0.935039 1.619536 3.910635,
        1.084752 1.523321 3.910635,
        0.955424 1.654843 3.879352,
        1.108400 1.556531 3.879352,
        0.971065 1.681935 3.838583,
        1.126546 1.582013 3.838583,
        0.980898 1.698965 3.791106,
        1.319079 1.257739 3.930301,
        1.432662 1.126658 3.930301,
        1.353440 1.290502 3.910635,
        1.469981 1.156006 3.910635,
        1.382946 1.318636 3.879352,
        1.502028 1.181208 3.879352,
        1.405586 1.340224 3.838583,
        1.526618 1.200546 3.838583,
        1.419819 1.353794 3.791106,
        1.692045 0.677393 3.930301,
        1.748774 0.513486 3.930301,
        1.736121 0.695038 3.910635,
        1.794327 0.526862 3.910635,
        1.773970 0.710191 3.879352,
        1.833445 0.538348 3.879352,
        1.803012 0.721817 3.838583,
        1.863461 0.547161 3.838583,
        1.821269 0.729126 3.791106,
        1.863461 -0.547161 3.838583,
        1.833445 -0.538348 3.879352,
        1.794327 -0.526862 3.910635,
        1.803012 -0.721817 3.838583,
        1.773970 -0.710191 3.879352,
        1.736121 -0.695038 3.910635,
        1.692045 -0.677393 3.930301,
        1.743714 -0.898947 3.791106,
        1.726235 -0.889936 3.838583,
        1.698430 -0.875601 3.879352,
        1.662192 -0.856920 3.910635,
        1.619993 -0.835165 3.930301,
        1.419819 -1.353794 3.791106,
        1.405586 -1.340224 3.838583,
        1.382946 -1.318636 3.879352,
        1.353440 -1.290502 3.910635,
        1.319079 -1.257739 3.930301,
        1.193550 -1.377431 3.930301,
        1.224641 -1.413311 3.910635,
        1.251339 -1.444122 3.879352,
        1.271825 -1.467765 3.838583,
        1.126546 -1.582013 3.838583,
        1.108400 -1.556531 3.879352,
        1.084752 -1.523321 3.910635,
        1.057213 -1.484648 3.930301,
        0.971065 -1.681935 3.838583,
        0.955424 -1.654843 3.879352,
        0.935039 -1.619536 3.910635,
        0.911301 -1.578420 3.930301,
        0.814960 -1.784513 3.791106,
        0.806791 -1.766624 3.838583,
        0.793795 -1.738168 3.879352,
        0.776859 -1.701083 3.910635,
        0.757136 -1.657897 3.930301,
        0.279193 -1.941828 3.791106,
        0.276394 -1.922363 3.838583,
        0.271942 -1.891398 3.879352,
        0.266140 -1.851044 3.910635,
        0.259383 -1.804051 3.930301,
        0.086723 -1.820538 3.930301,
        0.088982 -1.867961 3.910635,
        0.090922 -1.908683 3.879352,
        0.092410 -1.939931 3.838583,
        -0.092410 -1.939931 3.838583,
        -0.090922 -1.908683 3.879352,
        -0.088982 -1.867961 3.910635,
        -0.086723 -1.820538 3.930301,
        -0.276394 -1.922363 3.838583,
        -0.271942 -1.891398 3.879352,
        -0.266140 -1.851044 3.910635,
        -0.259383 -1.804051 3.930301,
        -0.462511 -1.906496 3.791106,
        -0.457875 -1.887385 3.838583,
        -0.450500 -1.856984 3.879352,
        -0.440888 -1.817364 3.910635,
        -0.429695 -1.771226 3.930301,
        -0.980898 -1.698965 3.791106,
        -0.971065 -1.681935 3.838583,
        -0.955424 -1.654843 3.879352,
        -0.935039 -1.619536 3.910635,
        -1.405586 -1.340224 3.838583,
        -1.382946 -1.318636 3.879352,
        -1.353440 -1.290502 3.910635,
        -1.542076 -1.212702 3.791106,
        -1.526618 -1.200546 3.838583,
        -1.502028 -1.181208 3.879352,
        -1.469981 -1.156006 3.910635,
        -1.432662 -1.126658 3.930301,
        -1.392614 -1.095163 3.937008,
        -1.821269 -0.729126 3.791106,
        -1.803012 -0.721817 3.838583,
        -1.773970 -0.710191 3.879352,
        -1.736121 -0.695038 3.910635,
        -1.692045 -0.677393 3.930301,
        -1.644746 -0.658457 3.937008,
        -1.952913 -0.186481 3.791106,
        -1.933337 -0.184611 3.838583,
        -1.902195 -0.181638 3.879352,
        -1.861611 -0.177762 3.910635,
        -1.814349 -0.173249 3.930301,
        -1.763631 -0.168406 3.937008,
        -1.765688 -0.125230 3.937008,
        -1.822602 0.000000 3.930301,
        -1.870079 0.000000 3.910635,
        -1.910848 0.000000 3.879352,
        -1.942131 0.000000 3.838583,
        -1.961796 0.000000 3.791106,
        -1.882330 0.552702 3.791106,
        -1.863461 0.547161 3.838583,
        -1.833445 0.538348 3.879352,
        -1.794327 0.526862 3.910635,
        -1.748774 0.513486 3.930301,
        -1.730473 0.373064 3.937008,
        -1.650368 1.060627 3.791106,
        -1.633824 1.049995 3.838583,
        -1.607507 1.033082 3.879352,
        -1.573210 1.011041 3.910635,
        -1.533270 0.985373 3.930301,
        -1.557449 0.841713 3.937008,
        -1.469981 1.156006 3.910635,
        -1.502028 1.181208 3.879352,
        -1.526618 1.200546 3.838583,
        -1.137954 1.598032 3.791106,
        -1.126546 1.582013 3.838583,
        -1.108400 1.556531 3.879352,
        -1.084752 1.523321 3.910635,
        -0.641641 1.853899 3.791106,
        -0.635209 1.835315 3.838583,
        -0.624977 1.805753 3.879352,
        -0.611643 1.767226 3.910635,
        -0.596115 1.722360 3.930301,
        -0.429695 1.771226 3.930301,
        -0.440888 1.817364 3.910635,
        -0.450500 1.856984 3.879352,
        -0.457875 1.887385 3.838583,
        0.093346 1.959574 3.791106,
        0.092410 1.939931 3.838583,
        0.090922 1.908683 3.879352,
        0.088982 1.867961 3.910635,
        0.086723 1.820538 3.930301,
        0.641641 1.853899 3.791106,
        0.635209 1.835315 3.838583,
        0.624977 1.805753 3.879352,
        0.611643 1.767226 3.910635,
        0.596115 1.722360 3.930301,
        0.757136 1.657897 3.930301,
        0.776859 1.701083 3.910635,
        0.793795 1.738168 3.879352,
        0.806791 1.766624 3.838583,
        1.284704 1.482627 3.791106,
        1.271825 1.467765 3.838583,
        1.251339 1.444122 3.879352,
        1.224641 1.413311 3.910635,
        1.193550 1.377431 3.930301,
        1.650368 1.060627 3.791106,
        1.633824 1.049995 3.838583,
        1.607507 1.033082 3.879352,
        1.573210 1.011041 3.910635,
        1.533270 0.985373 3.930301,
        1.619993 0.835165 3.930301,
        1.662192 0.856920 3.910635,
        1.698430 0.875601 3.879352,
        1.726235 0.889936 3.838583,
        1.926344 0.371272 3.791106,
        1.907034 0.367551 3.838583,
        1.876316 0.361630 3.879352,
        1.836284 0.353915 3.910635,
        1.789665 0.344930 3.930301,
      ]
    }
    coordIndex [
      6, 165, 4, -1,
      4, 165, 166, -1,
      7, 167, 6, -1,
      6, 167, 168, -1,
      6, 168, 165, -1,
      169, 166, 168, -1,
      168, 166, 165, -1,
      170, 5, 169, -1,
      169, 5, 4, -1,
      169, 4, 166, -1,
      167, 7, 170, -1,
      170, 7, 5, -1,
      168, 167, 169, -1,
      169, 167, 170, -1,
      171, 172, 2, -1,
      2, 172, 0, -1,
      173, 1, 174, -1,
      174, 1, 0, -1,
      174, 0, 172, -1,
      175, 3, 173, -1,
      173, 3, 1, -1,
      3, 175, 2, -1,
      2, 175, 176, -1,
      2, 176, 171, -1,
      174, 172, 176, -1,
      176, 172, 171, -1,
      173, 174, 175, -1,
      175, 174, 176, -1,
      102, 101, 177, -1,
      111, 110, 178, -1,
      107, 106, 179, -1,
      116, 115, 180, -1,
      123, 122, 181, -1,
      119, 118, 182, -1,
      128, 127, 183, -1,
      134, 133, 184, -1,
      130, 129, 185, -1,
      139, 138, 186, -1,
      146, 145, 187, -1,
      142, 141, 188, -1,
      151, 150, 189, -1,
      164, 163, 190, -1,
      158, 157, 191, -1,
      153, 54, 192, -1,
      61, 60, 193, -1,
      59, 58, 194, -1,
      66, 65, 195, -1,
      73, 72, 196, -1,
      71, 70, 197, -1,
      69, 68, 198, -1,
      78, 77, 199, -1,
      85, 84, 200, -1,
      83, 82, 201, -1,
      81, 80, 202, -1,
      92, 91, 203, -1,
      99, 98, 204, -1,
      97, 96, 205, -1,
      11, 13, 206, -1,
      207, 208, 209, -1,
      210, 211, 212, -1,
      213, 214, 215, -1,
      216, 217, 218, -1,
      219, 220, 221, -1,
      222, 223, 224, -1,
      225, 226, 227, -1,
      12, 228, 229, -1,
      230, 17, 27, -1,
      49, 17, 231, -1,
      231, 17, 230, -1,
      231, 230, 232, -1,
      12, 229, 14, -1,
      225, 227, 233, -1,
      222, 224, 234, -1,
      219, 221, 235, -1,
      216, 218, 236, -1,
      213, 215, 237, -1,
      210, 212, 238, -1,
      207, 209, 239, -1,
      51, 49, 240, -1,
      240, 49, 231, -1,
      240, 231, 241, -1,
      241, 231, 232, -1,
      241, 232, 242, -1,
      52, 51, 243, -1,
      243, 51, 240, -1,
      243, 240, 244, -1,
      244, 240, 241, -1,
      244, 241, 245, -1,
      245, 241, 242, -1,
      245, 242, 246, -1,
      50, 52, 247, -1,
      247, 52, 243, -1,
      247, 243, 248, -1,
      248, 243, 244, -1,
      248, 244, 249, -1,
      249, 244, 245, -1,
      249, 245, 250, -1,
      250, 245, 246, -1,
      250, 246, 177, -1,
      251, 252, 253, -1,
      254, 252, 255, -1,
      255, 252, 251, -1,
      255, 251, 256, -1,
      257, 258, 259, -1,
      259, 258, 260, -1,
      259, 260, 261, -1,
      261, 260, 262, -1,
      261, 262, 263, -1,
      263, 262, 264, -1,
      263, 264, 265, -1,
      265, 264, 203, -1,
      266, 267, 268, -1,
      268, 267, 269, -1,
      268, 269, 270, -1,
      270, 269, 271, -1,
      270, 271, 272, -1,
      272, 271, 273, -1,
      272, 273, 274, -1,
      274, 273, 199, -1,
      275, 276, 277, -1,
      277, 276, 278, -1,
      277, 278, 279, -1,
      279, 278, 280, -1,
      279, 280, 281, -1,
      281, 280, 282, -1,
      281, 282, 283, -1,
      283, 282, 195, -1,
      284, 285, 286, -1,
      286, 285, 287, -1,
      286, 287, 288, -1,
      288, 287, 289, -1,
      288, 289, 290, -1,
      290, 289, 291, -1,
      290, 291, 292, -1,
      292, 291, 293, -1,
      292, 293, 294, -1,
      294, 293, 194, -1,
      295, 234, 296, -1,
      296, 234, 224, -1,
      296, 224, 297, -1,
      297, 224, 298, -1,
      297, 298, 299, -1,
      299, 298, 300, -1,
      299, 300, 301, -1,
      301, 300, 302, -1,
      301, 302, 303, -1,
      303, 302, 192, -1,
      304, 235, 305, -1,
      305, 235, 221, -1,
      305, 221, 306, -1,
      306, 221, 307, -1,
      306, 307, 308, -1,
      308, 307, 309, -1,
      308, 309, 310, -1,
      310, 309, 311, -1,
      310, 311, 312, -1,
      312, 311, 191, -1,
      217, 313, 218, -1,
      218, 313, 314, -1,
      218, 314, 315, -1,
      315, 314, 316, -1,
      315, 316, 317, -1,
      317, 316, 318, -1,
      317, 318, 319, -1,
      319, 318, 320, -1,
      319, 320, 321, -1,
      321, 320, 190, -1,
      214, 322, 215, -1,
      215, 322, 323, -1,
      215, 323, 324, -1,
      324, 323, 325, -1,
      324, 325, 326, -1,
      326, 325, 327, -1,
      326, 327, 328, -1,
      328, 327, 329, -1,
      328, 329, 330, -1,
      330, 329, 189, -1,
      331, 332, 333, -1,
      333, 332, 334, -1,
      333, 334, 335, -1,
      335, 334, 336, -1,
      335, 336, 337, -1,
      337, 336, 338, -1,
      337, 338, 339, -1,
      339, 338, 340, -1,
      339, 340, 341, -1,
      341, 340, 187, -1,
      342, 11, 343, -1,
      343, 11, 206, -1,
      343, 206, 344, -1,
      344, 206, 345, -1,
      344, 345, 346, -1,
      346, 345, 347, -1,
      346, 347, 348, -1,
      348, 347, 349, -1,
      348, 349, 350, -1,
      350, 349, 186, -1,
      23, 22, 351, -1,
      351, 22, 352, -1,
      351, 352, 353, -1,
      353, 352, 354, -1,
      353, 354, 355, -1,
      355, 354, 356, -1,
      355, 356, 357, -1,
      357, 356, 358, -1,
      357, 358, 359, -1,
      359, 358, 184, -1,
      20, 19, 360, -1,
      360, 19, 361, -1,
      360, 361, 362, -1,
      362, 361, 363, -1,
      362, 363, 364, -1,
      364, 363, 365, -1,
      364, 365, 366, -1,
      366, 365, 367, -1,
      366, 367, 368, -1,
      368, 367, 183, -1,
      28, 29, 369, -1,
      369, 29, 370, -1,
      369, 370, 371, -1,
      371, 370, 372, -1,
      371, 372, 373, -1,
      373, 372, 374, -1,
      373, 374, 375, -1,
      375, 374, 376, -1,
      375, 376, 377, -1,
      377, 376, 181, -1,
      38, 37, 378, -1,
      378, 37, 379, -1,
      378, 379, 380, -1,
      380, 379, 381, -1,
      380, 381, 382, -1,
      382, 381, 383, -1,
      382, 383, 384, -1,
      384, 383, 385, -1,
      384, 385, 386, -1,
      386, 385, 180, -1,
      16, 15, 387, -1,
      387, 15, 388, -1,
      387, 388, 389, -1,
      389, 388, 390, -1,
      389, 390, 391, -1,
      391, 390, 392, -1,
      391, 392, 393, -1,
      393, 392, 394, -1,
      393, 394, 395, -1,
      395, 394, 178, -1,
      95, 94, 254, -1,
      254, 94, 93, -1,
      254, 93, 252, -1,
      252, 93, 104, -1,
      252, 104, 253, -1,
      253, 104, 103, -1,
      96, 95, 205, -1,
      205, 95, 254, -1,
      205, 254, 396, -1,
      396, 254, 255, -1,
      396, 255, 397, -1,
      397, 255, 256, -1,
      397, 256, 398, -1,
      98, 97, 204, -1,
      204, 97, 205, -1,
      204, 205, 399, -1,
      399, 205, 396, -1,
      399, 396, 400, -1,
      400, 396, 397, -1,
      400, 397, 401, -1,
      401, 397, 398, -1,
      401, 398, 402, -1,
      88, 99, 403, -1,
      403, 99, 204, -1,
      403, 204, 404, -1,
      404, 204, 399, -1,
      404, 399, 405, -1,
      405, 399, 400, -1,
      405, 400, 406, -1,
      406, 400, 401, -1,
      406, 401, 407, -1,
      407, 401, 402, -1,
      407, 257, 406, -1,
      406, 257, 259, -1,
      406, 259, 405, -1,
      405, 259, 261, -1,
      405, 261, 404, -1,
      404, 261, 263, -1,
      404, 263, 403, -1,
      403, 263, 265, -1,
      403, 265, 88, -1,
      88, 265, 89, -1,
      203, 91, 265, -1,
      265, 91, 90, -1,
      265, 90, 89, -1,
      79, 92, 408, -1,
      408, 92, 203, -1,
      408, 203, 409, -1,
      409, 203, 264, -1,
      409, 264, 410, -1,
      410, 264, 262, -1,
      410, 262, 411, -1,
      411, 262, 260, -1,
      411, 260, 412, -1,
      412, 260, 258, -1,
      412, 413, 411, -1,
      411, 413, 414, -1,
      411, 414, 410, -1,
      410, 414, 415, -1,
      410, 415, 409, -1,
      409, 415, 416, -1,
      409, 416, 408, -1,
      408, 416, 202, -1,
      408, 202, 79, -1,
      79, 202, 80, -1,
      82, 81, 201, -1,
      201, 81, 202, -1,
      201, 202, 417, -1,
      417, 202, 416, -1,
      417, 416, 418, -1,
      418, 416, 415, -1,
      418, 415, 419, -1,
      419, 415, 414, -1,
      419, 414, 420, -1,
      420, 414, 413, -1,
      84, 83, 200, -1,
      200, 83, 201, -1,
      200, 201, 421, -1,
      421, 201, 417, -1,
      421, 417, 422, -1,
      422, 417, 418, -1,
      422, 418, 423, -1,
      423, 418, 419, -1,
      423, 419, 424, -1,
      424, 419, 420, -1,
      86, 85, 425, -1,
      425, 85, 200, -1,
      425, 200, 426, -1,
      426, 200, 421, -1,
      426, 421, 427, -1,
      427, 421, 422, -1,
      427, 422, 428, -1,
      428, 422, 423, -1,
      428, 423, 429, -1,
      429, 423, 424, -1,
      429, 266, 428, -1,
      428, 266, 268, -1,
      428, 268, 427, -1,
      427, 268, 270, -1,
      427, 270, 426, -1,
      426, 270, 272, -1,
      426, 272, 425, -1,
      425, 272, 274, -1,
      425, 274, 86, -1,
      86, 274, 87, -1,
      199, 77, 274, -1,
      274, 77, 76, -1,
      274, 76, 87, -1,
      67, 78, 430, -1,
      430, 78, 199, -1,
      430, 199, 431, -1,
      431, 199, 273, -1,
      431, 273, 432, -1,
      432, 273, 271, -1,
      432, 271, 433, -1,
      433, 271, 269, -1,
      433, 269, 434, -1,
      434, 269, 267, -1,
      434, 435, 433, -1,
      433, 435, 436, -1,
      433, 436, 432, -1,
      432, 436, 437, -1,
      432, 437, 431, -1,
      431, 437, 438, -1,
      431, 438, 430, -1,
      430, 438, 198, -1,
      430, 198, 67, -1,
      67, 198, 68, -1,
      70, 69, 197, -1,
      197, 69, 198, -1,
      197, 198, 439, -1,
      439, 198, 438, -1,
      439, 438, 440, -1,
      440, 438, 437, -1,
      440, 437, 441, -1,
      441, 437, 436, -1,
      441, 436, 442, -1,
      442, 436, 435, -1,
      72, 71, 196, -1,
      196, 71, 197, -1,
      196, 197, 443, -1,
      443, 197, 439, -1,
      443, 439, 444, -1,
      444, 439, 440, -1,
      444, 440, 445, -1,
      445, 440, 441, -1,
      445, 441, 446, -1,
      446, 441, 442, -1,
      74, 73, 447, -1,
      447, 73, 196, -1,
      447, 196, 448, -1,
      448, 196, 443, -1,
      448, 443, 449, -1,
      449, 443, 444, -1,
      449, 444, 450, -1,
      450, 444, 445, -1,
      450, 445, 451, -1,
      451, 445, 446, -1,
      451, 275, 450, -1,
      450, 275, 277, -1,
      450, 277, 449, -1,
      449, 277, 279, -1,
      449, 279, 448, -1,
      448, 279, 281, -1,
      448, 281, 447, -1,
      447, 281, 283, -1,
      447, 283, 74, -1,
      74, 283, 75, -1,
      195, 65, 283, -1,
      283, 65, 64, -1,
      283, 64, 75, -1,
      55, 66, 452, -1,
      452, 66, 195, -1,
      452, 195, 453, -1,
      453, 195, 282, -1,
      453, 282, 454, -1,
      454, 282, 280, -1,
      454, 280, 455, -1,
      455, 280, 278, -1,
      455, 278, 229, -1,
      229, 278, 276, -1,
      229, 276, 14, -1,
      14, 276, 275, -1,
      14, 275, 24, -1,
      24, 275, 451, -1,
      24, 451, 25, -1,
      25, 451, 446, -1,
      25, 446, 26, -1,
      26, 446, 442, -1,
      26, 442, 32, -1,
      32, 442, 435, -1,
      32, 435, 33, -1,
      33, 435, 434, -1,
      33, 434, 34, -1,
      34, 434, 267, -1,
      34, 267, 40, -1,
      40, 267, 266, -1,
      40, 266, 41, -1,
      41, 266, 429, -1,
      41, 429, 42, -1,
      42, 429, 424, -1,
      42, 424, 43, -1,
      43, 424, 420, -1,
      43, 420, 44, -1,
      44, 420, 413, -1,
      44, 413, 45, -1,
      45, 413, 412, -1,
      45, 412, 46, -1,
      46, 412, 258, -1,
      46, 258, 47, -1,
      47, 258, 257, -1,
      47, 257, 8, -1,
      8, 257, 407, -1,
      8, 407, 9, -1,
      9, 407, 402, -1,
      9, 402, 27, -1,
      228, 284, 229, -1,
      229, 284, 286, -1,
      229, 286, 455, -1,
      455, 286, 288, -1,
      455, 288, 454, -1,
      454, 288, 290, -1,
      454, 290, 453, -1,
      453, 290, 292, -1,
      453, 292, 452, -1,
      452, 292, 294, -1,
      452, 294, 55, -1,
      55, 294, 56, -1,
      194, 58, 294, -1,
      294, 58, 57, -1,
      294, 57, 56, -1,
      60, 59, 193, -1,
      193, 59, 194, -1,
      193, 194, 456, -1,
      456, 194, 293, -1,
      456, 293, 457, -1,
      457, 293, 291, -1,
      457, 291, 458, -1,
      458, 291, 289, -1,
      458, 289, 227, -1,
      227, 289, 287, -1,
      227, 287, 233, -1,
      233, 287, 285, -1,
      62, 61, 459, -1,
      459, 61, 193, -1,
      459, 193, 460, -1,
      460, 193, 456, -1,
      460, 456, 461, -1,
      461, 456, 457, -1,
      461, 457, 462, -1,
      462, 457, 458, -1,
      462, 458, 463, -1,
      463, 458, 227, -1,
      463, 227, 464, -1,
      464, 227, 226, -1,
      464, 295, 463, -1,
      463, 295, 296, -1,
      463, 296, 462, -1,
      462, 296, 297, -1,
      462, 297, 461, -1,
      461, 297, 299, -1,
      461, 299, 460, -1,
      460, 299, 301, -1,
      460, 301, 459, -1,
      459, 301, 303, -1,
      459, 303, 62, -1,
      62, 303, 63, -1,
      192, 54, 303, -1,
      303, 54, 53, -1,
      303, 53, 63, -1,
      154, 153, 465, -1,
      465, 153, 192, -1,
      465, 192, 466, -1,
      466, 192, 302, -1,
      466, 302, 467, -1,
      467, 302, 300, -1,
      467, 300, 468, -1,
      468, 300, 298, -1,
      468, 298, 469, -1,
      469, 298, 224, -1,
      469, 224, 470, -1,
      470, 224, 223, -1,
      470, 304, 469, -1,
      469, 304, 305, -1,
      469, 305, 468, -1,
      468, 305, 306, -1,
      468, 306, 467, -1,
      467, 306, 308, -1,
      467, 308, 466, -1,
      466, 308, 310, -1,
      466, 310, 465, -1,
      465, 310, 312, -1,
      465, 312, 154, -1,
      154, 312, 155, -1,
      191, 157, 312, -1,
      312, 157, 156, -1,
      312, 156, 155, -1,
      159, 158, 471, -1,
      471, 158, 191, -1,
      471, 191, 472, -1,
      472, 191, 311, -1,
      472, 311, 473, -1,
      473, 311, 309, -1,
      473, 309, 474, -1,
      474, 309, 307, -1,
      474, 307, 475, -1,
      475, 307, 221, -1,
      475, 221, 476, -1,
      476, 221, 220, -1,
      476, 477, 475, -1,
      475, 477, 478, -1,
      475, 478, 474, -1,
      474, 478, 479, -1,
      474, 479, 473, -1,
      473, 479, 480, -1,
      473, 480, 472, -1,
      472, 480, 481, -1,
      472, 481, 471, -1,
      471, 481, 482, -1,
      471, 482, 159, -1,
      159, 482, 160, -1,
      477, 236, 478, -1,
      478, 236, 218, -1,
      478, 218, 479, -1,
      479, 218, 315, -1,
      479, 315, 480, -1,
      480, 315, 317, -1,
      480, 317, 481, -1,
      481, 317, 319, -1,
      481, 319, 482, -1,
      482, 319, 321, -1,
      482, 321, 160, -1,
      160, 321, 161, -1,
      190, 163, 321, -1,
      321, 163, 162, -1,
      321, 162, 161, -1,
      147, 164, 483, -1,
      483, 164, 190, -1,
      483, 190, 484, -1,
      484, 190, 320, -1,
      484, 320, 485, -1,
      485, 320, 318, -1,
      485, 318, 486, -1,
      486, 318, 316, -1,
      486, 316, 487, -1,
      487, 316, 314, -1,
      487, 314, 488, -1,
      488, 314, 313, -1,
      488, 237, 487, -1,
      487, 237, 215, -1,
      487, 215, 486, -1,
      486, 215, 324, -1,
      486, 324, 485, -1,
      485, 324, 326, -1,
      485, 326, 484, -1,
      484, 326, 328, -1,
      484, 328, 483, -1,
      483, 328, 330, -1,
      483, 330, 147, -1,
      147, 330, 148, -1,
      189, 150, 330, -1,
      330, 150, 149, -1,
      330, 149, 148, -1,
      152, 151, 489, -1,
      489, 151, 189, -1,
      489, 189, 490, -1,
      490, 189, 329, -1,
      490, 329, 491, -1,
      491, 329, 327, -1,
      491, 327, 492, -1,
      492, 327, 325, -1,
      492, 325, 493, -1,
      493, 325, 323, -1,
      493, 323, 494, -1,
      494, 323, 322, -1,
      494, 238, 493, -1,
      493, 238, 212, -1,
      493, 212, 492, -1,
      492, 212, 495, -1,
      492, 495, 491, -1,
      491, 495, 496, -1,
      491, 496, 490, -1,
      490, 496, 497, -1,
      490, 497, 489, -1,
      489, 497, 188, -1,
      489, 188, 152, -1,
      152, 188, 141, -1,
      143, 142, 341, -1,
      341, 142, 188, -1,
      341, 188, 339, -1,
      339, 188, 497, -1,
      339, 497, 337, -1,
      337, 497, 496, -1,
      337, 496, 335, -1,
      335, 496, 495, -1,
      335, 495, 333, -1,
      333, 495, 212, -1,
      333, 212, 331, -1,
      331, 212, 211, -1,
      187, 145, 341, -1,
      341, 145, 144, -1,
      341, 144, 143, -1,
      135, 146, 498, -1,
      498, 146, 187, -1,
      498, 187, 499, -1,
      499, 187, 340, -1,
      499, 340, 500, -1,
      500, 340, 338, -1,
      500, 338, 501, -1,
      501, 338, 336, -1,
      501, 336, 209, -1,
      209, 336, 334, -1,
      209, 334, 239, -1,
      239, 334, 332, -1,
      208, 342, 209, -1,
      209, 342, 343, -1,
      209, 343, 501, -1,
      501, 343, 344, -1,
      501, 344, 500, -1,
      500, 344, 346, -1,
      500, 346, 499, -1,
      499, 346, 348, -1,
      499, 348, 498, -1,
      498, 348, 350, -1,
      498, 350, 135, -1,
      135, 350, 136, -1,
      186, 138, 350, -1,
      350, 138, 137, -1,
      350, 137, 136, -1,
      140, 139, 502, -1,
      502, 139, 186, -1,
      502, 186, 503, -1,
      503, 186, 349, -1,
      503, 349, 504, -1,
      504, 349, 347, -1,
      504, 347, 505, -1,
      505, 347, 345, -1,
      505, 345, 506, -1,
      506, 345, 206, -1,
      506, 206, 31, -1,
      31, 206, 13, -1,
      31, 30, 506, -1,
      506, 30, 507, -1,
      506, 507, 505, -1,
      505, 507, 508, -1,
      505, 508, 504, -1,
      504, 508, 509, -1,
      504, 509, 503, -1,
      503, 509, 510, -1,
      503, 510, 502, -1,
      502, 510, 185, -1,
      502, 185, 140, -1,
      140, 185, 129, -1,
      131, 130, 359, -1,
      359, 130, 185, -1,
      359, 185, 357, -1,
      357, 185, 510, -1,
      357, 510, 355, -1,
      355, 510, 509, -1,
      355, 509, 353, -1,
      353, 509, 508, -1,
      353, 508, 351, -1,
      351, 508, 507, -1,
      351, 507, 23, -1,
      23, 507, 30, -1,
      184, 133, 359, -1,
      359, 133, 132, -1,
      359, 132, 131, -1,
      124, 134, 511, -1,
      511, 134, 184, -1,
      511, 184, 512, -1,
      512, 184, 358, -1,
      512, 358, 513, -1,
      513, 358, 356, -1,
      513, 356, 514, -1,
      514, 356, 354, -1,
      514, 354, 515, -1,
      515, 354, 352, -1,
      515, 352, 21, -1,
      21, 352, 22, -1,
      21, 20, 515, -1,
      515, 20, 360, -1,
      515, 360, 514, -1,
      514, 360, 362, -1,
      514, 362, 513, -1,
      513, 362, 364, -1,
      513, 364, 512, -1,
      512, 364, 366, -1,
      512, 366, 511, -1,
      511, 366, 368, -1,
      511, 368, 124, -1,
      124, 368, 125, -1,
      183, 127, 368, -1,
      368, 127, 126, -1,
      368, 126, 125, -1,
      117, 128, 516, -1,
      516, 128, 183, -1,
      516, 183, 517, -1,
      517, 183, 367, -1,
      517, 367, 518, -1,
      518, 367, 365, -1,
      518, 365, 519, -1,
      519, 365, 363, -1,
      519, 363, 520, -1,
      520, 363, 361, -1,
      520, 361, 18, -1,
      18, 361, 19, -1,
      18, 10, 520, -1,
      520, 10, 521, -1,
      520, 521, 519, -1,
      519, 521, 522, -1,
      519, 522, 518, -1,
      518, 522, 523, -1,
      518, 523, 517, -1,
      517, 523, 524, -1,
      517, 524, 516, -1,
      516, 524, 182, -1,
      516, 182, 117, -1,
      117, 182, 118, -1,
      120, 119, 377, -1,
      377, 119, 182, -1,
      377, 182, 375, -1,
      375, 182, 524, -1,
      375, 524, 373, -1,
      373, 524, 523, -1,
      373, 523, 371, -1,
      371, 523, 522, -1,
      371, 522, 369, -1,
      369, 522, 521, -1,
      369, 521, 28, -1,
      28, 521, 10, -1,
      181, 122, 377, -1,
      377, 122, 121, -1,
      377, 121, 120, -1,
      112, 123, 525, -1,
      525, 123, 181, -1,
      525, 181, 526, -1,
      526, 181, 376, -1,
      526, 376, 527, -1,
      527, 376, 374, -1,
      527, 374, 528, -1,
      528, 374, 372, -1,
      528, 372, 529, -1,
      529, 372, 370, -1,
      529, 370, 39, -1,
      39, 370, 29, -1,
      39, 38, 529, -1,
      529, 38, 378, -1,
      529, 378, 528, -1,
      528, 378, 380, -1,
      528, 380, 527, -1,
      527, 380, 382, -1,
      527, 382, 526, -1,
      526, 382, 384, -1,
      526, 384, 525, -1,
      525, 384, 386, -1,
      525, 386, 112, -1,
      112, 386, 113, -1,
      180, 115, 386, -1,
      386, 115, 114, -1,
      386, 114, 113, -1,
      105, 116, 530, -1,
      530, 116, 180, -1,
      530, 180, 531, -1,
      531, 180, 385, -1,
      531, 385, 532, -1,
      532, 385, 383, -1,
      532, 383, 533, -1,
      533, 383, 381, -1,
      533, 381, 534, -1,
      534, 381, 379, -1,
      534, 379, 36, -1,
      36, 379, 37, -1,
      36, 35, 534, -1,
      534, 35, 535, -1,
      534, 535, 533, -1,
      533, 535, 536, -1,
      533, 536, 532, -1,
      532, 536, 537, -1,
      532, 537, 531, -1,
      531, 537, 538, -1,
      531, 538, 530, -1,
      530, 538, 179, -1,
      530, 179, 105, -1,
      105, 179, 106, -1,
      108, 107, 395, -1,
      395, 107, 179, -1,
      395, 179, 393, -1,
      393, 179, 538, -1,
      393, 538, 391, -1,
      391, 538, 537, -1,
      391, 537, 389, -1,
      389, 537, 536, -1,
      389, 536, 387, -1,
      387, 536, 535, -1,
      387, 535, 16, -1,
      16, 535, 35, -1,
      178, 110, 395, -1,
      395, 110, 109, -1,
      395, 109, 108, -1,
      100, 111, 539, -1,
      539, 111, 178, -1,
      539, 178, 540, -1,
      540, 178, 394, -1,
      540, 394, 541, -1,
      541, 394, 392, -1,
      541, 392, 542, -1,
      542, 392, 390, -1,
      542, 390, 543, -1,
      543, 390, 388, -1,
      543, 388, 48, -1,
      48, 388, 15, -1,
      48, 50, 543, -1,
      543, 50, 247, -1,
      543, 247, 542, -1,
      542, 247, 248, -1,
      542, 248, 541, -1,
      541, 248, 249, -1,
      541, 249, 540, -1,
      540, 249, 250, -1,
      540, 250, 539, -1,
      539, 250, 177, -1,
      539, 177, 100, -1,
      100, 177, 101, -1,
      27, 402, 230, -1,
      230, 402, 398, -1,
      230, 398, 232, -1,
      232, 398, 256, -1,
      232, 256, 242, -1,
      242, 256, 251, -1,
      242, 251, 246, -1,
      246, 251, 253, -1,
      246, 253, 177, -1,
      177, 253, 103, -1,
      177, 103, 102, -1,
    ]
  }
}

Shape {
  appearance Appearance {
    material Material {
      diffuseColor 0.0000 0.0000 0.0000
      specularColor 0.0000 0.0000 0.0000
      ambientIntensity 0.2
      transparency 0.0000
      shininess 0.5
    }
  }
  geometry IndexedFaceSet {
    ccw TRUE
    solid FALSE
    coord DEF co Coordinate {
      point [
        0.123791 -0.102880 0.000000,
        0.131698 -0.103988 0.000000,
        0.137081 -0.104080 0.000000,
        -0.061120 -0.080074 0.000000,
        -0.061120 -0.101680 0.000000,
        0.044507 -0.101680 0.000000,
        0.082917 -0.091477 0.000000,
        0.082917 -0.069872 0.000000,
        0.044507 0.095171 0.000000,
        0.103900 -0.100093 0.000000,
        0.018100 -0.012857 0.000000,
        0.018100 -0.080074 0.000000,
        -0.051517 -0.012857 0.000000,
        -0.051517 0.008749 0.000000,
        -0.056319 0.073565 0.000000,
        0.018100 0.008749 0.000000,
        0.018100 0.073565 0.000000,
        0.346985 -0.101680 0.000000,
        0.148657 -0.102880 0.000000,
        0.246159 -0.101680 0.000000,
        0.161340 -0.101565 0.000000,
        0.180419 -0.094998 0.000000,
        0.320578 0.095171 0.000000,
        0.346985 0.095171 0.000000,
        -0.056319 0.095171 0.000000,
        0.148400 0.073789 0.000000,
        0.163134 0.068472 0.000000,
        0.086445 -0.071826 0.000000,
        0.176759 0.059357 0.000000,
        0.188646 0.046233 0.000000,
        0.202948 -0.005355 0.000000,
        0.200954 -0.026665 0.000000,
        0.195606 -0.043597 0.000000,
        0.151803 -0.080415 0.000000,
        0.133443 -0.082475 0.000000,
        0.166146 -0.075135 0.000000,
        0.178228 -0.066992 0.000000,
        0.187465 -0.057247 0.000000,
        0.107312 -0.079574 0.000000,
        0.196761 0.031035 0.000000,
        0.202009 0.009961 0.000000,
        0.189656 0.078819 0.000000,
        0.207428 0.061728 0.000000,
        0.218965 0.043323 0.000000,
        0.196254 -0.084886 0.000000,
        0.211040 -0.069320 0.000000,
        0.246159 -0.080074 0.000000,
        0.221526 -0.050602 0.000000,
        0.320578 -0.080074 0.000000,
        0.227451 -0.029766 0.000000,
        0.229354 -0.006968 0.000000,
        0.226523 0.021019 0.000000,
        0.170958 0.089582 0.000000,
        0.149013 0.095957 0.000000,
        0.129241 0.097571 0.000000,
        0.105676 0.095945 0.000000,
        0.082917 0.089769 0.000000,
        0.082917 0.063363 0.000000,
        0.105090 0.072857 0.000000,
        0.129016 0.075966 0.000000,
        -0.421212 -0.101680 0.000000,
        -0.153056 -0.101680 0.000000,
        -0.099530 -0.101680 0.000000,
        -0.346793 0.095171 0.000000,
        -0.373200 0.095171 0.000000,
        -0.450020 -0.101680 0.000000,
        -0.099530 0.095171 0.000000,
        -0.257970 -0.000779 0.000000,
        -0.255208 -0.027123 0.000000,
        -0.272374 -0.101680 0.000000,
        -0.248141 -0.047727 0.000000,
        -0.236852 -0.065334 0.000000,
        -0.155081 0.095171 0.000000,
        -0.183521 0.092131 0.000000,
        -0.206553 0.084043 0.000000,
        -0.227978 0.069685 0.000000,
        -0.220649 -0.080848 0.000000,
        -0.200095 -0.092793 0.000000,
        -0.177413 -0.099554 0.000000,
        -0.228184 0.069504 0.000000,
        -0.242104 0.054068 0.000000,
        -0.251253 0.037139 0.000000,
        -0.256540 0.017744 0.000000,
        -0.301181 -0.101680 0.000000,
        -0.319974 -0.046465 0.000000,
        -0.401294 -0.046465 0.000000,
        -0.863359 1.547051 3.937008,
        -0.863359 -1.547051 3.937008,
        -1.071905 1.408352 3.937008,
        -1.027660 1.443146 3.937008,
        -1.422738 1.052860 3.937008,
        -1.392614 1.095163 3.937008,
        -1.660308 0.613494 3.937008,
        -1.644746 0.658457 3.937008,
        -1.765688 0.125230 3.937008,
        -1.763631 0.168406 3.937008,
        -1.730473 -0.373064 3.937008,
        -1.739637 -0.335288 3.937008,
        -1.557449 -0.841713 3.937008,
        -1.574708 -0.811819 3.937008,
        -1.260374 -1.243398 3.937008,
        -1.282206 -1.222581 3.937008,
        -0.885827 -1.534297 3.937008,
        -1.160186 -1.338926 3.937008,
        -1.490410 -0.957828 3.937008,
        -1.699889 -0.499133 3.937008,
        -1.771654 0.000000 3.937008,
        -1.699889 0.499133 3.937008,
        -1.490410 0.957828 3.937008,
        -1.160186 1.338926 3.937008,
        -1.027660 -1.443146 3.937008,
        -1.071905 -1.408352 3.937008,
        -1.422738 -1.052860 3.937008,
        -1.660308 -0.613494 3.937008,
        -1.739637 0.335288 3.937008,
        -1.574708 0.811819 3.937008,
        -1.282206 1.222581 3.937008,
        -1.260374 1.243398 3.937008,
        -0.885827 1.534297 3.937008,
        -1.392614 -1.095163 3.937008,
        -1.644746 -0.658457 3.937008,
        -1.763631 -0.168406 3.937008,
        -1.765688 -0.125230 3.937008,
        -1.730473 0.373064 3.937008,
        -1.557449 0.841713 3.937008,
        -1.261187 1.244252 3.936614,
        -1.073008 1.409755 3.936614,
        -0.863359 1.547051 3.936614,
        -1.424132 1.053852 3.936614,
        -1.558581 0.842367 3.936614,
        -1.661845 0.614026 3.936614,
        -1.731857 0.373400 3.936614,
        -1.767217 0.125302 3.936614,
        -1.767217 -0.125302 3.936614,
        -1.731857 -0.373400 3.936614,
        -1.661845 -0.614026 3.936614,
        -1.558581 -0.842367 3.936614,
        -1.424132 -1.053852 3.936614,
        -1.261187 -1.244252 3.936614,
        -1.073008 -1.409755 3.936614,
        -0.863359 -1.547051 3.936614,
        -0.373200 0.095171 0.000394,
        -0.450020 -0.101680 0.000394,
        -0.421212 -0.101680 0.000394,
        -0.401294 -0.046465 0.000394,
        -0.319974 -0.046465 0.000394,
        -0.301181 -0.101680 0.000394,
        -0.272374 -0.101680 0.000394,
        -0.346793 0.095171 0.000394,
        -0.326613 -0.024860 0.000394,
        -0.392442 -0.024860 0.000394,
        -0.355983 0.057361 0.000394,
        -0.357878 0.064188 0.000394,
        -0.359134 0.071165 0.000394,
        -0.359771 0.071165 0.000394,
        -0.361056 0.064209 0.000394,
        -0.362810 0.057361 0.000394,
        -0.326613 -0.024860 0.000000,
        -0.392442 -0.024860 0.000000,
        -0.355983 0.057361 0.000000,
        -0.357878 0.064188 0.000000,
        -0.359134 0.071165 0.000000,
        -0.359771 0.071165 0.000000,
        -0.361056 0.064209 0.000000,
        -0.362810 0.057361 0.000000,
        -0.153056 -0.101680 0.000394,
        -0.099530 -0.101680 0.000394,
        -0.099530 0.095171 0.000394,
        -0.155081 0.095171 0.000394,
        -0.257970 -0.000779 0.000394,
        -0.256540 0.017744 0.000394,
        -0.251253 0.037139 0.000394,
        -0.242104 0.054068 0.000394,
        -0.228184 0.069504 0.000394,
        -0.227978 0.069685 0.000394,
        -0.206553 0.084043 0.000394,
        -0.183521 0.092131 0.000394,
        -0.177413 -0.099554 0.000394,
        -0.200095 -0.092793 0.000394,
        -0.220649 -0.080848 0.000394,
        -0.236852 -0.065334 0.000394,
        -0.248141 -0.047727 0.000394,
        -0.255208 -0.027123 0.000394,
        -0.218457 0.045961 0.000394,
        -0.208896 0.056113 0.000394,
        -0.194517 0.065402 0.000394,
        -0.178268 0.071089 0.000394,
        -0.154969 0.073565 0.000394,
        -0.125937 0.073565 0.000394,
        -0.125937 -0.080074 0.000394,
        -0.153881 -0.080074 0.000394,
        -0.174649 -0.078141 0.000394,
        -0.191214 -0.072970 0.000394,
        -0.204639 -0.064998 0.000394,
        -0.215680 -0.054093 0.000394,
        -0.223983 -0.040521 0.000394,
        -0.229756 -0.022017 0.000394,
        -0.231564 -0.001341 0.000394,
        -0.229891 0.018250 0.000394,
        -0.225296 0.033820 0.000394,
        -0.154969 0.073565 0.000000,
        -0.125937 0.073565 0.000000,
        -0.178268 0.071089 0.000000,
        -0.194517 0.065402 0.000000,
        -0.208896 0.056113 0.000000,
        -0.218457 0.045961 0.000000,
        -0.225296 0.033820 0.000000,
        -0.229891 0.018250 0.000000,
        -0.231564 -0.001341 0.000000,
        -0.229756 -0.022017 -0.000000,
        -0.223983 -0.040521 0.000000,
        -0.215680 -0.054093 0.000000,
        -0.204639 -0.064998 0.000000,
        -0.191214 -0.072970 0.000000,
        -0.174649 -0.078141 0.000000,
        -0.153881 -0.080074 0.000000,
        -0.125937 -0.080074 0.000000,
        -0.061120 -0.080074 0.000394,
        -0.061120 -0.101680 0.000394,
        0.044507 -0.101680 0.000394,
        0.044507 0.095171 0.000394,
        -0.056319 0.095171 0.000394,
        -0.056319 0.073565 0.000394,
        0.018100 0.073565 0.000394,
        0.018100 0.008749 0.000394,
        -0.051517 0.008749 0.000394,
        -0.051517 -0.012857 0.000394,
        0.018100 -0.012857 0.000394,
        0.018100 -0.080074 0.000394,
        0.082917 -0.069872 0.000394,
        0.082917 -0.091477 0.000394,
        0.103900 -0.100093 0.000394,
        0.137081 -0.104080 0.000394,
        0.131698 -0.103988 0.000394,
        0.161340 -0.101565 0.000394,
        0.180419 -0.094998 0.000394,
        0.196254 -0.084886 0.000394,
        0.211040 -0.069320 0.000394,
        0.221526 -0.050602 0.000394,
        0.227451 -0.029766 0.000394,
        0.229354 -0.006968 0.000394,
        0.129241 0.097571 0.000394,
        0.149013 0.095957 0.000394,
        0.170958 0.089582 0.000394,
        0.189656 0.078819 0.000394,
        0.207428 0.061728 0.000394,
        0.218965 0.043323 0.000394,
        0.226523 0.021019 0.000394,
        0.082917 0.089769 0.000394,
        0.105676 0.095945 0.000394,
        0.082917 0.063363 0.000394,
        0.129016 0.075966 0.000394,
        0.105090 0.072857 0.000394,
        0.202948 -0.005355 0.000394,
        0.202009 0.009961 0.000394,
        0.196761 0.031035 0.000394,
        0.188646 0.046233 0.000394,
        0.176759 0.059357 0.000394,
        0.163134 0.068472 0.000394,
        0.148400 0.073789 0.000394,
        0.133443 -0.082475 0.000394,
        0.151803 -0.080415 0.000394,
        0.166146 -0.075135 0.000394,
        0.178228 -0.066992 0.000394,
        0.187465 -0.057247 0.000394,
        0.195606 -0.043597 0.000394,
        0.200954 -0.026665 0.000394,
        0.086445 -0.071826 0.000394,
        0.107312 -0.079574 0.000394,
        0.246159 -0.080074 0.000394,
        0.246159 -0.101680 0.000394,
        0.346985 -0.101680 0.000394,
        0.346985 0.095171 0.000394,
        0.320578 0.095171 0.000394,
        0.320578 -0.080074 0.000394,
      ]
    }
    coordIndex [
      117, 125, 126, -1,
      117, 126, 109, -1,
      86, 118, 127, -1,
      127, 118, 89, -1,
      127, 89, 126, -1,
      126, 89, 88, -1,
      126, 88, 109, -1,
      117, 116, 125, -1,
      125, 116, 91, -1,
      125, 91, 128, -1,
      124, 129, 108, -1,
      108, 129, 128, -1,
      108, 128, 90, -1,
      90, 128, 91, -1,
      124, 115, 129, -1,
      129, 115, 93, -1,
      129, 93, 130, -1,
      123, 131, 107, -1,
      107, 131, 130, -1,
      107, 130, 92, -1,
      92, 130, 93, -1,
      123, 114, 131, -1,
      131, 114, 95, -1,
      131, 95, 132, -1,
      122, 133, 106, -1,
      106, 133, 132, -1,
      106, 132, 94, -1,
      94, 132, 95, -1,
      122, 121, 133, -1,
      133, 121, 97, -1,
      133, 97, 134, -1,
      113, 135, 105, -1,
      105, 135, 134, -1,
      105, 134, 96, -1,
      96, 134, 97, -1,
      113, 120, 135, -1,
      135, 120, 99, -1,
      135, 99, 136, -1,
      112, 137, 104, -1,
      104, 137, 136, -1,
      104, 136, 98, -1,
      98, 136, 99, -1,
      112, 119, 137, -1,
      137, 119, 101, -1,
      137, 101, 138, -1,
      111, 139, 103, -1,
      103, 139, 138, -1,
      103, 138, 100, -1,
      100, 138, 101, -1,
      87, 140, 102, -1,
      102, 140, 139, -1,
      102, 139, 110, -1,
      110, 139, 111, -1,
      127, 140, 86, -1,
      86, 140, 87, -1,
      134, 135, 127, -1,
      127, 135, 136, -1,
      127, 136, 137, -1,
      137, 138, 127, -1,
      127, 138, 139, -1,
      127, 139, 140, -1,
      134, 127, 133, -1,
      133, 127, 126, -1,
      133, 126, 125, -1,
      125, 128, 133, -1,
      133, 128, 129, -1,
      133, 129, 132, -1,
      132, 129, 130, -1,
      132, 130, 131, -1,
      141, 142, 64, -1,
      64, 142, 65, -1,
      142, 143, 65, -1,
      65, 143, 60, -1,
      143, 144, 60, -1,
      60, 144, 85, -1,
      144, 145, 85, -1,
      85, 145, 84, -1,
      145, 146, 84, -1,
      84, 146, 83, -1,
      146, 147, 83, -1,
      83, 147, 69, -1,
      147, 148, 69, -1,
      69, 148, 63, -1,
      148, 141, 63, -1,
      63, 141, 64, -1,
      149, 145, 150, -1,
      150, 145, 144, -1,
      151, 148, 149, -1,
      149, 148, 147, -1,
      149, 147, 145, -1,
      145, 147, 146, -1,
      151, 152, 148, -1,
      148, 152, 153, -1,
      148, 153, 141, -1,
      141, 153, 154, -1,
      141, 154, 155, -1,
      155, 156, 141, -1,
      141, 156, 150, -1,
      141, 150, 142, -1,
      142, 150, 144, -1,
      142, 144, 143, -1,
      149, 150, 157, -1,
      157, 150, 158, -1,
      151, 149, 159, -1,
      159, 149, 157, -1,
      151, 159, 160, -1,
      151, 160, 152, -1,
      152, 160, 161, -1,
      152, 161, 153, -1,
      154, 153, 162, -1,
      162, 153, 161, -1,
      154, 162, 163, -1,
      154, 163, 155, -1,
      155, 163, 164, -1,
      155, 164, 156, -1,
      150, 156, 158, -1,
      158, 156, 164, -1,
      165, 166, 61, -1,
      61, 166, 62, -1,
      166, 167, 62, -1,
      62, 167, 66, -1,
      167, 168, 66, -1,
      66, 168, 72, -1,
      169, 67, 82, -1,
      169, 82, 170, -1,
      170, 82, 81, -1,
      170, 81, 171, -1,
      171, 81, 80, -1,
      171, 80, 172, -1,
      172, 80, 79, -1,
      172, 79, 173, -1,
      173, 79, 75, -1,
      173, 75, 174, -1,
      174, 75, 74, -1,
      174, 74, 175, -1,
      175, 74, 73, -1,
      175, 73, 176, -1,
      176, 73, 72, -1,
      176, 72, 168, -1,
      165, 61, 78, -1,
      165, 78, 177, -1,
      177, 78, 77, -1,
      177, 77, 178, -1,
      178, 77, 76, -1,
      178, 76, 179, -1,
      179, 76, 71, -1,
      179, 71, 180, -1,
      180, 71, 70, -1,
      180, 70, 181, -1,
      181, 70, 68, -1,
      181, 68, 182, -1,
      182, 68, 67, -1,
      182, 67, 169, -1,
      171, 172, 183, -1,
      183, 172, 173, -1,
      183, 173, 184, -1,
      184, 173, 174, -1,
      184, 174, 185, -1,
      185, 174, 175, -1,
      185, 175, 186, -1,
      186, 175, 176, -1,
      186, 176, 187, -1,
      187, 176, 168, -1,
      187, 168, 188, -1,
      188, 168, 167, -1,
      188, 167, 189, -1,
      189, 167, 166, -1,
      189, 166, 190, -1,
      190, 166, 165, -1,
      190, 165, 191, -1,
      191, 165, 177, -1,
      191, 177, 192, -1,
      192, 177, 178, -1,
      192, 178, 193, -1,
      193, 178, 179, -1,
      193, 179, 194, -1,
      194, 179, 180, -1,
      194, 180, 195, -1,
      195, 180, 181, -1,
      195, 181, 196, -1,
      196, 181, 182, -1,
      196, 182, 197, -1,
      197, 182, 169, -1,
      197, 169, 198, -1,
      198, 169, 170, -1,
      198, 170, 199, -1,
      199, 170, 171, -1,
      199, 171, 183, -1,
      187, 188, 200, -1,
      200, 188, 201, -1,
      187, 200, 202, -1,
      187, 202, 186, -1,
      186, 202, 203, -1,
      186, 203, 185, -1,
      185, 203, 204, -1,
      185, 204, 184, -1,
      184, 204, 205, -1,
      184, 205, 183, -1,
      183, 205, 206, -1,
      183, 206, 199, -1,
      199, 206, 207, -1,
      199, 207, 198, -1,
      198, 207, 208, -1,
      198, 208, 197, -1,
      197, 208, 209, -1,
      197, 209, 196, -1,
      196, 209, 210, -1,
      196, 210, 195, -1,
      195, 210, 211, -1,
      195, 211, 194, -1,
      194, 211, 212, -1,
      194, 212, 193, -1,
      193, 212, 213, -1,
      193, 213, 192, -1,
      192, 213, 214, -1,
      192, 214, 191, -1,
      191, 214, 215, -1,
      191, 215, 190, -1,
      189, 190, 216, -1,
      216, 190, 215, -1,
      188, 189, 201, -1,
      201, 189, 216, -1,
      217, 218, 3, -1,
      3, 218, 4, -1,
      218, 219, 4, -1,
      4, 219, 5, -1,
      219, 220, 5, -1,
      5, 220, 8, -1,
      220, 221, 8, -1,
      8, 221, 24, -1,
      221, 222, 24, -1,
      24, 222, 14, -1,
      222, 223, 14, -1,
      14, 223, 16, -1,
      223, 224, 16, -1,
      16, 224, 15, -1,
      224, 225, 15, -1,
      15, 225, 13, -1,
      225, 226, 13, -1,
      13, 226, 12, -1,
      226, 227, 12, -1,
      12, 227, 10, -1,
      227, 228, 10, -1,
      10, 228, 11, -1,
      228, 217, 11, -1,
      11, 217, 3, -1,
      219, 218, 217, -1,
      217, 228, 219, -1,
      219, 228, 227, -1,
      219, 227, 220, -1,
      222, 221, 223, -1,
      223, 221, 220, -1,
      223, 220, 224, -1,
      224, 220, 227, -1,
      224, 227, 225, -1,
      225, 227, 226, -1,
      229, 230, 7, -1,
      7, 230, 6, -1,
      6, 230, 231, -1,
      232, 2, 1, -1,
      232, 1, 233, -1,
      233, 1, 0, -1,
      233, 0, 231, -1,
      231, 0, 9, -1,
      231, 9, 6, -1,
      2, 232, 18, -1,
      18, 232, 234, -1,
      18, 234, 20, -1,
      20, 234, 235, -1,
      20, 235, 21, -1,
      21, 235, 236, -1,
      21, 236, 44, -1,
      44, 236, 237, -1,
      44, 237, 45, -1,
      45, 237, 238, -1,
      45, 238, 47, -1,
      47, 238, 239, -1,
      47, 239, 49, -1,
      49, 239, 240, -1,
      49, 240, 50, -1,
      241, 54, 53, -1,
      241, 53, 242, -1,
      242, 53, 52, -1,
      242, 52, 243, -1,
      243, 52, 41, -1,
      243, 41, 244, -1,
      244, 41, 42, -1,
      244, 42, 245, -1,
      245, 42, 43, -1,
      245, 43, 246, -1,
      246, 43, 51, -1,
      246, 51, 247, -1,
      247, 51, 50, -1,
      247, 50, 240, -1,
      248, 56, 55, -1,
      248, 55, 249, -1,
      249, 55, 54, -1,
      249, 54, 241, -1,
      248, 250, 56, -1,
      56, 250, 57, -1,
      251, 59, 58, -1,
      251, 58, 252, -1,
      252, 58, 57, -1,
      252, 57, 250, -1,
      253, 30, 40, -1,
      253, 40, 254, -1,
      254, 40, 39, -1,
      254, 39, 255, -1,
      255, 39, 29, -1,
      255, 29, 256, -1,
      256, 29, 28, -1,
      256, 28, 257, -1,
      257, 28, 26, -1,
      257, 26, 258, -1,
      258, 26, 25, -1,
      258, 25, 259, -1,
      259, 25, 59, -1,
      259, 59, 251, -1,
      260, 34, 33, -1,
      260, 33, 261, -1,
      261, 33, 35, -1,
      261, 35, 262, -1,
      262, 35, 36, -1,
      262, 36, 263, -1,
      263, 36, 37, -1,
      263, 37, 264, -1,
      264, 37, 32, -1,
      264, 32, 265, -1,
      265, 32, 31, -1,
      265, 31, 266, -1,
      266, 31, 30, -1,
      266, 30, 253, -1,
      229, 7, 27, -1,
      229, 27, 267, -1,
      267, 27, 38, -1,
      267, 38, 268, -1,
      268, 38, 34, -1,
      268, 34, 260, -1,
      261, 232, 260, -1,
      260, 232, 233, -1,
      260, 233, 268, -1,
      268, 233, 231, -1,
      268, 231, 267, -1,
      267, 231, 230, -1,
      267, 230, 229, -1,
      250, 248, 252, -1,
      252, 248, 249, -1,
      252, 249, 251, -1,
      251, 249, 241, -1,
      251, 241, 259, -1,
      259, 241, 242, -1,
      259, 242, 258, -1,
      258, 242, 243, -1,
      258, 243, 257, -1,
      257, 243, 244, -1,
      257, 244, 256, -1,
      256, 244, 245, -1,
      256, 245, 255, -1,
      255, 245, 246, -1,
      255, 246, 254, -1,
      254, 246, 247, -1,
      254, 247, 253, -1,
      253, 247, 240, -1,
      253, 240, 266, -1,
      266, 240, 239, -1,
      266, 239, 265, -1,
      265, 239, 238, -1,
      265, 238, 264, -1,
      264, 238, 237, -1,
      264, 237, 263, -1,
      263, 237, 236, -1,
      263, 236, 262, -1,
      262, 236, 235, -1,
      262, 235, 261, -1,
      261, 235, 234, -1,
      261, 234, 232, -1,
      269, 270, 46, -1,
      46, 270, 19, -1,
      270, 271, 19, -1,
      19, 271, 17, -1,
      271, 272, 17, -1,
      17, 272, 23, -1,
      272, 273, 23, -1,
      23, 273, 22, -1,
      273, 274, 22, -1,
      22, 274, 48, -1,
      274, 269, 48, -1,
      48, 269, 46, -1,
      273, 272, 274, -1,
      274, 272, 271, -1,
      274, 271, 269, -1,
      269, 271, 270, -1,
    ]
  }
}

Shape {
  appearance Appearance {
    material Material {
      diffuseColor 0.2510 0.2510 0.2510
      specularColor 0.1255 0.1255 0.1255
      ambientIntensity 0.2
      transparency 0.0000
      shininess 0.5
    }
  }
  geometry IndexedFaceSet {
    ccw TRUE
    solid FALSE
    coord DEF co Coordinate {
      point [
        -0.326613 -0.024860 0.000000,
        -0.392442 -0.024860 0.000000,
        -0.355983 0.057361 0.000000,
        -0.357878 0.064188 0.000000,
        -0.359134 0.071165 0.000000,
        -0.359771 0.071165 0.000000,
        -0.361056 0.064209 0.000000,
        -0.362810 0.057361 0.000000,
        -0.154969 0.073565 0.000000,
        -0.125937 0.073565 0.000000,
        -0.178268 0.071089 0.000000,
        -0.194517 0.065402 0.000000,
        -0.208896 0.056113 0.000000,
        -0.218457 0.045961 0.000000,
        -0.225296 0.033820 0.000000,
        -0.229891 0.018250 0.000000,
        -0.231564 -0.001341 0.000000,
        -0.229756 -0.022017 -0.000000,
        -0.223983 -0.040521 0.000000,
        -0.215680 -0.054093 0.000000,
        -0.204639 -0.064998 0.000000,
        -0.191214 -0.072970 0.000000,
        -0.174649 -0.078141 0.000000,
        -0.153881 -0.080074 0.000000,
        -0.125937 -0.080074 0.000000,
      ]
    }
    coordIndex [
      0, 1, 2, -1,
      2, 1, 7, -1,
      2, 7, 3, -1,
      3, 7, 6, -1,
      3, 6, 4, -1,
      4, 6, 5, -1,
      9, 24, 8, -1,
      8, 24, 23, -1,
      8, 23, 22, -1,
      16, 15, 8, -1,
      8, 15, 14, -1,
      8, 14, 10, -1,
      22, 21, 8, -1,
      8, 21, 20, -1,
      8, 20, 19, -1,
      19, 18, 8, -1,
      8, 18, 17, -1,
      8, 17, 16, -1,
      13, 12, 14, -1,
      14, 12, 11, -1,
      14, 11, 10, -1,
    ]
  }
}
