#VRML V2.0 utf8

Shape {
  appearance Appearance {
    material Material {
      diffuseColor 0.8510 0.8510 0.8510
      specularColor 0.4235 0.4235 0.4235
      ambientIntensity 0.2
      transparency 0.0000
      shininess 0.5
    }
  }
  geometry IndexedFaceSet {
    ccw TRUE
    solid FALSE
    coord DEF co Coordinate {
      point [
        -0.568600 1.327133 0.590551,
        -0.253937 1.327133 0.590551,
        -0.568600 1.279528 0.590551,
        -0.253937 1.279528 0.590551,
        -0.568600 1.279528 0.708661,
        -0.253937 1.279528 0.708661,
        -0.568600 1.327133 0.708661,
        -0.253937 1.327133 0.708661,
        -0.253937 1.331792 0.589992,
        -0.568600 1.331792 0.589992,
        -0.253937 1.336185 0.588346,
        -0.568600 1.336185 0.588346,
        -0.253937 1.340065 0.585707,
        -0.568600 1.340065 0.585707,
        -0.253937 1.343210 0.582226,
        -0.568600 1.343210 0.582226,
        -0.253937 1.345442 0.578098,
        -0.568600 1.345442 0.578098,
        -0.253937 1.346633 0.573560,
        -0.568600 1.346633 0.573560,
        -0.253937 1.463632 0.589722,
        -0.568600 1.463632 0.589722,
        -0.568600 1.455293 0.621489,
        -0.253937 1.455293 0.621489,
        -0.568600 1.439672 0.650381,
        -0.253937 1.439672 0.650381,
        -0.568600 1.417657 0.674755,
        -0.253937 1.417657 0.674755,
        -0.568600 1.390500 0.693227,
        -0.253937 1.390500 0.693227,
        -0.568600 1.359743 0.704747,
        -0.253937 1.359743 0.704747,
        -0.746063 1.355163 0.511811,
        -0.746063 1.416574 0.067234,
        -0.568600 1.355163 0.511811,
        -0.253937 1.416574 0.067234,
        -0.746063 1.474394 0.511811,
        -0.746063 1.533574 0.083396,
        -0.568600 1.474394 0.511811,
        -0.253937 1.533574 0.083396,
        0.598425 1.279528 0.590551,
        0.253937 1.279528 0.590551,
        0.598425 1.327133 0.590551,
        0.253937 1.327133 0.590551,
        0.598425 1.327133 0.708661,
        0.253937 1.327133 0.708661,
        0.598425 1.279528 0.708661,
        0.253937 1.279528 0.708661,
        0.598425 1.331792 0.589992,
        0.253937 1.331792 0.589992,
        0.598425 1.336185 0.588346,
        0.253937 1.336185 0.588346,
        0.598425 1.340065 0.585707,
        0.253937 1.340065 0.585707,
        0.598425 1.343210 0.582226,
        0.253937 1.343210 0.582226,
        0.598425 1.345442 0.578098,
        0.253937 1.345442 0.578098,
        0.598425 1.346633 0.573560,
        0.253937 1.346633 0.573560,
        0.598425 1.463632 0.589722,
        0.253937 1.463632 0.589722,
        0.253937 1.455293 0.621489,
        0.598425 1.455293 0.621489,
        0.253937 1.439672 0.650381,
        0.598425 1.439672 0.650381,
        0.253937 1.417657 0.674755,
        0.598425 1.417657 0.674755,
        0.253937 1.390500 0.693227,
        0.598425 1.390500 0.693227,
        0.253937 1.359743 0.704747,
        0.598425 1.359743 0.704747,
        0.598425 1.355163 0.511811,
        0.253937 1.416574 0.067234,
        0.746063 1.355163 0.511811,
        0.746063 1.416574 0.067234,
        0.746063 1.474394 0.511811,
        0.746063 1.533574 0.083396,
        0.598425 1.474394 0.511811,
        0.253937 1.533574 0.083396,
        -0.598425 1.559055 -1.594488,
        -0.401575 1.559055 -1.594488,
        -0.598425 1.440945 -1.594488,
        -0.401575 1.440945 -1.594488,
        -0.253937 1.440617 -0.246063,
        -0.253937 1.558741 -0.246063,
        -0.253937 1.434845 -0.109609,
        -0.253937 1.552677 -0.101509,
        -0.295163 1.440945 -0.287289,
        -0.704837 1.440945 -0.287289,
        -0.746063 1.434845 -0.109609,
        -0.746063 1.440617 -0.246063,
        -0.746063 1.552677 -0.101509,
        -0.746063 1.558741 -0.246063,
        -0.704837 1.559055 -0.287289,
        -0.295163 1.559055 -0.287289,
        -0.598425 1.440945 -0.393701,
        -0.401575 1.440945 -0.393701,
        -0.401575 1.559055 -0.393701,
        -0.598425 1.559055 -0.393701,
        0.401575 1.559055 -1.594488,
        0.598425 1.559055 -1.594488,
        0.401575 1.440945 -1.594488,
        0.598425 1.440945 -1.594488,
        0.746063 1.440617 -0.246063,
        0.746063 1.558741 -0.246063,
        0.746063 1.434845 -0.109609,
        0.746063 1.552677 -0.101509,
        0.704837 1.440945 -0.287289,
        0.295163 1.440945 -0.287289,
        0.253937 1.434845 -0.109609,
        0.253937 1.440617 -0.246063,
        0.253937 1.552677 -0.101509,
        0.253937 1.558741 -0.246063,
        0.295163 1.559055 -0.287289,
        0.704837 1.559055 -0.287289,
        0.401575 1.440945 -0.393701,
        0.598425 1.440945 -0.393701,
        0.598425 1.559055 -0.393701,
        0.401575 1.559055 -0.393701,
      ]
    }
    coordIndex [
      0, 1, 2, -1,
      2, 1, 3, -1,
      4, 5, 6, -1,
      6, 5, 7, -1,
      1, 0, 8, -1,
      8, 0, 9, -1,
      8, 9, 10, -1,
      10, 9, 11, -1,
      10, 11, 12, -1,
      12, 11, 13, -1,
      12, 13, 14, -1,
      14, 13, 15, -1,
      14, 15, 16, -1,
      16, 15, 17, -1,
      16, 17, 18, -1,
      18, 17, 19, -1,
      20, 21, 22, -1,
      20, 22, 23, -1,
      23, 22, 24, -1,
      23, 24, 25, -1,
      25, 24, 26, -1,
      25, 26, 27, -1,
      27, 26, 28, -1,
      27, 28, 29, -1,
      29, 28, 30, -1,
      29, 30, 31, -1,
      31, 30, 6, -1,
      31, 6, 7, -1,
      32, 33, 34, -1,
      34, 33, 35, -1,
      34, 35, 19, -1,
      19, 35, 18, -1,
      36, 37, 32, -1,
      32, 37, 33, -1,
      21, 20, 38, -1,
      38, 20, 39, -1,
      38, 39, 36, -1,
      36, 39, 37, -1,
      40, 41, 42, -1,
      42, 41, 43, -1,
      44, 45, 46, -1,
      46, 45, 47, -1,
      42, 43, 48, -1,
      48, 43, 49, -1,
      48, 49, 50, -1,
      50, 49, 51, -1,
      50, 51, 52, -1,
      52, 51, 53, -1,
      52, 53, 54, -1,
      54, 53, 55, -1,
      54, 55, 56, -1,
      56, 55, 57, -1,
      56, 57, 58, -1,
      58, 57, 59, -1,
      60, 61, 62, -1,
      60, 62, 63, -1,
      63, 62, 64, -1,
      63, 64, 65, -1,
      65, 64, 66, -1,
      65, 66, 67, -1,
      67, 66, 68, -1,
      67, 68, 69, -1,
      69, 68, 70, -1,
      69, 70, 71, -1,
      71, 70, 45, -1,
      71, 45, 44, -1,
      58, 59, 72, -1,
      72, 59, 73, -1,
      72, 73, 74, -1,
      74, 73, 75, -1,
      76, 77, 78, -1,
      78, 77, 79, -1,
      78, 79, 60, -1,
      60, 79, 61, -1,
      80, 81, 82, -1,
      82, 81, 83, -1,
      84, 85, 86, -1,
      86, 85, 87, -1,
      86, 87, 35, -1,
      35, 87, 39, -1,
      88, 84, 86, -1,
      88, 86, 89, -1,
      35, 33, 86, -1,
      86, 33, 90, -1,
      86, 90, 89, -1,
      89, 90, 91, -1,
      33, 37, 90, -1,
      90, 37, 92, -1,
      90, 92, 91, -1,
      91, 92, 93, -1,
      94, 93, 92, -1,
      85, 95, 87, -1,
      87, 95, 94, -1,
      94, 92, 87, -1,
      87, 92, 37, -1,
      87, 37, 39, -1,
      82, 83, 96, -1,
      96, 83, 97, -1,
      96, 97, 89, -1,
      89, 97, 88, -1,
      94, 95, 98, -1,
      81, 80, 98, -1,
      98, 80, 99, -1,
      98, 99, 94, -1,
      100, 101, 102, -1,
      102, 101, 103, -1,
      104, 105, 106, -1,
      106, 105, 107, -1,
      106, 107, 75, -1,
      75, 107, 77, -1,
      108, 104, 106, -1,
      108, 106, 109, -1,
      75, 73, 106, -1,
      106, 73, 110, -1,
      106, 110, 109, -1,
      109, 110, 111, -1,
      73, 79, 110, -1,
      110, 79, 112, -1,
      110, 112, 111, -1,
      111, 112, 113, -1,
      114, 113, 112, -1,
      114, 112, 115, -1,
      107, 105, 115, -1,
      115, 112, 107, -1,
      107, 112, 79, -1,
      107, 79, 77, -1,
      102, 103, 116, -1,
      116, 103, 117, -1,
      116, 117, 109, -1,
      109, 117, 108, -1,
      114, 115, 118, -1,
      101, 100, 118, -1,
      118, 100, 119, -1,
      118, 119, 114, -1,
    ]
  }
}

Shape {
  appearance Appearance {
    material Material {
      diffuseColor 0.2235 0.2235 0.2235
      specularColor 0.1137 0.1137 0.1137
      ambientIntensity 0.2
      transparency 0.0000
      shininess 0.5
    }
  }
  geometry IndexedFaceSet {
    ccw TRUE
    solid FALSE
    coord DEF co Coordinate {
      point [
        -0.253937 1.279528 0.590551,
        -0.253937 1.279528 0.708661,
        0.598425 1.279528 0.590551,
        0.253937 1.279528 0.590551,
        0.598425 1.279528 0.708661,
        0.253937 1.279528 0.708661,
        0.862205 1.279528 0.708661,
        0.862205 1.279528 0.590551,
      ]
    }
    coordIndex [
      4, 6, 2, -1,
      2, 6, 7, -1,
      3, 0, 5, -1,
      5, 0, 1, -1,
    ]
  }
}

Shape {
  appearance Appearance {
    material Material {
      diffuseColor 0.8510 0.8510 0.8510
      specularColor 0.4235 0.4235 0.4235
      ambientIntensity 0.2
      transparency 0.0000
      shininess 0.5
    }
  }
  geometry IndexedFaceSet {
    ccw TRUE
    solid FALSE
    coord DEF co Coordinate {
      point [
        -0.746063 -1.355163 0.511811,
        -0.746063 -1.416574 0.067234,
        -0.746063 -1.474394 0.511811,
        -0.746063 -1.533574 0.083396,
      ]
    }
    coordIndex [
      0, 1, 2, -1,
      2, 1, 3, -1,
    ]
  }
}

Shape {
  appearance Appearance {
    material Material {
      diffuseColor 0.2235 0.2235 0.2235
      specularColor 0.1137 0.1137 0.1137
      ambientIntensity 0.2
      transparency 0.0000
      shininess 0.5
    }
  }
  geometry IndexedFaceSet {
    ccw TRUE
    solid FALSE
    coord DEF co Coordinate {
      point [
        -0.568600 1.279528 0.590551,
        -0.253937 1.279528 0.590551,
        -0.568600 1.279528 0.708661,
        -0.253937 1.279528 0.708661,
        0.598425 1.279528 0.590551,
        0.253937 1.279528 0.590551,
        0.598425 1.279528 0.708661,
        0.253937 1.279528 0.708661,
        0.862205 1.279528 0.708661,
        0.862205 1.279528 0.590551,
        0.253937 -1.279528 0.708661,
        -0.253937 -1.279528 0.708661,
        0.253937 -1.279528 0.590551,
        -0.253937 -1.279528 0.590551,
        -0.568600 -1.279528 0.708661,
        -0.862205 -1.279528 0.708661,
        -0.568600 -1.279528 0.590551,
        -0.862205 -1.279528 0.590551,
        0.276442 0.155685 0.000000,
        0.320788 0.174674 0.000000,
        0.368640 0.180891 0.000000,
        -0.195504 -0.174400 0.000000,
        -0.088452 -0.174400 0.000000,
        0.794233 -1.172185 0.000000,
        -0.002030 0.176090 0.000000,
        0.146808 0.176090 0.000000,
        0.146808 0.046457 0.000000,
        -0.491755 -0.174400 0.000000,
        -0.434140 -0.174400 0.000000,
        0.199622 0.219301 0.000000,
        -0.002030 0.219301 0.000000,
        -0.794233 1.172185 0.000000,
        -0.789431 -0.174400 0.000000,
        -0.635792 0.219301 0.000000,
        -0.582978 0.219301 0.000000,
        -0.731817 -0.174400 0.000000,
        -0.691981 -0.063971 0.000000,
        -0.529340 -0.063971 0.000000,
        0.199622 -0.174400 0.000000,
        -0.011632 -0.174400 0.000000,
        -0.011632 -0.131189 0.000000,
        -0.088452 0.219301 0.000000,
        0.007573 0.046457 0.000000,
        0.007573 0.003246 0.000000,
        0.146808 0.003246 0.000000,
        0.146808 -0.131189 0.000000,
        -0.386603 -0.064538 0.000000,
        -0.364487 -0.099987 0.000000,
        -0.794233 -1.172185 0.000000,
        -0.386019 0.116408 0.000000,
        -0.399791 0.077883 0.000000,
        -0.405333 0.027402 0.000000,
        -0.400339 -0.022845 0.000000,
        0.436875 0.165903 0.000000,
        0.464125 0.147673 0.000000,
        0.283498 -0.114692 0.000000,
        0.487900 0.121426 0.000000,
        0.516503 0.018250 0.000000,
        0.512517 -0.024370 0.000000,
        0.501733 -0.058430 0.000000,
        0.414722 -0.131749 0.000000,
        0.377493 -0.135990 0.000000,
        0.443386 -0.121059 0.000000,
        0.467497 -0.104648 0.000000,
        0.485420 -0.085685 0.000000,
        0.325232 -0.130189 0.000000,
        -0.199555 0.219301 0.000000,
        -0.252244 0.214147 0.000000,
        0.504131 0.091029 0.000000,
        0.514625 0.048882 0.000000,
        -0.332456 -0.131377 0.000000,
        -0.292048 -0.155560 0.000000,
        -0.246751 -0.169670 0.000000,
        0.549834 0.112819 0.000000,
        0.527320 0.150080 0.000000,
        0.794233 1.172185 0.000000,
        -0.298738 0.198862 0.000000,
        -0.338465 0.174087 0.000000,
        -0.364604 0.148767 0.000000,
        0.471481 -0.161019 0.000000,
        0.503151 -0.140783 0.000000,
        0.532713 -0.109644 0.000000,
        0.553677 -0.072204 0.000000,
        0.276442 -0.110783 0.000000,
        0.276442 -0.153994 0.000000,
        0.318408 -0.171226 0.000000,
        0.374004 -0.179016 0.000000,
        0.492580 0.184584 0.000000,
        0.455394 0.206865 0.000000,
        0.411555 0.220348 0.000000,
        0.384769 -0.179201 0.000000,
        0.432890 -0.174259 0.000000,
        0.369090 0.224102 0.000000,
        0.321960 0.220850 0.000000,
        0.276442 0.208498 0.000000,
        0.407407 0.176538 0.000000,
        0.565517 -0.030527 0.000000,
        0.569317 0.015024 0.000000,
        0.564531 0.066746 0.000000,
        0.740404 -1.172185 1.299213,
        0.794233 -1.172185 1.299213,
        0.794233 -0.468775 1.299213,
        0.007052 -0.025561 1.299213,
        -0.043211 -0.025561 1.299213,
        -0.043211 -0.107182 1.299213,
        0.686576 -0.083176 1.299213,
        0.628961 -0.083176 1.299213,
        0.628961 -0.107182 1.299213,
        0.580949 -0.174400 1.299213,
        0.580949 -0.107182 1.299213,
        0.376896 -0.107182 1.299213,
        0.580949 -0.083176 1.299213,
        0.628961 0.219301 1.299213,
        0.628961 -0.039965 1.299213,
        0.686576 -0.039965 1.299213,
        0.552790 0.173454 1.299213,
        0.577648 0.219301 1.299213,
        0.376896 1.172185 1.299213,
        0.740404 1.172185 1.299213,
        0.740404 -0.107182 1.299213,
        0.398502 -0.083176 1.299213,
        0.398502 -0.042216 1.299213,
        0.483026 0.065310 1.299213,
        0.740404 -0.468775 1.299213,
        0.628961 -0.174400 1.299213,
        0.376896 -0.468775 1.299213,
        -0.146437 1.172185 1.299213,
        -0.146437 -0.107182 1.299213,
        -0.096024 0.219301 1.299213,
        -0.096024 -0.107182 1.299213,
        0.148838 0.101446 1.299213,
        0.145040 0.068297 1.299213,
        0.177645 -0.107182 1.299213,
        0.135718 0.042967 1.299213,
        0.119676 0.019448 1.299213,
        0.053670 0.216077 1.299213,
        0.083666 0.207303 1.299213,
        0.177645 1.172185 1.299213,
        0.106817 0.194307 1.299213,
        0.121209 0.181586 1.299213,
        0.015304 0.219301 1.299213,
        0.135372 0.161863 1.299213,
        0.144056 0.139773 1.299213,
        0.148671 0.108375 1.299213,
        0.096198 -0.001416 1.299213,
        0.067251 -0.016546 1.299213,
        0.035943 -0.024240 1.299213,
        -0.096024 -0.174400 1.299213,
        -0.146437 -0.468775 1.299213,
        -0.043211 -0.174400 1.299213,
        0.177645 -0.468775 1.299213,
        -0.374672 -0.107182 1.299213,
        -0.378314 -0.110752 1.299213,
        -0.378314 -0.468775 1.299213,
        -0.399360 -0.131377 1.299213,
        -0.439769 -0.155560 1.299213,
        -0.288074 1.172185 1.299213,
        -0.345798 0.116408 1.299213,
        -0.332026 0.077883 1.299213,
        -0.288074 -0.468775 1.299213,
        -0.288074 -0.107182 1.299213,
        -0.367330 -0.099987 1.299213,
        -0.345213 -0.064538 1.299213,
        -0.326483 0.027402 1.299213,
        -0.331478 -0.022845 1.299213,
        -0.643365 0.219301 1.299213,
        -0.794233 1.172185 1.299213,
        -0.794233 -0.107182 1.299213,
        -0.485065 -0.169670 1.299213,
        -0.536312 -0.174400 1.299213,
        -0.794233 -0.468775 1.299213,
        -0.643365 -0.174400 1.299213,
        -0.643365 -0.107182 1.299213,
        -0.479572 0.214147 1.299213,
        -0.433079 0.198862 1.299213,
        -0.378314 1.172185 1.299213,
        -0.393352 0.174087 1.299213,
        -0.378314 0.159520 1.299213,
        -0.367213 0.148767 1.299213,
        -0.532261 0.219301 1.299213,
        -0.249664 -0.107182 1.299213,
        -0.249664 0.219301 1.299213,
        -0.196850 0.219301 1.299213,
        -0.196850 -0.107182 1.299213,
        -0.196850 -0.174400 1.299213,
        -0.249664 -0.174400 1.299213,
        -0.378314 -1.172185 1.299213,
        -0.430145 -0.879476 1.299213,
        -0.434109 -0.909583 1.299213,
        -0.647212 -0.821313 1.299213,
        -0.628726 -0.797222 1.299213,
        -0.445730 -0.937639 1.299213,
        -0.464216 -0.961731 1.299213,
        -0.488308 -0.980217 1.299213,
        -0.445730 -0.821313 1.299213,
        -0.434109 -0.849369 1.299213,
        -0.604633 -0.980217 1.299213,
        -0.628726 -0.961731 1.299213,
        -0.794233 -1.172185 1.299213,
        -0.647212 -0.937639 1.299213,
        -0.604633 -0.778735 1.299213,
        -0.576578 -0.767114 1.299213,
        -0.546471 -0.763150 1.299213,
        -0.516363 -0.767114 1.299213,
        -0.516363 -0.991838 1.299213,
        -0.546471 -0.995802 1.299213,
        -0.576578 -0.991838 1.299213,
        -0.488308 -0.778735 1.299213,
        -0.464216 -0.797222 1.299213,
        -0.658833 -0.909583 1.299213,
        -0.662796 -0.879476 1.299213,
        -0.658833 -0.849369 1.299213,
        0.376896 -1.172185 1.299213,
        0.177645 -1.172185 1.299213,
        -0.146437 -1.172185 1.299213,
        -0.288074 -1.172185 1.299213,
        0.206453 -0.039965 1.299213,
        0.206453 -0.001556 1.299213,
        0.355291 -0.039965 1.299213,
        0.355291 -0.001556 1.299213,
        0.794233 -0.107182 1.299213,
        0.794233 1.172185 1.299213,
        0.901575 -1.240157 0.590551,
        0.901575 1.240157 0.590551,
        0.901575 -1.240157 0.708661,
        0.901575 1.240157 0.708661,
        -0.862205 1.279528 0.590551,
        -0.862205 1.279528 0.708661,
        -0.901575 -1.240157 0.708661,
        -0.901575 1.240157 0.708661,
        -0.901575 -1.240157 0.590551,
        -0.901575 1.240157 0.590551,
        0.598425 -1.279528 0.590551,
        0.862205 -1.279528 0.590551,
        0.598425 -1.279528 0.708661,
        0.862205 -1.279528 0.708661,
        0.794233 1.211262 1.264641,
        0.862497 1.279526 0.708670,
        -0.862497 1.279526 0.708670,
        -0.794233 1.211262 1.264641,
        -0.901574 -1.240450 0.708670,
        -0.833309 -1.172185 1.264641,
        -0.833309 1.172185 1.264641,
        -0.901574 1.240450 0.708670,
        0.901574 1.240450 0.708670,
        0.833309 1.172185 1.264641,
        0.833309 -1.172185 1.264641,
        0.901574 -1.240450 0.708670,
        0.862497 -1.279526 0.708670,
        0.794233 -1.211262 1.264641,
        -0.794233 -1.211262 1.264641,
        -0.862497 -1.279526 0.708670,
        -0.862497 -1.279526 0.590543,
        -0.794233 -1.211262 0.034572,
        0.794233 -1.211262 0.034572,
        0.862497 -1.279526 0.590543,
        0.901574 -1.240450 0.590543,
        0.833309 -1.172185 0.034572,
        0.833309 1.172185 0.034572,
        0.901574 1.240450 0.590543,
        -0.901574 1.240450 0.590543,
        -0.833309 1.172185 0.034572,
        -0.833309 -1.172185 0.034572,
        -0.901574 -1.240450 0.590543,
        0.862497 1.279526 0.590543,
        0.794233 1.211262 0.034572,
        -0.794233 1.211262 0.034572,
        -0.862497 1.279526 0.590543,
        0.794233 1.209082 1.273578,
        -0.794233 1.209082 1.273578,
        0.794233 1.208952 1.273829,
        -0.794233 1.208952 1.273829,
        0.794233 1.204696 1.282048,
        -0.794233 1.204696 1.282048,
        0.794233 1.204546 1.282219,
        -0.794233 1.204546 1.282219,
        0.794233 1.198400 1.289215,
        -0.794233 1.198400 1.289215,
        0.794233 1.198261 1.289312,
        -0.794233 1.198261 1.289312,
        0.794233 1.190567 1.294658,
        -0.794233 1.190567 1.294658,
        0.794233 1.190461 1.294698,
        -0.794233 1.190461 1.294698,
        0.794233 1.181654 1.298057,
        -0.794233 1.181654 1.298057,
        0.794233 1.181598 1.298064,
        -0.794233 1.181598 1.298064,
        0.801018 1.197507 1.289215,
        0.798990 1.189941 1.294658,
        0.796683 1.181331 1.298057,
        0.798967 1.180385 1.298057,
        0.802433 1.176920 1.298057,
        0.800928 1.178881 1.298057,
        0.803378 1.174636 1.298057,
        0.803782 1.207824 1.273578,
        0.804306 1.209784 1.265696,
        0.804254 1.209806 1.265693,
        0.813605 1.205835 1.266353,
        0.812681 1.204139 1.273578,
        0.813643 1.205806 1.266354,
        0.820322 1.198275 1.273578,
        0.821661 1.199614 1.266578,
        0.826186 1.190633 1.273578,
        0.827854 1.191595 1.266354,
        0.827882 1.191558 1.266353,
        0.829872 1.181735 1.273578,
        0.831831 1.182259 1.265696,
        0.831854 1.182207 1.265693,
        0.831129 1.172185 1.273578,
        0.803645 1.172185 1.298064,
        0.803423 1.188104 1.294658,
        0.807230 1.185183 1.294658,
        0.810152 1.181376 1.294658,
        0.811988 1.176943 1.294658,
        0.803701 1.172185 1.298057,
        0.812508 1.172185 1.294698,
        0.812614 1.172185 1.294658,
        0.820308 1.172185 1.289312,
        0.807340 1.194889 1.289215,
        0.812770 1.190722 1.289215,
        0.816935 1.185293 1.289215,
        0.819555 1.178970 1.289215,
        0.802647 1.203588 1.282048,
        0.810488 1.200340 1.282048,
        0.817220 1.195173 1.282048,
        0.822387 1.188441 1.282048,
        0.825635 1.180600 1.282048,
        0.820448 1.172185 1.289215,
        0.826593 1.172185 1.282219,
        0.826743 1.172185 1.282048,
        0.830999 1.172185 1.273829,
        -0.826593 1.172185 1.282219,
        -0.820448 1.172185 1.289215,
        -0.819555 1.178970 1.289215,
        -0.811988 1.176943 1.294658,
        -0.803378 1.174636 1.298057,
        -0.802433 1.176920 1.298057,
        -0.798967 1.180385 1.298057,
        -0.800928 1.178881 1.298057,
        -0.796683 1.181331 1.298057,
        -0.803645 1.172185 1.298064,
        -0.829872 1.181735 1.273578,
        -0.831831 1.182259 1.265696,
        -0.831854 1.182207 1.265693,
        -0.827882 1.191558 1.266353,
        -0.826186 1.190633 1.273578,
        -0.827854 1.191595 1.266354,
        -0.820322 1.198275 1.273578,
        -0.821661 1.199614 1.266578,
        -0.812681 1.204139 1.273578,
        -0.813643 1.205806 1.266354,
        -0.813605 1.205835 1.266353,
        -0.803782 1.207824 1.273578,
        -0.804306 1.209784 1.265696,
        -0.804254 1.209806 1.265693,
        -0.820308 1.172185 1.289312,
        -0.812614 1.172185 1.294658,
        -0.812508 1.172185 1.294698,
        -0.803701 1.172185 1.298057,
        -0.810152 1.181376 1.294658,
        -0.807230 1.185183 1.294658,
        -0.803423 1.188104 1.294658,
        -0.798990 1.189941 1.294658,
        -0.816935 1.185293 1.289215,
        -0.812770 1.190722 1.289215,
        -0.807340 1.194889 1.289215,
        -0.801018 1.197507 1.289215,
        -0.830999 1.172185 1.273829,
        -0.826743 1.172185 1.282048,
        -0.825635 1.180600 1.282048,
        -0.822387 1.188441 1.282048,
        -0.817220 1.195173 1.282048,
        -0.810488 1.200340 1.282048,
        -0.802647 1.203588 1.282048,
        -0.831129 1.172185 1.273578,
        0.831129 -1.172185 1.273578,
        0.830999 -1.172185 1.273829,
        0.826743 -1.172185 1.282048,
        0.826593 -1.172185 1.282219,
        0.820448 -1.172185 1.289215,
        0.820308 -1.172185 1.289312,
        0.812614 -1.172185 1.294658,
        0.812508 -1.172185 1.294698,
        0.803701 -1.172185 1.298057,
        0.803645 -1.172185 1.298064,
        0.870941 1.278362 0.709114,
        0.890043 1.267996 0.709646,
        0.886554 1.270681 0.709597,
        0.872583 1.278135 0.709200,
        0.879180 1.275374 0.709434,
        0.881974 1.274204 0.709533,
        0.892728 1.264506 0.709597,
        0.896252 1.259927 0.709533,
        0.897421 1.257133 0.709434,
        0.900182 1.250535 0.709200,
        0.900409 1.248893 0.709114,
        -0.896252 1.259927 0.709533,
        -0.896289 1.259838 0.709530,
        -0.900182 1.250535 0.709200,
        -0.900209 1.250344 0.709190,
        -0.890043 1.267996 0.709646,
        -0.881974 1.274204 0.709533,
        -0.881885 1.274241 0.709530,
        -0.872583 1.278135 0.709200,
        -0.872391 1.278162 0.709190,
        -0.803645 -1.172185 1.298064,
        -0.831129 -1.172185 1.273578,
        -0.830999 -1.172185 1.273829,
        -0.826743 -1.172185 1.282048,
        -0.826593 -1.172185 1.282219,
        -0.820448 -1.172185 1.289215,
        -0.820308 -1.172185 1.289312,
        -0.812614 -1.172185 1.294658,
        -0.812508 -1.172185 1.294698,
        -0.803701 -1.172185 1.298057,
        0.794233 -1.181598 1.298064,
        -0.794233 -1.181598 1.298064,
        0.794233 -1.181654 1.298057,
        -0.794233 -1.181654 1.298057,
        0.794233 -1.190461 1.294698,
        -0.794233 -1.190461 1.294698,
        0.794233 -1.190567 1.294658,
        -0.794233 -1.190567 1.294658,
        0.794233 -1.198261 1.289312,
        -0.794233 -1.198261 1.289312,
        0.794233 -1.198400 1.289215,
        -0.794233 -1.198400 1.289215,
        0.794233 -1.204546 1.282219,
        -0.794233 -1.204546 1.282219,
        0.794233 -1.204696 1.282048,
        -0.794233 -1.204696 1.282048,
        0.794233 -1.208952 1.273829,
        -0.794233 -1.208952 1.273829,
        0.794233 -1.209082 1.273578,
        -0.794233 -1.209082 1.273578,
        0.819555 -1.178970 1.289215,
        0.811988 -1.176943 1.294658,
        0.803378 -1.174636 1.298057,
        0.802433 -1.176920 1.298057,
        0.798967 -1.180385 1.298057,
        0.800928 -1.178881 1.298057,
        0.796683 -1.181331 1.298057,
        0.829872 -1.181735 1.273578,
        0.831831 -1.182259 1.265696,
        0.831854 -1.182207 1.265693,
        0.827882 -1.191558 1.266353,
        0.826186 -1.190633 1.273578,
        0.827854 -1.191595 1.266354,
        0.820322 -1.198275 1.273578,
        0.821661 -1.199614 1.266578,
        0.812681 -1.204139 1.273578,
        0.813643 -1.205806 1.266354,
        0.813605 -1.205835 1.266353,
        0.803782 -1.207824 1.273578,
        0.804306 -1.209784 1.265696,
        0.804254 -1.209806 1.265693,
        0.810152 -1.181376 1.294658,
        0.807230 -1.185183 1.294658,
        0.803423 -1.188104 1.294658,
        0.798990 -1.189941 1.294658,
        0.816935 -1.185293 1.289215,
        0.812770 -1.190722 1.289215,
        0.807340 -1.194889 1.289215,
        0.801018 -1.197507 1.289215,
        0.825635 -1.180600 1.282048,
        0.822387 -1.188441 1.282048,
        0.817220 -1.195173 1.282048,
        0.810488 -1.200340 1.282048,
        0.802647 -1.203588 1.282048,
        0.900409 1.248893 0.590099,
        0.900182 1.250535 0.590013,
        0.897421 1.257133 0.589779,
        0.896252 1.259927 0.589680,
        0.892728 1.264506 0.589615,
        0.890043 1.267996 0.589567,
        0.886554 1.270681 0.589615,
        0.881974 1.274204 0.589680,
        0.879180 1.275374 0.589779,
        0.872583 1.278135 0.590013,
        0.870941 1.278362 0.590099,
        -0.872391 1.278162 0.590022,
        -0.872583 1.278135 0.590013,
        -0.881885 1.274241 0.589683,
        -0.881974 1.274204 0.589680,
        -0.890043 1.267996 0.589567,
        -0.896252 1.259927 0.589680,
        -0.896289 1.259838 0.589683,
        -0.900182 1.250535 0.590013,
        -0.900209 1.250344 0.590022,
        -0.801018 -1.197507 1.289215,
        -0.798990 -1.189941 1.294658,
        -0.796683 -1.181331 1.298057,
        -0.798967 -1.180385 1.298057,
        -0.802433 -1.176920 1.298057,
        -0.800928 -1.178881 1.298057,
        -0.803378 -1.174636 1.298057,
        -0.803782 -1.207824 1.273578,
        -0.804306 -1.209784 1.265696,
        -0.804254 -1.209806 1.265693,
        -0.813605 -1.205835 1.266353,
        -0.812681 -1.204139 1.273578,
        -0.813643 -1.205806 1.266354,
        -0.820322 -1.198275 1.273578,
        -0.821661 -1.199614 1.266578,
        -0.826186 -1.190633 1.273578,
        -0.827854 -1.191595 1.266354,
        -0.827882 -1.191558 1.266353,
        -0.829872 -1.181735 1.273578,
        -0.831831 -1.182259 1.265696,
        -0.831854 -1.182207 1.265693,
        -0.803423 -1.188104 1.294658,
        -0.807230 -1.185183 1.294658,
        -0.810152 -1.181376 1.294658,
        -0.811988 -1.176943 1.294658,
        -0.807340 -1.194889 1.289215,
        -0.812770 -1.190722 1.289215,
        -0.816935 -1.185293 1.289215,
        -0.819555 -1.178970 1.289215,
        -0.802647 -1.203588 1.282048,
        -0.810488 -1.200340 1.282048,
        -0.817220 -1.195173 1.282048,
        -0.822387 -1.188441 1.282048,
        -0.825635 -1.180600 1.282048,
        0.900409 -1.248893 0.709114,
        0.896252 -1.259927 0.709533,
        0.897421 -1.257133 0.709434,
        0.900182 -1.250535 0.709200,
        0.892728 -1.264506 0.709597,
        0.890043 -1.267996 0.709646,
        0.886554 -1.270681 0.709597,
        0.881974 -1.274204 0.709533,
        0.879180 -1.275374 0.709434,
        0.872583 -1.278135 0.709200,
        0.870941 -1.278362 0.709114,
        0.827882 1.191558 0.032860,
        0.831854 1.182207 0.033520,
        0.831831 1.182259 0.033517,
        0.821661 1.199614 0.032635,
        0.827854 1.191595 0.032859,
        0.813643 1.205806 0.032859,
        0.813605 1.205835 0.032860,
        0.804306 1.209784 0.033517,
        0.804254 1.209806 0.033520,
        -0.794233 1.209082 0.025635,
        0.794233 1.209082 0.025635,
        -0.794233 1.208952 0.025383,
        0.794233 1.208952 0.025383,
        -0.794233 1.204696 0.017164,
        0.794233 1.204696 0.017164,
        -0.794233 1.204546 0.016994,
        0.794233 1.204546 0.016994,
        -0.794233 1.198400 0.009997,
        0.794233 1.198400 0.009997,
        -0.794233 1.198261 0.009900,
        0.794233 1.198261 0.009900,
        -0.794233 1.190567 0.004555,
        0.794233 1.190567 0.004555,
        -0.794233 1.190461 0.004514,
        0.794233 1.190461 0.004514,
        -0.794233 1.181654 0.001156,
        0.794233 1.181654 0.001156,
        -0.794233 1.181598 0.001149,
        0.794233 1.181598 0.001149,
        -0.804254 1.209806 0.033520,
        -0.804306 1.209784 0.033517,
        -0.813605 1.205835 0.032860,
        -0.813643 1.205806 0.032859,
        -0.821661 1.199614 0.032635,
        -0.827854 1.191595 0.032859,
        -0.827882 1.191558 0.032860,
        -0.831831 1.182259 0.033517,
        -0.831854 1.182207 0.033520,
        -0.870941 -1.278362 0.709114,
        -0.881974 -1.274204 0.709533,
        -0.879180 -1.275374 0.709434,
        -0.872583 -1.278135 0.709200,
        -0.890043 -1.267996 0.709646,
        -0.886554 -1.270681 0.709597,
        -0.892728 -1.264506 0.709597,
        -0.896252 -1.259927 0.709533,
        -0.897421 -1.257133 0.709434,
        -0.900182 -1.250535 0.709200,
        -0.900409 -1.248893 0.709114,
        0.870941 -1.278362 0.590099,
        0.872583 -1.278135 0.590013,
        0.879180 -1.275374 0.589779,
        0.881974 -1.274204 0.589680,
        0.886554 -1.270681 0.589615,
        0.890043 -1.267996 0.589567,
        0.892728 -1.264506 0.589615,
        0.896252 -1.259927 0.589680,
        0.897421 -1.257133 0.589779,
        0.900182 -1.250535 0.590013,
        0.900409 -1.248893 0.590099,
        0.803645 1.172185 0.001149,
        0.803378 1.174636 0.001156,
        0.798990 1.189941 0.004555,
        0.801018 1.197507 0.009997,
        0.802647 1.203588 0.017164,
        0.803782 1.207824 0.025635,
        0.812681 1.204139 0.025635,
        0.831129 1.172185 0.025635,
        0.829872 1.181735 0.025635,
        0.830999 1.172185 0.025383,
        0.825635 1.180600 0.017164,
        0.810488 1.200340 0.017164,
        0.820322 1.198275 0.025635,
        0.826743 1.172185 0.017164,
        0.826593 1.172185 0.016994,
        0.819555 1.178970 0.009997,
        0.807340 1.194889 0.009997,
        0.817220 1.195173 0.017164,
        0.820448 1.172185 0.009997,
        0.820308 1.172185 0.009900,
        0.811988 1.176943 0.004555,
        0.812770 1.190722 0.009997,
        0.803423 1.188104 0.004555,
        0.796683 1.181331 0.001156,
        0.826186 1.190633 0.025635,
        0.822387 1.188441 0.017164,
        0.816935 1.185293 0.009997,
        0.810152 1.181376 0.004555,
        0.802433 1.176920 0.001156,
        0.807230 1.185183 0.004555,
        0.798967 1.180385 0.001156,
        0.800928 1.178881 0.001156,
        0.812614 1.172185 0.004555,
        0.812508 1.172185 0.004514,
        0.803701 1.172185 0.001156,
        -0.796683 1.181331 0.001156,
        -0.812508 1.172185 0.004514,
        -0.812614 1.172185 0.004555,
        -0.811988 1.176943 0.004555,
        -0.820308 1.172185 0.009900,
        -0.820448 1.172185 0.009997,
        -0.819555 1.178970 0.009997,
        -0.825635 1.180600 0.017164,
        -0.829872 1.181735 0.025635,
        -0.826186 1.190633 0.025635,
        -0.803782 1.207824 0.025635,
        -0.831129 1.172185 0.025635,
        -0.830999 1.172185 0.025383,
        -0.826743 1.172185 0.017164,
        -0.826593 1.172185 0.016994,
        -0.802647 1.203588 0.017164,
        -0.822387 1.188441 0.017164,
        -0.820322 1.198275 0.025635,
        -0.801018 1.197507 0.009997,
        -0.816935 1.185293 0.009997,
        -0.817220 1.195173 0.017164,
        -0.798990 1.189941 0.004555,
        -0.812770 1.190722 0.009997,
        -0.810152 1.181376 0.004555,
        -0.803378 1.174636 0.001156,
        -0.812681 1.204139 0.025635,
        -0.810488 1.200340 0.017164,
        -0.807340 1.194889 0.009997,
        -0.803423 1.188104 0.004555,
        -0.798967 1.180385 0.001156,
        -0.803645 1.172185 0.001149,
        -0.803701 1.172185 0.001156,
        -0.807230 1.185183 0.004555,
        -0.802433 1.176920 0.001156,
        -0.800928 1.178881 0.001156,
        -0.900409 -1.248893 0.590099,
        -0.900182 -1.250535 0.590013,
        -0.897421 -1.257133 0.589779,
        -0.896252 -1.259927 0.589680,
        -0.892728 -1.264506 0.589615,
        -0.890043 -1.267996 0.589567,
        -0.886554 -1.270681 0.589615,
        -0.881974 -1.274204 0.589680,
        -0.879180 -1.275374 0.589779,
        -0.872583 -1.278135 0.590013,
        -0.870941 -1.278362 0.590099,
        0.821661 -1.199614 0.032635,
        0.804254 -1.209806 0.033520,
        0.804306 -1.209784 0.033517,
        0.813605 -1.205835 0.032860,
        0.813643 -1.205806 0.032859,
        0.827854 -1.191595 0.032859,
        0.827882 -1.191558 0.032860,
        0.831831 -1.182259 0.033517,
        0.831854 -1.182207 0.033520,
        0.831129 -1.172185 0.025635,
        0.830999 -1.172185 0.025383,
        0.826743 -1.172185 0.017164,
        0.826593 -1.172185 0.016994,
        0.820448 -1.172185 0.009997,
        0.820308 -1.172185 0.009900,
        0.812614 -1.172185 0.004555,
        0.812508 -1.172185 0.004514,
        0.803701 -1.172185 0.001156,
        0.803645 -1.172185 0.001149,
        -0.831129 -1.172185 0.025635,
        -0.830999 -1.172185 0.025383,
        -0.826743 -1.172185 0.017164,
        -0.826593 -1.172185 0.016994,
        -0.820448 -1.172185 0.009997,
        -0.820308 -1.172185 0.009900,
        -0.812614 -1.172185 0.004555,
        -0.812508 -1.172185 0.004514,
        -0.803701 -1.172185 0.001156,
        -0.803645 -1.172185 0.001149,
        -0.821661 -1.199614 0.032635,
        -0.831854 -1.182207 0.033520,
        -0.831831 -1.182259 0.033517,
        -0.827882 -1.191558 0.032860,
        -0.827854 -1.191595 0.032859,
        -0.813643 -1.205806 0.032859,
        -0.813605 -1.205835 0.032860,
        -0.804306 -1.209784 0.033517,
        -0.804254 -1.209806 0.033520,
        0.794233 -1.181598 0.001149,
        0.796683 -1.181331 0.001156,
        0.811988 -1.176943 0.004555,
        0.819555 -1.178970 0.009997,
        0.825635 -1.180600 0.017164,
        0.829872 -1.181735 0.025635,
        0.826186 -1.190633 0.025635,
        0.794233 -1.209082 0.025635,
        0.803782 -1.207824 0.025635,
        0.794233 -1.208952 0.025383,
        0.802647 -1.203588 0.017164,
        0.822387 -1.188441 0.017164,
        0.820322 -1.198275 0.025635,
        0.794233 -1.204696 0.017164,
        0.794233 -1.204546 0.016994,
        0.801018 -1.197507 0.009997,
        0.816935 -1.185293 0.009997,
        0.817220 -1.195173 0.017164,
        0.794233 -1.198400 0.009997,
        0.794233 -1.198261 0.009900,
        0.798990 -1.189941 0.004555,
        0.812770 -1.190722 0.009997,
        0.810152 -1.181376 0.004555,
        0.803378 -1.174636 0.001156,
        0.812681 -1.204139 0.025635,
        0.810488 -1.200340 0.017164,
        0.807340 -1.194889 0.009997,
        0.803423 -1.188104 0.004555,
        0.798967 -1.180385 0.001156,
        0.807230 -1.185183 0.004555,
        0.802433 -1.176920 0.001156,
        0.800928 -1.178881 0.001156,
        0.794233 -1.190567 0.004555,
        0.794233 -1.190461 0.004514,
        0.794233 -1.181654 0.001156,
        -0.803378 -1.174636 0.001156,
        -0.794233 -1.190461 0.004514,
        -0.794233 -1.190567 0.004555,
        -0.798990 -1.189941 0.004555,
        -0.794233 -1.198261 0.009900,
        -0.794233 -1.198400 0.009997,
        -0.801018 -1.197507 0.009997,
        -0.802647 -1.203588 0.017164,
        -0.803782 -1.207824 0.025635,
        -0.812681 -1.204139 0.025635,
        -0.829872 -1.181735 0.025635,
        -0.794233 -1.209082 0.025635,
        -0.794233 -1.208952 0.025383,
        -0.794233 -1.204696 0.017164,
        -0.794233 -1.204546 0.016994,
        -0.825635 -1.180600 0.017164,
        -0.810488 -1.200340 0.017164,
        -0.820322 -1.198275 0.025635,
        -0.819555 -1.178970 0.009997,
        -0.807340 -1.194889 0.009997,
        -0.817220 -1.195173 0.017164,
        -0.811988 -1.176943 0.004555,
        -0.812770 -1.190722 0.009997,
        -0.803423 -1.188104 0.004555,
        -0.796683 -1.181331 0.001156,
        -0.826186 -1.190633 0.025635,
        -0.822387 -1.188441 0.017164,
        -0.816935 -1.185293 0.009997,
        -0.810152 -1.181376 0.004555,
        -0.802433 -1.176920 0.001156,
        -0.794233 -1.181598 0.001149,
        -0.794233 -1.181654 0.001156,
        -0.807230 -1.185183 0.004555,
        -0.798967 -1.180385 0.001156,
        -0.800928 -1.178881 0.001156,
      ]
    }
    coordIndex [
      10, 11, 12, -1,
      12, 11, 13, -1,
      14, 15, 16, -1,
      16, 15, 17, -1,
      18, 19, 20, -1,
      21, 22, 23, -1,
      24, 25, 26, -1,
      27, 28, 23, -1,
      29, 30, 31, -1,
      31, 30, 24, -1,
      32, 31, 33, -1,
      33, 31, 34, -1,
      35, 36, 37, -1,
      38, 23, 39, -1,
      39, 23, 22, -1,
      39, 22, 40, -1,
      41, 42, 43, -1,
      44, 45, 43, -1,
      43, 45, 40, -1,
      43, 40, 41, -1,
      41, 40, 22, -1,
      28, 46, 47, -1,
      37, 27, 35, -1,
      35, 27, 23, -1,
      35, 23, 32, -1,
      32, 23, 48, -1,
      32, 48, 31, -1,
      49, 50, 34, -1,
      34, 50, 51, -1,
      34, 51, 28, -1,
      28, 51, 52, -1,
      28, 52, 46, -1,
      53, 54, 55, -1,
      55, 54, 56, -1,
      57, 58, 55, -1,
      55, 58, 59, -1,
      60, 61, 62, -1,
      62, 61, 63, -1,
      59, 64, 55, -1,
      55, 64, 63, -1,
      55, 63, 65, -1,
      65, 63, 61, -1,
      26, 42, 24, -1,
      24, 42, 41, -1,
      24, 41, 31, -1,
      31, 41, 66, -1,
      31, 66, 67, -1,
      56, 68, 55, -1,
      55, 68, 69, -1,
      55, 69, 57, -1,
      47, 70, 28, -1,
      28, 70, 71, -1,
      28, 71, 23, -1,
      23, 71, 72, -1,
      23, 72, 21, -1,
      73, 74, 75, -1,
      67, 76, 31, -1,
      31, 76, 77, -1,
      31, 77, 34, -1,
      34, 77, 78, -1,
      34, 78, 49, -1,
      79, 80, 23, -1,
      23, 80, 81, -1,
      23, 81, 82, -1,
      29, 83, 38, -1,
      38, 83, 84, -1,
      38, 84, 23, -1,
      23, 84, 85, -1,
      23, 85, 86, -1,
      74, 87, 75, -1,
      75, 87, 88, -1,
      75, 88, 89, -1,
      86, 90, 23, -1,
      23, 90, 91, -1,
      23, 91, 79, -1,
      89, 92, 75, -1,
      75, 92, 93, -1,
      75, 93, 31, -1,
      31, 93, 94, -1,
      31, 94, 29, -1,
      29, 94, 18, -1,
      29, 18, 83, -1,
      83, 18, 20, -1,
      83, 20, 55, -1,
      55, 20, 95, -1,
      55, 95, 53, -1,
      82, 96, 23, -1,
      23, 96, 97, -1,
      23, 97, 75, -1,
      75, 97, 98, -1,
      75, 98, 73, -1,
      99, 100, 101, -1,
      102, 103, 104, -1,
      105, 106, 107, -1,
      108, 109, 110, -1,
      110, 109, 111, -1,
      112, 113, 114, -1,
      115, 116, 117, -1,
      117, 116, 118, -1,
      116, 112, 118, -1,
      118, 112, 114, -1,
      118, 114, 119, -1,
      111, 120, 110, -1,
      110, 120, 121, -1,
      110, 121, 117, -1,
      117, 121, 122, -1,
      117, 122, 115, -1,
      114, 105, 119, -1,
      119, 105, 107, -1,
      119, 107, 123, -1,
      123, 107, 124, -1,
      123, 124, 125, -1,
      126, 127, 128, -1,
      128, 127, 129, -1,
      130, 131, 132, -1,
      132, 131, 133, -1,
      132, 133, 134, -1,
      135, 136, 137, -1,
      137, 136, 138, -1,
      137, 138, 139, -1,
      126, 128, 137, -1,
      137, 128, 140, -1,
      137, 140, 135, -1,
      139, 141, 137, -1,
      137, 141, 142, -1,
      137, 142, 143, -1,
      134, 144, 132, -1,
      132, 144, 145, -1,
      132, 145, 146, -1,
      147, 148, 149, -1,
      149, 148, 150, -1,
      149, 150, 104, -1,
      151, 152, 153, -1,
      153, 152, 154, -1,
      153, 154, 155, -1,
      156, 157, 158, -1,
      153, 159, 151, -1,
      151, 159, 160, -1,
      151, 160, 161, -1,
      161, 160, 162, -1,
      158, 163, 160, -1,
      160, 163, 164, -1,
      160, 164, 162, -1,
      165, 166, 167, -1,
      155, 168, 153, -1,
      153, 168, 169, -1,
      153, 169, 170, -1,
      170, 169, 171, -1,
      170, 171, 167, -1,
      167, 171, 172, -1,
      167, 172, 165, -1,
      173, 174, 175, -1,
      174, 176, 175, -1,
      175, 176, 177, -1,
      175, 177, 156, -1,
      156, 177, 178, -1,
      156, 178, 157, -1,
      166, 165, 175, -1,
      175, 165, 179, -1,
      175, 179, 173, -1,
      160, 180, 181, -1,
      158, 160, 156, -1,
      156, 160, 181, -1,
      156, 181, 126, -1,
      126, 181, 182, -1,
      126, 182, 127, -1,
      127, 182, 183, -1,
      127, 183, 184, -1,
      180, 160, 185, -1,
      185, 160, 159, -1,
      185, 159, 184, -1,
      184, 159, 148, -1,
      184, 148, 127, -1,
      127, 148, 147, -1,
      127, 147, 129, -1,
      186, 187, 188, -1,
      189, 190, 170, -1,
      188, 191, 186, -1,
      186, 191, 192, -1,
      186, 192, 193, -1,
      153, 194, 195, -1,
      196, 197, 198, -1,
      198, 197, 199, -1,
      190, 200, 170, -1,
      170, 200, 201, -1,
      170, 201, 153, -1,
      153, 201, 202, -1,
      153, 202, 203, -1,
      193, 204, 186, -1,
      186, 204, 205, -1,
      186, 205, 198, -1,
      198, 205, 206, -1,
      198, 206, 196, -1,
      203, 207, 153, -1,
      153, 207, 208, -1,
      153, 208, 194, -1,
      199, 209, 198, -1,
      198, 209, 210, -1,
      198, 210, 170, -1,
      170, 210, 211, -1,
      170, 211, 189, -1,
      99, 123, 212, -1,
      212, 123, 125, -1,
      212, 125, 213, -1,
      213, 125, 150, -1,
      213, 150, 214, -1,
      214, 150, 148, -1,
      214, 148, 215, -1,
      215, 148, 159, -1,
      215, 159, 186, -1,
      186, 159, 153, -1,
      186, 153, 187, -1,
      187, 153, 195, -1,
      124, 108, 125, -1,
      125, 108, 110, -1,
      125, 110, 150, -1,
      150, 110, 132, -1,
      150, 132, 104, -1,
      104, 132, 146, -1,
      104, 146, 102, -1,
      132, 216, 217, -1,
      216, 132, 218, -1,
      218, 132, 110, -1,
      218, 110, 219, -1,
      219, 110, 117, -1,
      219, 117, 217, -1,
      217, 117, 137, -1,
      217, 137, 132, -1,
      132, 137, 143, -1,
      132, 143, 130, -1,
      99, 101, 123, -1,
      123, 101, 220, -1,
      123, 220, 119, -1,
      119, 220, 221, -1,
      119, 221, 118, -1,
      222, 223, 224, -1,
      224, 223, 225, -1,
      0, 226, 2, -1,
      2, 226, 227, -1,
      228, 229, 230, -1,
      230, 229, 231, -1,
      232, 233, 234, -1,
      234, 233, 235, -1,
      236, 237, 8, -1,
      238, 239, 227, -1,
      227, 239, 2, -1,
      8, 6, 236, -1,
      236, 6, 7, -1,
      236, 7, 239, -1,
      239, 7, 3, -1,
      239, 3, 2, -1,
      240, 241, 228, -1,
      228, 241, 242, -1,
      228, 242, 229, -1,
      229, 242, 243, -1,
      244, 245, 225, -1,
      225, 245, 246, -1,
      225, 246, 224, -1,
      224, 246, 247, -1,
      248, 249, 235, -1,
      235, 249, 234, -1,
      250, 251, 15, -1,
      15, 14, 250, -1,
      250, 14, 11, -1,
      250, 11, 249, -1,
      249, 11, 10, -1,
      249, 10, 234, -1,
      252, 253, 17, -1,
      17, 253, 16, -1,
      254, 255, 233, -1,
      233, 232, 254, -1,
      254, 232, 12, -1,
      254, 12, 253, -1,
      253, 12, 13, -1,
      253, 13, 16, -1,
      222, 256, 257, -1,
      222, 257, 223, -1,
      223, 257, 258, -1,
      223, 258, 259, -1,
      260, 261, 231, -1,
      231, 261, 262, -1,
      231, 262, 230, -1,
      230, 262, 263, -1,
      264, 265, 9, -1,
      9, 265, 4, -1,
      266, 267, 226, -1,
      226, 0, 266, -1,
      266, 0, 1, -1,
      266, 1, 265, -1,
      265, 1, 5, -1,
      265, 5, 4, -1,
      236, 239, 268, -1,
      268, 239, 269, -1,
      268, 269, 270, -1,
      270, 269, 271, -1,
      270, 271, 272, -1,
      272, 271, 273, -1,
      272, 273, 274, -1,
      274, 273, 275, -1,
      274, 275, 276, -1,
      276, 275, 277, -1,
      276, 277, 278, -1,
      278, 277, 279, -1,
      278, 279, 280, -1,
      280, 279, 281, -1,
      280, 281, 282, -1,
      282, 281, 283, -1,
      282, 283, 284, -1,
      284, 283, 285, -1,
      284, 285, 286, -1,
      286, 285, 287, -1,
      166, 175, 287, -1,
      287, 175, 156, -1,
      287, 156, 286, -1,
      286, 156, 126, -1,
      286, 126, 137, -1,
      137, 117, 286, -1,
      286, 117, 118, -1,
      286, 118, 221, -1,
      274, 276, 288, -1,
      289, 290, 291, -1,
      221, 292, 293, -1,
      294, 292, 221, -1,
      291, 290, 221, -1,
      286, 221, 290, -1,
      295, 296, 297, -1,
      296, 295, 298, -1,
      298, 295, 299, -1,
      298, 299, 300, -1,
      300, 299, 301, -1,
      300, 301, 302, -1,
      302, 301, 303, -1,
      302, 303, 304, -1,
      304, 303, 305, -1,
      305, 303, 306, -1,
      305, 306, 307, -1,
      307, 306, 308, -1,
      308, 306, 309, -1,
      308, 309, 245, -1,
      310, 294, 221, -1,
      278, 280, 289, -1,
      289, 280, 282, -1,
      289, 282, 290, -1,
      290, 282, 284, -1,
      290, 284, 286, -1,
      311, 293, 312, -1,
      312, 293, 292, -1,
      312, 292, 313, -1,
      313, 292, 294, -1,
      313, 294, 314, -1,
      310, 315, 294, -1,
      294, 315, 316, -1,
      294, 316, 314, -1,
      314, 316, 317, -1,
      314, 317, 318, -1,
      288, 311, 319, -1,
      319, 311, 312, -1,
      319, 312, 320, -1,
      320, 312, 313, -1,
      320, 313, 321, -1,
      321, 313, 314, -1,
      321, 314, 322, -1,
      322, 314, 318, -1,
      270, 272, 323, -1,
      323, 272, 274, -1,
      274, 288, 323, -1,
      323, 288, 319, -1,
      323, 319, 324, -1,
      324, 319, 320, -1,
      324, 320, 325, -1,
      325, 320, 321, -1,
      325, 321, 326, -1,
      326, 321, 322, -1,
      326, 322, 327, -1,
      276, 278, 288, -1,
      288, 278, 289, -1,
      288, 289, 311, -1,
      311, 289, 291, -1,
      311, 291, 293, -1,
      293, 291, 221, -1,
      270, 295, 268, -1,
      268, 295, 297, -1,
      268, 297, 236, -1,
      318, 328, 322, -1,
      322, 328, 329, -1,
      322, 329, 327, -1,
      327, 329, 330, -1,
      327, 330, 331, -1,
      270, 323, 295, -1,
      295, 323, 324, -1,
      295, 324, 299, -1,
      299, 324, 325, -1,
      299, 325, 301, -1,
      301, 325, 326, -1,
      301, 326, 303, -1,
      303, 326, 327, -1,
      303, 327, 306, -1,
      306, 327, 331, -1,
      306, 331, 309, -1,
      332, 333, 334, -1,
      335, 336, 337, -1,
      166, 338, 339, -1,
      340, 338, 166, -1,
      337, 336, 166, -1,
      341, 166, 336, -1,
      342, 343, 344, -1,
      343, 342, 345, -1,
      345, 342, 346, -1,
      345, 346, 347, -1,
      347, 346, 348, -1,
      347, 348, 349, -1,
      349, 348, 350, -1,
      349, 350, 351, -1,
      351, 350, 352, -1,
      352, 350, 353, -1,
      352, 353, 354, -1,
      354, 353, 355, -1,
      355, 353, 269, -1,
      355, 269, 239, -1,
      287, 340, 166, -1,
      356, 357, 335, -1,
      335, 357, 358, -1,
      335, 358, 336, -1,
      336, 358, 359, -1,
      336, 359, 341, -1,
      360, 339, 361, -1,
      361, 339, 338, -1,
      361, 338, 362, -1,
      362, 338, 340, -1,
      362, 340, 363, -1,
      287, 285, 340, -1,
      340, 285, 283, -1,
      340, 283, 363, -1,
      363, 283, 281, -1,
      363, 281, 279, -1,
      334, 360, 364, -1,
      364, 360, 361, -1,
      364, 361, 365, -1,
      365, 361, 362, -1,
      365, 362, 366, -1,
      366, 362, 363, -1,
      366, 363, 367, -1,
      367, 363, 279, -1,
      368, 369, 370, -1,
      370, 369, 332, -1,
      332, 334, 370, -1,
      370, 334, 364, -1,
      370, 364, 371, -1,
      371, 364, 365, -1,
      371, 365, 372, -1,
      372, 365, 366, -1,
      372, 366, 373, -1,
      373, 366, 367, -1,
      373, 367, 374, -1,
      333, 356, 334, -1,
      334, 356, 335, -1,
      334, 335, 360, -1,
      360, 335, 337, -1,
      360, 337, 339, -1,
      339, 337, 166, -1,
      368, 342, 375, -1,
      375, 342, 344, -1,
      375, 344, 242, -1,
      279, 277, 367, -1,
      367, 277, 275, -1,
      367, 275, 374, -1,
      374, 275, 273, -1,
      374, 273, 271, -1,
      368, 370, 342, -1,
      342, 370, 371, -1,
      342, 371, 346, -1,
      346, 371, 372, -1,
      346, 372, 348, -1,
      348, 372, 373, -1,
      348, 373, 350, -1,
      350, 373, 374, -1,
      350, 374, 353, -1,
      353, 374, 271, -1,
      353, 271, 269, -1,
      246, 245, 376, -1,
      376, 245, 309, -1,
      376, 309, 377, -1,
      377, 309, 331, -1,
      377, 331, 378, -1,
      378, 331, 330, -1,
      378, 330, 379, -1,
      379, 330, 329, -1,
      379, 329, 380, -1,
      380, 329, 328, -1,
      380, 328, 381, -1,
      381, 328, 318, -1,
      381, 318, 382, -1,
      382, 318, 317, -1,
      382, 317, 383, -1,
      383, 317, 316, -1,
      383, 316, 384, -1,
      384, 316, 315, -1,
      384, 315, 385, -1,
      385, 315, 310, -1,
      310, 221, 220, -1,
      310, 220, 385, -1,
      385, 220, 101, -1,
      385, 101, 100, -1,
      386, 237, 236, -1,
      302, 387, 388, -1,
      386, 236, 389, -1,
      389, 236, 297, -1,
      389, 297, 390, -1,
      390, 297, 296, -1,
      390, 296, 391, -1,
      391, 296, 298, -1,
      391, 298, 388, -1,
      388, 298, 300, -1,
      388, 300, 302, -1,
      387, 302, 392, -1,
      392, 302, 304, -1,
      392, 304, 393, -1,
      393, 304, 305, -1,
      393, 305, 394, -1,
      394, 305, 307, -1,
      394, 307, 395, -1,
      395, 307, 308, -1,
      395, 308, 396, -1,
      396, 308, 245, -1,
      396, 245, 244, -1,
      397, 398, 344, -1,
      344, 398, 399, -1,
      344, 399, 242, -1,
      242, 399, 400, -1,
      242, 400, 243, -1,
      344, 343, 397, -1,
      397, 343, 345, -1,
      397, 345, 401, -1,
      401, 345, 347, -1,
      347, 349, 401, -1,
      401, 349, 351, -1,
      401, 351, 402, -1,
      402, 351, 352, -1,
      402, 352, 403, -1,
      403, 352, 354, -1,
      403, 354, 404, -1,
      404, 354, 355, -1,
      404, 355, 405, -1,
      405, 355, 239, -1,
      405, 239, 238, -1,
      406, 198, 170, -1,
      167, 166, 341, -1,
      242, 241, 375, -1,
      375, 241, 407, -1,
      375, 407, 368, -1,
      368, 407, 408, -1,
      368, 408, 369, -1,
      369, 408, 409, -1,
      369, 409, 332, -1,
      332, 409, 410, -1,
      332, 410, 333, -1,
      333, 410, 411, -1,
      333, 411, 356, -1,
      356, 411, 412, -1,
      356, 412, 357, -1,
      357, 412, 413, -1,
      357, 413, 358, -1,
      358, 413, 414, -1,
      358, 414, 359, -1,
      359, 414, 415, -1,
      359, 415, 341, -1,
      341, 415, 406, -1,
      341, 406, 167, -1,
      167, 406, 170, -1,
      416, 417, 418, -1,
      418, 417, 419, -1,
      418, 419, 420, -1,
      420, 419, 421, -1,
      420, 421, 422, -1,
      422, 421, 423, -1,
      422, 423, 424, -1,
      424, 423, 425, -1,
      424, 425, 426, -1,
      426, 425, 427, -1,
      426, 427, 428, -1,
      428, 427, 429, -1,
      428, 429, 430, -1,
      430, 429, 431, -1,
      430, 431, 432, -1,
      432, 431, 433, -1,
      432, 433, 434, -1,
      434, 433, 435, -1,
      434, 435, 249, -1,
      249, 435, 250, -1,
      100, 99, 416, -1,
      416, 99, 212, -1,
      186, 198, 417, -1,
      212, 213, 416, -1,
      416, 213, 214, -1,
      416, 214, 417, -1,
      417, 214, 215, -1,
      417, 215, 186, -1,
      379, 380, 436, -1,
      437, 438, 439, -1,
      100, 440, 441, -1,
      442, 440, 100, -1,
      439, 438, 100, -1,
      385, 100, 438, -1,
      443, 444, 445, -1,
      444, 443, 446, -1,
      446, 443, 447, -1,
      446, 447, 448, -1,
      448, 447, 449, -1,
      448, 449, 450, -1,
      450, 449, 451, -1,
      450, 451, 452, -1,
      452, 451, 453, -1,
      453, 451, 454, -1,
      453, 454, 455, -1,
      455, 454, 456, -1,
      456, 454, 434, -1,
      456, 434, 249, -1,
      416, 442, 100, -1,
      381, 382, 437, -1,
      437, 382, 383, -1,
      437, 383, 438, -1,
      438, 383, 384, -1,
      438, 384, 385, -1,
      457, 441, 458, -1,
      458, 441, 440, -1,
      458, 440, 459, -1,
      459, 440, 442, -1,
      459, 442, 460, -1,
      416, 418, 442, -1,
      442, 418, 420, -1,
      442, 420, 460, -1,
      460, 420, 422, -1,
      460, 422, 424, -1,
      436, 457, 461, -1,
      461, 457, 458, -1,
      461, 458, 462, -1,
      462, 458, 459, -1,
      462, 459, 463, -1,
      463, 459, 460, -1,
      463, 460, 464, -1,
      464, 460, 424, -1,
      377, 378, 465, -1,
      465, 378, 379, -1,
      379, 436, 465, -1,
      465, 436, 461, -1,
      465, 461, 466, -1,
      466, 461, 462, -1,
      466, 462, 467, -1,
      467, 462, 463, -1,
      467, 463, 468, -1,
      468, 463, 464, -1,
      468, 464, 469, -1,
      380, 381, 436, -1,
      436, 381, 437, -1,
      436, 437, 457, -1,
      457, 437, 439, -1,
      457, 439, 441, -1,
      441, 439, 100, -1,
      377, 443, 376, -1,
      376, 443, 445, -1,
      376, 445, 246, -1,
      424, 426, 464, -1,
      464, 426, 428, -1,
      464, 428, 469, -1,
      469, 428, 430, -1,
      469, 430, 432, -1,
      377, 465, 443, -1,
      443, 465, 466, -1,
      443, 466, 447, -1,
      447, 466, 467, -1,
      447, 467, 449, -1,
      449, 467, 468, -1,
      449, 468, 451, -1,
      451, 468, 469, -1,
      451, 469, 454, -1,
      454, 469, 432, -1,
      454, 432, 434, -1,
      470, 396, 244, -1,
      225, 223, 244, -1,
      244, 223, 259, -1,
      244, 259, 470, -1,
      396, 470, 395, -1,
      395, 470, 471, -1,
      395, 471, 394, -1,
      394, 471, 472, -1,
      394, 472, 393, -1,
      393, 472, 473, -1,
      393, 473, 392, -1,
      392, 473, 474, -1,
      392, 474, 387, -1,
      387, 474, 475, -1,
      387, 475, 388, -1,
      388, 475, 476, -1,
      388, 476, 391, -1,
      391, 476, 477, -1,
      391, 477, 390, -1,
      264, 9, 8, -1,
      477, 478, 390, -1,
      390, 478, 479, -1,
      390, 479, 389, -1,
      389, 479, 480, -1,
      389, 480, 386, -1,
      386, 480, 264, -1,
      386, 264, 237, -1,
      237, 264, 8, -1,
      227, 226, 238, -1,
      238, 226, 267, -1,
      238, 267, 405, -1,
      405, 267, 481, -1,
      405, 481, 404, -1,
      404, 481, 482, -1,
      404, 482, 403, -1,
      403, 482, 483, -1,
      403, 483, 402, -1,
      402, 483, 484, -1,
      402, 484, 401, -1,
      401, 484, 485, -1,
      401, 485, 397, -1,
      397, 485, 486, -1,
      397, 486, 398, -1,
      486, 487, 398, -1,
      398, 487, 488, -1,
      398, 488, 399, -1,
      399, 488, 489, -1,
      231, 229, 260, -1,
      260, 229, 243, -1,
      260, 243, 489, -1,
      489, 243, 400, -1,
      489, 400, 399, -1,
      429, 427, 490, -1,
      491, 492, 493, -1,
      198, 494, 495, -1,
      496, 494, 198, -1,
      493, 492, 198, -1,
      417, 198, 492, -1,
      497, 498, 499, -1,
      498, 497, 500, -1,
      500, 497, 501, -1,
      500, 501, 502, -1,
      502, 501, 503, -1,
      502, 503, 504, -1,
      504, 503, 505, -1,
      504, 505, 506, -1,
      506, 505, 507, -1,
      507, 505, 508, -1,
      507, 508, 509, -1,
      509, 508, 510, -1,
      510, 508, 407, -1,
      510, 407, 241, -1,
      406, 496, 198, -1,
      425, 423, 491, -1,
      491, 423, 421, -1,
      491, 421, 492, -1,
      492, 421, 419, -1,
      492, 419, 417, -1,
      511, 495, 512, -1,
      512, 495, 494, -1,
      512, 494, 513, -1,
      513, 494, 496, -1,
      513, 496, 514, -1,
      406, 415, 496, -1,
      496, 415, 414, -1,
      496, 414, 514, -1,
      514, 414, 413, -1,
      514, 413, 412, -1,
      490, 511, 515, -1,
      515, 511, 512, -1,
      515, 512, 516, -1,
      516, 512, 513, -1,
      516, 513, 517, -1,
      517, 513, 514, -1,
      517, 514, 518, -1,
      518, 514, 412, -1,
      433, 431, 519, -1,
      519, 431, 429, -1,
      429, 490, 519, -1,
      519, 490, 515, -1,
      519, 515, 520, -1,
      520, 515, 516, -1,
      520, 516, 521, -1,
      521, 516, 517, -1,
      521, 517, 522, -1,
      522, 517, 518, -1,
      522, 518, 523, -1,
      427, 425, 490, -1,
      490, 425, 491, -1,
      490, 491, 511, -1,
      511, 491, 493, -1,
      511, 493, 495, -1,
      495, 493, 198, -1,
      433, 497, 435, -1,
      435, 497, 499, -1,
      435, 499, 250, -1,
      412, 411, 518, -1,
      518, 411, 410, -1,
      518, 410, 523, -1,
      523, 410, 409, -1,
      523, 409, 408, -1,
      433, 519, 497, -1,
      497, 519, 520, -1,
      497, 520, 501, -1,
      501, 520, 521, -1,
      501, 521, 503, -1,
      503, 521, 522, -1,
      503, 522, 505, -1,
      505, 522, 523, -1,
      505, 523, 508, -1,
      508, 523, 408, -1,
      508, 408, 407, -1,
      524, 247, 246, -1,
      446, 525, 526, -1,
      524, 246, 527, -1,
      527, 246, 445, -1,
      527, 445, 526, -1,
      526, 445, 444, -1,
      526, 444, 446, -1,
      525, 446, 528, -1,
      528, 446, 448, -1,
      528, 448, 529, -1,
      529, 448, 450, -1,
      529, 450, 530, -1,
      530, 450, 452, -1,
      530, 452, 531, -1,
      531, 452, 453, -1,
      531, 453, 532, -1,
      532, 453, 455, -1,
      532, 455, 533, -1,
      533, 455, 456, -1,
      533, 456, 534, -1,
      534, 456, 249, -1,
      534, 249, 248, -1,
      470, 259, 258, -1,
      535, 473, 472, -1,
      470, 258, 471, -1,
      471, 258, 536, -1,
      471, 536, 472, -1,
      472, 536, 537, -1,
      472, 537, 535, -1,
      538, 475, 474, -1,
      473, 535, 474, -1,
      474, 535, 539, -1,
      474, 539, 538, -1,
      475, 538, 476, -1,
      476, 538, 540, -1,
      476, 540, 477, -1,
      477, 540, 541, -1,
      477, 541, 478, -1,
      478, 541, 542, -1,
      478, 542, 479, -1,
      479, 542, 543, -1,
      479, 543, 480, -1,
      480, 543, 265, -1,
      480, 265, 264, -1,
      266, 265, 544, -1,
      544, 265, 545, -1,
      544, 545, 546, -1,
      546, 545, 547, -1,
      546, 547, 548, -1,
      548, 547, 549, -1,
      548, 549, 550, -1,
      550, 549, 551, -1,
      550, 551, 552, -1,
      552, 551, 553, -1,
      552, 553, 554, -1,
      554, 553, 555, -1,
      554, 555, 556, -1,
      556, 555, 557, -1,
      556, 557, 558, -1,
      558, 557, 559, -1,
      558, 559, 560, -1,
      560, 559, 561, -1,
      560, 561, 562, -1,
      561, 563, 562, -1,
      562, 563, 75, -1,
      562, 75, 31, -1,
      484, 483, 564, -1,
      564, 483, 482, -1,
      564, 482, 266, -1,
      266, 482, 481, -1,
      266, 481, 267, -1,
      564, 565, 484, -1,
      484, 565, 566, -1,
      484, 566, 485, -1,
      485, 566, 567, -1,
      567, 568, 485, -1,
      485, 568, 569, -1,
      485, 569, 486, -1,
      486, 569, 570, -1,
      486, 570, 487, -1,
      487, 570, 571, -1,
      487, 571, 488, -1,
      488, 571, 572, -1,
      488, 572, 489, -1,
      489, 572, 261, -1,
      489, 261, 260, -1,
      573, 251, 250, -1,
      500, 574, 575, -1,
      573, 250, 576, -1,
      576, 250, 499, -1,
      576, 499, 575, -1,
      575, 499, 498, -1,
      575, 498, 500, -1,
      504, 577, 578, -1,
      574, 500, 578, -1,
      578, 500, 502, -1,
      578, 502, 504, -1,
      577, 504, 579, -1,
      579, 504, 506, -1,
      579, 506, 580, -1,
      580, 506, 507, -1,
      580, 507, 581, -1,
      581, 507, 509, -1,
      581, 509, 582, -1,
      582, 509, 510, -1,
      582, 510, 583, -1,
      583, 510, 241, -1,
      583, 241, 240, -1,
      235, 233, 248, -1,
      248, 233, 255, -1,
      248, 255, 534, -1,
      534, 255, 584, -1,
      534, 584, 533, -1,
      533, 584, 585, -1,
      533, 585, 532, -1,
      532, 585, 586, -1,
      532, 586, 531, -1,
      531, 586, 587, -1,
      531, 587, 530, -1,
      530, 587, 588, -1,
      530, 588, 529, -1,
      529, 588, 589, -1,
      529, 589, 528, -1,
      528, 589, 590, -1,
      528, 590, 525, -1,
      525, 590, 591, -1,
      525, 591, 526, -1,
      526, 591, 592, -1,
      526, 592, 527, -1,
      527, 592, 593, -1,
      527, 593, 524, -1,
      256, 222, 224, -1,
      593, 594, 524, -1,
      524, 594, 256, -1,
      524, 256, 247, -1,
      247, 256, 224, -1,
      595, 75, 596, -1,
      559, 557, 597, -1,
      555, 553, 598, -1,
      599, 600, 601, -1,
      536, 258, 602, -1,
      535, 537, 603, -1,
      603, 537, 536, -1,
      543, 542, 600, -1,
      600, 542, 541, -1,
      600, 541, 601, -1,
      601, 541, 540, -1,
      601, 540, 538, -1,
      265, 543, 545, -1,
      545, 543, 600, -1,
      545, 600, 547, -1,
      547, 600, 599, -1,
      547, 599, 549, -1,
      549, 599, 551, -1,
      536, 602, 603, -1,
      603, 602, 604, -1,
      603, 604, 605, -1,
      553, 551, 598, -1,
      598, 551, 599, -1,
      598, 599, 606, -1,
      606, 599, 601, -1,
      606, 601, 607, -1,
      607, 601, 538, -1,
      604, 608, 605, -1,
      605, 608, 609, -1,
      605, 609, 610, -1,
      557, 555, 597, -1,
      597, 555, 598, -1,
      597, 598, 611, -1,
      611, 598, 606, -1,
      611, 606, 612, -1,
      612, 606, 607, -1,
      609, 613, 610, -1,
      610, 613, 614, -1,
      610, 614, 615, -1,
      612, 616, 611, -1,
      611, 616, 617, -1,
      611, 617, 597, -1,
      597, 617, 618, -1,
      597, 618, 559, -1,
      539, 535, 619, -1,
      619, 535, 603, -1,
      619, 603, 620, -1,
      620, 603, 605, -1,
      620, 605, 621, -1,
      621, 605, 610, -1,
      621, 610, 622, -1,
      622, 610, 615, -1,
      622, 615, 623, -1,
      623, 615, 596, -1,
      623, 596, 75, -1,
      75, 563, 618, -1,
      618, 563, 561, -1,
      618, 561, 559, -1,
      616, 624, 617, -1,
      617, 624, 625, -1,
      617, 625, 618, -1,
      618, 625, 75, -1,
      624, 626, 625, -1,
      625, 626, 75, -1,
      614, 627, 615, -1,
      615, 627, 628, -1,
      615, 628, 596, -1,
      596, 628, 629, -1,
      596, 629, 595, -1,
      538, 539, 607, -1,
      607, 539, 619, -1,
      607, 619, 612, -1,
      612, 619, 620, -1,
      612, 620, 616, -1,
      616, 620, 621, -1,
      616, 621, 624, -1,
      624, 621, 622, -1,
      624, 622, 626, -1,
      626, 622, 623, -1,
      626, 623, 75, -1,
      562, 31, 630, -1,
      631, 632, 633, -1,
      634, 635, 636, -1,
      637, 638, 639, -1,
      564, 266, 544, -1,
      566, 565, 640, -1,
      640, 565, 564, -1,
      572, 571, 638, -1,
      638, 571, 570, -1,
      638, 570, 639, -1,
      639, 570, 569, -1,
      639, 569, 568, -1,
      261, 572, 641, -1,
      641, 572, 638, -1,
      641, 638, 642, -1,
      642, 638, 637, -1,
      642, 637, 643, -1,
      643, 637, 644, -1,
      564, 544, 640, -1,
      640, 544, 546, -1,
      640, 546, 645, -1,
      635, 644, 636, -1,
      636, 644, 637, -1,
      636, 637, 646, -1,
      646, 637, 639, -1,
      646, 639, 647, -1,
      647, 639, 568, -1,
      546, 548, 645, -1,
      645, 548, 550, -1,
      645, 550, 648, -1,
      632, 634, 633, -1,
      633, 634, 636, -1,
      633, 636, 649, -1,
      649, 636, 646, -1,
      649, 646, 650, -1,
      650, 646, 647, -1,
      550, 552, 648, -1,
      648, 552, 554, -1,
      648, 554, 651, -1,
      650, 652, 649, -1,
      649, 652, 653, -1,
      649, 653, 633, -1,
      633, 653, 654, -1,
      633, 654, 631, -1,
      567, 566, 655, -1,
      655, 566, 640, -1,
      655, 640, 656, -1,
      656, 640, 645, -1,
      656, 645, 657, -1,
      657, 645, 648, -1,
      657, 648, 658, -1,
      658, 648, 651, -1,
      658, 651, 659, -1,
      659, 651, 630, -1,
      659, 630, 31, -1,
      31, 660, 654, -1,
      654, 660, 661, -1,
      654, 661, 631, -1,
      652, 662, 653, -1,
      653, 662, 663, -1,
      653, 663, 654, -1,
      654, 663, 31, -1,
      662, 664, 663, -1,
      663, 664, 31, -1,
      554, 556, 651, -1,
      651, 556, 558, -1,
      651, 558, 630, -1,
      630, 558, 560, -1,
      630, 560, 562, -1,
      568, 567, 647, -1,
      647, 567, 655, -1,
      647, 655, 650, -1,
      650, 655, 656, -1,
      650, 656, 652, -1,
      652, 656, 657, -1,
      652, 657, 662, -1,
      662, 657, 658, -1,
      662, 658, 664, -1,
      664, 658, 659, -1,
      664, 659, 31, -1,
      228, 230, 240, -1,
      240, 230, 263, -1,
      240, 263, 583, -1,
      583, 263, 665, -1,
      583, 665, 582, -1,
      582, 665, 666, -1,
      582, 666, 581, -1,
      581, 666, 667, -1,
      581, 667, 580, -1,
      580, 667, 668, -1,
      580, 668, 579, -1,
      579, 668, 669, -1,
      579, 669, 577, -1,
      577, 669, 670, -1,
      577, 670, 578, -1,
      578, 670, 671, -1,
      578, 671, 574, -1,
      574, 671, 672, -1,
      574, 672, 575, -1,
      672, 673, 575, -1,
      575, 673, 674, -1,
      575, 674, 576, -1,
      576, 674, 675, -1,
      17, 15, 252, -1,
      252, 15, 251, -1,
      252, 251, 675, -1,
      675, 251, 573, -1,
      675, 573, 576, -1,
      584, 255, 254, -1,
      676, 589, 588, -1,
      584, 254, 585, -1,
      585, 254, 677, -1,
      585, 677, 586, -1,
      586, 677, 678, -1,
      586, 678, 587, -1,
      587, 678, 679, -1,
      587, 679, 588, -1,
      588, 679, 680, -1,
      588, 680, 676, -1,
      589, 676, 590, -1,
      590, 676, 681, -1,
      590, 681, 591, -1,
      591, 681, 682, -1,
      591, 682, 592, -1,
      592, 682, 683, -1,
      592, 683, 593, -1,
      593, 683, 684, -1,
      593, 684, 594, -1,
      594, 684, 257, -1,
      594, 257, 256, -1,
      258, 257, 602, -1,
      602, 257, 685, -1,
      602, 685, 604, -1,
      604, 685, 686, -1,
      604, 686, 608, -1,
      608, 686, 687, -1,
      608, 687, 609, -1,
      609, 687, 688, -1,
      609, 688, 613, -1,
      613, 688, 689, -1,
      613, 689, 614, -1,
      614, 689, 690, -1,
      614, 690, 627, -1,
      627, 690, 691, -1,
      627, 691, 628, -1,
      628, 691, 692, -1,
      628, 692, 629, -1,
      629, 692, 693, -1,
      629, 693, 595, -1,
      693, 694, 595, -1,
      595, 694, 23, -1,
      595, 23, 75, -1,
      262, 261, 695, -1,
      695, 261, 641, -1,
      695, 641, 696, -1,
      696, 641, 642, -1,
      696, 642, 697, -1,
      697, 642, 643, -1,
      697, 643, 698, -1,
      698, 643, 644, -1,
      698, 644, 699, -1,
      699, 644, 635, -1,
      699, 635, 700, -1,
      700, 635, 634, -1,
      700, 634, 701, -1,
      701, 634, 632, -1,
      701, 632, 702, -1,
      702, 632, 631, -1,
      702, 631, 703, -1,
      703, 631, 661, -1,
      703, 661, 704, -1,
      661, 660, 704, -1,
      704, 660, 31, -1,
      704, 31, 48, -1,
      665, 263, 262, -1,
      705, 670, 669, -1,
      665, 262, 666, -1,
      666, 262, 706, -1,
      666, 706, 667, -1,
      667, 706, 707, -1,
      667, 707, 668, -1,
      668, 707, 708, -1,
      668, 708, 669, -1,
      669, 708, 709, -1,
      669, 709, 705, -1,
      670, 705, 671, -1,
      671, 705, 710, -1,
      671, 710, 672, -1,
      672, 710, 711, -1,
      672, 711, 673, -1,
      673, 711, 712, -1,
      673, 712, 674, -1,
      674, 712, 713, -1,
      674, 713, 675, -1,
      675, 713, 253, -1,
      675, 253, 252, -1,
      714, 23, 715, -1,
      692, 691, 716, -1,
      690, 689, 717, -1,
      718, 719, 720, -1,
      677, 254, 721, -1,
      679, 678, 722, -1,
      722, 678, 677, -1,
      684, 683, 719, -1,
      719, 683, 682, -1,
      719, 682, 720, -1,
      720, 682, 681, -1,
      720, 681, 676, -1,
      257, 684, 685, -1,
      685, 684, 719, -1,
      685, 719, 686, -1,
      686, 719, 718, -1,
      686, 718, 687, -1,
      687, 718, 688, -1,
      677, 721, 722, -1,
      722, 721, 723, -1,
      722, 723, 724, -1,
      689, 688, 717, -1,
      717, 688, 718, -1,
      717, 718, 725, -1,
      725, 718, 720, -1,
      725, 720, 726, -1,
      726, 720, 676, -1,
      723, 727, 724, -1,
      724, 727, 728, -1,
      724, 728, 729, -1,
      691, 690, 716, -1,
      716, 690, 717, -1,
      716, 717, 730, -1,
      730, 717, 725, -1,
      730, 725, 731, -1,
      731, 725, 726, -1,
      728, 732, 729, -1,
      729, 732, 733, -1,
      729, 733, 734, -1,
      731, 735, 730, -1,
      730, 735, 736, -1,
      730, 736, 716, -1,
      716, 736, 737, -1,
      716, 737, 692, -1,
      680, 679, 738, -1,
      738, 679, 722, -1,
      738, 722, 739, -1,
      739, 722, 724, -1,
      739, 724, 740, -1,
      740, 724, 729, -1,
      740, 729, 741, -1,
      741, 729, 734, -1,
      741, 734, 742, -1,
      742, 734, 715, -1,
      742, 715, 23, -1,
      23, 694, 737, -1,
      737, 694, 693, -1,
      737, 693, 692, -1,
      735, 743, 736, -1,
      736, 743, 744, -1,
      736, 744, 737, -1,
      737, 744, 23, -1,
      743, 745, 744, -1,
      744, 745, 23, -1,
      733, 746, 734, -1,
      734, 746, 747, -1,
      734, 747, 715, -1,
      715, 747, 748, -1,
      715, 748, 714, -1,
      676, 680, 726, -1,
      726, 680, 738, -1,
      726, 738, 731, -1,
      731, 738, 739, -1,
      731, 739, 735, -1,
      735, 739, 740, -1,
      735, 740, 743, -1,
      743, 740, 741, -1,
      743, 741, 745, -1,
      745, 741, 742, -1,
      745, 742, 23, -1,
      704, 48, 749, -1,
      750, 751, 752, -1,
      753, 754, 755, -1,
      756, 757, 758, -1,
      706, 262, 695, -1,
      708, 707, 759, -1,
      759, 707, 706, -1,
      713, 712, 757, -1,
      757, 712, 711, -1,
      757, 711, 758, -1,
      758, 711, 710, -1,
      758, 710, 705, -1,
      253, 713, 760, -1,
      760, 713, 757, -1,
      760, 757, 761, -1,
      761, 757, 756, -1,
      761, 756, 762, -1,
      762, 756, 763, -1,
      706, 695, 759, -1,
      759, 695, 696, -1,
      759, 696, 764, -1,
      754, 763, 755, -1,
      755, 763, 756, -1,
      755, 756, 765, -1,
      765, 756, 758, -1,
      765, 758, 766, -1,
      766, 758, 705, -1,
      696, 697, 764, -1,
      764, 697, 698, -1,
      764, 698, 767, -1,
      751, 753, 752, -1,
      752, 753, 755, -1,
      752, 755, 768, -1,
      768, 755, 765, -1,
      768, 765, 769, -1,
      769, 765, 766, -1,
      698, 699, 767, -1,
      767, 699, 700, -1,
      767, 700, 770, -1,
      769, 771, 768, -1,
      768, 771, 772, -1,
      768, 772, 752, -1,
      752, 772, 773, -1,
      752, 773, 750, -1,
      709, 708, 774, -1,
      774, 708, 759, -1,
      774, 759, 775, -1,
      775, 759, 764, -1,
      775, 764, 776, -1,
      776, 764, 767, -1,
      776, 767, 777, -1,
      777, 767, 770, -1,
      777, 770, 778, -1,
      778, 770, 749, -1,
      778, 749, 48, -1,
      48, 779, 773, -1,
      773, 779, 780, -1,
      773, 780, 750, -1,
      771, 781, 772, -1,
      772, 781, 782, -1,
      772, 782, 773, -1,
      773, 782, 48, -1,
      781, 783, 782, -1,
      782, 783, 48, -1,
      700, 701, 770, -1,
      770, 701, 702, -1,
      770, 702, 749, -1,
      749, 702, 703, -1,
      749, 703, 704, -1,
      705, 709, 766, -1,
      766, 709, 774, -1,
      766, 774, 769, -1,
      769, 774, 775, -1,
      769, 775, 771, -1,
      771, 775, 776, -1,
      771, 776, 781, -1,
      781, 776, 777, -1,
      781, 777, 783, -1,
      783, 777, 778, -1,
      783, 778, 48, -1,
      254, 253, 721, -1,
      721, 253, 760, -1,
      721, 760, 723, -1,
      723, 760, 761, -1,
      723, 761, 727, -1,
      727, 761, 762, -1,
      727, 762, 728, -1,
      728, 762, 763, -1,
      728, 763, 732, -1,
      732, 763, 754, -1,
      732, 754, 733, -1,
      733, 754, 753, -1,
      733, 753, 746, -1,
      746, 753, 751, -1,
      746, 751, 747, -1,
      747, 751, 750, -1,
      747, 750, 748, -1,
      748, 750, 780, -1,
      748, 780, 714, -1,
      780, 779, 714, -1,
      714, 779, 48, -1,
      714, 48, 23, -1,
    ]
  }
}

Shape {
  appearance Appearance {
    material Material {
      diffuseColor 0.6471 0.6471 0.6471
      specularColor 0.3216 0.3216 0.3216
      ambientIntensity 0.2
      transparency 0.0000
      shininess 0.5
    }
  }
  geometry IndexedFaceSet {
    ccw TRUE
    solid FALSE
    coord DEF co Coordinate {
      point [
        0.007052 -0.025561 1.299213,
        -0.043211 -0.025561 1.299213,
        -0.043211 -0.107182 1.299213,
        0.686576 -0.083176 1.299213,
        0.628961 -0.083176 1.299213,
        0.628961 -0.107182 1.299213,
        0.580949 -0.174400 1.299213,
        0.580949 -0.107182 1.299213,
        0.580949 -0.083176 1.299213,
        0.628961 0.219301 1.299213,
        0.628961 -0.039965 1.299213,
        0.686576 -0.039965 1.299213,
        0.552790 0.173454 1.299213,
        0.577648 0.219301 1.299213,
        0.398502 -0.083176 1.299213,
        0.398502 -0.042216 1.299213,
        0.483026 0.065310 1.299213,
        0.628961 -0.174400 1.299213,
        -0.096024 0.219301 1.299213,
        -0.096024 -0.107182 1.299213,
        0.148838 0.101446 1.299213,
        0.145040 0.068297 1.299213,
        0.135718 0.042967 1.299213,
        0.119676 0.019448 1.299213,
        0.053670 0.216077 1.299213,
        0.083666 0.207303 1.299213,
        0.106817 0.194307 1.299213,
        0.121209 0.181586 1.299213,
        0.015304 0.219301 1.299213,
        0.135372 0.161863 1.299213,
        0.144056 0.139773 1.299213,
        0.148671 0.108375 1.299213,
        0.096198 -0.001416 1.299213,
        0.067251 -0.016546 1.299213,
        0.035943 -0.024240 1.299213,
        -0.096024 -0.174400 1.299213,
        -0.043211 -0.174400 1.299213,
        -0.374672 -0.107182 1.299213,
        -0.378314 -0.110752 1.299213,
        -0.399360 -0.131377 1.299213,
        -0.439769 -0.155560 1.299213,
        -0.345798 0.116408 1.299213,
        -0.332026 0.077883 1.299213,
        -0.367330 -0.099987 1.299213,
        -0.345213 -0.064538 1.299213,
        -0.326483 0.027402 1.299213,
        -0.331478 -0.022845 1.299213,
        -0.643365 0.219301 1.299213,
        -0.485065 -0.169670 1.299213,
        -0.536312 -0.174400 1.299213,
        -0.643365 -0.174400 1.299213,
        -0.643365 -0.107182 1.299213,
        -0.479572 0.214147 1.299213,
        -0.433079 0.198862 1.299213,
        -0.393352 0.174087 1.299213,
        -0.378314 0.159520 1.299213,
        -0.367213 0.148767 1.299213,
        -0.532261 0.219301 1.299213,
        -0.249664 -0.107182 1.299213,
        -0.249664 0.219301 1.299213,
        -0.196850 0.219301 1.299213,
        -0.196850 -0.107182 1.299213,
        -0.196850 -0.174400 1.299213,
        -0.249664 -0.174400 1.299213,
        -0.430145 -0.879476 1.299213,
        -0.434109 -0.909583 1.299213,
        -0.647212 -0.821313 1.299213,
        -0.628726 -0.797222 1.299213,
        -0.445730 -0.937639 1.299213,
        -0.464216 -0.961731 1.299213,
        -0.488308 -0.980217 1.299213,
        -0.445730 -0.821313 1.299213,
        -0.434109 -0.849369 1.299213,
        -0.604633 -0.980217 1.299213,
        -0.628726 -0.961731 1.299213,
        -0.647212 -0.937639 1.299213,
        -0.604633 -0.778735 1.299213,
        -0.576578 -0.767114 1.299213,
        -0.546471 -0.763150 1.299213,
        -0.516363 -0.767114 1.299213,
        -0.516363 -0.991838 1.299213,
        -0.546471 -0.995802 1.299213,
        -0.576578 -0.991838 1.299213,
        -0.488308 -0.778735 1.299213,
        -0.464216 -0.797222 1.299213,
        -0.658833 -0.909583 1.299213,
        -0.662796 -0.879476 1.299213,
        -0.658833 -0.849369 1.299213,
        0.206453 -0.039965 1.299213,
        0.206453 -0.001556 1.299213,
        0.355291 -0.039965 1.299213,
        0.355291 -0.001556 1.299213,
        -0.536312 -0.174400 1.295276,
        -0.643365 -0.174400 1.295276,
        -0.643365 0.219301 1.295276,
        -0.532261 0.219301 1.295276,
        -0.326483 0.027402 1.295276,
        -0.332026 0.077883 1.295276,
        -0.345798 0.116408 1.295276,
        -0.367213 0.148767 1.295276,
        -0.393352 0.174087 1.295276,
        -0.433079 0.198862 1.295276,
        -0.479572 0.214147 1.295276,
        -0.367330 -0.099987 1.295276,
        -0.399360 -0.131377 1.295276,
        -0.439769 -0.155560 1.295276,
        -0.485065 -0.169670 1.295276,
        -0.345213 -0.064538 1.295276,
        -0.331478 -0.022845 1.295276,
        -0.379297 0.026277 1.295276,
        -0.382642 0.065460 1.295276,
        -0.391959 0.096898 1.295276,
        -0.405675 0.121107 1.295276,
        -0.424842 0.141360 1.295276,
        -0.453652 0.159890 1.295276,
        -0.486200 0.171209 1.295276,
        -0.532486 0.176090 1.295276,
        -0.590551 0.176090 1.295276,
        -0.590551 -0.131189 1.295276,
        -0.534662 -0.131189 1.295276,
        -0.493126 -0.127322 1.295276,
        -0.459757 -0.116874 1.295276,
        -0.432959 -0.100894 1.295276,
        -0.410921 -0.079047 1.295276,
        -0.394355 -0.051856 1.295276,
        -0.382854 -0.014768 1.295276,
        -0.532486 0.176090 1.299213,
        -0.590551 0.176090 1.299213,
        -0.486200 0.171209 1.299213,
        -0.453652 0.159890 1.299213,
        -0.424842 0.141360 1.299213,
        -0.405675 0.121107 1.299213,
        -0.391959 0.096898 1.299213,
        -0.382642 0.065460 1.299213,
        -0.379297 0.026277 1.299213,
        -0.382854 -0.014768 1.299213,
        -0.394355 -0.051856 1.299213,
        -0.410921 -0.079047 1.299213,
        -0.432959 -0.100894 1.299213,
        -0.459757 -0.116874 1.299213,
        -0.493126 -0.127322 1.299213,
        -0.534662 -0.131189 1.299213,
        -0.590551 -0.131189 1.299213,
        -0.249664 0.219301 1.295276,
        -0.196850 0.219301 1.295276,
        -0.196850 -0.174400 1.295276,
        -0.249664 -0.174400 1.295276,
        0.007052 -0.025561 1.295276,
        -0.043211 -0.025561 1.295276,
        -0.043211 -0.174400 1.295276,
        -0.096024 -0.174400 1.295276,
        -0.096024 0.219301 1.295276,
        0.015304 0.219301 1.295276,
        0.148838 0.101446 1.295276,
        0.148671 0.108375 1.295276,
        0.144056 0.139773 1.295276,
        0.135372 0.161863 1.295276,
        0.121209 0.181586 1.295276,
        0.106817 0.194307 1.295276,
        0.083666 0.207303 1.295276,
        0.053670 0.216077 1.295276,
        0.035943 -0.024240 1.295276,
        0.067251 -0.016546 1.295276,
        0.096198 -0.001416 1.295276,
        0.119676 0.019448 1.295276,
        0.135718 0.042967 1.295276,
        0.145040 0.068297 1.295276,
        -0.043211 0.176090 1.295276,
        0.007727 0.176090 1.295276,
        0.017215 0.175852 1.295276,
        0.046267 0.171316 1.295276,
        0.064050 0.163901 1.295276,
        0.073599 0.157275 1.295276,
        0.082443 0.147746 1.295276,
        0.089530 0.135301 1.295276,
        0.094339 0.119359 1.295276,
        0.096024 0.099420 1.295276,
        0.095990 0.097747 1.295276,
        0.093126 0.073964 1.295276,
        0.087476 0.058583 1.295276,
        0.078348 0.044905 1.295276,
        0.065690 0.033627 1.295276,
        0.050076 0.025346 1.295276,
        0.029561 0.019783 1.295276,
        0.002926 0.017650 1.295276,
        -0.043211 0.017650 1.295276,
        0.007727 0.176090 1.299213,
        -0.043211 0.176090 1.299213,
        0.017215 0.175852 1.299213,
        0.046267 0.171316 1.299213,
        0.064050 0.163901 1.299213,
        0.073599 0.157275 1.299213,
        0.082443 0.147746 1.299213,
        0.089530 0.135301 1.299213,
        0.094339 0.119359 1.299213,
        0.096024 0.099420 1.299213,
        0.095990 0.097747 1.299213,
        0.093126 0.073964 1.299213,
        0.087476 0.058583 1.299213,
        0.078348 0.044905 1.299213,
        0.065690 0.033627 1.299213,
        0.050076 0.025346 1.299213,
        0.029561 0.019783 1.299213,
        0.002926 0.017650 1.299213,
        -0.043211 0.017650 1.299213,
        0.355291 -0.001556 1.295276,
        0.355291 -0.039965 1.295276,
        0.206453 -0.039965 1.295276,
        0.206453 -0.001556 1.295276,
        0.577648 0.219301 1.295276,
        0.628961 0.219301 1.295276,
        0.628961 -0.039965 1.295276,
        0.686576 -0.039965 1.295276,
        0.686576 -0.083176 1.295276,
        0.628961 -0.083176 1.295276,
        0.628961 -0.174400 1.295276,
        0.580949 -0.174400 1.295276,
        0.580949 -0.083176 1.295276,
        0.398502 -0.083176 1.295276,
        0.398502 -0.042216 1.295276,
        0.552790 0.173454 1.295276,
        0.483026 0.065310 1.295276,
        0.580949 0.147058 1.295276,
        0.580949 -0.039965 1.295276,
        0.521757 0.050733 1.295276,
        0.454241 -0.039965 1.295276,
        0.454241 -0.039965 1.299213,
        0.521757 0.050733 1.299213,
        0.580949 0.147058 1.299213,
        0.580949 -0.039965 1.299213,
        -0.430145 -0.879476 1.295276,
        -0.434109 -0.849369 1.295276,
        -0.445730 -0.821313 1.295276,
        -0.464216 -0.797222 1.295276,
        -0.488308 -0.778735 1.295276,
        -0.516363 -0.767114 1.295276,
        -0.546471 -0.763150 1.295276,
        -0.576578 -0.767114 1.295276,
        -0.604633 -0.778735 1.295276,
        -0.628726 -0.797222 1.295276,
        -0.647212 -0.821313 1.295276,
        -0.658833 -0.849369 1.295276,
        -0.662796 -0.879476 1.295276,
        -0.658833 -0.909583 1.295276,
        -0.647212 -0.937639 1.295276,
        -0.628726 -0.961731 1.295276,
        -0.604633 -0.980217 1.295276,
        -0.576578 -0.991838 1.295276,
        -0.546471 -0.995802 1.295276,
        -0.516363 -0.991838 1.295276,
        -0.488308 -0.980217 1.295276,
        -0.464216 -0.961731 1.295276,
        -0.445730 -0.937639 1.295276,
        -0.434109 -0.909583 1.295276,
        -0.546471 -0.879476 1.295276,
      ]
    }
    coordIndex [
      92, 93, 49, -1,
      49, 93, 50, -1,
      50, 93, 51, -1,
      51, 93, 94, -1,
      51, 94, 47, -1,
      94, 95, 47, -1,
      47, 95, 57, -1,
      96, 45, 42, -1,
      96, 42, 97, -1,
      97, 42, 41, -1,
      97, 41, 98, -1,
      98, 41, 56, -1,
      98, 56, 99, -1,
      99, 56, 55, -1,
      99, 55, 100, -1,
      55, 54, 100, -1,
      100, 54, 53, -1,
      100, 53, 101, -1,
      101, 53, 52, -1,
      101, 52, 102, -1,
      102, 52, 57, -1,
      102, 57, 95, -1,
      37, 103, 38, -1,
      38, 103, 104, -1,
      38, 104, 39, -1,
      39, 104, 105, -1,
      39, 105, 40, -1,
      40, 105, 106, -1,
      40, 106, 48, -1,
      48, 106, 92, -1,
      48, 92, 49, -1,
      37, 43, 103, -1,
      103, 43, 44, -1,
      103, 44, 107, -1,
      107, 44, 46, -1,
      107, 46, 108, -1,
      108, 46, 45, -1,
      108, 45, 96, -1,
      109, 96, 110, -1,
      110, 96, 97, -1,
      110, 97, 111, -1,
      111, 97, 98, -1,
      111, 98, 112, -1,
      112, 98, 99, -1,
      112, 99, 113, -1,
      113, 99, 100, -1,
      113, 100, 114, -1,
      114, 100, 101, -1,
      114, 101, 115, -1,
      115, 101, 102, -1,
      115, 102, 116, -1,
      116, 102, 95, -1,
      116, 95, 117, -1,
      117, 95, 94, -1,
      117, 94, 118, -1,
      118, 94, 93, -1,
      118, 93, 119, -1,
      119, 93, 92, -1,
      119, 92, 120, -1,
      120, 92, 106, -1,
      120, 106, 121, -1,
      121, 106, 105, -1,
      121, 105, 122, -1,
      122, 105, 104, -1,
      122, 104, 123, -1,
      123, 104, 103, -1,
      123, 103, 124, -1,
      124, 103, 107, -1,
      124, 107, 125, -1,
      125, 107, 108, -1,
      125, 108, 109, -1,
      109, 108, 96, -1,
      116, 117, 126, -1,
      126, 117, 127, -1,
      116, 126, 128, -1,
      116, 128, 115, -1,
      115, 128, 129, -1,
      115, 129, 114, -1,
      114, 129, 130, -1,
      114, 130, 113, -1,
      113, 130, 131, -1,
      113, 131, 112, -1,
      112, 131, 132, -1,
      112, 132, 111, -1,
      111, 132, 133, -1,
      111, 133, 110, -1,
      110, 133, 134, -1,
      110, 134, 109, -1,
      109, 134, 135, -1,
      109, 135, 125, -1,
      125, 135, 136, -1,
      125, 136, 124, -1,
      124, 136, 137, -1,
      124, 137, 123, -1,
      123, 137, 138, -1,
      123, 138, 122, -1,
      122, 138, 139, -1,
      122, 139, 121, -1,
      121, 139, 140, -1,
      121, 140, 120, -1,
      120, 140, 141, -1,
      120, 141, 119, -1,
      118, 119, 142, -1,
      142, 119, 141, -1,
      117, 118, 127, -1,
      127, 118, 142, -1,
      143, 144, 59, -1,
      59, 144, 60, -1,
      60, 144, 61, -1,
      61, 144, 145, -1,
      61, 145, 62, -1,
      145, 146, 62, -1,
      62, 146, 63, -1,
      63, 146, 58, -1,
      58, 146, 143, -1,
      58, 143, 59, -1,
      146, 145, 143, -1,
      143, 145, 144, -1,
      147, 148, 0, -1,
      0, 148, 1, -1,
      1, 148, 2, -1,
      2, 148, 149, -1,
      2, 149, 36, -1,
      149, 150, 36, -1,
      36, 150, 35, -1,
      35, 150, 19, -1,
      19, 150, 151, -1,
      19, 151, 18, -1,
      151, 152, 18, -1,
      18, 152, 28, -1,
      153, 20, 31, -1,
      153, 31, 154, -1,
      154, 31, 30, -1,
      154, 30, 155, -1,
      155, 30, 29, -1,
      155, 29, 156, -1,
      156, 29, 27, -1,
      156, 27, 157, -1,
      157, 27, 26, -1,
      157, 26, 158, -1,
      158, 26, 25, -1,
      158, 25, 159, -1,
      159, 25, 24, -1,
      159, 24, 160, -1,
      160, 24, 28, -1,
      160, 28, 152, -1,
      147, 0, 34, -1,
      147, 34, 161, -1,
      161, 34, 33, -1,
      161, 33, 162, -1,
      162, 33, 32, -1,
      162, 32, 163, -1,
      163, 32, 23, -1,
      163, 23, 164, -1,
      164, 23, 22, -1,
      164, 22, 165, -1,
      165, 22, 21, -1,
      165, 21, 166, -1,
      166, 21, 20, -1,
      166, 20, 153, -1,
      151, 150, 148, -1,
      148, 150, 149, -1,
      167, 168, 152, -1,
      152, 168, 169, -1,
      152, 169, 160, -1,
      160, 169, 170, -1,
      160, 170, 159, -1,
      159, 170, 171, -1,
      159, 171, 158, -1,
      158, 171, 172, -1,
      158, 172, 157, -1,
      157, 172, 173, -1,
      157, 173, 156, -1,
      156, 173, 174, -1,
      156, 174, 155, -1,
      155, 174, 175, -1,
      155, 175, 154, -1,
      154, 175, 176, -1,
      154, 176, 153, -1,
      153, 176, 177, -1,
      153, 177, 166, -1,
      166, 177, 178, -1,
      166, 178, 165, -1,
      165, 178, 179, -1,
      165, 179, 164, -1,
      164, 179, 180, -1,
      164, 180, 163, -1,
      163, 180, 181, -1,
      163, 181, 162, -1,
      162, 181, 182, -1,
      162, 182, 161, -1,
      161, 182, 183, -1,
      161, 183, 147, -1,
      147, 183, 184, -1,
      147, 184, 148, -1,
      148, 184, 185, -1,
      148, 185, 151, -1,
      151, 185, 167, -1,
      151, 167, 152, -1,
      168, 167, 186, -1,
      186, 167, 187, -1,
      168, 186, 188, -1,
      168, 188, 169, -1,
      169, 188, 189, -1,
      169, 189, 170, -1,
      170, 189, 190, -1,
      170, 190, 171, -1,
      171, 190, 191, -1,
      171, 191, 172, -1,
      172, 191, 192, -1,
      172, 192, 173, -1,
      173, 192, 193, -1,
      173, 193, 174, -1,
      174, 193, 194, -1,
      174, 194, 175, -1,
      175, 194, 195, -1,
      175, 195, 176, -1,
      176, 195, 196, -1,
      176, 196, 177, -1,
      177, 196, 197, -1,
      177, 197, 178, -1,
      178, 197, 198, -1,
      178, 198, 179, -1,
      179, 198, 199, -1,
      179, 199, 180, -1,
      180, 199, 200, -1,
      180, 200, 181, -1,
      181, 200, 201, -1,
      181, 201, 182, -1,
      182, 201, 202, -1,
      182, 202, 183, -1,
      183, 202, 203, -1,
      183, 203, 184, -1,
      185, 184, 204, -1,
      204, 184, 203, -1,
      167, 185, 187, -1,
      187, 185, 204, -1,
      205, 206, 91, -1,
      91, 206, 90, -1,
      206, 207, 90, -1,
      90, 207, 88, -1,
      207, 208, 88, -1,
      88, 208, 89, -1,
      208, 205, 89, -1,
      89, 205, 91, -1,
      208, 207, 205, -1,
      205, 207, 206, -1,
      209, 210, 13, -1,
      13, 210, 9, -1,
      210, 211, 9, -1,
      9, 211, 10, -1,
      211, 212, 10, -1,
      10, 212, 11, -1,
      212, 213, 11, -1,
      11, 213, 3, -1,
      213, 214, 3, -1,
      3, 214, 4, -1,
      4, 214, 5, -1,
      5, 214, 215, -1,
      5, 215, 17, -1,
      215, 216, 17, -1,
      17, 216, 6, -1,
      6, 216, 7, -1,
      7, 216, 217, -1,
      7, 217, 8, -1,
      217, 218, 8, -1,
      8, 218, 14, -1,
      218, 219, 14, -1,
      14, 219, 15, -1,
      209, 13, 12, -1,
      209, 12, 220, -1,
      220, 12, 16, -1,
      220, 16, 221, -1,
      221, 16, 15, -1,
      221, 15, 219, -1,
      210, 222, 211, -1,
      211, 222, 223, -1,
      216, 215, 217, -1,
      217, 215, 214, -1,
      210, 209, 222, -1,
      222, 209, 220, -1,
      222, 220, 224, -1,
      224, 220, 221, -1,
      224, 221, 225, -1,
      213, 212, 214, -1,
      214, 212, 211, -1,
      214, 211, 217, -1,
      217, 211, 223, -1,
      217, 223, 218, -1,
      218, 223, 225, -1,
      218, 225, 219, -1,
      219, 225, 221, -1,
      225, 226, 227, -1,
      225, 227, 224, -1,
      224, 227, 228, -1,
      224, 228, 222, -1,
      223, 222, 229, -1,
      229, 222, 228, -1,
      225, 223, 226, -1,
      226, 223, 229, -1,
      230, 64, 231, -1,
      231, 64, 72, -1,
      231, 72, 232, -1,
      232, 72, 71, -1,
      232, 71, 233, -1,
      233, 71, 84, -1,
      233, 84, 234, -1,
      234, 84, 83, -1,
      234, 83, 235, -1,
      235, 83, 79, -1,
      235, 79, 236, -1,
      236, 79, 78, -1,
      236, 78, 237, -1,
      237, 78, 77, -1,
      237, 77, 238, -1,
      238, 77, 76, -1,
      238, 76, 239, -1,
      239, 76, 67, -1,
      239, 67, 240, -1,
      240, 67, 66, -1,
      240, 66, 241, -1,
      241, 66, 87, -1,
      241, 87, 242, -1,
      242, 87, 86, -1,
      242, 86, 243, -1,
      243, 86, 85, -1,
      243, 85, 244, -1,
      244, 85, 75, -1,
      244, 75, 245, -1,
      245, 75, 74, -1,
      245, 74, 246, -1,
      246, 74, 73, -1,
      246, 73, 247, -1,
      247, 73, 82, -1,
      247, 82, 248, -1,
      248, 82, 81, -1,
      248, 81, 249, -1,
      249, 81, 80, -1,
      249, 80, 250, -1,
      250, 80, 70, -1,
      250, 70, 251, -1,
      251, 70, 69, -1,
      251, 69, 252, -1,
      252, 69, 68, -1,
      252, 68, 253, -1,
      253, 68, 65, -1,
      253, 65, 230, -1,
      230, 65, 64, -1,
      252, 253, 254, -1,
      254, 253, 230, -1,
      254, 230, 231, -1,
      249, 250, 254, -1,
      254, 250, 251, -1,
      254, 251, 252, -1,
      246, 247, 254, -1,
      254, 247, 248, -1,
      254, 248, 249, -1,
      243, 244, 254, -1,
      254, 244, 245, -1,
      254, 245, 246, -1,
      240, 241, 254, -1,
      254, 241, 242, -1,
      254, 242, 243, -1,
      237, 238, 254, -1,
      254, 238, 239, -1,
      254, 239, 240, -1,
      234, 235, 254, -1,
      254, 235, 236, -1,
      254, 236, 237, -1,
      231, 232, 254, -1,
      254, 232, 233, -1,
      254, 233, 234, -1,
    ]
  }
}

Shape {
  appearance Appearance {
    material Material {
      diffuseColor 0.2235 0.2235 0.2235
      specularColor 0.1137 0.1137 0.1137
      ambientIntensity 0.2
      transparency 0.0000
      shininess 0.5
    }
  }
  geometry IndexedFaceSet {
    ccw TRUE
    solid FALSE
    coord DEF co Coordinate {
      point [
        -0.532486 0.176090 1.299213,
        -0.590551 0.176090 1.299213,
        -0.486200 0.171209 1.299213,
        -0.453652 0.159890 1.299213,
        -0.424842 0.141360 1.299213,
        -0.405675 0.121107 1.299213,
        -0.391959 0.096898 1.299213,
        -0.382642 0.065460 1.299213,
        -0.379297 0.026277 1.299213,
        -0.382854 -0.014768 1.299213,
        -0.394355 -0.051856 1.299213,
        -0.410921 -0.079047 1.299213,
        -0.432959 -0.100894 1.299213,
        -0.459757 -0.116874 1.299213,
        -0.493126 -0.127322 1.299213,
        -0.534662 -0.131189 1.299213,
        -0.590551 -0.131189 1.299213,
        0.007727 0.176090 1.299213,
        -0.043211 0.176090 1.299213,
        0.017215 0.175852 1.299213,
        0.046267 0.171316 1.299213,
        0.064050 0.163901 1.299213,
        0.073599 0.157275 1.299213,
        0.082443 0.147746 1.299213,
        0.089530 0.135301 1.299213,
        0.094339 0.119359 1.299213,
        0.096024 0.099420 1.299213,
        0.095990 0.097747 1.299213,
        0.093126 0.073964 1.299213,
        0.087476 0.058583 1.299213,
        0.078348 0.044905 1.299213,
        0.065690 0.033627 1.299213,
        0.050076 0.025346 1.299213,
        0.029561 0.019783 1.299213,
        0.002926 0.017650 1.299213,
        -0.043211 0.017650 1.299213,
        0.454241 -0.039965 1.299213,
        0.521757 0.050733 1.299213,
        0.580949 0.147058 1.299213,
        0.580949 -0.039965 1.299213,
      ]
    }
    coordIndex [
      1, 16, 0, -1,
      0, 16, 15, -1,
      0, 15, 14, -1,
      8, 7, 0, -1,
      0, 7, 6, -1,
      0, 6, 2, -1,
      14, 13, 0, -1,
      0, 13, 12, -1,
      0, 12, 11, -1,
      11, 10, 0, -1,
      0, 10, 9, -1,
      0, 9, 8, -1,
      5, 4, 6, -1,
      6, 4, 3, -1,
      6, 3, 2, -1,
      18, 35, 17, -1,
      17, 35, 34, -1,
      34, 33, 17, -1,
      17, 33, 32, -1,
      17, 32, 31, -1,
      28, 27, 17, -1,
      17, 27, 26, -1,
      17, 26, 19, -1,
      19, 26, 25, -1,
      19, 25, 20, -1,
      20, 25, 21, -1,
      31, 30, 17, -1,
      17, 30, 29, -1,
      17, 29, 28, -1,
      21, 25, 22, -1,
      22, 25, 24, -1,
      22, 24, 23, -1,
      36, 39, 37, -1,
      37, 39, 38, -1,
    ]
  }
}

Shape {
  appearance Appearance {
    material Material {
      diffuseColor 0.6471 0.6471 0.6471
      specularColor 0.3216 0.3216 0.3216
      ambientIntensity 0.2
      transparency 0.0000
      shininess 0.5
    }
  }
  geometry IndexedFaceSet {
    ccw TRUE
    solid FALSE
    coord DEF co Coordinate {
      point [
        0.276442 0.155685 0.000000,
        0.320788 0.174674 0.000000,
        0.368640 0.180891 0.000000,
        -0.195504 -0.174400 0.000000,
        -0.088452 -0.174400 0.000000,
        -0.002030 0.176090 0.000000,
        0.146808 0.176090 0.000000,
        0.146808 0.046457 0.000000,
        -0.491755 -0.174400 0.000000,
        -0.434140 -0.174400 0.000000,
        0.199622 0.219301 0.000000,
        -0.002030 0.219301 0.000000,
        -0.789431 -0.174400 0.000000,
        -0.635792 0.219301 0.000000,
        -0.582978 0.219301 0.000000,
        -0.731817 -0.174400 0.000000,
        -0.691981 -0.063971 0.000000,
        -0.529340 -0.063971 0.000000,
        0.199622 -0.174400 0.000000,
        -0.011632 -0.174400 0.000000,
        -0.011632 -0.131189 0.000000,
        -0.088452 0.219301 0.000000,
        0.007573 0.046457 0.000000,
        0.007573 0.003246 0.000000,
        0.146808 0.003246 0.000000,
        0.146808 -0.131189 0.000000,
        -0.386603 -0.064538 0.000000,
        -0.364487 -0.099987 0.000000,
        -0.386019 0.116408 0.000000,
        -0.399791 0.077883 0.000000,
        -0.405333 0.027402 0.000000,
        -0.400339 -0.022845 0.000000,
        0.436875 0.165903 0.000000,
        0.464125 0.147673 0.000000,
        0.283498 -0.114692 0.000000,
        0.487900 0.121426 0.000000,
        0.516503 0.018250 0.000000,
        0.512517 -0.024370 0.000000,
        0.501733 -0.058430 0.000000,
        0.414722 -0.131749 0.000000,
        0.377493 -0.135990 0.000000,
        0.443386 -0.121059 0.000000,
        0.467497 -0.104648 0.000000,
        0.485420 -0.085685 0.000000,
        0.325232 -0.130189 0.000000,
        -0.199555 0.219301 0.000000,
        -0.252244 0.214147 0.000000,
        0.504131 0.091029 0.000000,
        0.514625 0.048882 0.000000,
        -0.332456 -0.131377 0.000000,
        -0.292048 -0.155560 0.000000,
        -0.246751 -0.169670 0.000000,
        0.549834 0.112819 0.000000,
        0.527320 0.150080 0.000000,
        -0.298738 0.198862 0.000000,
        -0.338465 0.174087 0.000000,
        -0.364604 0.148767 0.000000,
        0.471481 -0.161019 0.000000,
        0.503151 -0.140783 0.000000,
        0.532713 -0.109644 0.000000,
        0.553677 -0.072204 0.000000,
        0.276442 -0.110783 0.000000,
        0.276442 -0.153994 0.000000,
        0.318408 -0.171226 0.000000,
        0.374004 -0.179016 0.000000,
        0.492580 0.184584 0.000000,
        0.455394 0.206865 0.000000,
        0.411555 0.220348 0.000000,
        0.384769 -0.179201 0.000000,
        0.432890 -0.174259 0.000000,
        0.369090 0.224102 0.000000,
        0.321960 0.220850 0.000000,
        0.276442 0.208498 0.000000,
        0.407407 0.176538 0.000000,
        0.565517 -0.030527 0.000000,
        0.569317 0.015024 0.000000,
        0.564531 0.066746 0.000000,
        0.276442 -0.110783 0.003937,
        0.276442 -0.153994 0.003937,
        0.384769 -0.179201 0.003937,
        0.374004 -0.179016 0.003937,
        0.318408 -0.171226 0.003937,
        0.569317 0.015024 0.003937,
        0.565517 -0.030527 0.003937,
        0.553677 -0.072204 0.003937,
        0.532713 -0.109644 0.003937,
        0.503151 -0.140783 0.003937,
        0.471481 -0.161019 0.003937,
        0.432890 -0.174259 0.003937,
        0.369090 0.224102 0.003937,
        0.411555 0.220348 0.003937,
        0.455394 0.206865 0.003937,
        0.492580 0.184584 0.003937,
        0.527320 0.150080 0.003937,
        0.549834 0.112819 0.003937,
        0.564531 0.066746 0.003937,
        0.276442 0.208498 0.003937,
        0.321960 0.220850 0.003937,
        0.276442 0.155685 0.003937,
        0.368640 0.180891 0.003937,
        0.320788 0.174674 0.003937,
        0.516503 0.018250 0.003937,
        0.514625 0.048882 0.003937,
        0.504131 0.091029 0.003937,
        0.487900 0.121426 0.003937,
        0.464125 0.147673 0.003937,
        0.436875 0.165903 0.003937,
        0.407407 0.176538 0.003937,
        0.377493 -0.135990 0.003937,
        0.414722 -0.131749 0.003937,
        0.443386 -0.121059 0.003937,
        0.467497 -0.104648 0.003937,
        0.485420 -0.085685 0.003937,
        0.501733 -0.058430 0.003937,
        0.512517 -0.024370 0.003937,
        0.283498 -0.114692 0.003937,
        0.325232 -0.130189 0.003937,
        -0.011632 -0.131189 0.003937,
        -0.011632 -0.174400 0.003937,
        0.199622 -0.174400 0.003937,
        0.199622 0.219301 0.003937,
        -0.002030 0.219301 0.003937,
        -0.002030 0.176090 0.003937,
        0.146808 0.176090 0.003937,
        0.146808 0.046457 0.003937,
        0.007573 0.046457 0.003937,
        0.007573 0.003246 0.003937,
        0.146808 0.003246 0.003937,
        0.146808 -0.131189 0.003937,
        -0.195504 -0.174400 0.003937,
        -0.088452 -0.174400 0.003937,
        -0.088452 0.219301 0.003937,
        -0.199555 0.219301 0.003937,
        -0.405333 0.027402 0.003937,
        -0.399791 0.077883 0.003937,
        -0.386019 0.116408 0.003937,
        -0.364604 0.148767 0.003937,
        -0.338465 0.174087 0.003937,
        -0.298738 0.198862 0.003937,
        -0.252244 0.214147 0.003937,
        -0.246751 -0.169670 0.003937,
        -0.292048 -0.155560 0.003937,
        -0.332456 -0.131377 0.003937,
        -0.364487 -0.099987 0.003937,
        -0.386603 -0.064538 0.003937,
        -0.400339 -0.022845 0.003937,
        -0.199330 0.176090 0.003937,
        -0.141265 0.176090 0.003937,
        -0.141265 -0.131189 0.003937,
        -0.197155 -0.131189 0.003937,
        -0.238691 -0.127322 0.003937,
        -0.272060 -0.116874 0.003937,
        -0.298857 -0.100894 0.003937,
        -0.320895 -0.079047 0.003937,
        -0.337461 -0.051856 0.003937,
        -0.348963 -0.014768 0.003937,
        -0.352519 0.026277 0.003937,
        -0.349175 0.065460 0.003937,
        -0.339857 0.096898 0.003937,
        -0.326141 0.121107 0.003937,
        -0.306975 0.141360 0.003937,
        -0.278164 0.159890 0.003937,
        -0.245616 0.171209 0.003937,
        -0.199330 0.176090 0.000000,
        -0.141265 0.176090 0.000000,
        -0.245616 0.171209 0.000000,
        -0.278164 0.159890 0.000000,
        -0.306975 0.141360 0.000000,
        -0.326141 0.121107 0.000000,
        -0.339857 0.096898 0.000000,
        -0.349175 0.065460 0.000000,
        -0.352519 0.026277 0.000000,
        -0.348963 -0.014768 0.000000,
        -0.337461 -0.051856 0.000000,
        -0.320895 -0.079047 0.000000,
        -0.298857 -0.100894 0.000000,
        -0.272060 -0.116874 0.000000,
        -0.238691 -0.127322 0.000000,
        -0.197155 -0.131189 0.000000,
        -0.141265 -0.131189 0.000000,
        -0.635792 0.219301 0.003937,
        -0.789431 -0.174400 0.003937,
        -0.731817 -0.174400 0.003937,
        -0.691981 -0.063971 0.003937,
        -0.529340 -0.063971 0.003937,
        -0.491755 -0.174400 0.003937,
        -0.434140 -0.174400 0.003937,
        -0.582978 0.219301 0.003937,
        -0.542618 -0.020760 0.003937,
        -0.674277 -0.020760 0.003937,
        -0.601358 0.143682 0.003937,
        -0.605147 0.157336 0.003937,
        -0.607660 0.171289 0.003937,
        -0.608935 0.171289 0.003937,
        -0.611504 0.157378 0.003937,
        -0.615012 0.143682 0.003937,
        -0.542618 -0.020760 0.000000,
        -0.674277 -0.020760 0.000000,
        -0.601358 0.143682 0.000000,
        -0.605147 0.157336 0.000000,
        -0.607660 0.171289 0.000000,
        -0.608935 0.171289 0.000000,
        -0.611504 0.157378 0.000000,
        -0.615012 0.143682 0.000000,
      ]
    }
    coordIndex [
      77, 78, 61, -1,
      61, 78, 62, -1,
      79, 68, 64, -1,
      79, 64, 80, -1,
      80, 64, 63, -1,
      80, 63, 81, -1,
      81, 63, 62, -1,
      81, 62, 78, -1,
      82, 75, 74, -1,
      82, 74, 83, -1,
      83, 74, 60, -1,
      83, 60, 84, -1,
      84, 60, 59, -1,
      84, 59, 85, -1,
      85, 59, 58, -1,
      85, 58, 86, -1,
      86, 58, 57, -1,
      86, 57, 87, -1,
      87, 57, 69, -1,
      87, 69, 88, -1,
      88, 69, 68, -1,
      88, 68, 79, -1,
      89, 70, 67, -1,
      89, 67, 90, -1,
      90, 67, 66, -1,
      90, 66, 91, -1,
      91, 66, 65, -1,
      91, 65, 92, -1,
      92, 65, 53, -1,
      92, 53, 93, -1,
      93, 53, 52, -1,
      93, 52, 94, -1,
      94, 52, 76, -1,
      94, 76, 95, -1,
      95, 76, 75, -1,
      95, 75, 82, -1,
      96, 72, 71, -1,
      96, 71, 97, -1,
      97, 71, 70, -1,
      97, 70, 89, -1,
      96, 98, 72, -1,
      72, 98, 0, -1,
      99, 2, 1, -1,
      99, 1, 100, -1,
      100, 1, 0, -1,
      100, 0, 98, -1,
      101, 36, 48, -1,
      101, 48, 102, -1,
      102, 48, 47, -1,
      102, 47, 103, -1,
      103, 47, 35, -1,
      103, 35, 104, -1,
      104, 35, 33, -1,
      104, 33, 105, -1,
      105, 33, 32, -1,
      105, 32, 106, -1,
      106, 32, 73, -1,
      106, 73, 107, -1,
      107, 73, 2, -1,
      107, 2, 99, -1,
      108, 40, 39, -1,
      108, 39, 109, -1,
      109, 39, 41, -1,
      109, 41, 110, -1,
      110, 41, 42, -1,
      110, 42, 111, -1,
      111, 42, 43, -1,
      111, 43, 112, -1,
      112, 43, 38, -1,
      112, 38, 113, -1,
      113, 38, 37, -1,
      113, 37, 114, -1,
      114, 37, 36, -1,
      114, 36, 101, -1,
      77, 61, 34, -1,
      77, 34, 115, -1,
      115, 34, 44, -1,
      115, 44, 116, -1,
      116, 44, 40, -1,
      116, 40, 108, -1,
      109, 79, 108, -1,
      108, 79, 80, -1,
      108, 80, 116, -1,
      116, 80, 81, -1,
      116, 81, 115, -1,
      115, 81, 78, -1,
      115, 78, 77, -1,
      98, 96, 100, -1,
      100, 96, 97, -1,
      100, 97, 99, -1,
      99, 97, 89, -1,
      99, 89, 107, -1,
      107, 89, 90, -1,
      107, 90, 106, -1,
      106, 90, 91, -1,
      106, 91, 105, -1,
      105, 91, 92, -1,
      105, 92, 104, -1,
      104, 92, 93, -1,
      104, 93, 103, -1,
      103, 93, 94, -1,
      103, 94, 102, -1,
      102, 94, 95, -1,
      102, 95, 101, -1,
      101, 95, 82, -1,
      101, 82, 114, -1,
      114, 82, 83, -1,
      114, 83, 113, -1,
      113, 83, 84, -1,
      113, 84, 112, -1,
      112, 84, 85, -1,
      112, 85, 111, -1,
      111, 85, 86, -1,
      111, 86, 110, -1,
      110, 86, 87, -1,
      110, 87, 109, -1,
      109, 87, 88, -1,
      109, 88, 79, -1,
      117, 118, 20, -1,
      20, 118, 19, -1,
      118, 119, 19, -1,
      19, 119, 18, -1,
      119, 120, 18, -1,
      18, 120, 10, -1,
      120, 121, 10, -1,
      10, 121, 11, -1,
      121, 122, 11, -1,
      11, 122, 5, -1,
      122, 123, 5, -1,
      5, 123, 6, -1,
      123, 124, 6, -1,
      6, 124, 7, -1,
      124, 125, 7, -1,
      7, 125, 22, -1,
      125, 126, 22, -1,
      22, 126, 23, -1,
      126, 127, 23, -1,
      23, 127, 24, -1,
      127, 128, 24, -1,
      24, 128, 25, -1,
      128, 117, 25, -1,
      25, 117, 20, -1,
      119, 118, 117, -1,
      117, 128, 119, -1,
      119, 128, 127, -1,
      119, 127, 120, -1,
      122, 121, 123, -1,
      123, 121, 120, -1,
      123, 120, 124, -1,
      124, 120, 127, -1,
      124, 127, 125, -1,
      125, 127, 126, -1,
      129, 130, 3, -1,
      3, 130, 4, -1,
      130, 131, 4, -1,
      4, 131, 21, -1,
      131, 132, 21, -1,
      21, 132, 45, -1,
      133, 30, 29, -1,
      133, 29, 134, -1,
      134, 29, 28, -1,
      134, 28, 135, -1,
      135, 28, 56, -1,
      135, 56, 136, -1,
      136, 56, 55, -1,
      136, 55, 137, -1,
      137, 55, 54, -1,
      137, 54, 138, -1,
      138, 54, 46, -1,
      138, 46, 139, -1,
      139, 46, 45, -1,
      139, 45, 132, -1,
      129, 3, 51, -1,
      129, 51, 140, -1,
      140, 51, 50, -1,
      140, 50, 141, -1,
      141, 50, 49, -1,
      141, 49, 142, -1,
      142, 49, 27, -1,
      142, 27, 143, -1,
      143, 27, 26, -1,
      143, 26, 144, -1,
      144, 26, 31, -1,
      144, 31, 145, -1,
      145, 31, 30, -1,
      145, 30, 133, -1,
      146, 132, 147, -1,
      147, 132, 131, -1,
      147, 131, 148, -1,
      148, 131, 130, -1,
      148, 130, 149, -1,
      149, 130, 129, -1,
      149, 129, 150, -1,
      150, 129, 140, -1,
      150, 140, 151, -1,
      151, 140, 141, -1,
      151, 141, 152, -1,
      152, 141, 142, -1,
      152, 142, 153, -1,
      153, 142, 143, -1,
      153, 143, 154, -1,
      154, 143, 144, -1,
      154, 144, 155, -1,
      155, 144, 145, -1,
      155, 145, 156, -1,
      156, 145, 133, -1,
      156, 133, 157, -1,
      157, 133, 134, -1,
      157, 134, 158, -1,
      158, 134, 135, -1,
      158, 135, 159, -1,
      159, 135, 136, -1,
      159, 136, 160, -1,
      160, 136, 137, -1,
      160, 137, 161, -1,
      161, 137, 138, -1,
      161, 138, 162, -1,
      162, 138, 139, -1,
      162, 139, 146, -1,
      146, 139, 132, -1,
      146, 147, 163, -1,
      163, 147, 164, -1,
      146, 163, 165, -1,
      146, 165, 162, -1,
      162, 165, 166, -1,
      162, 166, 161, -1,
      161, 166, 167, -1,
      161, 167, 160, -1,
      160, 167, 168, -1,
      160, 168, 159, -1,
      159, 168, 169, -1,
      159, 169, 158, -1,
      158, 169, 170, -1,
      158, 170, 157, -1,
      157, 170, 171, -1,
      157, 171, 156, -1,
      156, 171, 172, -1,
      156, 172, 155, -1,
      155, 172, 173, -1,
      155, 173, 154, -1,
      154, 173, 174, -1,
      154, 174, 153, -1,
      153, 174, 175, -1,
      153, 175, 152, -1,
      152, 175, 176, -1,
      152, 176, 151, -1,
      151, 176, 177, -1,
      151, 177, 150, -1,
      150, 177, 178, -1,
      150, 178, 149, -1,
      148, 149, 179, -1,
      179, 149, 178, -1,
      147, 148, 164, -1,
      164, 148, 179, -1,
      180, 181, 13, -1,
      13, 181, 12, -1,
      181, 182, 12, -1,
      12, 182, 15, -1,
      182, 183, 15, -1,
      15, 183, 16, -1,
      183, 184, 16, -1,
      16, 184, 17, -1,
      184, 185, 17, -1,
      17, 185, 8, -1,
      185, 186, 8, -1,
      8, 186, 9, -1,
      186, 187, 9, -1,
      9, 187, 14, -1,
      187, 180, 14, -1,
      14, 180, 13, -1,
      188, 184, 189, -1,
      189, 184, 183, -1,
      190, 187, 188, -1,
      188, 187, 186, -1,
      188, 186, 184, -1,
      184, 186, 185, -1,
      190, 191, 187, -1,
      187, 191, 192, -1,
      187, 192, 180, -1,
      180, 192, 193, -1,
      180, 193, 194, -1,
      194, 195, 180, -1,
      180, 195, 189, -1,
      180, 189, 181, -1,
      181, 189, 183, -1,
      181, 183, 182, -1,
      188, 189, 196, -1,
      196, 189, 197, -1,
      190, 188, 198, -1,
      198, 188, 196, -1,
      190, 198, 199, -1,
      190, 199, 191, -1,
      191, 199, 200, -1,
      191, 200, 192, -1,
      193, 192, 201, -1,
      201, 192, 200, -1,
      193, 201, 202, -1,
      193, 202, 194, -1,
      194, 202, 203, -1,
      194, 203, 195, -1,
      189, 195, 197, -1,
      197, 195, 203, -1,
    ]
  }
}

Shape {
  appearance Appearance {
    material Material {
      diffuseColor 0.2235 0.2235 0.2235
      specularColor 0.1137 0.1137 0.1137
      ambientIntensity 0.2
      transparency 0.0000
      shininess 0.5
    }
  }
  geometry IndexedFaceSet {
    ccw TRUE
    solid FALSE
    coord DEF co Coordinate {
      point [
        -0.199330 0.176090 0.000000,
        -0.141265 0.176090 0.000000,
        -0.245616 0.171209 0.000000,
        -0.278164 0.159890 0.000000,
        -0.306975 0.141360 0.000000,
        -0.326141 0.121107 0.000000,
        -0.339857 0.096898 0.000000,
        -0.349175 0.065460 0.000000,
        -0.352519 0.026277 0.000000,
        -0.348963 -0.014768 0.000000,
        -0.337461 -0.051856 0.000000,
        -0.320895 -0.079047 0.000000,
        -0.298857 -0.100894 0.000000,
        -0.272060 -0.116874 0.000000,
        -0.238691 -0.127322 0.000000,
        -0.197155 -0.131189 0.000000,
        -0.141265 -0.131189 0.000000,
        -0.542618 -0.020760 0.000000,
        -0.674277 -0.020760 0.000000,
        -0.601358 0.143682 0.000000,
        -0.605147 0.157336 0.000000,
        -0.607660 0.171289 0.000000,
        -0.608935 0.171289 0.000000,
        -0.611504 0.157378 0.000000,
        -0.615012 0.143682 0.000000,
      ]
    }
    coordIndex [
      1, 16, 0, -1,
      0, 16, 15, -1,
      0, 15, 14, -1,
      8, 7, 0, -1,
      0, 7, 6, -1,
      0, 6, 2, -1,
      14, 13, 0, -1,
      0, 13, 12, -1,
      0, 12, 11, -1,
      11, 10, 0, -1,
      0, 10, 9, -1,
      0, 9, 8, -1,
      5, 4, 6, -1,
      6, 4, 3, -1,
      6, 3, 2, -1,
      17, 18, 19, -1,
      19, 18, 24, -1,
      19, 24, 20, -1,
      20, 24, 23, -1,
      20, 23, 21, -1,
      21, 23, 22, -1,
    ]
  }
}

Shape {
  appearance Appearance {
    material Material {
      diffuseColor 0.8510 0.8510 0.8510
      specularColor 0.4235 0.4235 0.4235
      ambientIntensity 0.2
      transparency 0.0000
      shininess 0.5
    }
  }
  geometry IndexedFaceSet {
    ccw TRUE
    solid FALSE
    coord DEF co Coordinate {
      point [
        -0.568600 1.327133 0.590551,
        -0.253937 1.327133 0.590551,
        -0.568600 1.279528 0.590551,
        -0.253937 1.279528 0.590551,
        -0.568600 1.279528 0.708661,
        -0.253937 1.279528 0.708661,
        -0.568600 1.327133 0.708661,
        -0.253937 1.327133 0.708661,
        -0.253937 1.331792 0.589992,
        -0.568600 1.331792 0.589992,
        -0.253937 1.336185 0.588346,
        -0.568600 1.336185 0.588346,
        -0.253937 1.340065 0.585707,
        -0.568600 1.340065 0.585707,
        -0.253937 1.343210 0.582226,
        -0.568600 1.343210 0.582226,
        -0.253937 1.345442 0.578098,
        -0.568600 1.345442 0.578098,
        -0.253937 1.346633 0.573560,
        -0.568600 1.346633 0.573560,
        -0.253937 1.463632 0.589722,
        -0.568600 1.463632 0.589722,
        -0.568600 1.455293 0.621489,
        -0.253937 1.455293 0.621489,
        -0.568600 1.439672 0.650381,
        -0.253937 1.439672 0.650381,
        -0.568600 1.417657 0.674755,
        -0.253937 1.417657 0.674755,
        -0.568600 1.390500 0.693227,
        -0.253937 1.390500 0.693227,
        -0.568600 1.359743 0.704747,
        -0.253937 1.359743 0.704747,
        -0.746063 1.355163 0.511811,
        -0.568600 1.355163 0.511811,
        -0.253937 1.416574 0.067234,
        -0.746063 1.474394 0.511811,
        -0.568600 1.474394 0.511811,
        -0.253937 1.533574 0.083396,
        0.598425 1.279528 0.590551,
        0.253937 1.279528 0.590551,
        0.598425 1.327133 0.590551,
        0.253937 1.327133 0.590551,
        0.598425 1.327133 0.708661,
        0.253937 1.327133 0.708661,
        0.598425 1.279528 0.708661,
        0.253937 1.279528 0.708661,
        0.598425 1.331792 0.589992,
        0.253937 1.331792 0.589992,
        0.598425 1.336185 0.588346,
        0.253937 1.336185 0.588346,
        0.598425 1.340065 0.585707,
        0.253937 1.340065 0.585707,
        0.598425 1.343210 0.582226,
        0.253937 1.343210 0.582226,
        0.598425 1.345442 0.578098,
        0.253937 1.345442 0.578098,
        0.598425 1.346633 0.573560,
        0.253937 1.346633 0.573560,
        0.598425 1.463632 0.589722,
        0.253937 1.463632 0.589722,
        0.253937 1.455293 0.621489,
        0.598425 1.455293 0.621489,
        0.253937 1.439672 0.650381,
        0.598425 1.439672 0.650381,
        0.253937 1.417657 0.674755,
        0.598425 1.417657 0.674755,
        0.253937 1.390500 0.693227,
        0.598425 1.390500 0.693227,
        0.253937 1.359743 0.704747,
        0.598425 1.359743 0.704747,
        0.598425 1.355163 0.511811,
        0.253937 1.416574 0.067234,
        0.746063 1.355163 0.511811,
        0.746063 1.416574 0.067234,
        0.746063 1.474394 0.511811,
        0.746063 1.533574 0.083396,
        0.598425 1.474394 0.511811,
        0.253937 1.533574 0.083396,
        -0.598425 1.559055 -1.594488,
        -0.401575 1.559055 -1.594488,
        -0.598425 1.440945 -1.594488,
        -0.401575 1.440945 -1.594488,
        -0.253937 1.440617 -0.246063,
        -0.253937 1.558741 -0.246063,
        -0.295163 1.440945 -0.287289,
        -0.704837 1.440945 -0.287289,
        -0.746063 1.440617 -0.246063,
        -0.746063 1.558741 -0.246063,
        -0.704837 1.559055 -0.287289,
        -0.295163 1.559055 -0.287289,
        -0.598425 1.440945 -0.393701,
        -0.401575 1.440945 -0.393701,
        -0.401575 1.559055 -0.393701,
        -0.598425 1.559055 -0.393701,
        0.401575 1.559055 -1.594488,
        0.598425 1.559055 -1.594488,
        0.401575 1.440945 -1.594488,
        0.598425 1.440945 -1.594488,
        0.746063 1.440617 -0.246063,
        0.746063 1.558741 -0.246063,
        0.704837 1.440945 -0.287289,
        0.295163 1.440945 -0.287289,
        0.253937 1.440617 -0.246063,
        0.253937 1.558741 -0.246063,
        0.295163 1.559055 -0.287289,
        0.704837 1.559055 -0.287289,
        0.401575 1.440945 -0.393701,
        0.598425 1.440945 -0.393701,
        0.598425 1.559055 -0.393701,
        0.401575 1.559055 -0.393701,
        -0.746063 -1.355163 0.511811,
        -0.746063 -1.416574 0.067234,
        -0.746063 -1.474394 0.511811,
        -0.746063 -1.533574 0.083396,
        0.253937 -1.279528 0.708661,
        -0.253937 -1.279528 0.708661,
        0.253937 -1.279528 0.590551,
        -0.253937 -1.279528 0.590551,
        -0.568600 -1.279528 0.708661,
        -0.568600 -1.279528 0.590551,
        0.598425 -1.279528 0.590551,
        0.598425 -1.279528 0.708661,
        -0.401575 -1.440945 -1.594488,
        -0.401575 -1.559055 -1.594488,
        -0.598425 -1.440945 -1.594488,
        -0.598425 -1.559055 -1.594488,
        -0.253937 -1.327133 0.590551,
        -0.568600 -1.327133 0.590551,
        -0.253937 -1.327133 0.708661,
        -0.568600 -1.327133 0.708661,
        -0.568600 -1.331792 0.589992,
        -0.253937 -1.331792 0.589992,
        -0.568600 -1.336185 0.588346,
        -0.253937 -1.336185 0.588346,
        -0.568600 -1.340065 0.585707,
        -0.253937 -1.340065 0.585707,
        -0.568600 -1.343210 0.582226,
        -0.253937 -1.343210 0.582226,
        -0.568600 -1.345442 0.578098,
        -0.253937 -1.345442 0.578098,
        -0.568600 -1.346633 0.573560,
        -0.253937 -1.346633 0.573560,
        -0.253937 -1.359743 0.704747,
        -0.253937 -1.390500 0.693227,
        -0.253937 -1.417657 0.674755,
        -0.253937 -1.439672 0.650381,
        -0.253937 -1.455293 0.621489,
        -0.253937 -1.463632 0.589722,
        -0.568600 -1.463632 0.589722,
        -0.568600 -1.455293 0.621489,
        -0.568600 -1.439672 0.650381,
        -0.568600 -1.417657 0.674755,
        -0.568600 -1.390500 0.693227,
        -0.568600 -1.359743 0.704747,
        -0.568600 -1.355163 0.511811,
        -0.253937 -1.416574 0.067234,
        -0.253937 -1.533574 0.083396,
        -0.568600 -1.474394 0.511811,
        -0.746063 -1.440617 -0.246063,
        -0.746063 -1.558741 -0.246063,
        -0.746063 -1.434845 -0.109609,
        -0.746063 -1.552677 -0.101509,
        -0.704837 -1.440945 -0.287289,
        -0.253937 -1.434845 -0.109609,
        -0.253937 -1.440617 -0.246063,
        -0.295163 -1.440945 -0.287289,
        -0.253937 -1.552677 -0.101509,
        -0.253937 -1.558741 -0.246063,
        -0.295163 -1.559055 -0.287289,
        -0.704837 -1.559055 -0.287289,
        -0.401575 -1.440945 -0.393701,
        -0.598425 -1.440945 -0.393701,
        -0.598425 -1.559055 -0.393701,
        -0.401575 -1.559055 -0.393701,
        0.598425 -1.440945 -1.594488,
        0.598425 -1.559055 -1.594488,
        0.401575 -1.440945 -1.594488,
        0.401575 -1.559055 -1.594488,
        0.253937 -1.327133 0.708661,
        0.253937 -1.327133 0.590551,
        0.598425 -1.327133 0.590551,
        0.598425 -1.327133 0.708661,
        0.253937 -1.346633 0.573560,
        0.253937 -1.463632 0.589722,
        0.253937 -1.345442 0.578098,
        0.253937 -1.455293 0.621489,
        0.253937 -1.343210 0.582226,
        0.253937 -1.439672 0.650381,
        0.253937 -1.340065 0.585707,
        0.253937 -1.417657 0.674755,
        0.253937 -1.336185 0.588346,
        0.253937 -1.390500 0.693227,
        0.253937 -1.331792 0.589992,
        0.253937 -1.359743 0.704747,
        0.598425 -1.331792 0.589992,
        0.598425 -1.336185 0.588346,
        0.598425 -1.340065 0.585707,
        0.598425 -1.343210 0.582226,
        0.598425 -1.345442 0.578098,
        0.598425 -1.346633 0.573560,
        0.598425 -1.463632 0.589722,
        0.598425 -1.455293 0.621489,
        0.598425 -1.439672 0.650381,
        0.598425 -1.417657 0.674755,
        0.598425 -1.390500 0.693227,
        0.598425 -1.359743 0.704747,
        0.253937 -1.533574 0.083396,
        0.253937 -1.416574 0.067234,
        0.746063 -1.355163 0.511811,
        0.746063 -1.416574 0.067234,
        0.598425 -1.355163 0.511811,
        0.746063 -1.533574 0.083396,
        0.746063 -1.474394 0.511811,
        0.598425 -1.474394 0.511811,
        0.253937 -1.440617 -0.246063,
        0.253937 -1.558741 -0.246063,
        0.253937 -1.434845 -0.109609,
        0.253937 -1.552677 -0.101509,
        0.295163 -1.440945 -0.287289,
        0.746063 -1.434845 -0.109609,
        0.746063 -1.440617 -0.246063,
        0.704837 -1.440945 -0.287289,
        0.746063 -1.552677 -0.101509,
        0.746063 -1.558741 -0.246063,
        0.704837 -1.559055 -0.287289,
        0.295163 -1.559055 -0.287289,
        0.598425 -1.440945 -0.393701,
        0.401575 -1.440945 -0.393701,
        0.401575 -1.559055 -0.393701,
        0.598425 -1.559055 -0.393701,
      ]
    }
    coordIndex [
      122, 123, 124, -1,
      124, 123, 125, -1,
      117, 126, 119, -1,
      119, 126, 127, -1,
      126, 117, 128, -1,
      128, 117, 115, -1,
      128, 115, 129, -1,
      129, 115, 118, -1,
      127, 126, 130, -1,
      130, 126, 131, -1,
      130, 131, 132, -1,
      132, 131, 133, -1,
      132, 133, 134, -1,
      134, 133, 135, -1,
      134, 135, 136, -1,
      136, 135, 137, -1,
      136, 137, 138, -1,
      138, 137, 139, -1,
      138, 139, 140, -1,
      140, 139, 141, -1,
      126, 128, 131, -1,
      131, 128, 142, -1,
      131, 142, 133, -1,
      133, 142, 143, -1,
      133, 143, 135, -1,
      135, 143, 144, -1,
      135, 144, 137, -1,
      137, 144, 145, -1,
      137, 145, 139, -1,
      139, 145, 146, -1,
      139, 146, 141, -1,
      141, 146, 147, -1,
      148, 147, 146, -1,
      148, 146, 149, -1,
      149, 146, 145, -1,
      149, 145, 150, -1,
      150, 145, 144, -1,
      150, 144, 151, -1,
      151, 144, 143, -1,
      151, 143, 152, -1,
      152, 143, 142, -1,
      152, 142, 153, -1,
      153, 142, 128, -1,
      153, 128, 129, -1,
      140, 141, 154, -1,
      154, 141, 155, -1,
      154, 155, 110, -1,
      110, 155, 111, -1,
      155, 141, 156, -1,
      156, 141, 147, -1,
      112, 113, 157, -1,
      157, 113, 156, -1,
      157, 156, 148, -1,
      148, 156, 147, -1,
      158, 159, 160, -1,
      160, 159, 161, -1,
      160, 161, 111, -1,
      111, 161, 113, -1,
      162, 158, 160, -1,
      163, 164, 165, -1,
      111, 155, 160, -1,
      160, 155, 163, -1,
      160, 163, 162, -1,
      162, 163, 165, -1,
      155, 156, 163, -1,
      163, 156, 166, -1,
      163, 166, 164, -1,
      164, 166, 167, -1,
      168, 167, 166, -1,
      168, 166, 169, -1,
      161, 159, 169, -1,
      169, 166, 161, -1,
      161, 166, 156, -1,
      161, 156, 113, -1,
      162, 165, 170, -1,
      122, 124, 170, -1,
      170, 124, 171, -1,
      170, 171, 162, -1,
      125, 123, 172, -1,
      172, 123, 173, -1,
      172, 173, 169, -1,
      169, 173, 168, -1,
      174, 175, 176, -1,
      176, 175, 177, -1,
      178, 114, 179, -1,
      179, 114, 116, -1,
      179, 116, 180, -1,
      180, 116, 120, -1,
      114, 178, 121, -1,
      121, 178, 181, -1,
      182, 183, 184, -1,
      184, 183, 185, -1,
      184, 185, 186, -1,
      186, 185, 187, -1,
      186, 187, 188, -1,
      188, 187, 189, -1,
      188, 189, 190, -1,
      190, 189, 191, -1,
      190, 191, 192, -1,
      192, 191, 193, -1,
      192, 193, 179, -1,
      179, 193, 178, -1,
      179, 180, 192, -1,
      192, 180, 194, -1,
      192, 194, 190, -1,
      190, 194, 195, -1,
      190, 195, 188, -1,
      188, 195, 196, -1,
      188, 196, 186, -1,
      186, 196, 197, -1,
      186, 197, 184, -1,
      184, 197, 198, -1,
      184, 198, 182, -1,
      182, 198, 199, -1,
      183, 200, 201, -1,
      183, 201, 185, -1,
      185, 201, 202, -1,
      185, 202, 187, -1,
      187, 202, 203, -1,
      187, 203, 189, -1,
      189, 203, 204, -1,
      189, 204, 191, -1,
      191, 204, 205, -1,
      191, 205, 193, -1,
      193, 205, 181, -1,
      193, 181, 178, -1,
      206, 183, 207, -1,
      207, 183, 182, -1,
      208, 209, 210, -1,
      210, 209, 207, -1,
      210, 207, 199, -1,
      199, 207, 182, -1,
      211, 209, 212, -1,
      212, 209, 208, -1,
      200, 183, 213, -1,
      213, 183, 206, -1,
      213, 206, 212, -1,
      212, 206, 211, -1,
      214, 215, 216, -1,
      216, 215, 217, -1,
      216, 217, 207, -1,
      207, 217, 206, -1,
      218, 214, 216, -1,
      219, 220, 221, -1,
      207, 209, 216, -1,
      216, 209, 219, -1,
      216, 219, 218, -1,
      218, 219, 221, -1,
      209, 211, 219, -1,
      219, 211, 222, -1,
      219, 222, 220, -1,
      220, 222, 223, -1,
      224, 223, 222, -1,
      224, 222, 225, -1,
      217, 215, 225, -1,
      225, 222, 217, -1,
      217, 222, 211, -1,
      217, 211, 206, -1,
      218, 221, 226, -1,
      174, 176, 226, -1,
      226, 176, 227, -1,
      226, 227, 218, -1,
      177, 175, 228, -1,
      228, 175, 229, -1,
      228, 229, 225, -1,
      225, 229, 224, -1,
      220, 223, 221, -1,
      221, 223, 224, -1,
      221, 224, 226, -1,
      226, 224, 229, -1,
      229, 175, 226, -1,
      226, 175, 174, -1,
      227, 228, 218, -1,
      218, 228, 225, -1,
      218, 225, 214, -1,
      214, 225, 215, -1,
      177, 228, 176, -1,
      176, 228, 227, -1,
      164, 167, 165, -1,
      165, 167, 168, -1,
      165, 168, 170, -1,
      170, 168, 173, -1,
      173, 123, 170, -1,
      170, 123, 122, -1,
      171, 172, 162, -1,
      162, 172, 169, -1,
      162, 169, 158, -1,
      158, 169, 159, -1,
      125, 172, 124, -1,
      124, 172, 171, -1,
      120, 121, 180, -1,
      180, 121, 181, -1,
      180, 181, 194, -1,
      194, 181, 205, -1,
      194, 205, 195, -1,
      195, 205, 204, -1,
      195, 204, 196, -1,
      196, 204, 203, -1,
      196, 203, 197, -1,
      197, 203, 202, -1,
      197, 202, 198, -1,
      198, 202, 201, -1,
      198, 201, 199, -1,
      199, 201, 200, -1,
      199, 200, 210, -1,
      210, 200, 213, -1,
      213, 212, 210, -1,
      210, 212, 208, -1,
      154, 157, 140, -1,
      140, 157, 148, -1,
      140, 148, 138, -1,
      138, 148, 149, -1,
      138, 149, 136, -1,
      136, 149, 150, -1,
      136, 150, 134, -1,
      134, 150, 151, -1,
      134, 151, 132, -1,
      132, 151, 152, -1,
      132, 152, 130, -1,
      130, 152, 153, -1,
      130, 153, 127, -1,
      127, 153, 129, -1,
      127, 129, 119, -1,
      119, 129, 118, -1,
      157, 154, 112, -1,
      112, 154, 110, -1,
      7, 5, 1, -1,
      1, 5, 3, -1,
      18, 20, 16, -1,
      16, 20, 23, -1,
      16, 23, 14, -1,
      14, 23, 25, -1,
      14, 25, 12, -1,
      12, 25, 27, -1,
      12, 27, 10, -1,
      10, 27, 29, -1,
      10, 29, 8, -1,
      8, 29, 31, -1,
      8, 31, 1, -1,
      1, 31, 7, -1,
      37, 20, 34, -1,
      34, 20, 18, -1,
      41, 39, 43, -1,
      43, 39, 45, -1,
      41, 43, 47, -1,
      47, 43, 68, -1,
      47, 68, 49, -1,
      49, 68, 66, -1,
      49, 66, 51, -1,
      51, 66, 64, -1,
      51, 64, 53, -1,
      53, 64, 62, -1,
      53, 62, 55, -1,
      55, 62, 60, -1,
      55, 60, 57, -1,
      57, 60, 59, -1,
      73, 75, 72, -1,
      72, 75, 74, -1,
      71, 57, 77, -1,
      77, 57, 59, -1,
      107, 108, 100, -1,
      100, 108, 105, -1,
      100, 105, 98, -1,
      98, 105, 99, -1,
      108, 107, 95, -1,
      95, 107, 97, -1,
      94, 96, 109, -1,
      109, 96, 106, -1,
      102, 103, 101, -1,
      101, 103, 104, -1,
      101, 104, 106, -1,
      106, 104, 109, -1,
      91, 92, 84, -1,
      84, 92, 89, -1,
      84, 89, 82, -1,
      82, 89, 83, -1,
      92, 91, 79, -1,
      79, 91, 81, -1,
      78, 80, 93, -1,
      93, 80, 90, -1,
      86, 87, 85, -1,
      85, 87, 88, -1,
      85, 88, 90, -1,
      90, 88, 93, -1,
      70, 76, 56, -1,
      56, 76, 58, -1,
      56, 58, 54, -1,
      54, 58, 61, -1,
      54, 61, 52, -1,
      52, 61, 63, -1,
      52, 63, 50, -1,
      50, 63, 65, -1,
      50, 65, 48, -1,
      48, 65, 67, -1,
      48, 67, 46, -1,
      46, 67, 69, -1,
      46, 69, 40, -1,
      40, 69, 42, -1,
      40, 42, 38, -1,
      38, 42, 44, -1,
      74, 76, 72, -1,
      72, 76, 70, -1,
      2, 4, 0, -1,
      0, 4, 6, -1,
      0, 6, 9, -1,
      9, 6, 30, -1,
      9, 30, 11, -1,
      11, 30, 28, -1,
      11, 28, 13, -1,
      13, 28, 26, -1,
      13, 26, 15, -1,
      15, 26, 24, -1,
      15, 24, 17, -1,
      17, 24, 22, -1,
      17, 22, 19, -1,
      19, 22, 21, -1,
      19, 21, 33, -1,
      33, 21, 36, -1,
      35, 32, 36, -1,
      36, 32, 33, -1,
    ]
  }
}
