#VRML V2.0 utf8

Shape {
  appearance Appearance {
    material Material {
      diffuseColor 0.8510 0.8510 0.8510
      specularColor 0.4235 0.4235 0.4235
      ambientIntensity 0.2
      transparency 0.0000
      shininess 0.5
    }
  }
  geometry IndexedFaceSet {
    ccw TRUE
    solid FALSE
    coord DEF co Coordinate {
      point [
        -0.568600 1.327133 0.590551,
        -0.253937 1.327133 0.590551,
        -0.568600 1.279528 0.590551,
        -0.253937 1.279528 0.590551,
        -0.568600 1.279528 0.708661,
        -0.253937 1.279528 0.708661,
        -0.568600 1.327133 0.708661,
        -0.253937 1.327133 0.708661,
        -0.253937 1.331792 0.589992,
        -0.568600 1.331792 0.589992,
        -0.253937 1.336185 0.588346,
        -0.568600 1.336185 0.588346,
        -0.253937 1.340065 0.585707,
        -0.568600 1.340065 0.585707,
        -0.253937 1.343210 0.582226,
        -0.568600 1.343210 0.582226,
        -0.253937 1.345442 0.578098,
        -0.568600 1.345442 0.578098,
        -0.253937 1.346633 0.573560,
        -0.568600 1.346633 0.573560,
        -0.253937 1.463632 0.589722,
        -0.568600 1.463632 0.589722,
        -0.568600 1.455293 0.621489,
        -0.253937 1.455293 0.621489,
        -0.568600 1.439672 0.650381,
        -0.253937 1.439672 0.650381,
        -0.568600 1.417657 0.674755,
        -0.253937 1.417657 0.674755,
        -0.568600 1.390500 0.693227,
        -0.253937 1.390500 0.693227,
        -0.568600 1.359743 0.704747,
        -0.253937 1.359743 0.704747,
        -0.746063 1.355163 0.511811,
        -0.746063 1.416574 0.067234,
        -0.568600 1.355163 0.511811,
        -0.253937 1.416574 0.067234,
        -0.746063 1.474394 0.511811,
        -0.746063 1.533574 0.083396,
        -0.568600 1.474394 0.511811,
        -0.253937 1.533574 0.083396,
        0.598425 1.279528 0.590551,
        0.253937 1.279528 0.590551,
        0.598425 1.327133 0.590551,
        0.253937 1.327133 0.590551,
        0.598425 1.327133 0.708661,
        0.253937 1.327133 0.708661,
        0.598425 1.279528 0.708661,
        0.253937 1.279528 0.708661,
        0.598425 1.331792 0.589992,
        0.253937 1.331792 0.589992,
        0.598425 1.336185 0.588346,
        0.253937 1.336185 0.588346,
        0.598425 1.340065 0.585707,
        0.253937 1.340065 0.585707,
        0.598425 1.343210 0.582226,
        0.253937 1.343210 0.582226,
        0.598425 1.345442 0.578098,
        0.253937 1.345442 0.578098,
        0.598425 1.346633 0.573560,
        0.253937 1.346633 0.573560,
        0.598425 1.463632 0.589722,
        0.253937 1.463632 0.589722,
        0.253937 1.455293 0.621489,
        0.598425 1.455293 0.621489,
        0.253937 1.439672 0.650381,
        0.598425 1.439672 0.650381,
        0.253937 1.417657 0.674755,
        0.598425 1.417657 0.674755,
        0.253937 1.390500 0.693227,
        0.598425 1.390500 0.693227,
        0.253937 1.359743 0.704747,
        0.598425 1.359743 0.704747,
        0.598425 1.355163 0.511811,
        0.253937 1.416574 0.067234,
        0.746063 1.355163 0.511811,
        0.746063 1.416574 0.067234,
        0.746063 1.474394 0.511811,
        0.746063 1.533574 0.083396,
        0.598425 1.474394 0.511811,
        0.253937 1.533574 0.083396,
        -0.598425 1.559055 -1.594488,
        -0.401575 1.559055 -1.594488,
        -0.598425 1.440945 -1.594488,
        -0.401575 1.440945 -1.594488,
        -0.253937 1.440617 -0.246063,
        -0.253937 1.558741 -0.246063,
        -0.253937 1.434845 -0.109609,
        -0.253937 1.552677 -0.101509,
        -0.295163 1.440945 -0.287289,
        -0.704837 1.440945 -0.287289,
        -0.746063 1.434845 -0.109609,
        -0.746063 1.440617 -0.246063,
        -0.746063 1.552677 -0.101509,
        -0.746063 1.558741 -0.246063,
        -0.704837 1.559055 -0.287289,
        -0.295163 1.559055 -0.287289,
        -0.598425 1.440945 -0.393701,
        -0.401575 1.440945 -0.393701,
        -0.401575 1.559055 -0.393701,
        -0.598425 1.559055 -0.393701,
        0.401575 1.559055 -1.594488,
        0.598425 1.559055 -1.594488,
        0.401575 1.440945 -1.594488,
        0.598425 1.440945 -1.594488,
        0.746063 1.440617 -0.246063,
        0.746063 1.558741 -0.246063,
        0.746063 1.434845 -0.109609,
        0.746063 1.552677 -0.101509,
        0.704837 1.440945 -0.287289,
        0.295163 1.440945 -0.287289,
        0.253937 1.434845 -0.109609,
        0.253937 1.440617 -0.246063,
        0.253937 1.552677 -0.101509,
        0.253937 1.558741 -0.246063,
        0.295163 1.559055 -0.287289,
        0.704837 1.559055 -0.287289,
        0.401575 1.440945 -0.393701,
        0.598425 1.440945 -0.393701,
        0.598425 1.559055 -0.393701,
        0.401575 1.559055 -0.393701,
      ]
    }
    coordIndex [
      0, 1, 2, -1,
      2, 1, 3, -1,
      4, 5, 6, -1,
      6, 5, 7, -1,
      1, 0, 8, -1,
      8, 0, 9, -1,
      8, 9, 10, -1,
      10, 9, 11, -1,
      10, 11, 12, -1,
      12, 11, 13, -1,
      12, 13, 14, -1,
      14, 13, 15, -1,
      14, 15, 16, -1,
      16, 15, 17, -1,
      16, 17, 18, -1,
      18, 17, 19, -1,
      20, 21, 22, -1,
      20, 22, 23, -1,
      23, 22, 24, -1,
      23, 24, 25, -1,
      25, 24, 26, -1,
      25, 26, 27, -1,
      27, 26, 28, -1,
      27, 28, 29, -1,
      29, 28, 30, -1,
      29, 30, 31, -1,
      31, 30, 6, -1,
      31, 6, 7, -1,
      32, 33, 34, -1,
      34, 33, 35, -1,
      34, 35, 19, -1,
      19, 35, 18, -1,
      36, 37, 32, -1,
      32, 37, 33, -1,
      21, 20, 38, -1,
      38, 20, 39, -1,
      38, 39, 36, -1,
      36, 39, 37, -1,
      40, 41, 42, -1,
      42, 41, 43, -1,
      44, 45, 46, -1,
      46, 45, 47, -1,
      42, 43, 48, -1,
      48, 43, 49, -1,
      48, 49, 50, -1,
      50, 49, 51, -1,
      50, 51, 52, -1,
      52, 51, 53, -1,
      52, 53, 54, -1,
      54, 53, 55, -1,
      54, 55, 56, -1,
      56, 55, 57, -1,
      56, 57, 58, -1,
      58, 57, 59, -1,
      60, 61, 62, -1,
      60, 62, 63, -1,
      63, 62, 64, -1,
      63, 64, 65, -1,
      65, 64, 66, -1,
      65, 66, 67, -1,
      67, 66, 68, -1,
      67, 68, 69, -1,
      69, 68, 70, -1,
      69, 70, 71, -1,
      71, 70, 45, -1,
      71, 45, 44, -1,
      58, 59, 72, -1,
      72, 59, 73, -1,
      72, 73, 74, -1,
      74, 73, 75, -1,
      76, 77, 78, -1,
      78, 77, 79, -1,
      78, 79, 60, -1,
      60, 79, 61, -1,
      80, 81, 82, -1,
      82, 81, 83, -1,
      84, 85, 86, -1,
      86, 85, 87, -1,
      86, 87, 35, -1,
      35, 87, 39, -1,
      88, 84, 86, -1,
      88, 86, 89, -1,
      35, 33, 86, -1,
      86, 33, 90, -1,
      86, 90, 89, -1,
      89, 90, 91, -1,
      33, 37, 90, -1,
      90, 37, 92, -1,
      90, 92, 91, -1,
      91, 92, 93, -1,
      94, 93, 92, -1,
      85, 95, 87, -1,
      87, 95, 94, -1,
      94, 92, 87, -1,
      87, 92, 37, -1,
      87, 37, 39, -1,
      82, 83, 96, -1,
      96, 83, 97, -1,
      96, 97, 89, -1,
      89, 97, 88, -1,
      94, 95, 98, -1,
      81, 80, 98, -1,
      98, 80, 99, -1,
      98, 99, 94, -1,
      100, 101, 102, -1,
      102, 101, 103, -1,
      104, 105, 106, -1,
      106, 105, 107, -1,
      106, 107, 75, -1,
      75, 107, 77, -1,
      108, 104, 106, -1,
      108, 106, 109, -1,
      75, 73, 106, -1,
      106, 73, 110, -1,
      106, 110, 109, -1,
      109, 110, 111, -1,
      73, 79, 110, -1,
      110, 79, 112, -1,
      110, 112, 111, -1,
      111, 112, 113, -1,
      114, 113, 112, -1,
      114, 112, 115, -1,
      107, 105, 115, -1,
      115, 112, 107, -1,
      107, 112, 79, -1,
      107, 79, 77, -1,
      102, 103, 116, -1,
      116, 103, 117, -1,
      116, 117, 109, -1,
      109, 117, 108, -1,
      114, 115, 118, -1,
      101, 100, 118, -1,
      118, 100, 119, -1,
      118, 119, 114, -1,
    ]
  }
}

Shape {
  appearance Appearance {
    material Material {
      diffuseColor 1.0000 1.0000 1.0000
      specularColor 0.3020 0.3020 0.3020
      ambientIntensity 0.2
      transparency 0.0000
      shininess 0.5
    }
  }
  geometry IndexedFaceSet {
    ccw TRUE
    solid FALSE
    coord DEF co Coordinate {
      point [
        -0.253937 1.279528 0.590551,
        -0.253937 1.279528 0.708661,
        0.598425 1.279528 0.590551,
        0.253937 1.279528 0.590551,
        0.598425 1.279528 0.708661,
        0.253937 1.279528 0.708661,
        0.862205 1.279528 0.708661,
        0.862205 1.279528 0.590551,
      ]
    }
    coordIndex [
      4, 6, 2, -1,
      2, 6, 7, -1,
      3, 0, 5, -1,
      5, 0, 1, -1,
    ]
  }
}

Shape {
  appearance Appearance {
    material Material {
      diffuseColor 0.8510 0.8510 0.8510
      specularColor 0.4235 0.4235 0.4235
      ambientIntensity 0.2
      transparency 0.0000
      shininess 0.5
    }
  }
  geometry IndexedFaceSet {
    ccw TRUE
    solid FALSE
    coord DEF co Coordinate {
      point [
        -0.746063 -1.355163 0.511811,
        -0.746063 -1.416574 0.067234,
        -0.746063 -1.474394 0.511811,
        -0.746063 -1.533574 0.083396,
      ]
    }
    coordIndex [
      0, 1, 2, -1,
      2, 1, 3, -1,
    ]
  }
}

Shape {
  appearance Appearance {
    material Material {
      diffuseColor 1.0000 1.0000 1.0000
      specularColor 0.3020 0.3020 0.3020
      ambientIntensity 0.2
      transparency 0.0000
      shininess 0.5
    }
  }
  geometry IndexedFaceSet {
    ccw TRUE
    solid FALSE
    coord DEF co Coordinate {
      point [
        -0.568600 1.279528 0.590551,
        -0.253937 1.279528 0.590551,
        -0.568600 1.279528 0.708661,
        -0.253937 1.279528 0.708661,
        0.598425 1.279528 0.590551,
        0.253937 1.279528 0.590551,
        0.598425 1.279528 0.708661,
        0.253937 1.279528 0.708661,
        0.862205 1.279528 0.708661,
        0.862205 1.279528 0.590551,
        0.253937 -1.279528 0.708661,
        -0.253937 -1.279528 0.708661,
        0.253937 -1.279528 0.590551,
        -0.253937 -1.279528 0.590551,
        -0.568600 -1.279528 0.708661,
        -0.862205 -1.279528 0.708661,
        -0.568600 -1.279528 0.590551,
        -0.862205 -1.279528 0.590551,
        0.168531 0.003246 0.000000,
        0.187914 0.001069 0.000000,
        0.125959 -0.144546 0.000000,
        0.122431 -0.142591 0.000000,
        0.122431 -0.164197 0.000000,
        0.103226 -0.175600 0.000000,
        0.386499 -0.174400 0.000000,
        0.188172 -0.175600 0.000000,
        0.285673 -0.174400 0.000000,
        0.200854 -0.174285 0.000000,
        0.219934 -0.167718 0.000000,
        0.144604 0.000137 0.000000,
        0.122431 -0.009357 0.000000,
        0.103226 1.172185 0.000000,
        0.122431 0.017050 0.000000,
        0.202648 -0.004248 0.000000,
        0.216273 -0.013363 0.000000,
        0.228160 -0.026487 0.000000,
        0.242462 -0.078075 0.000000,
        0.240469 -0.099385 0.000000,
        0.235121 -0.116317 0.000000,
        0.191317 -0.153135 0.000000,
        0.172957 -0.155194 0.000000,
        0.205661 -0.147855 0.000000,
        0.217742 -0.139712 0.000000,
        0.226980 -0.129967 0.000000,
        0.146827 -0.152294 0.000000,
        0.236276 -0.041685 0.000000,
        0.241523 -0.062759 0.000000,
        0.235768 -0.157606 0.000000,
        0.250554 -0.142040 0.000000,
        0.285673 -0.152794 0.000000,
        0.261041 -0.123322 0.000000,
        0.360092 -0.152794 0.000000,
        0.246942 -0.010993 0.000000,
        0.229170 0.006099 0.000000,
        0.210472 0.016862 0.000000,
        0.188527 0.023237 0.000000,
        0.266965 -0.102485 0.000000,
        0.268869 -0.079688 0.000000,
        0.360092 0.022451 0.000000,
        0.266037 -0.051702 0.000000,
        0.258480 -0.029397 0.000000,
        0.168756 0.024852 0.000000,
        0.145191 0.023225 0.000000,
        0.143415 -0.172813 0.000000,
        0.163306 -0.175600 0.000000,
        0.103226 -1.172185 0.000000,
        0.171213 -0.176708 0.000000,
        0.176595 -0.176800 0.000000,
        0.386499 0.022451 0.000000,
        0.794233 1.172185 0.000000,
        0.794233 -0.175600 0.000000,
        0.794233 -1.172185 0.000000,
        0.084022 -0.174400 0.000000,
        0.084022 0.022451 0.000000,
        -0.232859 -0.174400 0.000000,
        -0.208626 -0.120447 0.000000,
        -0.197337 -0.138054 0.000000,
        -0.016804 0.000845 0.000000,
        0.057615 0.000845 0.000000,
        0.057615 -0.063971 0.000000,
        -0.794233 1.172185 0.000000,
        -0.016804 0.022451 0.000000,
        -0.410505 -0.174400 0.000000,
        -0.794233 -0.175600 0.000000,
        -0.333685 0.022451 0.000000,
        -0.307279 0.022451 0.000000,
        -0.060015 0.022451 0.000000,
        -0.012003 -0.063971 0.000000,
        -0.060015 -0.174400 0.000000,
        -0.012003 -0.085577 0.000000,
        -0.181135 -0.153568 0.000000,
        -0.160581 -0.165513 0.000000,
        -0.137898 -0.172274 0.000000,
        -0.167038 0.011323 0.000000,
        -0.188464 -0.003035 0.000000,
        0.057615 -0.085577 0.000000,
        0.057615 -0.152794 0.000000,
        -0.021606 -0.152794 0.000000,
        -0.021606 -0.174400 0.000000,
        -0.188670 -0.003216 0.000000,
        -0.202590 -0.018652 0.000000,
        -0.211738 -0.035581 0.000000,
        -0.115567 0.022451 0.000000,
        -0.144007 0.019411 0.000000,
        -0.217025 -0.054976 0.000000,
        -0.218456 -0.073499 0.000000,
        -0.215694 -0.099843 0.000000,
        -0.113542 -0.174400 0.000000,
        -0.361780 -0.119185 0.000000,
        -0.280459 -0.119185 0.000000,
        -0.381698 -0.174400 0.000000,
        -0.261667 -0.174400 0.000000,
        -0.794233 -1.172185 0.000000,
        0.740404 -1.172185 1.299213,
        0.794233 -1.172185 1.299213,
        0.794233 -0.468775 1.299213,
        0.007052 -0.025561 1.299213,
        -0.043211 -0.025561 1.299213,
        -0.043211 -0.107182 1.299213,
        0.686576 -0.083176 1.299213,
        0.628961 -0.083176 1.299213,
        0.628961 -0.107182 1.299213,
        0.580949 -0.174400 1.299213,
        0.580949 -0.107182 1.299213,
        0.376896 -0.107182 1.299213,
        0.580949 -0.083176 1.299213,
        0.628961 0.219301 1.299213,
        0.628961 -0.039965 1.299213,
        0.686576 -0.039965 1.299213,
        0.537820 0.148251 1.299213,
        0.577648 0.219301 1.299213,
        0.376896 1.172185 1.299213,
        0.740404 1.172185 1.299213,
        0.740404 -0.107182 1.299213,
        0.398502 -0.083176 1.299213,
        0.398502 -0.042216 1.299213,
        0.472978 0.051309 1.299213,
        0.740404 -0.468775 1.299213,
        0.628961 -0.174400 1.299213,
        0.376896 -0.468775 1.299213,
        -0.146437 1.172185 1.299213,
        -0.146437 -0.107182 1.299213,
        -0.096024 0.219301 1.299213,
        -0.096024 -0.107182 1.299213,
        0.148838 0.101446 1.299213,
        0.145040 0.068297 1.299213,
        0.177645 -0.107182 1.299213,
        0.135718 0.042967 1.299213,
        0.119676 0.019448 1.299213,
        0.052023 0.216372 1.299213,
        0.082920 0.207610 1.299213,
        0.177645 1.172185 1.299213,
        0.106243 0.194721 1.299213,
        0.122635 0.180011 1.299213,
        0.096198 -0.001416 1.299213,
        0.067251 -0.016546 1.299213,
        0.035943 -0.024240 1.299213,
        0.015304 0.219301 1.299213,
        0.136429 0.159831 1.299213,
        0.144587 0.137786 1.299213,
        0.148752 0.105535 1.299213,
        -0.096024 -0.174400 1.299213,
        -0.146437 -0.468775 1.299213,
        -0.043211 -0.174400 1.299213,
        0.177645 -0.468775 1.299213,
        -0.394068 -0.127123 1.299213,
        -0.432076 -0.151978 1.299213,
        -0.378314 -0.468775 1.299213,
        -0.475317 -0.167569 1.299213,
        -0.378314 -0.110514 1.299213,
        -0.288074 -0.468775 1.299213,
        -0.288074 -0.107182 1.299213,
        -0.342469 -0.058358 1.299213,
        -0.363107 -0.094481 1.299213,
        -0.375154 -0.107182 1.299213,
        -0.348466 0.121508 1.299213,
        -0.333281 0.082940 1.299213,
        -0.288074 1.172185 1.299213,
        -0.326901 0.041174 1.299213,
        -0.326483 0.027402 1.299213,
        -0.330247 -0.016593 1.299213,
        -0.643365 0.219301 1.299213,
        -0.794233 1.172185 1.299213,
        -0.794233 -0.107182 1.299213,
        -0.523263 -0.174083 1.299213,
        -0.536312 -0.174400 1.299213,
        -0.794233 -0.468775 1.299213,
        -0.643365 -0.174400 1.299213,
        -0.643365 -0.107182 1.299213,
        -0.486127 0.215431 1.299213,
        -0.441826 0.202686 1.299213,
        -0.378314 1.172185 1.299213,
        -0.403138 0.181420 1.299213,
        -0.378314 0.159587 1.299213,
        -0.371150 0.153285 1.299213,
        -0.532261 0.219301 1.299213,
        -0.249664 -0.107182 1.299213,
        -0.249664 0.219301 1.299213,
        -0.196850 0.219301 1.299213,
        -0.196850 -0.107182 1.299213,
        -0.196850 -0.174400 1.299213,
        -0.249664 -0.174400 1.299213,
        -0.378314 -1.172185 1.299213,
        -0.430145 -0.879476 1.299213,
        -0.434109 -0.909583 1.299213,
        -0.647212 -0.821313 1.299213,
        -0.628726 -0.797222 1.299213,
        -0.445730 -0.937639 1.299213,
        -0.464216 -0.961731 1.299213,
        -0.488308 -0.980217 1.299213,
        -0.445730 -0.821313 1.299213,
        -0.434109 -0.849369 1.299213,
        -0.604633 -0.980217 1.299213,
        -0.628726 -0.961731 1.299213,
        -0.794233 -1.172185 1.299213,
        -0.647212 -0.937639 1.299213,
        -0.604633 -0.778735 1.299213,
        -0.576578 -0.767114 1.299213,
        -0.546471 -0.763150 1.299213,
        -0.516363 -0.767114 1.299213,
        -0.516363 -0.991838 1.299213,
        -0.546471 -0.995802 1.299213,
        -0.576578 -0.991838 1.299213,
        -0.488308 -0.778735 1.299213,
        -0.464216 -0.797222 1.299213,
        -0.658833 -0.909583 1.299213,
        -0.662796 -0.879476 1.299213,
        -0.658833 -0.849369 1.299213,
        0.376896 -1.172185 1.299213,
        0.177645 -1.172185 1.299213,
        -0.146437 -1.172185 1.299213,
        -0.288074 -1.172185 1.299213,
        0.206453 -0.039965 1.299213,
        0.206453 -0.001556 1.299213,
        0.355291 -0.039965 1.299213,
        0.355291 -0.001556 1.299213,
        0.794233 -0.107182 1.299213,
        0.794233 1.172185 1.299213,
        0.901575 -1.240157 0.590551,
        0.901575 1.240157 0.590551,
        0.901575 -1.240157 0.708661,
        0.901575 1.240157 0.708661,
        -0.862205 1.279528 0.590551,
        -0.862205 1.279528 0.708661,
        -0.901575 -1.240157 0.708661,
        -0.901575 1.240157 0.708661,
        -0.901575 -1.240157 0.590551,
        -0.901575 1.240157 0.590551,
        0.598425 -1.279528 0.590551,
        0.862205 -1.279528 0.590551,
        0.598425 -1.279528 0.708661,
        0.862205 -1.279528 0.708661,
        0.794233 1.211262 1.264641,
        0.862497 1.279526 0.708670,
        -0.862497 1.279526 0.708670,
        -0.794233 1.211262 1.264641,
        -0.901574 -1.240450 0.708670,
        -0.833309 -1.172185 1.264641,
        -0.833309 1.172185 1.264641,
        -0.901574 1.240450 0.708670,
        0.901574 1.240450 0.708670,
        0.833309 1.172185 1.264641,
        0.833309 -1.172185 1.264641,
        0.901574 -1.240450 0.708670,
        0.862497 -1.279526 0.708670,
        0.794233 -1.211262 1.264641,
        -0.794233 -1.211262 1.264641,
        -0.862497 -1.279526 0.708670,
        -0.862497 -1.279526 0.590543,
        -0.794233 -1.211262 0.034572,
        0.794233 -1.211262 0.034572,
        0.862497 -1.279526 0.590543,
        0.901574 -1.240450 0.590543,
        0.833309 -1.172185 0.034572,
        0.833309 1.172185 0.034572,
        0.901574 1.240450 0.590543,
        -0.901574 1.240450 0.590543,
        -0.833309 1.172185 0.034572,
        -0.833309 -1.172185 0.034572,
        -0.901574 -1.240450 0.590543,
        0.862497 1.279526 0.590543,
        0.794233 1.211262 0.034572,
        -0.794233 1.211262 0.034572,
        -0.862497 1.279526 0.590543,
        0.794233 1.209082 1.273578,
        -0.794233 1.209082 1.273578,
        0.794233 1.208952 1.273829,
        -0.794233 1.208952 1.273829,
        0.794233 1.204696 1.282048,
        -0.794233 1.204696 1.282048,
        0.794233 1.204546 1.282219,
        -0.794233 1.204546 1.282219,
        0.794233 1.198400 1.289215,
        -0.794233 1.198400 1.289215,
        0.794233 1.198261 1.289312,
        -0.794233 1.198261 1.289312,
        0.794233 1.190567 1.294658,
        -0.794233 1.190567 1.294658,
        0.794233 1.190461 1.294698,
        -0.794233 1.190461 1.294698,
        0.794233 1.181654 1.298057,
        -0.794233 1.181654 1.298057,
        0.794233 1.181598 1.298064,
        -0.794233 1.181598 1.298064,
        0.801018 1.197507 1.289215,
        0.798990 1.189941 1.294658,
        0.796683 1.181331 1.298057,
        0.798967 1.180385 1.298057,
        0.802433 1.176920 1.298057,
        0.800928 1.178881 1.298057,
        0.803378 1.174636 1.298057,
        0.803782 1.207824 1.273578,
        0.804306 1.209784 1.265696,
        0.804254 1.209806 1.265693,
        0.813605 1.205835 1.266353,
        0.812681 1.204139 1.273578,
        0.813643 1.205806 1.266354,
        0.820322 1.198275 1.273578,
        0.821661 1.199614 1.266578,
        0.826186 1.190633 1.273578,
        0.827854 1.191595 1.266354,
        0.827882 1.191558 1.266353,
        0.829872 1.181735 1.273578,
        0.831831 1.182259 1.265696,
        0.831854 1.182207 1.265693,
        0.831129 1.172185 1.273578,
        0.803645 1.172185 1.298064,
        0.803423 1.188104 1.294658,
        0.807230 1.185183 1.294658,
        0.810152 1.181376 1.294658,
        0.811988 1.176943 1.294658,
        0.803701 1.172185 1.298057,
        0.812508 1.172185 1.294698,
        0.812614 1.172185 1.294658,
        0.820308 1.172185 1.289312,
        0.807340 1.194889 1.289215,
        0.812770 1.190722 1.289215,
        0.816935 1.185293 1.289215,
        0.819555 1.178970 1.289215,
        0.802647 1.203588 1.282048,
        0.810488 1.200340 1.282048,
        0.817220 1.195173 1.282048,
        0.822387 1.188441 1.282048,
        0.825635 1.180600 1.282048,
        0.820448 1.172185 1.289215,
        0.826593 1.172185 1.282219,
        0.826743 1.172185 1.282048,
        0.830999 1.172185 1.273829,
        -0.826593 1.172185 1.282219,
        -0.820448 1.172185 1.289215,
        -0.819555 1.178970 1.289215,
        -0.811988 1.176943 1.294658,
        -0.803378 1.174636 1.298057,
        -0.802433 1.176920 1.298057,
        -0.798967 1.180385 1.298057,
        -0.800928 1.178881 1.298057,
        -0.796683 1.181331 1.298057,
        -0.803645 1.172185 1.298064,
        -0.829872 1.181735 1.273578,
        -0.831831 1.182259 1.265696,
        -0.831854 1.182207 1.265693,
        -0.827882 1.191558 1.266353,
        -0.826186 1.190633 1.273578,
        -0.827854 1.191595 1.266354,
        -0.820322 1.198275 1.273578,
        -0.821661 1.199614 1.266578,
        -0.812681 1.204139 1.273578,
        -0.813643 1.205806 1.266354,
        -0.813605 1.205835 1.266353,
        -0.803782 1.207824 1.273578,
        -0.804306 1.209784 1.265696,
        -0.804254 1.209806 1.265693,
        -0.820308 1.172185 1.289312,
        -0.812614 1.172185 1.294658,
        -0.812508 1.172185 1.294698,
        -0.803701 1.172185 1.298057,
        -0.810152 1.181376 1.294658,
        -0.807230 1.185183 1.294658,
        -0.803423 1.188104 1.294658,
        -0.798990 1.189941 1.294658,
        -0.816935 1.185293 1.289215,
        -0.812770 1.190722 1.289215,
        -0.807340 1.194889 1.289215,
        -0.801018 1.197507 1.289215,
        -0.830999 1.172185 1.273829,
        -0.826743 1.172185 1.282048,
        -0.825635 1.180600 1.282048,
        -0.822387 1.188441 1.282048,
        -0.817220 1.195173 1.282048,
        -0.810488 1.200340 1.282048,
        -0.802647 1.203588 1.282048,
        -0.831129 1.172185 1.273578,
        0.831129 -1.172185 1.273578,
        0.830999 -1.172185 1.273829,
        0.826743 -1.172185 1.282048,
        0.826593 -1.172185 1.282219,
        0.820448 -1.172185 1.289215,
        0.820308 -1.172185 1.289312,
        0.812614 -1.172185 1.294658,
        0.812508 -1.172185 1.294698,
        0.803701 -1.172185 1.298057,
        0.803645 -1.172185 1.298064,
        0.870941 1.278362 0.709114,
        0.890043 1.267996 0.709646,
        0.886554 1.270681 0.709597,
        0.872583 1.278135 0.709200,
        0.879180 1.275374 0.709434,
        0.881974 1.274204 0.709533,
        0.892728 1.264506 0.709597,
        0.896252 1.259927 0.709533,
        0.897421 1.257133 0.709434,
        0.900182 1.250535 0.709200,
        0.900409 1.248893 0.709114,
        -0.896252 1.259927 0.709533,
        -0.896289 1.259838 0.709530,
        -0.900182 1.250535 0.709200,
        -0.900209 1.250344 0.709190,
        -0.890043 1.267996 0.709646,
        -0.881974 1.274204 0.709533,
        -0.881885 1.274241 0.709530,
        -0.872583 1.278135 0.709200,
        -0.872391 1.278162 0.709190,
        -0.803645 -1.172185 1.298064,
        -0.831129 -1.172185 1.273578,
        -0.830999 -1.172185 1.273829,
        -0.826743 -1.172185 1.282048,
        -0.826593 -1.172185 1.282219,
        -0.820448 -1.172185 1.289215,
        -0.820308 -1.172185 1.289312,
        -0.812614 -1.172185 1.294658,
        -0.812508 -1.172185 1.294698,
        -0.803701 -1.172185 1.298057,
        0.794233 -1.181598 1.298064,
        -0.794233 -1.181598 1.298064,
        0.794233 -1.181654 1.298057,
        -0.794233 -1.181654 1.298057,
        0.794233 -1.190461 1.294698,
        -0.794233 -1.190461 1.294698,
        0.794233 -1.190567 1.294658,
        -0.794233 -1.190567 1.294658,
        0.794233 -1.198261 1.289312,
        -0.794233 -1.198261 1.289312,
        0.794233 -1.198400 1.289215,
        -0.794233 -1.198400 1.289215,
        0.794233 -1.204546 1.282219,
        -0.794233 -1.204546 1.282219,
        0.794233 -1.204696 1.282048,
        -0.794233 -1.204696 1.282048,
        0.794233 -1.208952 1.273829,
        -0.794233 -1.208952 1.273829,
        0.794233 -1.209082 1.273578,
        -0.794233 -1.209082 1.273578,
        0.819555 -1.178970 1.289215,
        0.811988 -1.176943 1.294658,
        0.803378 -1.174636 1.298057,
        0.802433 -1.176920 1.298057,
        0.798967 -1.180385 1.298057,
        0.800928 -1.178881 1.298057,
        0.796683 -1.181331 1.298057,
        0.829872 -1.181735 1.273578,
        0.831831 -1.182259 1.265696,
        0.831854 -1.182207 1.265693,
        0.827882 -1.191558 1.266353,
        0.826186 -1.190633 1.273578,
        0.827854 -1.191595 1.266354,
        0.820322 -1.198275 1.273578,
        0.821661 -1.199614 1.266578,
        0.812681 -1.204139 1.273578,
        0.813643 -1.205806 1.266354,
        0.813605 -1.205835 1.266353,
        0.803782 -1.207824 1.273578,
        0.804306 -1.209784 1.265696,
        0.804254 -1.209806 1.265693,
        0.810152 -1.181376 1.294658,
        0.807230 -1.185183 1.294658,
        0.803423 -1.188104 1.294658,
        0.798990 -1.189941 1.294658,
        0.816935 -1.185293 1.289215,
        0.812770 -1.190722 1.289215,
        0.807340 -1.194889 1.289215,
        0.801018 -1.197507 1.289215,
        0.825635 -1.180600 1.282048,
        0.822387 -1.188441 1.282048,
        0.817220 -1.195173 1.282048,
        0.810488 -1.200340 1.282048,
        0.802647 -1.203588 1.282048,
        0.900409 1.248893 0.590099,
        0.900182 1.250535 0.590013,
        0.897421 1.257133 0.589779,
        0.896252 1.259927 0.589680,
        0.892728 1.264506 0.589615,
        0.890043 1.267996 0.589567,
        0.886554 1.270681 0.589615,
        0.881974 1.274204 0.589680,
        0.879180 1.275374 0.589779,
        0.872583 1.278135 0.590013,
        0.870941 1.278362 0.590099,
        -0.872391 1.278162 0.590022,
        -0.872583 1.278135 0.590013,
        -0.881885 1.274241 0.589683,
        -0.881974 1.274204 0.589680,
        -0.890043 1.267996 0.589567,
        -0.896252 1.259927 0.589680,
        -0.896289 1.259838 0.589683,
        -0.900182 1.250535 0.590013,
        -0.900209 1.250344 0.590022,
        -0.801018 -1.197507 1.289215,
        -0.798990 -1.189941 1.294658,
        -0.796683 -1.181331 1.298057,
        -0.798967 -1.180385 1.298057,
        -0.802433 -1.176920 1.298057,
        -0.800928 -1.178881 1.298057,
        -0.803378 -1.174636 1.298057,
        -0.803782 -1.207824 1.273578,
        -0.804306 -1.209784 1.265696,
        -0.804254 -1.209806 1.265693,
        -0.813605 -1.205835 1.266353,
        -0.812681 -1.204139 1.273578,
        -0.813643 -1.205806 1.266354,
        -0.820322 -1.198275 1.273578,
        -0.821661 -1.199614 1.266578,
        -0.826186 -1.190633 1.273578,
        -0.827854 -1.191595 1.266354,
        -0.827882 -1.191558 1.266353,
        -0.829872 -1.181735 1.273578,
        -0.831831 -1.182259 1.265696,
        -0.831854 -1.182207 1.265693,
        -0.803423 -1.188104 1.294658,
        -0.807230 -1.185183 1.294658,
        -0.810152 -1.181376 1.294658,
        -0.811988 -1.176943 1.294658,
        -0.807340 -1.194889 1.289215,
        -0.812770 -1.190722 1.289215,
        -0.816935 -1.185293 1.289215,
        -0.819555 -1.178970 1.289215,
        -0.802647 -1.203588 1.282048,
        -0.810488 -1.200340 1.282048,
        -0.817220 -1.195173 1.282048,
        -0.822387 -1.188441 1.282048,
        -0.825635 -1.180600 1.282048,
        0.900409 -1.248893 0.709114,
        0.896252 -1.259927 0.709533,
        0.897421 -1.257133 0.709434,
        0.900182 -1.250535 0.709200,
        0.892728 -1.264506 0.709597,
        0.890043 -1.267996 0.709646,
        0.886554 -1.270681 0.709597,
        0.881974 -1.274204 0.709533,
        0.879180 -1.275374 0.709434,
        0.872583 -1.278135 0.709200,
        0.870941 -1.278362 0.709114,
        0.827882 1.191558 0.032860,
        0.831854 1.182207 0.033520,
        0.831831 1.182259 0.033517,
        0.821661 1.199614 0.032635,
        0.827854 1.191595 0.032859,
        0.813643 1.205806 0.032859,
        0.813605 1.205835 0.032860,
        0.804306 1.209784 0.033517,
        0.804254 1.209806 0.033520,
        -0.794233 1.209082 0.025635,
        0.794233 1.209082 0.025635,
        -0.794233 1.208952 0.025383,
        0.794233 1.208952 0.025383,
        -0.794233 1.204696 0.017164,
        0.794233 1.204696 0.017164,
        -0.794233 1.204546 0.016994,
        0.794233 1.204546 0.016994,
        -0.794233 1.198400 0.009997,
        0.794233 1.198400 0.009997,
        -0.794233 1.198261 0.009900,
        0.794233 1.198261 0.009900,
        -0.794233 1.190567 0.004555,
        0.794233 1.190567 0.004555,
        -0.794233 1.190461 0.004514,
        0.794233 1.190461 0.004514,
        -0.794233 1.181654 0.001156,
        0.794233 1.181654 0.001156,
        -0.794233 1.181598 0.001149,
        0.794233 1.181598 0.001149,
        -0.804254 1.209806 0.033520,
        -0.804306 1.209784 0.033517,
        -0.813605 1.205835 0.032860,
        -0.813643 1.205806 0.032859,
        -0.821661 1.199614 0.032635,
        -0.827854 1.191595 0.032859,
        -0.827882 1.191558 0.032860,
        -0.831831 1.182259 0.033517,
        -0.831854 1.182207 0.033520,
        -0.870941 -1.278362 0.709114,
        -0.881974 -1.274204 0.709533,
        -0.879180 -1.275374 0.709434,
        -0.872583 -1.278135 0.709200,
        -0.890043 -1.267996 0.709646,
        -0.886554 -1.270681 0.709597,
        -0.892728 -1.264506 0.709597,
        -0.896252 -1.259927 0.709533,
        -0.897421 -1.257133 0.709434,
        -0.900182 -1.250535 0.709200,
        -0.900409 -1.248893 0.709114,
        0.870941 -1.278362 0.590099,
        0.872583 -1.278135 0.590013,
        0.879180 -1.275374 0.589779,
        0.881974 -1.274204 0.589680,
        0.886554 -1.270681 0.589615,
        0.890043 -1.267996 0.589567,
        0.892728 -1.264506 0.589615,
        0.896252 -1.259927 0.589680,
        0.897421 -1.257133 0.589779,
        0.900182 -1.250535 0.590013,
        0.900409 -1.248893 0.590099,
        0.803645 1.172185 0.001149,
        0.803378 1.174636 0.001156,
        0.798990 1.189941 0.004555,
        0.801018 1.197507 0.009997,
        0.802647 1.203588 0.017164,
        0.803782 1.207824 0.025635,
        0.812681 1.204139 0.025635,
        0.831129 1.172185 0.025635,
        0.829872 1.181735 0.025635,
        0.830999 1.172185 0.025383,
        0.825635 1.180600 0.017164,
        0.810488 1.200340 0.017164,
        0.820322 1.198275 0.025635,
        0.826743 1.172185 0.017164,
        0.826593 1.172185 0.016994,
        0.819555 1.178970 0.009997,
        0.807340 1.194889 0.009997,
        0.817220 1.195173 0.017164,
        0.820448 1.172185 0.009997,
        0.820308 1.172185 0.009900,
        0.811988 1.176943 0.004555,
        0.812770 1.190722 0.009997,
        0.803423 1.188104 0.004555,
        0.796683 1.181331 0.001156,
        0.826186 1.190633 0.025635,
        0.822387 1.188441 0.017164,
        0.816935 1.185293 0.009997,
        0.810152 1.181376 0.004555,
        0.802433 1.176920 0.001156,
        0.807230 1.185183 0.004555,
        0.798967 1.180385 0.001156,
        0.800928 1.178881 0.001156,
        0.812614 1.172185 0.004555,
        0.812508 1.172185 0.004514,
        0.803701 1.172185 0.001156,
        -0.796683 1.181331 0.001156,
        -0.812508 1.172185 0.004514,
        -0.812614 1.172185 0.004555,
        -0.811988 1.176943 0.004555,
        -0.820308 1.172185 0.009900,
        -0.820448 1.172185 0.009997,
        -0.819555 1.178970 0.009997,
        -0.825635 1.180600 0.017164,
        -0.829872 1.181735 0.025635,
        -0.826186 1.190633 0.025635,
        -0.803782 1.207824 0.025635,
        -0.831129 1.172185 0.025635,
        -0.830999 1.172185 0.025383,
        -0.826743 1.172185 0.017164,
        -0.826593 1.172185 0.016994,
        -0.802647 1.203588 0.017164,
        -0.822387 1.188441 0.017164,
        -0.820322 1.198275 0.025635,
        -0.801018 1.197507 0.009997,
        -0.816935 1.185293 0.009997,
        -0.817220 1.195173 0.017164,
        -0.798990 1.189941 0.004555,
        -0.812770 1.190722 0.009997,
        -0.810152 1.181376 0.004555,
        -0.803378 1.174636 0.001156,
        -0.812681 1.204139 0.025635,
        -0.810488 1.200340 0.017164,
        -0.807340 1.194889 0.009997,
        -0.803423 1.188104 0.004555,
        -0.798967 1.180385 0.001156,
        -0.803645 1.172185 0.001149,
        -0.803701 1.172185 0.001156,
        -0.807230 1.185183 0.004555,
        -0.802433 1.176920 0.001156,
        -0.800928 1.178881 0.001156,
        -0.900409 -1.248893 0.590099,
        -0.900182 -1.250535 0.590013,
        -0.897421 -1.257133 0.589779,
        -0.896252 -1.259927 0.589680,
        -0.892728 -1.264506 0.589615,
        -0.890043 -1.267996 0.589567,
        -0.886554 -1.270681 0.589615,
        -0.881974 -1.274204 0.589680,
        -0.879180 -1.275374 0.589779,
        -0.872583 -1.278135 0.590013,
        -0.870941 -1.278362 0.590099,
        0.821661 -1.199614 0.032635,
        0.804254 -1.209806 0.033520,
        0.804306 -1.209784 0.033517,
        0.813605 -1.205835 0.032860,
        0.813643 -1.205806 0.032859,
        0.827854 -1.191595 0.032859,
        0.827882 -1.191558 0.032860,
        0.831831 -1.182259 0.033517,
        0.831854 -1.182207 0.033520,
        0.831129 -1.172185 0.025635,
        0.830999 -1.172185 0.025383,
        0.826743 -1.172185 0.017164,
        0.826593 -1.172185 0.016994,
        0.820448 -1.172185 0.009997,
        0.820308 -1.172185 0.009900,
        0.812614 -1.172185 0.004555,
        0.812508 -1.172185 0.004514,
        0.803701 -1.172185 0.001156,
        0.803645 -1.172185 0.001149,
        -0.831129 -1.172185 0.025635,
        -0.830999 -1.172185 0.025383,
        -0.826743 -1.172185 0.017164,
        -0.826593 -1.172185 0.016994,
        -0.820448 -1.172185 0.009997,
        -0.820308 -1.172185 0.009900,
        -0.812614 -1.172185 0.004555,
        -0.812508 -1.172185 0.004514,
        -0.803701 -1.172185 0.001156,
        -0.803645 -1.172185 0.001149,
        -0.821661 -1.199614 0.032635,
        -0.831854 -1.182207 0.033520,
        -0.831831 -1.182259 0.033517,
        -0.827882 -1.191558 0.032860,
        -0.827854 -1.191595 0.032859,
        -0.813643 -1.205806 0.032859,
        -0.813605 -1.205835 0.032860,
        -0.804306 -1.209784 0.033517,
        -0.804254 -1.209806 0.033520,
        0.794233 -1.181598 0.001149,
        0.796683 -1.181331 0.001156,
        0.811988 -1.176943 0.004555,
        0.819555 -1.178970 0.009997,
        0.825635 -1.180600 0.017164,
        0.829872 -1.181735 0.025635,
        0.826186 -1.190633 0.025635,
        0.794233 -1.209082 0.025635,
        0.803782 -1.207824 0.025635,
        0.794233 -1.208952 0.025383,
        0.802647 -1.203588 0.017164,
        0.822387 -1.188441 0.017164,
        0.820322 -1.198275 0.025635,
        0.794233 -1.204696 0.017164,
        0.794233 -1.204546 0.016994,
        0.801018 -1.197507 0.009997,
        0.816935 -1.185293 0.009997,
        0.817220 -1.195173 0.017164,
        0.794233 -1.198400 0.009997,
        0.794233 -1.198261 0.009900,
        0.798990 -1.189941 0.004555,
        0.812770 -1.190722 0.009997,
        0.810152 -1.181376 0.004555,
        0.803378 -1.174636 0.001156,
        0.812681 -1.204139 0.025635,
        0.810488 -1.200340 0.017164,
        0.807340 -1.194889 0.009997,
        0.803423 -1.188104 0.004555,
        0.798967 -1.180385 0.001156,
        0.807230 -1.185183 0.004555,
        0.802433 -1.176920 0.001156,
        0.800928 -1.178881 0.001156,
        0.794233 -1.190567 0.004555,
        0.794233 -1.190461 0.004514,
        0.794233 -1.181654 0.001156,
        -0.803378 -1.174636 0.001156,
        -0.794233 -1.190461 0.004514,
        -0.794233 -1.190567 0.004555,
        -0.798990 -1.189941 0.004555,
        -0.794233 -1.198261 0.009900,
        -0.794233 -1.198400 0.009997,
        -0.801018 -1.197507 0.009997,
        -0.802647 -1.203588 0.017164,
        -0.803782 -1.207824 0.025635,
        -0.812681 -1.204139 0.025635,
        -0.829872 -1.181735 0.025635,
        -0.794233 -1.209082 0.025635,
        -0.794233 -1.208952 0.025383,
        -0.794233 -1.204696 0.017164,
        -0.794233 -1.204546 0.016994,
        -0.825635 -1.180600 0.017164,
        -0.810488 -1.200340 0.017164,
        -0.820322 -1.198275 0.025635,
        -0.819555 -1.178970 0.009997,
        -0.807340 -1.194889 0.009997,
        -0.817220 -1.195173 0.017164,
        -0.811988 -1.176943 0.004555,
        -0.812770 -1.190722 0.009997,
        -0.803423 -1.188104 0.004555,
        -0.796683 -1.181331 0.001156,
        -0.826186 -1.190633 0.025635,
        -0.822387 -1.188441 0.017164,
        -0.816935 -1.185293 0.009997,
        -0.810152 -1.181376 0.004555,
        -0.802433 -1.176920 0.001156,
        -0.794233 -1.181598 0.001149,
        -0.794233 -1.181654 0.001156,
        -0.807230 -1.185183 0.004555,
        -0.798967 -1.180385 0.001156,
        -0.800928 -1.178881 0.001156,
      ]
    }
    coordIndex [
      10, 11, 12, -1,
      12, 11, 13, -1,
      14, 15, 16, -1,
      16, 15, 17, -1,
      18, 19, 20, -1,
      21, 22, 23, -1,
      24, 25, 26, -1,
      26, 25, 27, -1,
      26, 27, 28, -1,
      18, 20, 29, -1,
      29, 20, 21, -1,
      29, 21, 30, -1,
      30, 21, 31, -1,
      30, 31, 32, -1,
      19, 33, 20, -1,
      20, 33, 34, -1,
      20, 34, 35, -1,
      36, 37, 20, -1,
      20, 37, 38, -1,
      39, 40, 41, -1,
      41, 40, 42, -1,
      38, 43, 20, -1,
      20, 43, 42, -1,
      20, 42, 44, -1,
      44, 42, 40, -1,
      35, 45, 20, -1,
      20, 45, 46, -1,
      20, 46, 36, -1,
      28, 47, 26, -1,
      26, 47, 48, -1,
      26, 48, 49, -1,
      49, 48, 50, -1,
      49, 50, 51, -1,
      52, 53, 31, -1,
      31, 53, 54, -1,
      31, 54, 55, -1,
      50, 56, 51, -1,
      51, 56, 57, -1,
      51, 57, 58, -1,
      58, 57, 59, -1,
      58, 59, 60, -1,
      55, 61, 31, -1,
      31, 61, 62, -1,
      31, 62, 32, -1,
      22, 63, 23, -1,
      23, 63, 64, -1,
      23, 64, 65, -1,
      64, 66, 65, -1,
      65, 66, 67, -1,
      65, 67, 25, -1,
      60, 52, 58, -1,
      58, 52, 31, -1,
      58, 31, 68, -1,
      68, 31, 69, -1,
      68, 69, 24, -1,
      24, 69, 70, -1,
      24, 70, 25, -1,
      25, 70, 71, -1,
      25, 71, 65, -1,
      23, 72, 73, -1,
      74, 75, 76, -1,
      77, 78, 79, -1,
      21, 23, 31, -1,
      31, 23, 73, -1,
      31, 73, 80, -1,
      80, 73, 81, -1,
      80, 81, 77, -1,
      82, 83, 84, -1,
      84, 83, 80, -1,
      84, 80, 85, -1,
      86, 87, 88, -1,
      88, 87, 89, -1,
      76, 90, 74, -1,
      74, 90, 91, -1,
      74, 91, 92, -1,
      85, 93, 94, -1,
      95, 96, 89, -1,
      89, 96, 97, -1,
      89, 97, 88, -1,
      88, 97, 98, -1,
      94, 99, 85, -1,
      85, 99, 100, -1,
      85, 100, 101, -1,
      79, 87, 77, -1,
      77, 87, 86, -1,
      77, 86, 80, -1,
      80, 86, 102, -1,
      80, 102, 85, -1,
      85, 102, 103, -1,
      85, 103, 93, -1,
      101, 104, 85, -1,
      85, 104, 105, -1,
      85, 105, 74, -1,
      74, 105, 106, -1,
      74, 106, 75, -1,
      107, 88, 23, -1,
      23, 88, 98, -1,
      23, 98, 72, -1,
      108, 109, 110, -1,
      110, 109, 111, -1,
      110, 111, 23, -1,
      23, 111, 74, -1,
      23, 74, 107, -1,
      107, 74, 92, -1,
      82, 110, 83, -1,
      83, 110, 23, -1,
      83, 23, 112, -1,
      112, 23, 65, -1,
      113, 114, 115, -1,
      116, 117, 118, -1,
      119, 120, 121, -1,
      122, 123, 124, -1,
      124, 123, 125, -1,
      126, 127, 128, -1,
      129, 130, 131, -1,
      131, 130, 132, -1,
      130, 126, 132, -1,
      132, 126, 128, -1,
      132, 128, 133, -1,
      125, 134, 124, -1,
      124, 134, 135, -1,
      124, 135, 131, -1,
      131, 135, 136, -1,
      131, 136, 129, -1,
      128, 119, 133, -1,
      133, 119, 121, -1,
      133, 121, 137, -1,
      137, 121, 138, -1,
      137, 138, 139, -1,
      140, 141, 142, -1,
      142, 141, 143, -1,
      144, 145, 146, -1,
      146, 145, 147, -1,
      146, 147, 148, -1,
      149, 150, 151, -1,
      151, 150, 152, -1,
      151, 152, 153, -1,
      148, 154, 146, -1,
      146, 154, 155, -1,
      146, 155, 156, -1,
      140, 142, 151, -1,
      151, 142, 157, -1,
      151, 157, 149, -1,
      153, 158, 151, -1,
      151, 158, 159, -1,
      151, 159, 160, -1,
      161, 162, 163, -1,
      163, 162, 164, -1,
      163, 164, 118, -1,
      165, 166, 167, -1,
      167, 166, 168, -1,
      165, 167, 169, -1,
      169, 167, 170, -1,
      169, 170, 171, -1,
      172, 173, 171, -1,
      171, 173, 174, -1,
      171, 174, 169, -1,
      175, 176, 177, -1,
      177, 176, 178, -1,
      178, 179, 171, -1,
      171, 179, 180, -1,
      171, 180, 172, -1,
      181, 182, 183, -1,
      168, 184, 167, -1,
      167, 184, 185, -1,
      167, 185, 186, -1,
      186, 185, 187, -1,
      186, 187, 183, -1,
      183, 187, 188, -1,
      183, 188, 181, -1,
      189, 190, 191, -1,
      190, 192, 191, -1,
      191, 192, 193, -1,
      191, 193, 177, -1,
      177, 193, 194, -1,
      177, 194, 175, -1,
      182, 181, 191, -1,
      191, 181, 195, -1,
      191, 195, 189, -1,
      171, 196, 197, -1,
      178, 171, 177, -1,
      177, 171, 197, -1,
      177, 197, 140, -1,
      140, 197, 198, -1,
      140, 198, 141, -1,
      141, 198, 199, -1,
      141, 199, 200, -1,
      196, 171, 201, -1,
      201, 171, 170, -1,
      201, 170, 200, -1,
      200, 170, 162, -1,
      200, 162, 141, -1,
      141, 162, 161, -1,
      141, 161, 143, -1,
      202, 203, 204, -1,
      205, 206, 186, -1,
      204, 207, 202, -1,
      202, 207, 208, -1,
      202, 208, 209, -1,
      167, 210, 211, -1,
      212, 213, 214, -1,
      214, 213, 215, -1,
      206, 216, 186, -1,
      186, 216, 217, -1,
      186, 217, 167, -1,
      167, 217, 218, -1,
      167, 218, 219, -1,
      209, 220, 202, -1,
      202, 220, 221, -1,
      202, 221, 214, -1,
      214, 221, 222, -1,
      214, 222, 212, -1,
      219, 223, 167, -1,
      167, 223, 224, -1,
      167, 224, 210, -1,
      215, 225, 214, -1,
      214, 225, 226, -1,
      214, 226, 186, -1,
      186, 226, 227, -1,
      186, 227, 205, -1,
      113, 137, 228, -1,
      228, 137, 139, -1,
      228, 139, 229, -1,
      229, 139, 164, -1,
      229, 164, 230, -1,
      230, 164, 162, -1,
      230, 162, 231, -1,
      231, 162, 170, -1,
      231, 170, 202, -1,
      202, 170, 167, -1,
      202, 167, 203, -1,
      203, 167, 211, -1,
      138, 122, 139, -1,
      139, 122, 124, -1,
      139, 124, 164, -1,
      164, 124, 146, -1,
      164, 146, 118, -1,
      118, 146, 156, -1,
      118, 156, 116, -1,
      146, 232, 233, -1,
      232, 146, 234, -1,
      234, 146, 124, -1,
      234, 124, 235, -1,
      235, 124, 131, -1,
      235, 131, 233, -1,
      233, 131, 151, -1,
      233, 151, 146, -1,
      146, 151, 160, -1,
      146, 160, 144, -1,
      113, 115, 137, -1,
      137, 115, 236, -1,
      137, 236, 133, -1,
      133, 236, 237, -1,
      133, 237, 132, -1,
      238, 239, 240, -1,
      240, 239, 241, -1,
      0, 242, 2, -1,
      2, 242, 243, -1,
      244, 245, 246, -1,
      246, 245, 247, -1,
      248, 249, 250, -1,
      250, 249, 251, -1,
      252, 253, 8, -1,
      254, 255, 243, -1,
      243, 255, 2, -1,
      8, 6, 252, -1,
      252, 6, 7, -1,
      252, 7, 255, -1,
      255, 7, 3, -1,
      255, 3, 2, -1,
      256, 257, 244, -1,
      244, 257, 258, -1,
      244, 258, 245, -1,
      245, 258, 259, -1,
      260, 261, 241, -1,
      241, 261, 262, -1,
      241, 262, 240, -1,
      240, 262, 263, -1,
      264, 265, 251, -1,
      251, 265, 250, -1,
      266, 267, 15, -1,
      15, 14, 266, -1,
      266, 14, 11, -1,
      266, 11, 265, -1,
      265, 11, 10, -1,
      265, 10, 250, -1,
      268, 269, 17, -1,
      17, 269, 16, -1,
      270, 271, 249, -1,
      249, 248, 270, -1,
      270, 248, 12, -1,
      270, 12, 269, -1,
      269, 12, 13, -1,
      269, 13, 16, -1,
      238, 272, 273, -1,
      238, 273, 239, -1,
      239, 273, 274, -1,
      239, 274, 275, -1,
      276, 277, 247, -1,
      247, 277, 278, -1,
      247, 278, 246, -1,
      246, 278, 279, -1,
      280, 281, 9, -1,
      9, 281, 4, -1,
      282, 283, 242, -1,
      242, 0, 282, -1,
      282, 0, 1, -1,
      282, 1, 281, -1,
      281, 1, 5, -1,
      281, 5, 4, -1,
      252, 255, 284, -1,
      284, 255, 285, -1,
      284, 285, 286, -1,
      286, 285, 287, -1,
      286, 287, 288, -1,
      288, 287, 289, -1,
      288, 289, 290, -1,
      290, 289, 291, -1,
      290, 291, 292, -1,
      292, 291, 293, -1,
      292, 293, 294, -1,
      294, 293, 295, -1,
      294, 295, 296, -1,
      296, 295, 297, -1,
      296, 297, 298, -1,
      298, 297, 299, -1,
      298, 299, 300, -1,
      300, 299, 301, -1,
      300, 301, 302, -1,
      302, 301, 303, -1,
      182, 191, 303, -1,
      303, 191, 177, -1,
      303, 177, 302, -1,
      302, 177, 140, -1,
      302, 140, 151, -1,
      151, 131, 302, -1,
      302, 131, 132, -1,
      302, 132, 237, -1,
      290, 292, 304, -1,
      305, 306, 307, -1,
      237, 308, 309, -1,
      310, 308, 237, -1,
      307, 306, 237, -1,
      302, 237, 306, -1,
      311, 312, 313, -1,
      312, 311, 314, -1,
      314, 311, 315, -1,
      314, 315, 316, -1,
      316, 315, 317, -1,
      316, 317, 318, -1,
      318, 317, 319, -1,
      318, 319, 320, -1,
      320, 319, 321, -1,
      321, 319, 322, -1,
      321, 322, 323, -1,
      323, 322, 324, -1,
      324, 322, 325, -1,
      324, 325, 261, -1,
      326, 310, 237, -1,
      294, 296, 305, -1,
      305, 296, 298, -1,
      305, 298, 306, -1,
      306, 298, 300, -1,
      306, 300, 302, -1,
      327, 309, 328, -1,
      328, 309, 308, -1,
      328, 308, 329, -1,
      329, 308, 310, -1,
      329, 310, 330, -1,
      326, 331, 310, -1,
      310, 331, 332, -1,
      310, 332, 330, -1,
      330, 332, 333, -1,
      330, 333, 334, -1,
      304, 327, 335, -1,
      335, 327, 328, -1,
      335, 328, 336, -1,
      336, 328, 329, -1,
      336, 329, 337, -1,
      337, 329, 330, -1,
      337, 330, 338, -1,
      338, 330, 334, -1,
      286, 288, 339, -1,
      339, 288, 290, -1,
      290, 304, 339, -1,
      339, 304, 335, -1,
      339, 335, 340, -1,
      340, 335, 336, -1,
      340, 336, 341, -1,
      341, 336, 337, -1,
      341, 337, 342, -1,
      342, 337, 338, -1,
      342, 338, 343, -1,
      292, 294, 304, -1,
      304, 294, 305, -1,
      304, 305, 327, -1,
      327, 305, 307, -1,
      327, 307, 309, -1,
      309, 307, 237, -1,
      286, 311, 284, -1,
      284, 311, 313, -1,
      284, 313, 252, -1,
      334, 344, 338, -1,
      338, 344, 345, -1,
      338, 345, 343, -1,
      343, 345, 346, -1,
      343, 346, 347, -1,
      286, 339, 311, -1,
      311, 339, 340, -1,
      311, 340, 315, -1,
      315, 340, 341, -1,
      315, 341, 317, -1,
      317, 341, 342, -1,
      317, 342, 319, -1,
      319, 342, 343, -1,
      319, 343, 322, -1,
      322, 343, 347, -1,
      322, 347, 325, -1,
      348, 349, 350, -1,
      351, 352, 353, -1,
      182, 354, 355, -1,
      356, 354, 182, -1,
      353, 352, 182, -1,
      357, 182, 352, -1,
      358, 359, 360, -1,
      359, 358, 361, -1,
      361, 358, 362, -1,
      361, 362, 363, -1,
      363, 362, 364, -1,
      363, 364, 365, -1,
      365, 364, 366, -1,
      365, 366, 367, -1,
      367, 366, 368, -1,
      368, 366, 369, -1,
      368, 369, 370, -1,
      370, 369, 371, -1,
      371, 369, 285, -1,
      371, 285, 255, -1,
      303, 356, 182, -1,
      372, 373, 351, -1,
      351, 373, 374, -1,
      351, 374, 352, -1,
      352, 374, 375, -1,
      352, 375, 357, -1,
      376, 355, 377, -1,
      377, 355, 354, -1,
      377, 354, 378, -1,
      378, 354, 356, -1,
      378, 356, 379, -1,
      303, 301, 356, -1,
      356, 301, 299, -1,
      356, 299, 379, -1,
      379, 299, 297, -1,
      379, 297, 295, -1,
      350, 376, 380, -1,
      380, 376, 377, -1,
      380, 377, 381, -1,
      381, 377, 378, -1,
      381, 378, 382, -1,
      382, 378, 379, -1,
      382, 379, 383, -1,
      383, 379, 295, -1,
      384, 385, 386, -1,
      386, 385, 348, -1,
      348, 350, 386, -1,
      386, 350, 380, -1,
      386, 380, 387, -1,
      387, 380, 381, -1,
      387, 381, 388, -1,
      388, 381, 382, -1,
      388, 382, 389, -1,
      389, 382, 383, -1,
      389, 383, 390, -1,
      349, 372, 350, -1,
      350, 372, 351, -1,
      350, 351, 376, -1,
      376, 351, 353, -1,
      376, 353, 355, -1,
      355, 353, 182, -1,
      384, 358, 391, -1,
      391, 358, 360, -1,
      391, 360, 258, -1,
      295, 293, 383, -1,
      383, 293, 291, -1,
      383, 291, 390, -1,
      390, 291, 289, -1,
      390, 289, 287, -1,
      384, 386, 358, -1,
      358, 386, 387, -1,
      358, 387, 362, -1,
      362, 387, 388, -1,
      362, 388, 364, -1,
      364, 388, 389, -1,
      364, 389, 366, -1,
      366, 389, 390, -1,
      366, 390, 369, -1,
      369, 390, 287, -1,
      369, 287, 285, -1,
      262, 261, 392, -1,
      392, 261, 325, -1,
      392, 325, 393, -1,
      393, 325, 347, -1,
      393, 347, 394, -1,
      394, 347, 346, -1,
      394, 346, 395, -1,
      395, 346, 345, -1,
      395, 345, 396, -1,
      396, 345, 344, -1,
      396, 344, 397, -1,
      397, 344, 334, -1,
      397, 334, 398, -1,
      398, 334, 333, -1,
      398, 333, 399, -1,
      399, 333, 332, -1,
      399, 332, 400, -1,
      400, 332, 331, -1,
      400, 331, 401, -1,
      401, 331, 326, -1,
      326, 237, 236, -1,
      326, 236, 401, -1,
      401, 236, 115, -1,
      401, 115, 114, -1,
      402, 253, 252, -1,
      318, 403, 404, -1,
      402, 252, 405, -1,
      405, 252, 313, -1,
      405, 313, 406, -1,
      406, 313, 312, -1,
      406, 312, 407, -1,
      407, 312, 314, -1,
      407, 314, 404, -1,
      404, 314, 316, -1,
      404, 316, 318, -1,
      403, 318, 408, -1,
      408, 318, 320, -1,
      408, 320, 409, -1,
      409, 320, 321, -1,
      409, 321, 410, -1,
      410, 321, 323, -1,
      410, 323, 411, -1,
      411, 323, 324, -1,
      411, 324, 412, -1,
      412, 324, 261, -1,
      412, 261, 260, -1,
      413, 414, 360, -1,
      360, 414, 415, -1,
      360, 415, 258, -1,
      258, 415, 416, -1,
      258, 416, 259, -1,
      360, 359, 413, -1,
      413, 359, 361, -1,
      413, 361, 417, -1,
      417, 361, 363, -1,
      363, 365, 417, -1,
      417, 365, 367, -1,
      417, 367, 418, -1,
      418, 367, 368, -1,
      418, 368, 419, -1,
      419, 368, 370, -1,
      419, 370, 420, -1,
      420, 370, 371, -1,
      420, 371, 421, -1,
      421, 371, 255, -1,
      421, 255, 254, -1,
      422, 214, 186, -1,
      183, 182, 357, -1,
      258, 257, 391, -1,
      391, 257, 423, -1,
      391, 423, 384, -1,
      384, 423, 424, -1,
      384, 424, 385, -1,
      385, 424, 425, -1,
      385, 425, 348, -1,
      348, 425, 426, -1,
      348, 426, 349, -1,
      349, 426, 427, -1,
      349, 427, 372, -1,
      372, 427, 428, -1,
      372, 428, 373, -1,
      373, 428, 429, -1,
      373, 429, 374, -1,
      374, 429, 430, -1,
      374, 430, 375, -1,
      375, 430, 431, -1,
      375, 431, 357, -1,
      357, 431, 422, -1,
      357, 422, 183, -1,
      183, 422, 186, -1,
      432, 433, 434, -1,
      434, 433, 435, -1,
      434, 435, 436, -1,
      436, 435, 437, -1,
      436, 437, 438, -1,
      438, 437, 439, -1,
      438, 439, 440, -1,
      440, 439, 441, -1,
      440, 441, 442, -1,
      442, 441, 443, -1,
      442, 443, 444, -1,
      444, 443, 445, -1,
      444, 445, 446, -1,
      446, 445, 447, -1,
      446, 447, 448, -1,
      448, 447, 449, -1,
      448, 449, 450, -1,
      450, 449, 451, -1,
      450, 451, 265, -1,
      265, 451, 266, -1,
      114, 113, 432, -1,
      432, 113, 228, -1,
      202, 214, 433, -1,
      228, 229, 432, -1,
      432, 229, 230, -1,
      432, 230, 433, -1,
      433, 230, 231, -1,
      433, 231, 202, -1,
      395, 396, 452, -1,
      453, 454, 455, -1,
      114, 456, 457, -1,
      458, 456, 114, -1,
      455, 454, 114, -1,
      401, 114, 454, -1,
      459, 460, 461, -1,
      460, 459, 462, -1,
      462, 459, 463, -1,
      462, 463, 464, -1,
      464, 463, 465, -1,
      464, 465, 466, -1,
      466, 465, 467, -1,
      466, 467, 468, -1,
      468, 467, 469, -1,
      469, 467, 470, -1,
      469, 470, 471, -1,
      471, 470, 472, -1,
      472, 470, 450, -1,
      472, 450, 265, -1,
      432, 458, 114, -1,
      397, 398, 453, -1,
      453, 398, 399, -1,
      453, 399, 454, -1,
      454, 399, 400, -1,
      454, 400, 401, -1,
      473, 457, 474, -1,
      474, 457, 456, -1,
      474, 456, 475, -1,
      475, 456, 458, -1,
      475, 458, 476, -1,
      432, 434, 458, -1,
      458, 434, 436, -1,
      458, 436, 476, -1,
      476, 436, 438, -1,
      476, 438, 440, -1,
      452, 473, 477, -1,
      477, 473, 474, -1,
      477, 474, 478, -1,
      478, 474, 475, -1,
      478, 475, 479, -1,
      479, 475, 476, -1,
      479, 476, 480, -1,
      480, 476, 440, -1,
      393, 394, 481, -1,
      481, 394, 395, -1,
      395, 452, 481, -1,
      481, 452, 477, -1,
      481, 477, 482, -1,
      482, 477, 478, -1,
      482, 478, 483, -1,
      483, 478, 479, -1,
      483, 479, 484, -1,
      484, 479, 480, -1,
      484, 480, 485, -1,
      396, 397, 452, -1,
      452, 397, 453, -1,
      452, 453, 473, -1,
      473, 453, 455, -1,
      473, 455, 457, -1,
      457, 455, 114, -1,
      393, 459, 392, -1,
      392, 459, 461, -1,
      392, 461, 262, -1,
      440, 442, 480, -1,
      480, 442, 444, -1,
      480, 444, 485, -1,
      485, 444, 446, -1,
      485, 446, 448, -1,
      393, 481, 459, -1,
      459, 481, 482, -1,
      459, 482, 463, -1,
      463, 482, 483, -1,
      463, 483, 465, -1,
      465, 483, 484, -1,
      465, 484, 467, -1,
      467, 484, 485, -1,
      467, 485, 470, -1,
      470, 485, 448, -1,
      470, 448, 450, -1,
      486, 412, 260, -1,
      241, 239, 260, -1,
      260, 239, 275, -1,
      260, 275, 486, -1,
      412, 486, 411, -1,
      411, 486, 487, -1,
      411, 487, 410, -1,
      410, 487, 488, -1,
      410, 488, 409, -1,
      409, 488, 489, -1,
      409, 489, 408, -1,
      408, 489, 490, -1,
      408, 490, 403, -1,
      403, 490, 491, -1,
      403, 491, 404, -1,
      404, 491, 492, -1,
      404, 492, 407, -1,
      407, 492, 493, -1,
      407, 493, 406, -1,
      280, 9, 8, -1,
      493, 494, 406, -1,
      406, 494, 495, -1,
      406, 495, 405, -1,
      405, 495, 496, -1,
      405, 496, 402, -1,
      402, 496, 280, -1,
      402, 280, 253, -1,
      253, 280, 8, -1,
      243, 242, 254, -1,
      254, 242, 283, -1,
      254, 283, 421, -1,
      421, 283, 497, -1,
      421, 497, 420, -1,
      420, 497, 498, -1,
      420, 498, 419, -1,
      419, 498, 499, -1,
      419, 499, 418, -1,
      418, 499, 500, -1,
      418, 500, 417, -1,
      417, 500, 501, -1,
      417, 501, 413, -1,
      413, 501, 502, -1,
      413, 502, 414, -1,
      502, 503, 414, -1,
      414, 503, 504, -1,
      414, 504, 415, -1,
      415, 504, 505, -1,
      247, 245, 276, -1,
      276, 245, 259, -1,
      276, 259, 505, -1,
      505, 259, 416, -1,
      505, 416, 415, -1,
      445, 443, 506, -1,
      507, 508, 509, -1,
      214, 510, 511, -1,
      512, 510, 214, -1,
      509, 508, 214, -1,
      433, 214, 508, -1,
      513, 514, 515, -1,
      514, 513, 516, -1,
      516, 513, 517, -1,
      516, 517, 518, -1,
      518, 517, 519, -1,
      518, 519, 520, -1,
      520, 519, 521, -1,
      520, 521, 522, -1,
      522, 521, 523, -1,
      523, 521, 524, -1,
      523, 524, 525, -1,
      525, 524, 526, -1,
      526, 524, 423, -1,
      526, 423, 257, -1,
      422, 512, 214, -1,
      441, 439, 507, -1,
      507, 439, 437, -1,
      507, 437, 508, -1,
      508, 437, 435, -1,
      508, 435, 433, -1,
      527, 511, 528, -1,
      528, 511, 510, -1,
      528, 510, 529, -1,
      529, 510, 512, -1,
      529, 512, 530, -1,
      422, 431, 512, -1,
      512, 431, 430, -1,
      512, 430, 530, -1,
      530, 430, 429, -1,
      530, 429, 428, -1,
      506, 527, 531, -1,
      531, 527, 528, -1,
      531, 528, 532, -1,
      532, 528, 529, -1,
      532, 529, 533, -1,
      533, 529, 530, -1,
      533, 530, 534, -1,
      534, 530, 428, -1,
      449, 447, 535, -1,
      535, 447, 445, -1,
      445, 506, 535, -1,
      535, 506, 531, -1,
      535, 531, 536, -1,
      536, 531, 532, -1,
      536, 532, 537, -1,
      537, 532, 533, -1,
      537, 533, 538, -1,
      538, 533, 534, -1,
      538, 534, 539, -1,
      443, 441, 506, -1,
      506, 441, 507, -1,
      506, 507, 527, -1,
      527, 507, 509, -1,
      527, 509, 511, -1,
      511, 509, 214, -1,
      449, 513, 451, -1,
      451, 513, 515, -1,
      451, 515, 266, -1,
      428, 427, 534, -1,
      534, 427, 426, -1,
      534, 426, 539, -1,
      539, 426, 425, -1,
      539, 425, 424, -1,
      449, 535, 513, -1,
      513, 535, 536, -1,
      513, 536, 517, -1,
      517, 536, 537, -1,
      517, 537, 519, -1,
      519, 537, 538, -1,
      519, 538, 521, -1,
      521, 538, 539, -1,
      521, 539, 524, -1,
      524, 539, 424, -1,
      524, 424, 423, -1,
      540, 263, 262, -1,
      462, 541, 542, -1,
      540, 262, 543, -1,
      543, 262, 461, -1,
      543, 461, 542, -1,
      542, 461, 460, -1,
      542, 460, 462, -1,
      541, 462, 544, -1,
      544, 462, 464, -1,
      544, 464, 545, -1,
      545, 464, 466, -1,
      545, 466, 546, -1,
      546, 466, 468, -1,
      546, 468, 547, -1,
      547, 468, 469, -1,
      547, 469, 548, -1,
      548, 469, 471, -1,
      548, 471, 549, -1,
      549, 471, 472, -1,
      549, 472, 550, -1,
      550, 472, 265, -1,
      550, 265, 264, -1,
      486, 275, 274, -1,
      551, 489, 488, -1,
      486, 274, 487, -1,
      487, 274, 552, -1,
      487, 552, 488, -1,
      488, 552, 553, -1,
      488, 553, 551, -1,
      554, 491, 490, -1,
      489, 551, 490, -1,
      490, 551, 555, -1,
      490, 555, 554, -1,
      491, 554, 492, -1,
      492, 554, 556, -1,
      492, 556, 493, -1,
      493, 556, 557, -1,
      493, 557, 494, -1,
      494, 557, 558, -1,
      494, 558, 495, -1,
      495, 558, 559, -1,
      495, 559, 496, -1,
      496, 559, 281, -1,
      496, 281, 280, -1,
      282, 281, 560, -1,
      560, 281, 561, -1,
      560, 561, 562, -1,
      562, 561, 563, -1,
      562, 563, 564, -1,
      564, 563, 565, -1,
      564, 565, 566, -1,
      566, 565, 567, -1,
      566, 567, 568, -1,
      568, 567, 569, -1,
      568, 569, 570, -1,
      570, 569, 571, -1,
      570, 571, 572, -1,
      572, 571, 573, -1,
      572, 573, 574, -1,
      574, 573, 575, -1,
      574, 575, 576, -1,
      576, 575, 577, -1,
      576, 577, 578, -1,
      577, 579, 578, -1,
      578, 579, 69, -1,
      578, 69, 80, -1,
      500, 499, 580, -1,
      580, 499, 498, -1,
      580, 498, 282, -1,
      282, 498, 497, -1,
      282, 497, 283, -1,
      580, 581, 500, -1,
      500, 581, 582, -1,
      500, 582, 501, -1,
      501, 582, 583, -1,
      583, 584, 501, -1,
      501, 584, 585, -1,
      501, 585, 502, -1,
      502, 585, 586, -1,
      502, 586, 503, -1,
      503, 586, 587, -1,
      503, 587, 504, -1,
      504, 587, 588, -1,
      504, 588, 505, -1,
      505, 588, 277, -1,
      505, 277, 276, -1,
      589, 267, 266, -1,
      516, 590, 591, -1,
      589, 266, 592, -1,
      592, 266, 515, -1,
      592, 515, 591, -1,
      591, 515, 514, -1,
      591, 514, 516, -1,
      520, 593, 594, -1,
      590, 516, 594, -1,
      594, 516, 518, -1,
      594, 518, 520, -1,
      593, 520, 595, -1,
      595, 520, 522, -1,
      595, 522, 596, -1,
      596, 522, 523, -1,
      596, 523, 597, -1,
      597, 523, 525, -1,
      597, 525, 598, -1,
      598, 525, 526, -1,
      598, 526, 599, -1,
      599, 526, 257, -1,
      599, 257, 256, -1,
      251, 249, 264, -1,
      264, 249, 271, -1,
      264, 271, 550, -1,
      550, 271, 600, -1,
      550, 600, 549, -1,
      549, 600, 601, -1,
      549, 601, 548, -1,
      548, 601, 602, -1,
      548, 602, 547, -1,
      547, 602, 603, -1,
      547, 603, 546, -1,
      546, 603, 604, -1,
      546, 604, 545, -1,
      545, 604, 605, -1,
      545, 605, 544, -1,
      544, 605, 606, -1,
      544, 606, 541, -1,
      541, 606, 607, -1,
      541, 607, 542, -1,
      542, 607, 608, -1,
      542, 608, 543, -1,
      543, 608, 609, -1,
      543, 609, 540, -1,
      272, 238, 240, -1,
      609, 610, 540, -1,
      540, 610, 272, -1,
      540, 272, 263, -1,
      263, 272, 240, -1,
      611, 69, 612, -1,
      575, 573, 613, -1,
      571, 569, 614, -1,
      615, 616, 617, -1,
      552, 274, 618, -1,
      551, 553, 619, -1,
      619, 553, 552, -1,
      559, 558, 616, -1,
      616, 558, 557, -1,
      616, 557, 617, -1,
      617, 557, 556, -1,
      617, 556, 554, -1,
      281, 559, 561, -1,
      561, 559, 616, -1,
      561, 616, 563, -1,
      563, 616, 615, -1,
      563, 615, 565, -1,
      565, 615, 567, -1,
      552, 618, 619, -1,
      619, 618, 620, -1,
      619, 620, 621, -1,
      569, 567, 614, -1,
      614, 567, 615, -1,
      614, 615, 622, -1,
      622, 615, 617, -1,
      622, 617, 623, -1,
      623, 617, 554, -1,
      620, 624, 621, -1,
      621, 624, 625, -1,
      621, 625, 626, -1,
      573, 571, 613, -1,
      613, 571, 614, -1,
      613, 614, 627, -1,
      627, 614, 622, -1,
      627, 622, 628, -1,
      628, 622, 623, -1,
      625, 629, 626, -1,
      626, 629, 630, -1,
      626, 630, 631, -1,
      628, 632, 627, -1,
      627, 632, 633, -1,
      627, 633, 613, -1,
      613, 633, 634, -1,
      613, 634, 575, -1,
      555, 551, 635, -1,
      635, 551, 619, -1,
      635, 619, 636, -1,
      636, 619, 621, -1,
      636, 621, 637, -1,
      637, 621, 626, -1,
      637, 626, 638, -1,
      638, 626, 631, -1,
      638, 631, 639, -1,
      639, 631, 612, -1,
      639, 612, 69, -1,
      69, 579, 634, -1,
      634, 579, 577, -1,
      634, 577, 575, -1,
      632, 640, 633, -1,
      633, 640, 641, -1,
      633, 641, 634, -1,
      634, 641, 69, -1,
      640, 642, 641, -1,
      641, 642, 69, -1,
      630, 643, 631, -1,
      631, 643, 644, -1,
      631, 644, 612, -1,
      612, 644, 645, -1,
      612, 645, 611, -1,
      554, 555, 623, -1,
      623, 555, 635, -1,
      623, 635, 628, -1,
      628, 635, 636, -1,
      628, 636, 632, -1,
      632, 636, 637, -1,
      632, 637, 640, -1,
      640, 637, 638, -1,
      640, 638, 642, -1,
      642, 638, 639, -1,
      642, 639, 69, -1,
      578, 80, 646, -1,
      647, 648, 649, -1,
      650, 651, 652, -1,
      653, 654, 655, -1,
      580, 282, 560, -1,
      582, 581, 656, -1,
      656, 581, 580, -1,
      588, 587, 654, -1,
      654, 587, 586, -1,
      654, 586, 655, -1,
      655, 586, 585, -1,
      655, 585, 584, -1,
      277, 588, 657, -1,
      657, 588, 654, -1,
      657, 654, 658, -1,
      658, 654, 653, -1,
      658, 653, 659, -1,
      659, 653, 660, -1,
      580, 560, 656, -1,
      656, 560, 562, -1,
      656, 562, 661, -1,
      651, 660, 652, -1,
      652, 660, 653, -1,
      652, 653, 662, -1,
      662, 653, 655, -1,
      662, 655, 663, -1,
      663, 655, 584, -1,
      562, 564, 661, -1,
      661, 564, 566, -1,
      661, 566, 664, -1,
      648, 650, 649, -1,
      649, 650, 652, -1,
      649, 652, 665, -1,
      665, 652, 662, -1,
      665, 662, 666, -1,
      666, 662, 663, -1,
      566, 568, 664, -1,
      664, 568, 570, -1,
      664, 570, 667, -1,
      666, 668, 665, -1,
      665, 668, 669, -1,
      665, 669, 649, -1,
      649, 669, 670, -1,
      649, 670, 647, -1,
      583, 582, 671, -1,
      671, 582, 656, -1,
      671, 656, 672, -1,
      672, 656, 661, -1,
      672, 661, 673, -1,
      673, 661, 664, -1,
      673, 664, 674, -1,
      674, 664, 667, -1,
      674, 667, 675, -1,
      675, 667, 646, -1,
      675, 646, 80, -1,
      80, 676, 670, -1,
      670, 676, 677, -1,
      670, 677, 647, -1,
      668, 678, 669, -1,
      669, 678, 679, -1,
      669, 679, 670, -1,
      670, 679, 80, -1,
      678, 680, 679, -1,
      679, 680, 80, -1,
      570, 572, 667, -1,
      667, 572, 574, -1,
      667, 574, 646, -1,
      646, 574, 576, -1,
      646, 576, 578, -1,
      584, 583, 663, -1,
      663, 583, 671, -1,
      663, 671, 666, -1,
      666, 671, 672, -1,
      666, 672, 668, -1,
      668, 672, 673, -1,
      668, 673, 678, -1,
      678, 673, 674, -1,
      678, 674, 680, -1,
      680, 674, 675, -1,
      680, 675, 80, -1,
      244, 246, 256, -1,
      256, 246, 279, -1,
      256, 279, 599, -1,
      599, 279, 681, -1,
      599, 681, 598, -1,
      598, 681, 682, -1,
      598, 682, 597, -1,
      597, 682, 683, -1,
      597, 683, 596, -1,
      596, 683, 684, -1,
      596, 684, 595, -1,
      595, 684, 685, -1,
      595, 685, 593, -1,
      593, 685, 686, -1,
      593, 686, 594, -1,
      594, 686, 687, -1,
      594, 687, 590, -1,
      590, 687, 688, -1,
      590, 688, 591, -1,
      688, 689, 591, -1,
      591, 689, 690, -1,
      591, 690, 592, -1,
      592, 690, 691, -1,
      17, 15, 268, -1,
      268, 15, 267, -1,
      268, 267, 691, -1,
      691, 267, 589, -1,
      691, 589, 592, -1,
      600, 271, 270, -1,
      692, 605, 604, -1,
      600, 270, 601, -1,
      601, 270, 693, -1,
      601, 693, 602, -1,
      602, 693, 694, -1,
      602, 694, 603, -1,
      603, 694, 695, -1,
      603, 695, 604, -1,
      604, 695, 696, -1,
      604, 696, 692, -1,
      605, 692, 606, -1,
      606, 692, 697, -1,
      606, 697, 607, -1,
      607, 697, 698, -1,
      607, 698, 608, -1,
      608, 698, 699, -1,
      608, 699, 609, -1,
      609, 699, 700, -1,
      609, 700, 610, -1,
      610, 700, 273, -1,
      610, 273, 272, -1,
      274, 273, 618, -1,
      618, 273, 701, -1,
      618, 701, 620, -1,
      620, 701, 702, -1,
      620, 702, 624, -1,
      624, 702, 703, -1,
      624, 703, 625, -1,
      625, 703, 704, -1,
      625, 704, 629, -1,
      629, 704, 705, -1,
      629, 705, 630, -1,
      630, 705, 706, -1,
      630, 706, 643, -1,
      643, 706, 707, -1,
      643, 707, 644, -1,
      644, 707, 708, -1,
      644, 708, 645, -1,
      645, 708, 709, -1,
      645, 709, 611, -1,
      709, 710, 611, -1,
      611, 710, 71, -1,
      611, 71, 69, -1,
      278, 277, 711, -1,
      711, 277, 657, -1,
      711, 657, 712, -1,
      712, 657, 658, -1,
      712, 658, 713, -1,
      713, 658, 659, -1,
      713, 659, 714, -1,
      714, 659, 660, -1,
      714, 660, 715, -1,
      715, 660, 651, -1,
      715, 651, 716, -1,
      716, 651, 650, -1,
      716, 650, 717, -1,
      717, 650, 648, -1,
      717, 648, 718, -1,
      718, 648, 647, -1,
      718, 647, 719, -1,
      719, 647, 677, -1,
      719, 677, 720, -1,
      677, 676, 720, -1,
      720, 676, 80, -1,
      720, 80, 112, -1,
      681, 279, 278, -1,
      721, 686, 685, -1,
      681, 278, 682, -1,
      682, 278, 722, -1,
      682, 722, 683, -1,
      683, 722, 723, -1,
      683, 723, 684, -1,
      684, 723, 724, -1,
      684, 724, 685, -1,
      685, 724, 725, -1,
      685, 725, 721, -1,
      686, 721, 687, -1,
      687, 721, 726, -1,
      687, 726, 688, -1,
      688, 726, 727, -1,
      688, 727, 689, -1,
      689, 727, 728, -1,
      689, 728, 690, -1,
      690, 728, 729, -1,
      690, 729, 691, -1,
      691, 729, 269, -1,
      691, 269, 268, -1,
      730, 71, 731, -1,
      708, 707, 732, -1,
      706, 705, 733, -1,
      734, 735, 736, -1,
      693, 270, 737, -1,
      695, 694, 738, -1,
      738, 694, 693, -1,
      700, 699, 735, -1,
      735, 699, 698, -1,
      735, 698, 736, -1,
      736, 698, 697, -1,
      736, 697, 692, -1,
      273, 700, 701, -1,
      701, 700, 735, -1,
      701, 735, 702, -1,
      702, 735, 734, -1,
      702, 734, 703, -1,
      703, 734, 704, -1,
      693, 737, 738, -1,
      738, 737, 739, -1,
      738, 739, 740, -1,
      705, 704, 733, -1,
      733, 704, 734, -1,
      733, 734, 741, -1,
      741, 734, 736, -1,
      741, 736, 742, -1,
      742, 736, 692, -1,
      739, 743, 740, -1,
      740, 743, 744, -1,
      740, 744, 745, -1,
      707, 706, 732, -1,
      732, 706, 733, -1,
      732, 733, 746, -1,
      746, 733, 741, -1,
      746, 741, 747, -1,
      747, 741, 742, -1,
      744, 748, 745, -1,
      745, 748, 749, -1,
      745, 749, 750, -1,
      747, 751, 746, -1,
      746, 751, 752, -1,
      746, 752, 732, -1,
      732, 752, 753, -1,
      732, 753, 708, -1,
      696, 695, 754, -1,
      754, 695, 738, -1,
      754, 738, 755, -1,
      755, 738, 740, -1,
      755, 740, 756, -1,
      756, 740, 745, -1,
      756, 745, 757, -1,
      757, 745, 750, -1,
      757, 750, 758, -1,
      758, 750, 731, -1,
      758, 731, 71, -1,
      71, 710, 753, -1,
      753, 710, 709, -1,
      753, 709, 708, -1,
      751, 759, 752, -1,
      752, 759, 760, -1,
      752, 760, 753, -1,
      753, 760, 71, -1,
      759, 761, 760, -1,
      760, 761, 71, -1,
      749, 762, 750, -1,
      750, 762, 763, -1,
      750, 763, 731, -1,
      731, 763, 764, -1,
      731, 764, 730, -1,
      692, 696, 742, -1,
      742, 696, 754, -1,
      742, 754, 747, -1,
      747, 754, 755, -1,
      747, 755, 751, -1,
      751, 755, 756, -1,
      751, 756, 759, -1,
      759, 756, 757, -1,
      759, 757, 761, -1,
      761, 757, 758, -1,
      761, 758, 71, -1,
      720, 112, 765, -1,
      766, 767, 768, -1,
      769, 770, 771, -1,
      772, 773, 774, -1,
      722, 278, 711, -1,
      724, 723, 775, -1,
      775, 723, 722, -1,
      729, 728, 773, -1,
      773, 728, 727, -1,
      773, 727, 774, -1,
      774, 727, 726, -1,
      774, 726, 721, -1,
      269, 729, 776, -1,
      776, 729, 773, -1,
      776, 773, 777, -1,
      777, 773, 772, -1,
      777, 772, 778, -1,
      778, 772, 779, -1,
      722, 711, 775, -1,
      775, 711, 712, -1,
      775, 712, 780, -1,
      770, 779, 771, -1,
      771, 779, 772, -1,
      771, 772, 781, -1,
      781, 772, 774, -1,
      781, 774, 782, -1,
      782, 774, 721, -1,
      712, 713, 780, -1,
      780, 713, 714, -1,
      780, 714, 783, -1,
      767, 769, 768, -1,
      768, 769, 771, -1,
      768, 771, 784, -1,
      784, 771, 781, -1,
      784, 781, 785, -1,
      785, 781, 782, -1,
      714, 715, 783, -1,
      783, 715, 716, -1,
      783, 716, 786, -1,
      785, 787, 784, -1,
      784, 787, 788, -1,
      784, 788, 768, -1,
      768, 788, 789, -1,
      768, 789, 766, -1,
      725, 724, 790, -1,
      790, 724, 775, -1,
      790, 775, 791, -1,
      791, 775, 780, -1,
      791, 780, 792, -1,
      792, 780, 783, -1,
      792, 783, 793, -1,
      793, 783, 786, -1,
      793, 786, 794, -1,
      794, 786, 765, -1,
      794, 765, 112, -1,
      112, 795, 789, -1,
      789, 795, 796, -1,
      789, 796, 766, -1,
      787, 797, 788, -1,
      788, 797, 798, -1,
      788, 798, 789, -1,
      789, 798, 112, -1,
      797, 799, 798, -1,
      798, 799, 112, -1,
      716, 717, 786, -1,
      786, 717, 718, -1,
      786, 718, 765, -1,
      765, 718, 719, -1,
      765, 719, 720, -1,
      721, 725, 782, -1,
      782, 725, 790, -1,
      782, 790, 785, -1,
      785, 790, 791, -1,
      785, 791, 787, -1,
      787, 791, 792, -1,
      787, 792, 797, -1,
      797, 792, 793, -1,
      797, 793, 799, -1,
      799, 793, 794, -1,
      799, 794, 112, -1,
      270, 269, 737, -1,
      737, 269, 776, -1,
      737, 776, 739, -1,
      739, 776, 777, -1,
      739, 777, 743, -1,
      743, 777, 778, -1,
      743, 778, 744, -1,
      744, 778, 779, -1,
      744, 779, 748, -1,
      748, 779, 770, -1,
      748, 770, 749, -1,
      749, 770, 769, -1,
      749, 769, 762, -1,
      762, 769, 767, -1,
      762, 767, 763, -1,
      763, 767, 766, -1,
      763, 766, 764, -1,
      764, 766, 796, -1,
      764, 796, 730, -1,
      796, 795, 730, -1,
      730, 795, 112, -1,
      730, 112, 71, -1,
    ]
  }
}

Shape {
  appearance Appearance {
    material Material {
      diffuseColor 0.6471 0.6471 0.6471
      specularColor 0.3216 0.3216 0.3216
      ambientIntensity 0.2
      transparency 0.0000
      shininess 0.5
    }
  }
  geometry IndexedFaceSet {
    ccw TRUE
    solid FALSE
    coord DEF co Coordinate {
      point [
        0.007052 -0.025561 1.299213,
        -0.043211 -0.025561 1.299213,
        -0.043211 -0.107182 1.299213,
        0.686576 -0.083176 1.299213,
        0.628961 -0.083176 1.299213,
        0.628961 -0.107182 1.299213,
        0.580949 -0.174400 1.299213,
        0.580949 -0.107182 1.299213,
        0.580949 -0.083176 1.299213,
        0.628961 0.219301 1.299213,
        0.628961 -0.039965 1.299213,
        0.686576 -0.039965 1.299213,
        0.537820 0.148251 1.299213,
        0.577648 0.219301 1.299213,
        0.398502 -0.083176 1.299213,
        0.398502 -0.042216 1.299213,
        0.472978 0.051309 1.299213,
        0.628961 -0.174400 1.299213,
        -0.096024 0.219301 1.299213,
        -0.096024 -0.107182 1.299213,
        0.148838 0.101446 1.299213,
        0.145040 0.068297 1.299213,
        0.135718 0.042967 1.299213,
        0.119676 0.019448 1.299213,
        0.052023 0.216372 1.299213,
        0.082920 0.207610 1.299213,
        0.106243 0.194721 1.299213,
        0.122635 0.180011 1.299213,
        0.096198 -0.001416 1.299213,
        0.067251 -0.016546 1.299213,
        0.035943 -0.024240 1.299213,
        0.015304 0.219301 1.299213,
        0.136429 0.159831 1.299213,
        0.144587 0.137786 1.299213,
        0.148752 0.105535 1.299213,
        -0.096024 -0.174400 1.299213,
        -0.043211 -0.174400 1.299213,
        -0.394068 -0.127123 1.299213,
        -0.432076 -0.151978 1.299213,
        -0.475317 -0.167569 1.299213,
        -0.378314 -0.110514 1.299213,
        -0.342469 -0.058358 1.299213,
        -0.363107 -0.094481 1.299213,
        -0.375154 -0.107182 1.299213,
        -0.348466 0.121508 1.299213,
        -0.333281 0.082940 1.299213,
        -0.326901 0.041174 1.299213,
        -0.326483 0.027402 1.299213,
        -0.330247 -0.016593 1.299213,
        -0.643365 0.219301 1.299213,
        -0.523263 -0.174083 1.299213,
        -0.536312 -0.174400 1.299213,
        -0.643365 -0.174400 1.299213,
        -0.643365 -0.107182 1.299213,
        -0.486127 0.215431 1.299213,
        -0.441826 0.202686 1.299213,
        -0.403138 0.181420 1.299213,
        -0.378314 0.159587 1.299213,
        -0.371150 0.153285 1.299213,
        -0.532261 0.219301 1.299213,
        -0.249664 -0.107182 1.299213,
        -0.249664 0.219301 1.299213,
        -0.196850 0.219301 1.299213,
        -0.196850 -0.107182 1.299213,
        -0.196850 -0.174400 1.299213,
        -0.249664 -0.174400 1.299213,
        -0.430145 -0.879476 1.299213,
        -0.434109 -0.909583 1.299213,
        -0.647212 -0.821313 1.299213,
        -0.628726 -0.797222 1.299213,
        -0.445730 -0.937639 1.299213,
        -0.464216 -0.961731 1.299213,
        -0.488308 -0.980217 1.299213,
        -0.445730 -0.821313 1.299213,
        -0.434109 -0.849369 1.299213,
        -0.604633 -0.980217 1.299213,
        -0.628726 -0.961731 1.299213,
        -0.647212 -0.937639 1.299213,
        -0.604633 -0.778735 1.299213,
        -0.576578 -0.767114 1.299213,
        -0.546471 -0.763150 1.299213,
        -0.516363 -0.767114 1.299213,
        -0.516363 -0.991838 1.299213,
        -0.546471 -0.995802 1.299213,
        -0.576578 -0.991838 1.299213,
        -0.488308 -0.778735 1.299213,
        -0.464216 -0.797222 1.299213,
        -0.658833 -0.909583 1.299213,
        -0.662796 -0.879476 1.299213,
        -0.658833 -0.849369 1.299213,
        0.206453 -0.039965 1.299213,
        0.206453 -0.001556 1.299213,
        0.355291 -0.039965 1.299213,
        0.355291 -0.001556 1.299213,
        -0.536312 -0.174400 1.295276,
        -0.643365 -0.174400 1.295276,
        -0.643365 0.219301 1.295276,
        -0.532261 0.219301 1.295276,
        -0.326483 0.027402 1.295276,
        -0.326901 0.041174 1.295276,
        -0.333281 0.082940 1.295276,
        -0.348466 0.121508 1.295276,
        -0.371150 0.153285 1.295276,
        -0.403138 0.181420 1.295276,
        -0.441826 0.202686 1.295276,
        -0.486127 0.215431 1.295276,
        -0.363107 -0.094481 1.295276,
        -0.394068 -0.127123 1.295276,
        -0.432076 -0.151978 1.295276,
        -0.475317 -0.167569 1.295276,
        -0.523263 -0.174083 1.295276,
        -0.342469 -0.058358 1.295276,
        -0.330247 -0.016593 1.295276,
        -0.534662 -0.131189 1.295276,
        -0.590551 -0.131189 1.295276,
        -0.590551 0.176090 1.295276,
        -0.496419 -0.127942 1.295276,
        -0.461714 -0.117741 1.295276,
        -0.434508 -0.102072 1.295276,
        -0.412115 -0.080532 1.295276,
        -0.395222 -0.053721 1.295276,
        -0.384604 -0.023022 1.295276,
        -0.379374 0.022913 1.295276,
        -0.379297 0.026277 1.295276,
        -0.382199 0.062975 1.295276,
        -0.391451 0.095685 1.295276,
        -0.405000 0.120179 1.295276,
        -0.423991 0.140646 1.295276,
        -0.452583 0.159371 1.295276,
        -0.484922 0.170910 1.295276,
        -0.530225 0.176043 1.295276,
        -0.532486 0.176090 1.295276,
        -0.532486 0.176090 1.299213,
        -0.590551 0.176090 1.299213,
        -0.530225 0.176043 1.299213,
        -0.484922 0.170910 1.299213,
        -0.452583 0.159371 1.299213,
        -0.423991 0.140646 1.299213,
        -0.405000 0.120179 1.299213,
        -0.391451 0.095685 1.299213,
        -0.382199 0.062975 1.299213,
        -0.379297 0.026277 1.299213,
        -0.379374 0.022913 1.299213,
        -0.384604 -0.023022 1.299213,
        -0.395222 -0.053721 1.299213,
        -0.412115 -0.080532 1.299213,
        -0.434508 -0.102072 1.299213,
        -0.461714 -0.117741 1.299213,
        -0.496419 -0.127942 1.299213,
        -0.534662 -0.131189 1.299213,
        -0.590551 -0.131189 1.299213,
        -0.249664 0.219301 1.295276,
        -0.196850 0.219301 1.295276,
        -0.196850 -0.174400 1.295276,
        -0.249664 -0.174400 1.295276,
        0.007052 -0.025561 1.295276,
        -0.043211 -0.025561 1.295276,
        -0.043211 -0.174400 1.295276,
        -0.096024 -0.174400 1.295276,
        -0.096024 0.219301 1.295276,
        0.015304 0.219301 1.295276,
        0.148838 0.101446 1.295276,
        0.148752 0.105535 1.295276,
        0.144587 0.137786 1.295276,
        0.136429 0.159831 1.295276,
        0.122635 0.180011 1.295276,
        0.106243 0.194721 1.295276,
        0.082920 0.207610 1.295276,
        0.052023 0.216372 1.295276,
        0.035943 -0.024240 1.295276,
        0.067251 -0.016546 1.295276,
        0.096198 -0.001416 1.295276,
        0.119676 0.019448 1.295276,
        0.135718 0.042967 1.295276,
        0.145040 0.068297 1.295276,
        -0.043211 0.176090 1.295276,
        0.007727 0.176090 1.295276,
        0.017215 0.175852 1.295276,
        0.046267 0.171316 1.295276,
        0.064050 0.163901 1.295276,
        0.073599 0.157275 1.295276,
        0.082443 0.147746 1.295276,
        0.089530 0.135301 1.295276,
        0.094339 0.119359 1.295276,
        0.096024 0.099420 1.295276,
        0.095991 0.097784 1.295276,
        0.093131 0.073986 1.295276,
        0.087485 0.058603 1.295276,
        0.078365 0.044925 1.295276,
        0.065712 0.033642 1.295276,
        0.050102 0.025357 1.295276,
        0.029561 0.019783 1.295276,
        0.002926 0.017650 1.295276,
        -0.043211 0.017650 1.295276,
        0.007727 0.176090 1.299213,
        -0.043211 0.176090 1.299213,
        0.017215 0.175852 1.299213,
        0.046267 0.171316 1.299213,
        0.064050 0.163901 1.299213,
        0.073599 0.157275 1.299213,
        0.082443 0.147746 1.299213,
        0.089530 0.135301 1.299213,
        0.094339 0.119359 1.299213,
        0.096024 0.099420 1.299213,
        0.095991 0.097784 1.299213,
        0.093131 0.073986 1.299213,
        0.087485 0.058603 1.299213,
        0.078365 0.044925 1.299213,
        0.065712 0.033642 1.299213,
        0.050102 0.025357 1.299213,
        0.029561 0.019783 1.299213,
        0.002926 0.017650 1.299213,
        -0.043211 0.017650 1.299213,
        0.355291 -0.001556 1.295276,
        0.355291 -0.039965 1.295276,
        0.206453 -0.039965 1.295276,
        0.206453 -0.001556 1.295276,
        0.577648 0.219301 1.295276,
        0.628961 0.219301 1.295276,
        0.628961 -0.039965 1.295276,
        0.686576 -0.039965 1.295276,
        0.686576 -0.083176 1.295276,
        0.628961 -0.083176 1.295276,
        0.628961 -0.174400 1.295276,
        0.580949 -0.174400 1.295276,
        0.580949 -0.083176 1.295276,
        0.398502 -0.083176 1.295276,
        0.398502 -0.042216 1.295276,
        0.537820 0.148251 1.295276,
        0.472978 0.051309 1.295276,
        0.580949 0.147058 1.295276,
        0.580949 -0.039965 1.295276,
        0.521757 0.050733 1.295276,
        0.454241 -0.039965 1.295276,
        0.454241 -0.039965 1.299213,
        0.521757 0.050733 1.299213,
        0.580949 0.147058 1.299213,
        0.580949 -0.039965 1.299213,
        -0.430145 -0.879476 1.295276,
        -0.434109 -0.849369 1.295276,
        -0.445730 -0.821313 1.295276,
        -0.464216 -0.797222 1.295276,
        -0.488308 -0.778735 1.295276,
        -0.516363 -0.767114 1.295276,
        -0.546471 -0.763150 1.295276,
        -0.576578 -0.767114 1.295276,
        -0.604633 -0.778735 1.295276,
        -0.628726 -0.797222 1.295276,
        -0.647212 -0.821313 1.295276,
        -0.658833 -0.849369 1.295276,
        -0.662796 -0.879476 1.295276,
        -0.658833 -0.909583 1.295276,
        -0.647212 -0.937639 1.295276,
        -0.628726 -0.961731 1.295276,
        -0.604633 -0.980217 1.295276,
        -0.576578 -0.991838 1.295276,
        -0.546471 -0.995802 1.295276,
        -0.516363 -0.991838 1.295276,
        -0.488308 -0.980217 1.295276,
        -0.464216 -0.961731 1.295276,
        -0.445730 -0.937639 1.295276,
        -0.434109 -0.909583 1.295276,
        -0.546471 -0.879476 1.295276,
      ]
    }
    coordIndex [
      94, 95, 51, -1,
      51, 95, 52, -1,
      52, 95, 53, -1,
      53, 95, 96, -1,
      53, 96, 49, -1,
      96, 97, 49, -1,
      49, 97, 59, -1,
      98, 47, 46, -1,
      98, 46, 99, -1,
      99, 46, 45, -1,
      99, 45, 100, -1,
      100, 45, 44, -1,
      100, 44, 101, -1,
      101, 44, 58, -1,
      101, 58, 102, -1,
      102, 58, 57, -1,
      102, 57, 103, -1,
      57, 56, 103, -1,
      103, 56, 55, -1,
      103, 55, 104, -1,
      104, 55, 54, -1,
      104, 54, 105, -1,
      105, 54, 59, -1,
      105, 59, 97, -1,
      43, 106, 40, -1,
      40, 106, 107, -1,
      40, 107, 37, -1,
      37, 107, 108, -1,
      37, 108, 38, -1,
      38, 108, 109, -1,
      38, 109, 39, -1,
      39, 109, 110, -1,
      39, 110, 50, -1,
      50, 110, 94, -1,
      50, 94, 51, -1,
      43, 42, 106, -1,
      106, 42, 41, -1,
      106, 41, 111, -1,
      111, 41, 48, -1,
      111, 48, 112, -1,
      112, 48, 47, -1,
      112, 47, 98, -1,
      113, 114, 95, -1,
      95, 114, 96, -1,
      96, 114, 115, -1,
      96, 115, 97, -1,
      95, 94, 113, -1,
      113, 94, 110, -1,
      113, 110, 116, -1,
      116, 110, 109, -1,
      116, 109, 117, -1,
      117, 109, 108, -1,
      117, 108, 118, -1,
      118, 108, 107, -1,
      118, 107, 119, -1,
      119, 107, 106, -1,
      119, 106, 120, -1,
      120, 106, 111, -1,
      120, 111, 121, -1,
      121, 111, 112, -1,
      121, 112, 122, -1,
      122, 112, 98, -1,
      122, 98, 123, -1,
      123, 98, 99, -1,
      123, 99, 124, -1,
      124, 99, 100, -1,
      124, 100, 125, -1,
      125, 100, 101, -1,
      125, 101, 126, -1,
      126, 101, 102, -1,
      126, 102, 127, -1,
      127, 102, 103, -1,
      127, 103, 128, -1,
      128, 103, 104, -1,
      128, 104, 129, -1,
      129, 104, 105, -1,
      129, 105, 130, -1,
      130, 105, 97, -1,
      130, 97, 131, -1,
      131, 97, 115, -1,
      131, 115, 132, -1,
      132, 115, 133, -1,
      131, 132, 134, -1,
      131, 134, 130, -1,
      130, 134, 135, -1,
      130, 135, 129, -1,
      129, 135, 136, -1,
      129, 136, 128, -1,
      128, 136, 137, -1,
      128, 137, 127, -1,
      127, 137, 138, -1,
      127, 138, 126, -1,
      126, 138, 139, -1,
      126, 139, 125, -1,
      125, 139, 140, -1,
      125, 140, 124, -1,
      124, 140, 141, -1,
      124, 141, 123, -1,
      123, 141, 142, -1,
      123, 142, 122, -1,
      122, 142, 143, -1,
      122, 143, 121, -1,
      121, 143, 144, -1,
      121, 144, 120, -1,
      120, 144, 145, -1,
      120, 145, 119, -1,
      119, 145, 146, -1,
      119, 146, 118, -1,
      118, 146, 147, -1,
      118, 147, 117, -1,
      117, 147, 148, -1,
      117, 148, 116, -1,
      116, 148, 149, -1,
      116, 149, 113, -1,
      114, 113, 150, -1,
      150, 113, 149, -1,
      115, 114, 133, -1,
      133, 114, 150, -1,
      151, 152, 61, -1,
      61, 152, 62, -1,
      62, 152, 63, -1,
      63, 152, 153, -1,
      63, 153, 64, -1,
      153, 154, 64, -1,
      64, 154, 65, -1,
      65, 154, 60, -1,
      60, 154, 151, -1,
      60, 151, 61, -1,
      154, 153, 151, -1,
      151, 153, 152, -1,
      155, 156, 0, -1,
      0, 156, 1, -1,
      1, 156, 2, -1,
      2, 156, 157, -1,
      2, 157, 36, -1,
      157, 158, 36, -1,
      36, 158, 35, -1,
      35, 158, 19, -1,
      19, 158, 159, -1,
      19, 159, 18, -1,
      159, 160, 18, -1,
      18, 160, 31, -1,
      161, 20, 34, -1,
      161, 34, 162, -1,
      162, 34, 33, -1,
      162, 33, 163, -1,
      163, 33, 32, -1,
      163, 32, 164, -1,
      164, 32, 27, -1,
      164, 27, 165, -1,
      165, 27, 26, -1,
      165, 26, 166, -1,
      166, 26, 25, -1,
      166, 25, 167, -1,
      167, 25, 24, -1,
      167, 24, 168, -1,
      168, 24, 31, -1,
      168, 31, 160, -1,
      155, 0, 30, -1,
      155, 30, 169, -1,
      169, 30, 29, -1,
      169, 29, 170, -1,
      170, 29, 28, -1,
      170, 28, 171, -1,
      171, 28, 23, -1,
      171, 23, 172, -1,
      172, 23, 22, -1,
      172, 22, 173, -1,
      173, 22, 21, -1,
      173, 21, 174, -1,
      174, 21, 20, -1,
      174, 20, 161, -1,
      159, 158, 156, -1,
      156, 158, 157, -1,
      175, 176, 160, -1,
      160, 176, 177, -1,
      160, 177, 168, -1,
      168, 177, 178, -1,
      168, 178, 167, -1,
      167, 178, 179, -1,
      167, 179, 166, -1,
      166, 179, 180, -1,
      166, 180, 165, -1,
      165, 180, 181, -1,
      165, 181, 164, -1,
      164, 181, 182, -1,
      164, 182, 163, -1,
      163, 182, 183, -1,
      163, 183, 162, -1,
      162, 183, 184, -1,
      162, 184, 161, -1,
      161, 184, 185, -1,
      161, 185, 174, -1,
      174, 185, 186, -1,
      174, 186, 173, -1,
      173, 186, 187, -1,
      173, 187, 172, -1,
      172, 187, 188, -1,
      172, 188, 171, -1,
      171, 188, 189, -1,
      171, 189, 170, -1,
      170, 189, 190, -1,
      170, 190, 169, -1,
      169, 190, 191, -1,
      169, 191, 155, -1,
      155, 191, 192, -1,
      155, 192, 156, -1,
      156, 192, 193, -1,
      156, 193, 159, -1,
      159, 193, 175, -1,
      159, 175, 160, -1,
      176, 175, 194, -1,
      194, 175, 195, -1,
      176, 194, 196, -1,
      176, 196, 177, -1,
      177, 196, 197, -1,
      177, 197, 178, -1,
      178, 197, 198, -1,
      178, 198, 179, -1,
      179, 198, 199, -1,
      179, 199, 180, -1,
      180, 199, 200, -1,
      180, 200, 181, -1,
      181, 200, 201, -1,
      181, 201, 182, -1,
      182, 201, 202, -1,
      182, 202, 183, -1,
      183, 202, 203, -1,
      183, 203, 184, -1,
      184, 203, 204, -1,
      184, 204, 185, -1,
      185, 204, 205, -1,
      185, 205, 186, -1,
      186, 205, 206, -1,
      186, 206, 187, -1,
      187, 206, 207, -1,
      187, 207, 188, -1,
      188, 207, 208, -1,
      188, 208, 189, -1,
      189, 208, 209, -1,
      189, 209, 190, -1,
      190, 209, 210, -1,
      190, 210, 191, -1,
      191, 210, 211, -1,
      191, 211, 192, -1,
      193, 192, 212, -1,
      212, 192, 211, -1,
      175, 193, 195, -1,
      195, 193, 212, -1,
      213, 214, 93, -1,
      93, 214, 92, -1,
      214, 215, 92, -1,
      92, 215, 90, -1,
      215, 216, 90, -1,
      90, 216, 91, -1,
      216, 213, 91, -1,
      91, 213, 93, -1,
      216, 215, 213, -1,
      213, 215, 214, -1,
      217, 218, 13, -1,
      13, 218, 9, -1,
      218, 219, 9, -1,
      9, 219, 10, -1,
      219, 220, 10, -1,
      10, 220, 11, -1,
      220, 221, 11, -1,
      11, 221, 3, -1,
      221, 222, 3, -1,
      3, 222, 4, -1,
      4, 222, 5, -1,
      5, 222, 223, -1,
      5, 223, 17, -1,
      223, 224, 17, -1,
      17, 224, 6, -1,
      6, 224, 7, -1,
      7, 224, 225, -1,
      7, 225, 8, -1,
      225, 226, 8, -1,
      8, 226, 14, -1,
      226, 227, 14, -1,
      14, 227, 15, -1,
      217, 13, 12, -1,
      217, 12, 228, -1,
      228, 12, 16, -1,
      228, 16, 229, -1,
      229, 16, 15, -1,
      229, 15, 227, -1,
      218, 230, 219, -1,
      219, 230, 231, -1,
      224, 223, 225, -1,
      225, 223, 222, -1,
      218, 217, 230, -1,
      230, 217, 228, -1,
      230, 228, 232, -1,
      232, 228, 229, -1,
      232, 229, 233, -1,
      221, 220, 222, -1,
      222, 220, 219, -1,
      222, 219, 225, -1,
      225, 219, 231, -1,
      225, 231, 226, -1,
      226, 231, 233, -1,
      226, 233, 227, -1,
      227, 233, 229, -1,
      233, 234, 235, -1,
      233, 235, 232, -1,
      232, 235, 236, -1,
      232, 236, 230, -1,
      231, 230, 237, -1,
      237, 230, 236, -1,
      233, 231, 234, -1,
      234, 231, 237, -1,
      238, 66, 239, -1,
      239, 66, 74, -1,
      239, 74, 240, -1,
      240, 74, 73, -1,
      240, 73, 241, -1,
      241, 73, 86, -1,
      241, 86, 242, -1,
      242, 86, 85, -1,
      242, 85, 243, -1,
      243, 85, 81, -1,
      243, 81, 244, -1,
      244, 81, 80, -1,
      244, 80, 245, -1,
      245, 80, 79, -1,
      245, 79, 246, -1,
      246, 79, 78, -1,
      246, 78, 247, -1,
      247, 78, 69, -1,
      247, 69, 248, -1,
      248, 69, 68, -1,
      248, 68, 249, -1,
      249, 68, 89, -1,
      249, 89, 250, -1,
      250, 89, 88, -1,
      250, 88, 251, -1,
      251, 88, 87, -1,
      251, 87, 252, -1,
      252, 87, 77, -1,
      252, 77, 253, -1,
      253, 77, 76, -1,
      253, 76, 254, -1,
      254, 76, 75, -1,
      254, 75, 255, -1,
      255, 75, 84, -1,
      255, 84, 256, -1,
      256, 84, 83, -1,
      256, 83, 257, -1,
      257, 83, 82, -1,
      257, 82, 258, -1,
      258, 82, 72, -1,
      258, 72, 259, -1,
      259, 72, 71, -1,
      259, 71, 260, -1,
      260, 71, 70, -1,
      260, 70, 261, -1,
      261, 70, 67, -1,
      261, 67, 238, -1,
      238, 67, 66, -1,
      260, 261, 262, -1,
      262, 261, 238, -1,
      262, 238, 239, -1,
      257, 258, 262, -1,
      262, 258, 259, -1,
      262, 259, 260, -1,
      254, 255, 262, -1,
      262, 255, 256, -1,
      262, 256, 257, -1,
      251, 252, 262, -1,
      262, 252, 253, -1,
      262, 253, 254, -1,
      248, 249, 262, -1,
      262, 249, 250, -1,
      262, 250, 251, -1,
      245, 246, 262, -1,
      262, 246, 247, -1,
      262, 247, 248, -1,
      242, 243, 262, -1,
      262, 243, 244, -1,
      262, 244, 245, -1,
      239, 240, 262, -1,
      262, 240, 241, -1,
      262, 241, 242, -1,
    ]
  }
}

Shape {
  appearance Appearance {
    material Material {
      diffuseColor 1.0000 1.0000 1.0000
      specularColor 0.3020 0.3020 0.3020
      ambientIntensity 0.2
      transparency 0.0000
      shininess 0.5
    }
  }
  geometry IndexedFaceSet {
    ccw TRUE
    solid FALSE
    coord DEF co Coordinate {
      point [
        -0.532486 0.176090 1.299213,
        -0.590551 0.176090 1.299213,
        -0.530225 0.176043 1.299213,
        -0.484922 0.170910 1.299213,
        -0.452583 0.159371 1.299213,
        -0.423991 0.140646 1.299213,
        -0.405000 0.120179 1.299213,
        -0.391451 0.095685 1.299213,
        -0.382199 0.062975 1.299213,
        -0.379297 0.026277 1.299213,
        -0.379374 0.022913 1.299213,
        -0.384604 -0.023022 1.299213,
        -0.395222 -0.053721 1.299213,
        -0.412115 -0.080532 1.299213,
        -0.434508 -0.102072 1.299213,
        -0.461714 -0.117741 1.299213,
        -0.496419 -0.127942 1.299213,
        -0.534662 -0.131189 1.299213,
        -0.590551 -0.131189 1.299213,
        0.007727 0.176090 1.299213,
        -0.043211 0.176090 1.299213,
        0.017215 0.175852 1.299213,
        0.046267 0.171316 1.299213,
        0.064050 0.163901 1.299213,
        0.073599 0.157275 1.299213,
        0.082443 0.147746 1.299213,
        0.089530 0.135301 1.299213,
        0.094339 0.119359 1.299213,
        0.096024 0.099420 1.299213,
        0.095991 0.097784 1.299213,
        0.093131 0.073986 1.299213,
        0.087485 0.058603 1.299213,
        0.078365 0.044925 1.299213,
        0.065712 0.033642 1.299213,
        0.050102 0.025357 1.299213,
        0.029561 0.019783 1.299213,
        0.002926 0.017650 1.299213,
        -0.043211 0.017650 1.299213,
        0.454241 -0.039965 1.299213,
        0.521757 0.050733 1.299213,
        0.580949 0.147058 1.299213,
        0.580949 -0.039965 1.299213,
      ]
    }
    coordIndex [
      0, 1, 18, -1,
      12, 11, 0, -1,
      0, 11, 10, -1,
      0, 10, 2, -1,
      2, 10, 9, -1,
      18, 17, 0, -1,
      0, 17, 16, -1,
      0, 16, 15, -1,
      9, 8, 2, -1,
      2, 8, 7, -1,
      2, 7, 3, -1,
      15, 14, 0, -1,
      0, 14, 13, -1,
      0, 13, 12, -1,
      3, 7, 4, -1,
      4, 7, 6, -1,
      4, 6, 5, -1,
      20, 37, 19, -1,
      19, 37, 36, -1,
      36, 35, 19, -1,
      19, 35, 34, -1,
      19, 34, 33, -1,
      30, 29, 19, -1,
      19, 29, 28, -1,
      19, 28, 21, -1,
      21, 28, 27, -1,
      21, 27, 22, -1,
      22, 27, 23, -1,
      33, 32, 19, -1,
      19, 32, 31, -1,
      19, 31, 30, -1,
      23, 27, 24, -1,
      24, 27, 26, -1,
      24, 26, 25, -1,
      38, 41, 39, -1,
      39, 41, 40, -1,
    ]
  }
}

Shape {
  appearance Appearance {
    material Material {
      diffuseColor 0.6471 0.6471 0.6471
      specularColor 0.3216 0.3216 0.3216
      ambientIntensity 0.2
      transparency 0.0000
      shininess 0.5
    }
  }
  geometry IndexedFaceSet {
    ccw TRUE
    solid FALSE
    coord DEF co Coordinate {
      point [
        0.168531 0.003246 0.000000,
        0.187914 0.001069 0.000000,
        0.125959 -0.144546 0.000000,
        0.122431 -0.142591 0.000000,
        0.122431 -0.164197 0.000000,
        0.386499 -0.174400 0.000000,
        0.188172 -0.175600 0.000000,
        0.285673 -0.174400 0.000000,
        0.200854 -0.174285 0.000000,
        0.219934 -0.167718 0.000000,
        0.144604 0.000137 0.000000,
        0.122431 -0.009357 0.000000,
        0.122431 0.017050 0.000000,
        0.202648 -0.004248 0.000000,
        0.216273 -0.013363 0.000000,
        0.228160 -0.026487 0.000000,
        0.242462 -0.078075 0.000000,
        0.240469 -0.099385 0.000000,
        0.235121 -0.116317 0.000000,
        0.191317 -0.153135 0.000000,
        0.172957 -0.155194 0.000000,
        0.205661 -0.147855 0.000000,
        0.217742 -0.139712 0.000000,
        0.226980 -0.129967 0.000000,
        0.146827 -0.152294 0.000000,
        0.236276 -0.041685 0.000000,
        0.241523 -0.062759 0.000000,
        0.235768 -0.157606 0.000000,
        0.250554 -0.142040 0.000000,
        0.285673 -0.152794 0.000000,
        0.261041 -0.123322 0.000000,
        0.360092 -0.152794 0.000000,
        0.246942 -0.010993 0.000000,
        0.229170 0.006099 0.000000,
        0.210472 0.016862 0.000000,
        0.188527 0.023237 0.000000,
        0.266965 -0.102485 0.000000,
        0.268869 -0.079688 0.000000,
        0.360092 0.022451 0.000000,
        0.266037 -0.051702 0.000000,
        0.258480 -0.029397 0.000000,
        0.168756 0.024852 0.000000,
        0.145191 0.023225 0.000000,
        0.143415 -0.172813 0.000000,
        0.163306 -0.175600 0.000000,
        0.171213 -0.176708 0.000000,
        0.176595 -0.176800 0.000000,
        0.386499 0.022451 0.000000,
        0.084022 -0.174400 0.000000,
        0.084022 0.022451 0.000000,
        -0.232859 -0.174400 0.000000,
        -0.208626 -0.120447 0.000000,
        -0.197337 -0.138054 0.000000,
        -0.016804 0.000845 0.000000,
        0.057615 0.000845 0.000000,
        0.057615 -0.063971 0.000000,
        -0.016804 0.022451 0.000000,
        -0.410505 -0.174400 0.000000,
        -0.333685 0.022451 0.000000,
        -0.307279 0.022451 0.000000,
        -0.060015 0.022451 0.000000,
        -0.012003 -0.063971 0.000000,
        -0.060015 -0.174400 0.000000,
        -0.012003 -0.085577 0.000000,
        -0.181135 -0.153568 0.000000,
        -0.160581 -0.165513 0.000000,
        -0.137898 -0.172274 0.000000,
        -0.167038 0.011323 0.000000,
        -0.188464 -0.003035 0.000000,
        0.057615 -0.085577 0.000000,
        0.057615 -0.152794 0.000000,
        -0.021606 -0.152794 0.000000,
        -0.021606 -0.174400 0.000000,
        -0.188670 -0.003216 0.000000,
        -0.202590 -0.018652 0.000000,
        -0.211738 -0.035581 0.000000,
        -0.115567 0.022451 0.000000,
        -0.144007 0.019411 0.000000,
        -0.217025 -0.054976 0.000000,
        -0.218456 -0.073499 0.000000,
        -0.215694 -0.099843 0.000000,
        -0.113542 -0.174400 0.000000,
        -0.361780 -0.119185 0.000000,
        -0.280459 -0.119185 0.000000,
        -0.381698 -0.174400 0.000000,
        -0.261667 -0.174400 0.000000,
        0.285673 -0.152794 0.003937,
        0.285673 -0.174400 0.003937,
        0.386499 -0.174400 0.003937,
        0.386499 0.022451 0.003937,
        0.360092 0.022451 0.003937,
        0.360092 -0.152794 0.003937,
        0.122431 -0.142591 0.003937,
        0.122431 -0.164197 0.003937,
        0.143415 -0.172813 0.003937,
        0.176595 -0.176800 0.003937,
        0.171213 -0.176708 0.003937,
        0.268869 -0.079688 0.003937,
        0.266965 -0.102485 0.003937,
        0.261041 -0.123322 0.003937,
        0.250554 -0.142040 0.003937,
        0.235768 -0.157606 0.003937,
        0.219934 -0.167718 0.003937,
        0.200854 -0.174285 0.003937,
        0.168756 0.024852 0.003937,
        0.188527 0.023237 0.003937,
        0.210472 0.016862 0.003937,
        0.229170 0.006099 0.003937,
        0.246942 -0.010993 0.003937,
        0.258480 -0.029397 0.003937,
        0.266037 -0.051702 0.003937,
        0.122431 0.017050 0.003937,
        0.145191 0.023225 0.003937,
        0.122431 -0.009357 0.003937,
        0.168531 0.003246 0.003937,
        0.144604 0.000137 0.003937,
        0.242462 -0.078075 0.003937,
        0.241523 -0.062759 0.003937,
        0.236276 -0.041685 0.003937,
        0.228160 -0.026487 0.003937,
        0.216273 -0.013363 0.003937,
        0.202648 -0.004248 0.003937,
        0.187914 0.001069 0.003937,
        0.172957 -0.155194 0.003937,
        0.191317 -0.153135 0.003937,
        0.205661 -0.147855 0.003937,
        0.217742 -0.139712 0.003937,
        0.226980 -0.129967 0.003937,
        0.235121 -0.116317 0.003937,
        0.240469 -0.099385 0.003937,
        0.125959 -0.144546 0.003937,
        0.146827 -0.152294 0.003937,
        -0.021606 -0.152794 0.003937,
        -0.021606 -0.174400 0.003937,
        0.084022 -0.174400 0.003937,
        0.084022 0.022451 0.003937,
        -0.016804 0.022451 0.003937,
        -0.016804 0.000845 0.003937,
        0.057615 0.000845 0.003937,
        0.057615 -0.063971 0.003937,
        -0.012003 -0.063971 0.003937,
        -0.012003 -0.085577 0.003937,
        0.057615 -0.085577 0.003937,
        0.057615 -0.152794 0.003937,
        -0.113542 -0.174400 0.003937,
        -0.060015 -0.174400 0.003937,
        -0.060015 0.022451 0.003937,
        -0.115567 0.022451 0.003937,
        -0.218456 -0.073499 0.003937,
        -0.217025 -0.054976 0.003937,
        -0.211738 -0.035581 0.003937,
        -0.202590 -0.018652 0.003937,
        -0.188670 -0.003216 0.003937,
        -0.188464 -0.003035 0.003937,
        -0.167038 0.011323 0.003937,
        -0.144007 0.019411 0.003937,
        -0.137898 -0.172274 0.003937,
        -0.160581 -0.165513 0.003937,
        -0.181135 -0.153568 0.003937,
        -0.197337 -0.138054 0.003937,
        -0.208626 -0.120447 0.003937,
        -0.215694 -0.099843 0.003937,
        -0.178943 -0.026759 0.003937,
        -0.169381 -0.016607 0.003937,
        -0.155002 -0.007318 0.003937,
        -0.138754 -0.001631 0.003937,
        -0.115455 0.000845 0.003937,
        -0.086422 0.000845 0.003937,
        -0.086422 -0.152794 0.003937,
        -0.114367 -0.152794 0.003937,
        -0.135135 -0.150861 0.003937,
        -0.151700 -0.145691 0.003937,
        -0.165125 -0.137719 0.003937,
        -0.176166 -0.126813 0.003937,
        -0.184468 -0.113241 0.003937,
        -0.190242 -0.094737 0.003937,
        -0.192049 -0.074061 0.003937,
        -0.190377 -0.054470 0.003937,
        -0.185781 -0.038900 0.003937,
        -0.115455 0.000845 0.000000,
        -0.086422 0.000845 0.000000,
        -0.138754 -0.001631 0.000000,
        -0.155002 -0.007318 0.000000,
        -0.169381 -0.016607 0.000000,
        -0.178943 -0.026759 0.000000,
        -0.185781 -0.038900 0.000000,
        -0.190377 -0.054470 0.000000,
        -0.192049 -0.074061 0.000000,
        -0.190242 -0.094737 0.000000,
        -0.184468 -0.113241 0.000000,
        -0.176166 -0.126813 0.000000,
        -0.165125 -0.137719 0.000000,
        -0.151700 -0.145691 0.000000,
        -0.135135 -0.150861 0.000000,
        -0.114367 -0.152794 0.000000,
        -0.086422 -0.152794 0.000000,
        -0.333685 0.022451 0.003937,
        -0.410505 -0.174400 0.003937,
        -0.381698 -0.174400 0.003937,
        -0.361780 -0.119185 0.003937,
        -0.280459 -0.119185 0.003937,
        -0.261667 -0.174400 0.003937,
        -0.232859 -0.174400 0.003937,
        -0.307279 0.022451 0.003937,
        -0.287098 -0.097580 0.003937,
        -0.352928 -0.097580 0.003937,
        -0.316469 -0.015359 0.003937,
        -0.318363 -0.008531 0.003937,
        -0.319619 -0.001556 0.003937,
        -0.320257 -0.001556 0.003937,
        -0.321541 -0.008511 0.003937,
        -0.323295 -0.015359 0.003937,
        -0.287098 -0.097580 0.000000,
        -0.352928 -0.097580 0.000000,
        -0.316469 -0.015359 0.000000,
        -0.318363 -0.008531 0.000000,
        -0.319619 -0.001556 0.000000,
        -0.320257 -0.001556 0.000000,
        -0.321541 -0.008511 0.000000,
        -0.323295 -0.015359 0.000000,
      ]
    }
    coordIndex [
      86, 87, 29, -1,
      29, 87, 7, -1,
      87, 88, 7, -1,
      7, 88, 5, -1,
      88, 89, 5, -1,
      5, 89, 47, -1,
      89, 90, 47, -1,
      47, 90, 38, -1,
      90, 91, 38, -1,
      38, 91, 31, -1,
      91, 86, 31, -1,
      31, 86, 29, -1,
      90, 89, 91, -1,
      91, 89, 88, -1,
      91, 88, 86, -1,
      86, 88, 87, -1,
      92, 93, 3, -1,
      3, 93, 4, -1,
      4, 93, 94, -1,
      95, 46, 45, -1,
      95, 45, 96, -1,
      96, 45, 44, -1,
      96, 44, 94, -1,
      94, 44, 43, -1,
      94, 43, 4, -1,
      97, 37, 36, -1,
      97, 36, 98, -1,
      98, 36, 30, -1,
      98, 30, 99, -1,
      99, 30, 28, -1,
      99, 28, 100, -1,
      100, 28, 27, -1,
      100, 27, 101, -1,
      101, 27, 9, -1,
      101, 9, 102, -1,
      102, 9, 8, -1,
      102, 8, 103, -1,
      103, 8, 95, -1,
      95, 8, 6, -1,
      95, 6, 46, -1,
      104, 41, 35, -1,
      104, 35, 105, -1,
      105, 35, 34, -1,
      105, 34, 106, -1,
      106, 34, 33, -1,
      106, 33, 107, -1,
      107, 33, 32, -1,
      107, 32, 108, -1,
      108, 32, 40, -1,
      108, 40, 109, -1,
      109, 40, 39, -1,
      109, 39, 110, -1,
      110, 39, 37, -1,
      110, 37, 97, -1,
      111, 12, 42, -1,
      111, 42, 112, -1,
      112, 42, 41, -1,
      112, 41, 104, -1,
      111, 113, 12, -1,
      12, 113, 11, -1,
      114, 0, 10, -1,
      114, 10, 115, -1,
      115, 10, 11, -1,
      115, 11, 113, -1,
      116, 16, 26, -1,
      116, 26, 117, -1,
      117, 26, 25, -1,
      117, 25, 118, -1,
      118, 25, 15, -1,
      118, 15, 119, -1,
      119, 15, 14, -1,
      119, 14, 120, -1,
      120, 14, 13, -1,
      120, 13, 121, -1,
      121, 13, 1, -1,
      121, 1, 122, -1,
      122, 1, 0, -1,
      122, 0, 114, -1,
      123, 20, 19, -1,
      123, 19, 124, -1,
      124, 19, 21, -1,
      124, 21, 125, -1,
      125, 21, 22, -1,
      125, 22, 126, -1,
      126, 22, 23, -1,
      126, 23, 127, -1,
      127, 23, 18, -1,
      127, 18, 128, -1,
      128, 18, 17, -1,
      128, 17, 129, -1,
      129, 17, 16, -1,
      129, 16, 116, -1,
      92, 3, 2, -1,
      92, 2, 130, -1,
      130, 2, 24, -1,
      130, 24, 131, -1,
      131, 24, 20, -1,
      131, 20, 123, -1,
      124, 95, 123, -1,
      123, 95, 96, -1,
      123, 96, 131, -1,
      131, 96, 94, -1,
      131, 94, 130, -1,
      130, 94, 93, -1,
      130, 93, 92, -1,
      113, 111, 115, -1,
      115, 111, 112, -1,
      115, 112, 114, -1,
      114, 112, 104, -1,
      114, 104, 122, -1,
      122, 104, 105, -1,
      122, 105, 121, -1,
      121, 105, 106, -1,
      121, 106, 120, -1,
      120, 106, 107, -1,
      120, 107, 119, -1,
      119, 107, 108, -1,
      119, 108, 118, -1,
      118, 108, 109, -1,
      118, 109, 117, -1,
      117, 109, 110, -1,
      117, 110, 116, -1,
      116, 110, 97, -1,
      116, 97, 129, -1,
      129, 97, 98, -1,
      129, 98, 128, -1,
      128, 98, 99, -1,
      128, 99, 127, -1,
      127, 99, 100, -1,
      127, 100, 126, -1,
      126, 100, 101, -1,
      126, 101, 125, -1,
      125, 101, 102, -1,
      125, 102, 124, -1,
      124, 102, 103, -1,
      124, 103, 95, -1,
      132, 133, 71, -1,
      71, 133, 72, -1,
      133, 134, 72, -1,
      72, 134, 48, -1,
      134, 135, 48, -1,
      48, 135, 49, -1,
      135, 136, 49, -1,
      49, 136, 56, -1,
      136, 137, 56, -1,
      56, 137, 53, -1,
      137, 138, 53, -1,
      53, 138, 54, -1,
      138, 139, 54, -1,
      54, 139, 55, -1,
      139, 140, 55, -1,
      55, 140, 61, -1,
      140, 141, 61, -1,
      61, 141, 63, -1,
      141, 142, 63, -1,
      63, 142, 69, -1,
      142, 143, 69, -1,
      69, 143, 70, -1,
      143, 132, 70, -1,
      70, 132, 71, -1,
      134, 133, 132, -1,
      132, 143, 134, -1,
      134, 143, 142, -1,
      134, 142, 135, -1,
      137, 136, 138, -1,
      138, 136, 135, -1,
      138, 135, 139, -1,
      139, 135, 142, -1,
      139, 142, 140, -1,
      140, 142, 141, -1,
      144, 145, 81, -1,
      81, 145, 62, -1,
      145, 146, 62, -1,
      62, 146, 60, -1,
      146, 147, 60, -1,
      60, 147, 76, -1,
      148, 79, 78, -1,
      148, 78, 149, -1,
      149, 78, 75, -1,
      149, 75, 150, -1,
      150, 75, 74, -1,
      150, 74, 151, -1,
      151, 74, 73, -1,
      151, 73, 152, -1,
      152, 73, 68, -1,
      152, 68, 153, -1,
      153, 68, 67, -1,
      153, 67, 154, -1,
      154, 67, 77, -1,
      154, 77, 155, -1,
      155, 77, 76, -1,
      155, 76, 147, -1,
      144, 81, 66, -1,
      144, 66, 156, -1,
      156, 66, 65, -1,
      156, 65, 157, -1,
      157, 65, 64, -1,
      157, 64, 158, -1,
      158, 64, 52, -1,
      158, 52, 159, -1,
      159, 52, 51, -1,
      159, 51, 160, -1,
      160, 51, 80, -1,
      160, 80, 161, -1,
      161, 80, 79, -1,
      161, 79, 148, -1,
      150, 151, 162, -1,
      162, 151, 152, -1,
      162, 152, 163, -1,
      163, 152, 153, -1,
      163, 153, 164, -1,
      164, 153, 154, -1,
      164, 154, 165, -1,
      165, 154, 155, -1,
      165, 155, 166, -1,
      166, 155, 147, -1,
      166, 147, 167, -1,
      167, 147, 146, -1,
      167, 146, 168, -1,
      168, 146, 145, -1,
      168, 145, 169, -1,
      169, 145, 144, -1,
      169, 144, 170, -1,
      170, 144, 156, -1,
      170, 156, 171, -1,
      171, 156, 157, -1,
      171, 157, 172, -1,
      172, 157, 158, -1,
      172, 158, 173, -1,
      173, 158, 159, -1,
      173, 159, 174, -1,
      174, 159, 160, -1,
      174, 160, 175, -1,
      175, 160, 161, -1,
      175, 161, 176, -1,
      176, 161, 148, -1,
      176, 148, 177, -1,
      177, 148, 149, -1,
      177, 149, 178, -1,
      178, 149, 150, -1,
      178, 150, 162, -1,
      166, 167, 179, -1,
      179, 167, 180, -1,
      166, 179, 181, -1,
      166, 181, 165, -1,
      165, 181, 182, -1,
      165, 182, 164, -1,
      164, 182, 183, -1,
      164, 183, 163, -1,
      163, 183, 184, -1,
      163, 184, 162, -1,
      162, 184, 185, -1,
      162, 185, 178, -1,
      178, 185, 186, -1,
      178, 186, 177, -1,
      177, 186, 187, -1,
      177, 187, 176, -1,
      176, 187, 188, -1,
      176, 188, 175, -1,
      175, 188, 189, -1,
      175, 189, 174, -1,
      174, 189, 190, -1,
      174, 190, 173, -1,
      173, 190, 191, -1,
      173, 191, 172, -1,
      172, 191, 192, -1,
      172, 192, 171, -1,
      171, 192, 193, -1,
      171, 193, 170, -1,
      170, 193, 194, -1,
      170, 194, 169, -1,
      168, 169, 195, -1,
      195, 169, 194, -1,
      167, 168, 180, -1,
      180, 168, 195, -1,
      196, 197, 58, -1,
      58, 197, 57, -1,
      197, 198, 57, -1,
      57, 198, 84, -1,
      198, 199, 84, -1,
      84, 199, 82, -1,
      199, 200, 82, -1,
      82, 200, 83, -1,
      200, 201, 83, -1,
      83, 201, 85, -1,
      201, 202, 85, -1,
      85, 202, 50, -1,
      202, 203, 50, -1,
      50, 203, 59, -1,
      203, 196, 59, -1,
      59, 196, 58, -1,
      204, 200, 205, -1,
      205, 200, 199, -1,
      206, 203, 204, -1,
      204, 203, 202, -1,
      204, 202, 200, -1,
      200, 202, 201, -1,
      206, 207, 203, -1,
      203, 207, 208, -1,
      203, 208, 196, -1,
      196, 208, 209, -1,
      196, 209, 210, -1,
      210, 211, 196, -1,
      196, 211, 205, -1,
      196, 205, 197, -1,
      197, 205, 199, -1,
      197, 199, 198, -1,
      204, 205, 212, -1,
      212, 205, 213, -1,
      206, 204, 214, -1,
      214, 204, 212, -1,
      206, 214, 215, -1,
      206, 215, 207, -1,
      207, 215, 216, -1,
      207, 216, 208, -1,
      209, 208, 217, -1,
      217, 208, 216, -1,
      209, 217, 218, -1,
      209, 218, 210, -1,
      210, 218, 219, -1,
      210, 219, 211, -1,
      205, 211, 213, -1,
      213, 211, 219, -1,
    ]
  }
}

Shape {
  appearance Appearance {
    material Material {
      diffuseColor 1.0000 1.0000 1.0000
      specularColor 0.3020 0.3020 0.3020
      ambientIntensity 0.2
      transparency 0.0000
      shininess 0.5
    }
  }
  geometry IndexedFaceSet {
    ccw TRUE
    solid FALSE
    coord DEF co Coordinate {
      point [
        -0.115455 0.000845 0.000000,
        -0.086422 0.000845 0.000000,
        -0.138754 -0.001631 0.000000,
        -0.155002 -0.007318 0.000000,
        -0.169381 -0.016607 0.000000,
        -0.178943 -0.026759 0.000000,
        -0.185781 -0.038900 0.000000,
        -0.190377 -0.054470 0.000000,
        -0.192049 -0.074061 0.000000,
        -0.190242 -0.094737 0.000000,
        -0.184468 -0.113241 0.000000,
        -0.176166 -0.126813 0.000000,
        -0.165125 -0.137719 0.000000,
        -0.151700 -0.145691 0.000000,
        -0.135135 -0.150861 0.000000,
        -0.114367 -0.152794 0.000000,
        -0.086422 -0.152794 0.000000,
        -0.287098 -0.097580 0.000000,
        -0.352928 -0.097580 0.000000,
        -0.316469 -0.015359 0.000000,
        -0.318363 -0.008531 0.000000,
        -0.319619 -0.001556 0.000000,
        -0.320257 -0.001556 0.000000,
        -0.321541 -0.008511 0.000000,
        -0.323295 -0.015359 0.000000,
      ]
    }
    coordIndex [
      1, 16, 0, -1,
      0, 16, 15, -1,
      0, 15, 14, -1,
      8, 7, 0, -1,
      0, 7, 6, -1,
      0, 6, 2, -1,
      14, 13, 0, -1,
      0, 13, 12, -1,
      0, 12, 11, -1,
      11, 10, 0, -1,
      0, 10, 9, -1,
      0, 9, 8, -1,
      5, 4, 6, -1,
      6, 4, 3, -1,
      6, 3, 2, -1,
      17, 18, 19, -1,
      19, 18, 24, -1,
      19, 24, 20, -1,
      20, 24, 23, -1,
      20, 23, 21, -1,
      21, 23, 22, -1,
    ]
  }
}

Shape {
  appearance Appearance {
    material Material {
      diffuseColor 0.8510 0.8510 0.8510
      specularColor 0.4235 0.4235 0.4235
      ambientIntensity 0.2
      transparency 0.0000
      shininess 0.5
    }
  }
  geometry IndexedFaceSet {
    ccw TRUE
    solid FALSE
    coord DEF co Coordinate {
      point [
        -0.568600 1.327133 0.590551,
        -0.253937 1.327133 0.590551,
        -0.568600 1.279528 0.590551,
        -0.253937 1.279528 0.590551,
        -0.568600 1.279528 0.708661,
        -0.253937 1.279528 0.708661,
        -0.568600 1.327133 0.708661,
        -0.253937 1.327133 0.708661,
        -0.253937 1.331792 0.589992,
        -0.568600 1.331792 0.589992,
        -0.253937 1.336185 0.588346,
        -0.568600 1.336185 0.588346,
        -0.253937 1.340065 0.585707,
        -0.568600 1.340065 0.585707,
        -0.253937 1.343210 0.582226,
        -0.568600 1.343210 0.582226,
        -0.253937 1.345442 0.578098,
        -0.568600 1.345442 0.578098,
        -0.253937 1.346633 0.573560,
        -0.568600 1.346633 0.573560,
        -0.253937 1.463632 0.589722,
        -0.568600 1.463632 0.589722,
        -0.568600 1.455293 0.621489,
        -0.253937 1.455293 0.621489,
        -0.568600 1.439672 0.650381,
        -0.253937 1.439672 0.650381,
        -0.568600 1.417657 0.674755,
        -0.253937 1.417657 0.674755,
        -0.568600 1.390500 0.693227,
        -0.253937 1.390500 0.693227,
        -0.568600 1.359743 0.704747,
        -0.253937 1.359743 0.704747,
        -0.746063 1.355163 0.511811,
        -0.568600 1.355163 0.511811,
        -0.253937 1.416574 0.067234,
        -0.746063 1.474394 0.511811,
        -0.568600 1.474394 0.511811,
        -0.253937 1.533574 0.083396,
        0.598425 1.279528 0.590551,
        0.253937 1.279528 0.590551,
        0.598425 1.327133 0.590551,
        0.253937 1.327133 0.590551,
        0.598425 1.327133 0.708661,
        0.253937 1.327133 0.708661,
        0.598425 1.279528 0.708661,
        0.253937 1.279528 0.708661,
        0.598425 1.331792 0.589992,
        0.253937 1.331792 0.589992,
        0.598425 1.336185 0.588346,
        0.253937 1.336185 0.588346,
        0.598425 1.340065 0.585707,
        0.253937 1.340065 0.585707,
        0.598425 1.343210 0.582226,
        0.253937 1.343210 0.582226,
        0.598425 1.345442 0.578098,
        0.253937 1.345442 0.578098,
        0.598425 1.346633 0.573560,
        0.253937 1.346633 0.573560,
        0.598425 1.463632 0.589722,
        0.253937 1.463632 0.589722,
        0.253937 1.455293 0.621489,
        0.598425 1.455293 0.621489,
        0.253937 1.439672 0.650381,
        0.598425 1.439672 0.650381,
        0.253937 1.417657 0.674755,
        0.598425 1.417657 0.674755,
        0.253937 1.390500 0.693227,
        0.598425 1.390500 0.693227,
        0.253937 1.359743 0.704747,
        0.598425 1.359743 0.704747,
        0.598425 1.355163 0.511811,
        0.253937 1.416574 0.067234,
        0.746063 1.355163 0.511811,
        0.746063 1.416574 0.067234,
        0.746063 1.474394 0.511811,
        0.746063 1.533574 0.083396,
        0.598425 1.474394 0.511811,
        0.253937 1.533574 0.083396,
        -0.598425 1.559055 -1.594488,
        -0.401575 1.559055 -1.594488,
        -0.598425 1.440945 -1.594488,
        -0.401575 1.440945 -1.594488,
        -0.253937 1.440617 -0.246063,
        -0.253937 1.558741 -0.246063,
        -0.295163 1.440945 -0.287289,
        -0.704837 1.440945 -0.287289,
        -0.746063 1.440617 -0.246063,
        -0.746063 1.558741 -0.246063,
        -0.704837 1.559055 -0.287289,
        -0.295163 1.559055 -0.287289,
        -0.598425 1.440945 -0.393701,
        -0.401575 1.440945 -0.393701,
        -0.401575 1.559055 -0.393701,
        -0.598425 1.559055 -0.393701,
        0.401575 1.559055 -1.594488,
        0.598425 1.559055 -1.594488,
        0.401575 1.440945 -1.594488,
        0.598425 1.440945 -1.594488,
        0.746063 1.440617 -0.246063,
        0.746063 1.558741 -0.246063,
        0.704837 1.440945 -0.287289,
        0.295163 1.440945 -0.287289,
        0.253937 1.440617 -0.246063,
        0.253937 1.558741 -0.246063,
        0.295163 1.559055 -0.287289,
        0.704837 1.559055 -0.287289,
        0.401575 1.440945 -0.393701,
        0.598425 1.440945 -0.393701,
        0.598425 1.559055 -0.393701,
        0.401575 1.559055 -0.393701,
        -0.746063 -1.355163 0.511811,
        -0.746063 -1.416574 0.067234,
        -0.746063 -1.474394 0.511811,
        -0.746063 -1.533574 0.083396,
        0.253937 -1.279528 0.708661,
        -0.253937 -1.279528 0.708661,
        0.253937 -1.279528 0.590551,
        -0.253937 -1.279528 0.590551,
        -0.568600 -1.279528 0.708661,
        -0.568600 -1.279528 0.590551,
        0.598425 -1.279528 0.590551,
        0.598425 -1.279528 0.708661,
        -0.401575 -1.440945 -1.594488,
        -0.401575 -1.559055 -1.594488,
        -0.598425 -1.440945 -1.594488,
        -0.598425 -1.559055 -1.594488,
        -0.253937 -1.327133 0.590551,
        -0.568600 -1.327133 0.590551,
        -0.253937 -1.327133 0.708661,
        -0.568600 -1.327133 0.708661,
        -0.568600 -1.331792 0.589992,
        -0.253937 -1.331792 0.589992,
        -0.568600 -1.336185 0.588346,
        -0.253937 -1.336185 0.588346,
        -0.568600 -1.340065 0.585707,
        -0.253937 -1.340065 0.585707,
        -0.568600 -1.343210 0.582226,
        -0.253937 -1.343210 0.582226,
        -0.568600 -1.345442 0.578098,
        -0.253937 -1.345442 0.578098,
        -0.568600 -1.346633 0.573560,
        -0.253937 -1.346633 0.573560,
        -0.253937 -1.359743 0.704747,
        -0.253937 -1.390500 0.693227,
        -0.253937 -1.417657 0.674755,
        -0.253937 -1.439672 0.650381,
        -0.253937 -1.455293 0.621489,
        -0.253937 -1.463632 0.589722,
        -0.568600 -1.463632 0.589722,
        -0.568600 -1.455293 0.621489,
        -0.568600 -1.439672 0.650381,
        -0.568600 -1.417657 0.674755,
        -0.568600 -1.390500 0.693227,
        -0.568600 -1.359743 0.704747,
        -0.568600 -1.355163 0.511811,
        -0.253937 -1.416574 0.067234,
        -0.253937 -1.533574 0.083396,
        -0.568600 -1.474394 0.511811,
        -0.746063 -1.440617 -0.246063,
        -0.746063 -1.558741 -0.246063,
        -0.746063 -1.434845 -0.109609,
        -0.746063 -1.552677 -0.101509,
        -0.704837 -1.440945 -0.287289,
        -0.253937 -1.434845 -0.109609,
        -0.253937 -1.440617 -0.246063,
        -0.295163 -1.440945 -0.287289,
        -0.253937 -1.552677 -0.101509,
        -0.253937 -1.558741 -0.246063,
        -0.295163 -1.559055 -0.287289,
        -0.704837 -1.559055 -0.287289,
        -0.401575 -1.440945 -0.393701,
        -0.598425 -1.440945 -0.393701,
        -0.598425 -1.559055 -0.393701,
        -0.401575 -1.559055 -0.393701,
        0.598425 -1.440945 -1.594488,
        0.598425 -1.559055 -1.594488,
        0.401575 -1.440945 -1.594488,
        0.401575 -1.559055 -1.594488,
        0.253937 -1.327133 0.708661,
        0.253937 -1.327133 0.590551,
        0.598425 -1.327133 0.590551,
        0.598425 -1.327133 0.708661,
        0.253937 -1.346633 0.573560,
        0.253937 -1.463632 0.589722,
        0.253937 -1.345442 0.578098,
        0.253937 -1.455293 0.621489,
        0.253937 -1.343210 0.582226,
        0.253937 -1.439672 0.650381,
        0.253937 -1.340065 0.585707,
        0.253937 -1.417657 0.674755,
        0.253937 -1.336185 0.588346,
        0.253937 -1.390500 0.693227,
        0.253937 -1.331792 0.589992,
        0.253937 -1.359743 0.704747,
        0.598425 -1.331792 0.589992,
        0.598425 -1.336185 0.588346,
        0.598425 -1.340065 0.585707,
        0.598425 -1.343210 0.582226,
        0.598425 -1.345442 0.578098,
        0.598425 -1.346633 0.573560,
        0.598425 -1.463632 0.589722,
        0.598425 -1.455293 0.621489,
        0.598425 -1.439672 0.650381,
        0.598425 -1.417657 0.674755,
        0.598425 -1.390500 0.693227,
        0.598425 -1.359743 0.704747,
        0.253937 -1.533574 0.083396,
        0.253937 -1.416574 0.067234,
        0.746063 -1.355163 0.511811,
        0.746063 -1.416574 0.067234,
        0.598425 -1.355163 0.511811,
        0.746063 -1.533574 0.083396,
        0.746063 -1.474394 0.511811,
        0.598425 -1.474394 0.511811,
        0.253937 -1.440617 -0.246063,
        0.253937 -1.558741 -0.246063,
        0.253937 -1.434845 -0.109609,
        0.253937 -1.552677 -0.101509,
        0.295163 -1.440945 -0.287289,
        0.746063 -1.434845 -0.109609,
        0.746063 -1.440617 -0.246063,
        0.704837 -1.440945 -0.287289,
        0.746063 -1.552677 -0.101509,
        0.746063 -1.558741 -0.246063,
        0.704837 -1.559055 -0.287289,
        0.295163 -1.559055 -0.287289,
        0.598425 -1.440945 -0.393701,
        0.401575 -1.440945 -0.393701,
        0.401575 -1.559055 -0.393701,
        0.598425 -1.559055 -0.393701,
      ]
    }
    coordIndex [
      122, 123, 124, -1,
      124, 123, 125, -1,
      117, 126, 119, -1,
      119, 126, 127, -1,
      126, 117, 128, -1,
      128, 117, 115, -1,
      128, 115, 129, -1,
      129, 115, 118, -1,
      127, 126, 130, -1,
      130, 126, 131, -1,
      130, 131, 132, -1,
      132, 131, 133, -1,
      132, 133, 134, -1,
      134, 133, 135, -1,
      134, 135, 136, -1,
      136, 135, 137, -1,
      136, 137, 138, -1,
      138, 137, 139, -1,
      138, 139, 140, -1,
      140, 139, 141, -1,
      126, 128, 131, -1,
      131, 128, 142, -1,
      131, 142, 133, -1,
      133, 142, 143, -1,
      133, 143, 135, -1,
      135, 143, 144, -1,
      135, 144, 137, -1,
      137, 144, 145, -1,
      137, 145, 139, -1,
      139, 145, 146, -1,
      139, 146, 141, -1,
      141, 146, 147, -1,
      148, 147, 146, -1,
      148, 146, 149, -1,
      149, 146, 145, -1,
      149, 145, 150, -1,
      150, 145, 144, -1,
      150, 144, 151, -1,
      151, 144, 143, -1,
      151, 143, 152, -1,
      152, 143, 142, -1,
      152, 142, 153, -1,
      153, 142, 128, -1,
      153, 128, 129, -1,
      140, 141, 154, -1,
      154, 141, 155, -1,
      154, 155, 110, -1,
      110, 155, 111, -1,
      155, 141, 156, -1,
      156, 141, 147, -1,
      112, 113, 157, -1,
      157, 113, 156, -1,
      157, 156, 148, -1,
      148, 156, 147, -1,
      158, 159, 160, -1,
      160, 159, 161, -1,
      160, 161, 111, -1,
      111, 161, 113, -1,
      162, 158, 160, -1,
      163, 164, 165, -1,
      111, 155, 160, -1,
      160, 155, 163, -1,
      160, 163, 162, -1,
      162, 163, 165, -1,
      155, 156, 163, -1,
      163, 156, 166, -1,
      163, 166, 164, -1,
      164, 166, 167, -1,
      168, 167, 166, -1,
      168, 166, 169, -1,
      161, 159, 169, -1,
      169, 166, 161, -1,
      161, 166, 156, -1,
      161, 156, 113, -1,
      162, 165, 170, -1,
      122, 124, 170, -1,
      170, 124, 171, -1,
      170, 171, 162, -1,
      125, 123, 172, -1,
      172, 123, 173, -1,
      172, 173, 169, -1,
      169, 173, 168, -1,
      174, 175, 176, -1,
      176, 175, 177, -1,
      178, 114, 179, -1,
      179, 114, 116, -1,
      179, 116, 180, -1,
      180, 116, 120, -1,
      114, 178, 121, -1,
      121, 178, 181, -1,
      182, 183, 184, -1,
      184, 183, 185, -1,
      184, 185, 186, -1,
      186, 185, 187, -1,
      186, 187, 188, -1,
      188, 187, 189, -1,
      188, 189, 190, -1,
      190, 189, 191, -1,
      190, 191, 192, -1,
      192, 191, 193, -1,
      192, 193, 179, -1,
      179, 193, 178, -1,
      179, 180, 192, -1,
      192, 180, 194, -1,
      192, 194, 190, -1,
      190, 194, 195, -1,
      190, 195, 188, -1,
      188, 195, 196, -1,
      188, 196, 186, -1,
      186, 196, 197, -1,
      186, 197, 184, -1,
      184, 197, 198, -1,
      184, 198, 182, -1,
      182, 198, 199, -1,
      183, 200, 201, -1,
      183, 201, 185, -1,
      185, 201, 202, -1,
      185, 202, 187, -1,
      187, 202, 203, -1,
      187, 203, 189, -1,
      189, 203, 204, -1,
      189, 204, 191, -1,
      191, 204, 205, -1,
      191, 205, 193, -1,
      193, 205, 181, -1,
      193, 181, 178, -1,
      206, 183, 207, -1,
      207, 183, 182, -1,
      208, 209, 210, -1,
      210, 209, 207, -1,
      210, 207, 199, -1,
      199, 207, 182, -1,
      211, 209, 212, -1,
      212, 209, 208, -1,
      200, 183, 213, -1,
      213, 183, 206, -1,
      213, 206, 212, -1,
      212, 206, 211, -1,
      214, 215, 216, -1,
      216, 215, 217, -1,
      216, 217, 207, -1,
      207, 217, 206, -1,
      218, 214, 216, -1,
      219, 220, 221, -1,
      207, 209, 216, -1,
      216, 209, 219, -1,
      216, 219, 218, -1,
      218, 219, 221, -1,
      209, 211, 219, -1,
      219, 211, 222, -1,
      219, 222, 220, -1,
      220, 222, 223, -1,
      224, 223, 222, -1,
      224, 222, 225, -1,
      217, 215, 225, -1,
      225, 222, 217, -1,
      217, 222, 211, -1,
      217, 211, 206, -1,
      218, 221, 226, -1,
      174, 176, 226, -1,
      226, 176, 227, -1,
      226, 227, 218, -1,
      177, 175, 228, -1,
      228, 175, 229, -1,
      228, 229, 225, -1,
      225, 229, 224, -1,
      220, 223, 221, -1,
      221, 223, 224, -1,
      221, 224, 226, -1,
      226, 224, 229, -1,
      229, 175, 226, -1,
      226, 175, 174, -1,
      227, 228, 218, -1,
      218, 228, 225, -1,
      218, 225, 214, -1,
      214, 225, 215, -1,
      177, 228, 176, -1,
      176, 228, 227, -1,
      164, 167, 165, -1,
      165, 167, 168, -1,
      165, 168, 170, -1,
      170, 168, 173, -1,
      173, 123, 170, -1,
      170, 123, 122, -1,
      171, 172, 162, -1,
      162, 172, 169, -1,
      162, 169, 158, -1,
      158, 169, 159, -1,
      125, 172, 124, -1,
      124, 172, 171, -1,
      120, 121, 180, -1,
      180, 121, 181, -1,
      180, 181, 194, -1,
      194, 181, 205, -1,
      194, 205, 195, -1,
      195, 205, 204, -1,
      195, 204, 196, -1,
      196, 204, 203, -1,
      196, 203, 197, -1,
      197, 203, 202, -1,
      197, 202, 198, -1,
      198, 202, 201, -1,
      198, 201, 199, -1,
      199, 201, 200, -1,
      199, 200, 210, -1,
      210, 200, 213, -1,
      213, 212, 210, -1,
      210, 212, 208, -1,
      154, 157, 140, -1,
      140, 157, 148, -1,
      140, 148, 138, -1,
      138, 148, 149, -1,
      138, 149, 136, -1,
      136, 149, 150, -1,
      136, 150, 134, -1,
      134, 150, 151, -1,
      134, 151, 132, -1,
      132, 151, 152, -1,
      132, 152, 130, -1,
      130, 152, 153, -1,
      130, 153, 127, -1,
      127, 153, 129, -1,
      127, 129, 119, -1,
      119, 129, 118, -1,
      157, 154, 112, -1,
      112, 154, 110, -1,
      7, 5, 1, -1,
      1, 5, 3, -1,
      18, 20, 16, -1,
      16, 20, 23, -1,
      16, 23, 14, -1,
      14, 23, 25, -1,
      14, 25, 12, -1,
      12, 25, 27, -1,
      12, 27, 10, -1,
      10, 27, 29, -1,
      10, 29, 8, -1,
      8, 29, 31, -1,
      8, 31, 1, -1,
      1, 31, 7, -1,
      37, 20, 34, -1,
      34, 20, 18, -1,
      41, 39, 43, -1,
      43, 39, 45, -1,
      41, 43, 47, -1,
      47, 43, 68, -1,
      47, 68, 49, -1,
      49, 68, 66, -1,
      49, 66, 51, -1,
      51, 66, 64, -1,
      51, 64, 53, -1,
      53, 64, 62, -1,
      53, 62, 55, -1,
      55, 62, 60, -1,
      55, 60, 57, -1,
      57, 60, 59, -1,
      73, 75, 72, -1,
      72, 75, 74, -1,
      71, 57, 77, -1,
      77, 57, 59, -1,
      107, 108, 100, -1,
      100, 108, 105, -1,
      100, 105, 98, -1,
      98, 105, 99, -1,
      108, 107, 95, -1,
      95, 107, 97, -1,
      94, 96, 109, -1,
      109, 96, 106, -1,
      102, 103, 101, -1,
      101, 103, 104, -1,
      101, 104, 106, -1,
      106, 104, 109, -1,
      91, 92, 84, -1,
      84, 92, 89, -1,
      84, 89, 82, -1,
      82, 89, 83, -1,
      92, 91, 79, -1,
      79, 91, 81, -1,
      78, 80, 93, -1,
      93, 80, 90, -1,
      86, 87, 85, -1,
      85, 87, 88, -1,
      85, 88, 90, -1,
      90, 88, 93, -1,
      70, 76, 56, -1,
      56, 76, 58, -1,
      56, 58, 54, -1,
      54, 58, 61, -1,
      54, 61, 52, -1,
      52, 61, 63, -1,
      52, 63, 50, -1,
      50, 63, 65, -1,
      50, 65, 48, -1,
      48, 65, 67, -1,
      48, 67, 46, -1,
      46, 67, 69, -1,
      46, 69, 40, -1,
      40, 69, 42, -1,
      40, 42, 38, -1,
      38, 42, 44, -1,
      74, 76, 72, -1,
      72, 76, 70, -1,
      2, 4, 0, -1,
      0, 4, 6, -1,
      0, 6, 9, -1,
      9, 6, 30, -1,
      9, 30, 11, -1,
      11, 30, 28, -1,
      11, 28, 13, -1,
      13, 28, 26, -1,
      13, 26, 15, -1,
      15, 26, 24, -1,
      15, 24, 17, -1,
      17, 24, 22, -1,
      17, 22, 19, -1,
      19, 22, 21, -1,
      19, 21, 33, -1,
      33, 21, 36, -1,
      35, 32, 36, -1,
      36, 32, 33, -1,
    ]
  }
}
