#VRML V2.0 utf8

Shape {
  appearance Appearance {
    material Material {
      diffuseColor 0.2510 0.2510 0.2510
      specularColor 0.1255 0.1255 0.1255
      ambientIntensity 0.2
      transparency 0.0000
      shininess 0.5
    }
  }
  geometry IndexedFaceSet {
    ccw TRUE
    solid FALSE
    coord DEF co Coordinate {
      point [
        -0.015007 -0.014372 -0.255906,
        -0.015007 -0.018693 -0.255906,
        -0.018848 -0.018933 -0.255906,
        0.006118 -0.018693 -0.255906,
        -0.014047 0.016356 -0.255906,
        0.000837 0.016356 -0.255906,
        0.000837 0.003393 -0.255906,
        0.013800 -0.016652 -0.255906,
        0.013800 -0.012331 -0.255906,
        0.006118 0.020677 -0.255906,
        0.000837 -0.000928 -0.255906,
        0.000837 -0.014372 -0.255906,
        -0.013087 -0.000928 -0.255906,
        -0.013087 0.003393 -0.255906,
        0.033301 -0.017356 -0.255906,
        0.046448 -0.018693 -0.255906,
        0.029485 -0.018670 -0.255906,
        0.026948 -0.018933 -0.255906,
        -0.014047 0.020677 -0.255906,
        -0.018848 0.278709 -0.255906,
        0.041010 0.010308 -0.255906,
        0.038702 0.013989 -0.255906,
        0.061332 0.020677 -0.255906,
        0.026897 0.016401 -0.255906,
        0.029844 0.015337 -0.255906,
        0.014506 -0.012722 -0.255906,
        0.032569 0.013515 -0.255906,
        0.034946 0.010890 -0.255906,
        0.037806 0.000572 -0.255906,
        0.037408 -0.003690 -0.255906,
        0.036338 -0.007076 -0.255906,
        0.027578 -0.014440 -0.255906,
        0.023906 -0.014852 -0.255906,
        0.030446 -0.013384 -0.255906,
        0.032862 -0.011755 -0.255906,
        0.034710 -0.009806 -0.255906,
        0.018679 -0.014272 -0.255906,
        0.036569 0.007850 -0.255906,
        0.037619 0.003635 -0.255906,
        0.035148 0.017407 -0.255906,
        0.066614 0.020677 -0.255906,
        0.534615 0.278709 -0.255906,
        0.066614 -0.018693 -0.255906,
        0.534615 -0.018933 -0.255906,
        0.036468 -0.015334 -0.255906,
        0.039425 -0.012221 -0.255906,
        0.046448 -0.014372 -0.255906,
        0.041522 -0.008477 -0.255906,
        0.061332 -0.014372 -0.255906,
        0.042707 -0.004310 -0.255906,
        0.043088 0.000250 -0.255906,
        0.042521 0.005847 -0.255906,
        0.031408 0.019559 -0.255906,
        0.027019 0.020835 -0.255906,
        0.023065 0.021157 -0.255906,
        0.018352 0.020832 -0.255906,
        0.013800 0.019597 -0.255906,
        0.013800 0.014316 -0.255906,
        0.018235 0.016215 -0.255906,
        0.023020 0.016836 -0.255906,
        0.024633 -0.019173 -0.255906,
        0.534615 -0.278709 -0.255906,
        0.023557 -0.019154 -0.255906,
        -0.018848 -0.278709 -0.255906,
        0.021975 -0.018933 -0.255906,
        -0.534615 -0.278709 -0.255906,
        -0.534615 -0.018933 -0.255906,
        0.017997 -0.018375 -0.255906,
        -0.063019 -0.018693 -0.255906,
        -0.057258 -0.018693 -0.255906,
        -0.052411 -0.007902 -0.255906,
        -0.050154 -0.011424 -0.255906,
        -0.046913 -0.014526 -0.255906,
        -0.042802 -0.016915 -0.255906,
        -0.072142 0.020677 -0.255906,
        -0.534615 0.278709 -0.255906,
        -0.077423 0.020677 -0.255906,
        -0.092787 -0.018693 -0.255906,
        -0.087026 -0.018693 -0.255906,
        -0.083042 -0.007650 -0.255906,
        -0.066778 -0.007650 -0.255906,
        -0.022689 0.020677 -0.255906,
        -0.033800 0.020677 -0.255906,
        -0.048420 0.015544 -0.255906,
        -0.051204 0.012457 -0.255906,
        -0.053034 0.009071 -0.255906,
        -0.039487 0.020069 -0.255906,
        -0.044094 0.018452 -0.255906,
        -0.048379 0.015580 -0.255906,
        -0.038266 -0.018267 -0.255906,
        -0.033394 -0.018693 -0.255906,
        -0.022689 -0.018693 -0.255906,
        -0.054091 0.005192 -0.255906,
        -0.054377 0.001487 -0.255906,
        -0.053825 -0.003781 -0.255906,
        0.541498 0.305229 0.139169,
        0.551229 0.314961 0.000000,
        0.452756 0.314961 -0.000000,
        0.452756 0.310831 0.059055,
        0.295276 0.310831 0.059055,
        -0.541498 0.305229 0.139169,
        -0.452756 0.314961 -0.000000,
        -0.551229 0.314961 -0.000000,
        -0.452756 0.310831 0.059055,
        -0.295276 0.310831 0.059055,
        -0.295276 0.314961 0.000000,
        0.295276 0.314961 0.000000,
        -0.541498 -0.305229 0.139169,
        -0.551229 -0.314961 0.000000,
        -0.452756 -0.314961 0.000000,
        -0.295276 -0.314961 -0.000000,
        -0.078740 -0.314961 -0.000000,
        -0.295276 -0.310831 0.059055,
        -0.078740 -0.310831 0.059055,
        -0.452756 -0.310831 0.059055,
        0.541498 -0.305229 0.139169,
        0.078740 -0.310831 0.059055,
        0.452756 -0.314961 -0.000000,
        0.551229 -0.314961 -0.000000,
        0.452756 -0.310831 0.059055,
        0.295276 -0.310831 0.059055,
        0.295276 -0.314961 0.000000,
        0.078740 -0.314961 -0.000000,
        0.570866 0.295324 0.000000,
        0.570866 -0.295324 -0.000000,
        0.554252 0.278709 -0.237594,
        0.554252 -0.278709 -0.237594,
        0.534615 -0.298346 -0.237594,
        -0.534615 -0.298346 -0.237594,
        -0.570866 -0.295324 -0.000000,
        -0.570866 0.295324 -0.000000,
        -0.554252 -0.278709 -0.237594,
        -0.554252 0.278709 -0.237594,
        0.534615 0.298346 -0.237594,
        -0.534615 0.298346 -0.237594,
        0.561135 0.285592 0.139169,
        0.561135 -0.285592 0.139169,
        -0.561135 -0.285592 0.139169,
        -0.561135 0.285592 0.139169,
        -0.320648 -0.190715 0.157480,
        -0.326989 -0.206026 0.157480,
        0.541498 -0.285592 0.157480,
        -0.337078 -0.219173 0.157480,
        -0.350225 -0.229261 0.157480,
        -0.365535 -0.235603 0.157480,
        -0.381966 -0.237766 0.157480,
        -0.541498 -0.285592 0.157480,
        -0.398396 -0.235603 0.157480,
        -0.413706 -0.229261 0.157480,
        -0.426854 -0.219173 0.157480,
        -0.436942 -0.206026 0.157480,
        -0.436942 -0.142544 0.157480,
        -0.426854 -0.129397 0.157480,
        -0.541498 0.285592 0.157480,
        -0.413706 -0.119309 0.157480,
        -0.398396 -0.112967 0.157480,
        -0.381966 -0.110804 0.157480,
        -0.365535 -0.112967 0.157480,
        0.541498 0.285592 0.157480,
        -0.350225 -0.119309 0.157480,
        -0.337078 -0.129397 0.157480,
        -0.326989 -0.142544 0.157480,
        -0.320648 -0.157855 0.157480,
        -0.318485 -0.174285 0.157480,
        -0.443283 -0.190715 0.157480,
        -0.445447 -0.174285 0.157480,
        -0.443283 -0.157855 0.157480,
      ]
    }
    coordIndex [
      0, 1, 2, -1,
      2, 1, 3, -1,
      4, 5, 6, -1,
      7, 3, 8, -1,
      8, 3, 9, -1,
      10, 11, 12, -1,
      12, 11, 0, -1,
      12, 0, 13, -1,
      14, 15, 16, -1,
      16, 15, 17, -1,
      6, 13, 4, -1,
      4, 13, 0, -1,
      4, 0, 18, -1,
      18, 0, 19, -1,
      18, 19, 9, -1,
      20, 21, 22, -1,
      23, 24, 25, -1,
      25, 24, 26, -1,
      25, 26, 27, -1,
      28, 29, 25, -1,
      25, 29, 30, -1,
      31, 32, 33, -1,
      33, 32, 34, -1,
      30, 35, 25, -1,
      25, 35, 34, -1,
      25, 34, 36, -1,
      36, 34, 32, -1,
      27, 37, 25, -1,
      25, 37, 38, -1,
      25, 38, 28, -1,
      21, 39, 22, -1,
      22, 39, 19, -1,
      22, 19, 40, -1,
      40, 19, 41, -1,
      40, 41, 42, -1,
      42, 41, 43, -1,
      14, 44, 15, -1,
      15, 44, 45, -1,
      15, 45, 46, -1,
      46, 45, 47, -1,
      46, 47, 48, -1,
      47, 49, 48, -1,
      48, 49, 50, -1,
      48, 50, 22, -1,
      22, 50, 51, -1,
      22, 51, 20, -1,
      39, 52, 19, -1,
      19, 52, 53, -1,
      19, 53, 54, -1,
      54, 55, 19, -1,
      19, 55, 56, -1,
      19, 56, 9, -1,
      9, 56, 57, -1,
      9, 57, 8, -1,
      8, 57, 58, -1,
      8, 58, 25, -1,
      25, 58, 59, -1,
      25, 59, 23, -1,
      15, 42, 17, -1,
      17, 42, 43, -1,
      17, 43, 60, -1,
      60, 43, 61, -1,
      60, 61, 62, -1,
      62, 61, 63, -1,
      62, 63, 64, -1,
      65, 66, 63, -1,
      63, 66, 2, -1,
      63, 2, 64, -1,
      64, 2, 3, -1,
      64, 3, 67, -1,
      67, 3, 7, -1,
      68, 69, 2, -1,
      70, 71, 69, -1,
      69, 71, 72, -1,
      69, 72, 73, -1,
      19, 74, 75, -1,
      75, 74, 76, -1,
      75, 76, 66, -1,
      66, 76, 77, -1,
      66, 77, 2, -1,
      2, 77, 78, -1,
      2, 78, 68, -1,
      68, 78, 79, -1,
      68, 79, 80, -1,
      0, 2, 19, -1,
      19, 2, 81, -1,
      19, 81, 82, -1,
      83, 84, 74, -1,
      74, 84, 85, -1,
      82, 86, 19, -1,
      19, 86, 87, -1,
      19, 87, 74, -1,
      74, 87, 88, -1,
      74, 88, 83, -1,
      73, 89, 69, -1,
      69, 89, 90, -1,
      69, 90, 2, -1,
      2, 90, 91, -1,
      2, 91, 81, -1,
      85, 92, 74, -1,
      74, 92, 93, -1,
      74, 93, 69, -1,
      69, 93, 94, -1,
      69, 94, 70, -1,
      95, 96, 97, -1,
      97, 98, 95, -1,
      95, 98, 99, -1,
      95, 99, 100, -1,
      101, 102, 103, -1,
      103, 102, 100, -1,
      103, 100, 104, -1,
      104, 100, 99, -1,
      104, 99, 105, -1,
      105, 99, 106, -1,
      107, 108, 109, -1,
      110, 111, 112, -1,
      112, 111, 113, -1,
      109, 114, 107, -1,
      107, 114, 112, -1,
      107, 112, 115, -1,
      115, 112, 113, -1,
      115, 113, 116, -1,
      117, 118, 119, -1,
      119, 118, 115, -1,
      119, 115, 120, -1,
      120, 115, 116, -1,
      120, 116, 121, -1,
      121, 116, 122, -1,
      123, 124, 125, -1,
      125, 124, 126, -1,
      127, 118, 117, -1,
      117, 121, 127, -1,
      127, 121, 122, -1,
      127, 122, 128, -1,
      128, 122, 111, -1,
      111, 110, 128, -1,
      128, 110, 109, -1,
      128, 109, 108, -1,
      129, 130, 131, -1,
      131, 130, 132, -1,
      97, 96, 133, -1,
      102, 101, 134, -1,
      134, 101, 105, -1,
      134, 105, 133, -1,
      133, 105, 106, -1,
      133, 106, 97, -1,
      135, 136, 123, -1,
      123, 136, 124, -1,
      137, 138, 129, -1,
      129, 138, 130, -1,
      139, 140, 141, -1,
      141, 140, 142, -1,
      141, 142, 143, -1,
      143, 144, 141, -1,
      141, 144, 145, -1,
      141, 145, 146, -1,
      146, 145, 147, -1,
      147, 148, 146, -1,
      146, 148, 149, -1,
      146, 149, 150, -1,
      151, 152, 153, -1,
      153, 152, 154, -1,
      153, 154, 155, -1,
      155, 156, 153, -1,
      153, 156, 157, -1,
      153, 157, 158, -1,
      158, 157, 159, -1,
      158, 159, 160, -1,
      160, 161, 158, -1,
      158, 161, 162, -1,
      158, 162, 141, -1,
      141, 162, 163, -1,
      141, 163, 139, -1,
      150, 164, 146, -1,
      146, 164, 165, -1,
      146, 165, 153, -1,
      153, 165, 166, -1,
      153, 166, 151, -1,
    ]
  }
}

Shape {
  appearance Appearance {
    material Material {
      diffuseColor 1.0000 1.0000 1.0000
      specularColor 0.5020 0.5020 0.5020
      ambientIntensity 0.2
      transparency 0.0000
      shininess 0.5
    }
  }
  geometry IndexedFaceSet {
    ccw TRUE
    solid FALSE
    coord DEF co Coordinate {
      point [
        0.452756 0.314961 -0.000000,
        0.452756 0.310831 0.059055,
        0.295276 0.310831 0.059055,
        -0.452756 0.314961 -0.000000,
        -0.452756 0.310831 0.059055,
        -0.295276 0.310831 0.059055,
        -0.295276 0.314961 0.000000,
        0.295276 0.314961 0.000000,
        -0.452756 -0.314961 0.000000,
        -0.295276 -0.314961 -0.000000,
        -0.078740 -0.314961 -0.000000,
        -0.295276 -0.310831 0.059055,
        -0.078740 -0.310831 0.059055,
        -0.452756 -0.310831 0.059055,
        0.078740 -0.310831 0.059055,
        0.452756 -0.314961 -0.000000,
        0.452756 -0.310831 0.059055,
        0.295276 -0.310831 0.059055,
        0.295276 -0.314961 0.000000,
        0.078740 -0.314961 -0.000000,
        0.078740 -0.357840 -0.000000,
        -0.078740 -0.357840 -0.000000,
        -0.078740 -0.357840 0.059055,
        0.078740 -0.357840 0.059055,
        0.078740 -0.570866 -0.216535,
        0.078740 -0.570866 -0.275591,
        0.078740 -0.472141 -0.216535,
        0.078740 -0.472141 -0.275591,
        0.078740 -0.467324 -0.215937,
        0.078740 -0.452870 -0.273196,
        0.078740 -0.462799 -0.214177,
        0.078740 -0.434771 -0.266157,
        0.078740 -0.458842 -0.211364,
        0.078740 -0.418945 -0.254904,
        0.078740 -0.455695 -0.207667,
        0.078740 -0.406355 -0.240119,
        0.078740 -0.453548 -0.203313,
        0.078740 -0.397766 -0.222702,
        0.078740 -0.452531 -0.198566,
        0.078740 -0.393701 -0.203713,
        0.078740 -0.436281 -0.012822,
        0.078740 -0.377450 -0.017969,
        0.078740 -0.432216 0.006167,
        0.078740 -0.376434 -0.013222,
        0.078740 -0.423627 0.023583,
        0.078740 -0.374287 -0.008868,
        0.078740 -0.411036 0.038368,
        0.078740 -0.371139 -0.005172,
        0.078740 -0.395210 0.049622,
        0.078740 -0.367183 -0.002358,
        0.078740 -0.377111 0.056661,
        0.078740 -0.362658 -0.000599,
        -0.078740 -0.377111 0.056661,
        -0.078740 -0.362658 -0.000599,
        -0.078740 -0.395210 0.049622,
        -0.078740 -0.367183 -0.002358,
        -0.078740 -0.411036 0.038368,
        -0.078740 -0.371139 -0.005172,
        -0.078740 -0.423627 0.023583,
        -0.078740 -0.374287 -0.008868,
        -0.078740 -0.432216 0.006167,
        -0.078740 -0.376434 -0.013222,
        -0.078740 -0.436281 -0.012822,
        -0.078740 -0.377450 -0.017969,
        -0.078740 -0.452531 -0.198566,
        -0.078740 -0.393701 -0.203713,
        -0.078740 -0.453548 -0.203313,
        -0.078740 -0.397766 -0.222702,
        -0.078740 -0.455695 -0.207667,
        -0.078740 -0.406355 -0.240119,
        -0.078740 -0.458842 -0.211364,
        -0.078740 -0.418945 -0.254904,
        -0.078740 -0.462799 -0.214177,
        -0.078740 -0.434771 -0.266157,
        -0.078740 -0.467324 -0.215937,
        -0.078740 -0.452870 -0.273196,
        -0.078740 -0.472141 -0.216535,
        -0.078740 -0.472141 -0.275591,
        -0.078740 -0.570866 -0.216535,
        -0.078740 -0.570866 -0.275591,
        0.452756 -0.357840 -0.000000,
        0.295276 -0.357840 -0.000000,
        0.295276 -0.357840 0.059055,
        0.452756 -0.357840 0.059055,
        0.452756 -0.570866 -0.216535,
        0.452756 -0.570866 -0.275591,
        0.452756 -0.472141 -0.216535,
        0.452756 -0.472141 -0.275591,
        0.452756 -0.467324 -0.215937,
        0.452756 -0.452870 -0.273196,
        0.452756 -0.462799 -0.214177,
        0.452756 -0.434771 -0.266157,
        0.452756 -0.458842 -0.211364,
        0.452756 -0.418945 -0.254904,
        0.452756 -0.455695 -0.207667,
        0.452756 -0.406355 -0.240119,
        0.452756 -0.453548 -0.203313,
        0.452756 -0.397766 -0.222702,
        0.452756 -0.452531 -0.198566,
        0.452756 -0.393701 -0.203713,
        0.452756 -0.436281 -0.012822,
        0.452756 -0.377450 -0.017969,
        0.452756 -0.432216 0.006167,
        0.452756 -0.376434 -0.013222,
        0.452756 -0.423627 0.023583,
        0.452756 -0.374287 -0.008868,
        0.452756 -0.411036 0.038368,
        0.452756 -0.371139 -0.005172,
        0.452756 -0.395210 0.049622,
        0.452756 -0.367183 -0.002358,
        0.452756 -0.377111 0.056661,
        0.452756 -0.362658 -0.000599,
        0.295276 -0.570866 -0.216535,
        0.295276 -0.472141 -0.216535,
        0.295276 -0.570866 -0.275591,
        0.295276 -0.472141 -0.275591,
        0.295276 -0.452870 -0.273196,
        0.295276 -0.434771 -0.266157,
        0.295276 -0.418945 -0.254904,
        0.295276 -0.406355 -0.240119,
        0.295276 -0.397766 -0.222702,
        0.295276 -0.393701 -0.203713,
        0.295276 -0.377450 -0.017969,
        0.295276 -0.376434 -0.013222,
        0.295276 -0.374287 -0.008868,
        0.295276 -0.371139 -0.005172,
        0.295276 -0.367183 -0.002358,
        0.295276 -0.362658 -0.000599,
        0.295276 -0.377111 0.056661,
        0.295276 -0.395210 0.049622,
        0.295276 -0.411036 0.038368,
        0.295276 -0.423627 0.023583,
        0.295276 -0.432216 0.006167,
        0.295276 -0.436281 -0.012822,
        0.295276 -0.452531 -0.198566,
        0.295276 -0.453548 -0.203313,
        0.295276 -0.455695 -0.207667,
        0.295276 -0.458842 -0.211364,
        0.295276 -0.462799 -0.214177,
        0.295276 -0.467324 -0.215937,
        -0.295276 -0.357840 -0.000000,
        -0.452756 -0.357840 -0.000000,
        -0.452756 -0.357840 0.059055,
        -0.295276 -0.357840 0.059055,
        -0.295276 -0.570866 -0.216535,
        -0.295276 -0.570866 -0.275591,
        -0.295276 -0.472141 -0.216535,
        -0.295276 -0.472141 -0.275591,
        -0.295276 -0.467324 -0.215937,
        -0.295276 -0.452870 -0.273196,
        -0.295276 -0.462799 -0.214177,
        -0.295276 -0.434771 -0.266157,
        -0.295276 -0.458842 -0.211364,
        -0.295276 -0.418945 -0.254904,
        -0.295276 -0.455695 -0.207667,
        -0.295276 -0.406355 -0.240119,
        -0.295276 -0.453548 -0.203313,
        -0.295276 -0.397766 -0.222702,
        -0.295276 -0.452531 -0.198566,
        -0.295276 -0.393701 -0.203713,
        -0.295276 -0.436281 -0.012822,
        -0.295276 -0.377450 -0.017969,
        -0.295276 -0.432216 0.006167,
        -0.295276 -0.376434 -0.013222,
        -0.295276 -0.423627 0.023583,
        -0.295276 -0.374287 -0.008868,
        -0.295276 -0.411036 0.038368,
        -0.295276 -0.371139 -0.005172,
        -0.295276 -0.395210 0.049622,
        -0.295276 -0.367183 -0.002358,
        -0.295276 -0.377111 0.056661,
        -0.295276 -0.362658 -0.000599,
        -0.452756 -0.570866 -0.216535,
        -0.452756 -0.472141 -0.216535,
        -0.452756 -0.570866 -0.275591,
        -0.452756 -0.472141 -0.275591,
        -0.452756 -0.452870 -0.273196,
        -0.452756 -0.434771 -0.266157,
        -0.452756 -0.418945 -0.254904,
        -0.452756 -0.406355 -0.240119,
        -0.452756 -0.397766 -0.222702,
        -0.452756 -0.393701 -0.203713,
        -0.452756 -0.377450 -0.017969,
        -0.452756 -0.376434 -0.013222,
        -0.452756 -0.374287 -0.008868,
        -0.452756 -0.371139 -0.005172,
        -0.452756 -0.367183 -0.002358,
        -0.452756 -0.362658 -0.000599,
        -0.452756 -0.377111 0.056661,
        -0.452756 -0.395210 0.049622,
        -0.452756 -0.411036 0.038368,
        -0.452756 -0.423627 0.023583,
        -0.452756 -0.432216 0.006167,
        -0.452756 -0.436281 -0.012822,
        -0.452756 -0.452531 -0.198566,
        -0.452756 -0.453548 -0.203313,
        -0.452756 -0.455695 -0.207667,
        -0.452756 -0.458842 -0.211364,
        -0.452756 -0.462799 -0.214177,
        -0.452756 -0.467324 -0.215937,
        0.295276 0.357840 -0.000000,
        0.452756 0.357840 -0.000000,
        0.295276 0.357840 0.059055,
        0.452756 0.357840 0.059055,
        0.452756 0.377111 0.056661,
        0.452756 0.362658 -0.000599,
        0.452756 0.395210 0.049622,
        0.452756 0.367183 -0.002358,
        0.452756 0.411036 0.038368,
        0.452756 0.371139 -0.005172,
        0.452756 0.423627 0.023583,
        0.452756 0.374287 -0.008868,
        0.452756 0.432216 0.006167,
        0.452756 0.376434 -0.013222,
        0.452756 0.436281 -0.012822,
        0.452756 0.377450 -0.017969,
        0.452756 0.452531 -0.198566,
        0.452756 0.393701 -0.203713,
        0.452756 0.453548 -0.203313,
        0.452756 0.397766 -0.222702,
        0.452756 0.455695 -0.207667,
        0.452756 0.406355 -0.240119,
        0.452756 0.458842 -0.211364,
        0.452756 0.418945 -0.254904,
        0.452756 0.462799 -0.214177,
        0.452756 0.434771 -0.266157,
        0.452756 0.467324 -0.215937,
        0.452756 0.452870 -0.273196,
        0.452756 0.472141 -0.216535,
        0.452756 0.472141 -0.275591,
        0.452756 0.570866 -0.216535,
        0.452756 0.570866 -0.275591,
        0.295276 0.472141 -0.216535,
        0.295276 0.570866 -0.216535,
        0.295276 0.570866 -0.275591,
        0.295276 0.472141 -0.275591,
        0.295276 0.393701 -0.203713,
        0.295276 0.397766 -0.222702,
        0.295276 0.406355 -0.240119,
        0.295276 0.418945 -0.254904,
        0.295276 0.434771 -0.266157,
        0.295276 0.452870 -0.273196,
        0.295276 0.377450 -0.017969,
        0.295276 0.362658 -0.000599,
        0.295276 0.367183 -0.002358,
        0.295276 0.371139 -0.005172,
        0.295276 0.374287 -0.008868,
        0.295276 0.376434 -0.013222,
        0.295276 0.467324 -0.215937,
        0.295276 0.462799 -0.214177,
        0.295276 0.458842 -0.211364,
        0.295276 0.455695 -0.207667,
        0.295276 0.453548 -0.203313,
        0.295276 0.452531 -0.198566,
        0.295276 0.436281 -0.012822,
        0.295276 0.432216 0.006167,
        0.295276 0.423627 0.023583,
        0.295276 0.411036 0.038368,
        0.295276 0.395210 0.049622,
        0.295276 0.377111 0.056661,
        -0.452756 0.357840 -0.000000,
        -0.295276 0.357840 -0.000000,
        -0.452756 0.357840 0.059055,
        -0.295276 0.357840 0.059055,
        -0.295276 0.377111 0.056661,
        -0.295276 0.362658 -0.000599,
        -0.295276 0.395210 0.049622,
        -0.295276 0.367183 -0.002358,
        -0.295276 0.411036 0.038368,
        -0.295276 0.371139 -0.005172,
        -0.295276 0.423627 0.023583,
        -0.295276 0.374287 -0.008868,
        -0.295276 0.432216 0.006167,
        -0.295276 0.376434 -0.013222,
        -0.295276 0.436281 -0.012822,
        -0.295276 0.377450 -0.017969,
        -0.295276 0.452531 -0.198566,
        -0.295276 0.393701 -0.203713,
        -0.295276 0.453548 -0.203313,
        -0.295276 0.397766 -0.222702,
        -0.295276 0.455695 -0.207667,
        -0.295276 0.406355 -0.240119,
        -0.295276 0.458842 -0.211364,
        -0.295276 0.418945 -0.254904,
        -0.295276 0.462799 -0.214177,
        -0.295276 0.434771 -0.266157,
        -0.295276 0.467324 -0.215937,
        -0.295276 0.452870 -0.273196,
        -0.295276 0.472141 -0.216535,
        -0.295276 0.472141 -0.275591,
        -0.295276 0.570866 -0.216535,
        -0.295276 0.570866 -0.275591,
        -0.452756 0.472141 -0.216535,
        -0.452756 0.570866 -0.216535,
        -0.452756 0.570866 -0.275591,
        -0.452756 0.472141 -0.275591,
        -0.452756 0.393701 -0.203713,
        -0.452756 0.397766 -0.222702,
        -0.452756 0.406355 -0.240119,
        -0.452756 0.418945 -0.254904,
        -0.452756 0.434771 -0.266157,
        -0.452756 0.452870 -0.273196,
        -0.452756 0.377450 -0.017969,
        -0.452756 0.362658 -0.000599,
        -0.452756 0.367183 -0.002358,
        -0.452756 0.371139 -0.005172,
        -0.452756 0.374287 -0.008868,
        -0.452756 0.376434 -0.013222,
        -0.452756 0.467324 -0.215937,
        -0.452756 0.462799 -0.214177,
        -0.452756 0.458842 -0.211364,
        -0.452756 0.455695 -0.207667,
        -0.452756 0.453548 -0.203313,
        -0.452756 0.452531 -0.198566,
        -0.452756 0.436281 -0.012822,
        -0.452756 0.432216 0.006167,
        -0.452756 0.423627 0.023583,
        -0.452756 0.411036 0.038368,
        -0.452756 0.395210 0.049622,
        -0.452756 0.377111 0.056661,
      ]
    }
    coordIndex [
      20, 21, 19, -1,
      19, 21, 10, -1,
      12, 22, 14, -1,
      14, 22, 23, -1,
      24, 25, 26, -1,
      26, 25, 27, -1,
      26, 27, 28, -1,
      28, 27, 29, -1,
      28, 29, 30, -1,
      30, 29, 31, -1,
      30, 31, 32, -1,
      32, 31, 33, -1,
      32, 33, 34, -1,
      34, 33, 35, -1,
      34, 35, 36, -1,
      36, 35, 37, -1,
      36, 37, 38, -1,
      38, 37, 39, -1,
      38, 39, 40, -1,
      40, 39, 41, -1,
      40, 41, 42, -1,
      42, 41, 43, -1,
      42, 43, 44, -1,
      44, 43, 45, -1,
      44, 45, 46, -1,
      46, 45, 47, -1,
      46, 47, 48, -1,
      48, 47, 49, -1,
      48, 49, 50, -1,
      50, 49, 51, -1,
      50, 51, 23, -1,
      23, 51, 20, -1,
      23, 20, 14, -1,
      14, 20, 19, -1,
      12, 10, 22, -1,
      22, 10, 21, -1,
      22, 21, 52, -1,
      52, 21, 53, -1,
      52, 53, 54, -1,
      54, 53, 55, -1,
      54, 55, 56, -1,
      56, 55, 57, -1,
      56, 57, 58, -1,
      58, 57, 59, -1,
      58, 59, 60, -1,
      60, 59, 61, -1,
      60, 61, 62, -1,
      62, 61, 63, -1,
      62, 63, 64, -1,
      64, 63, 65, -1,
      64, 65, 66, -1,
      66, 65, 67, -1,
      66, 67, 68, -1,
      68, 67, 69, -1,
      68, 69, 70, -1,
      70, 69, 71, -1,
      70, 71, 72, -1,
      72, 71, 73, -1,
      72, 73, 74, -1,
      74, 73, 75, -1,
      74, 75, 76, -1,
      76, 75, 77, -1,
      76, 77, 78, -1,
      78, 77, 79, -1,
      24, 26, 78, -1,
      78, 26, 76, -1,
      25, 24, 79, -1,
      79, 24, 78, -1,
      27, 25, 77, -1,
      77, 25, 79, -1,
      27, 77, 75, -1,
      27, 75, 29, -1,
      29, 75, 73, -1,
      29, 73, 31, -1,
      31, 73, 71, -1,
      31, 71, 33, -1,
      33, 71, 69, -1,
      33, 69, 35, -1,
      35, 69, 67, -1,
      35, 67, 37, -1,
      37, 67, 65, -1,
      37, 65, 39, -1,
      41, 39, 63, -1,
      63, 39, 65, -1,
      41, 63, 43, -1,
      43, 63, 61, -1,
      43, 61, 45, -1,
      45, 61, 59, -1,
      45, 59, 47, -1,
      47, 59, 57, -1,
      47, 57, 49, -1,
      49, 57, 55, -1,
      49, 55, 51, -1,
      51, 55, 53, -1,
      51, 53, 20, -1,
      20, 53, 21, -1,
      23, 22, 52, -1,
      23, 52, 50, -1,
      50, 52, 54, -1,
      50, 54, 48, -1,
      48, 54, 56, -1,
      48, 56, 46, -1,
      46, 56, 58, -1,
      46, 58, 44, -1,
      44, 58, 60, -1,
      44, 60, 42, -1,
      42, 60, 62, -1,
      42, 62, 40, -1,
      38, 40, 64, -1,
      64, 40, 62, -1,
      38, 64, 36, -1,
      36, 64, 66, -1,
      36, 66, 34, -1,
      34, 66, 68, -1,
      34, 68, 32, -1,
      32, 68, 70, -1,
      32, 70, 30, -1,
      30, 70, 72, -1,
      30, 72, 28, -1,
      28, 72, 74, -1,
      28, 74, 26, -1,
      26, 74, 76, -1,
      80, 81, 15, -1,
      15, 81, 18, -1,
      17, 82, 16, -1,
      16, 82, 83, -1,
      84, 85, 86, -1,
      86, 85, 87, -1,
      86, 87, 88, -1,
      88, 87, 89, -1,
      88, 89, 90, -1,
      90, 89, 91, -1,
      90, 91, 92, -1,
      92, 91, 93, -1,
      92, 93, 94, -1,
      94, 93, 95, -1,
      94, 95, 96, -1,
      96, 95, 97, -1,
      96, 97, 98, -1,
      98, 97, 99, -1,
      98, 99, 100, -1,
      100, 99, 101, -1,
      100, 101, 102, -1,
      102, 101, 103, -1,
      102, 103, 104, -1,
      104, 103, 105, -1,
      104, 105, 106, -1,
      106, 105, 107, -1,
      106, 107, 108, -1,
      108, 107, 109, -1,
      108, 109, 110, -1,
      110, 109, 111, -1,
      110, 111, 83, -1,
      83, 111, 80, -1,
      83, 80, 16, -1,
      16, 80, 15, -1,
      84, 86, 112, -1,
      112, 86, 113, -1,
      85, 84, 114, -1,
      114, 84, 112, -1,
      87, 85, 115, -1,
      115, 85, 114, -1,
      87, 115, 116, -1,
      87, 116, 89, -1,
      89, 116, 117, -1,
      89, 117, 91, -1,
      91, 117, 118, -1,
      91, 118, 93, -1,
      93, 118, 119, -1,
      93, 119, 95, -1,
      95, 119, 120, -1,
      95, 120, 97, -1,
      97, 120, 121, -1,
      97, 121, 99, -1,
      101, 99, 122, -1,
      122, 99, 121, -1,
      101, 122, 103, -1,
      103, 122, 123, -1,
      103, 123, 105, -1,
      105, 123, 124, -1,
      105, 124, 107, -1,
      107, 124, 125, -1,
      107, 125, 109, -1,
      109, 125, 126, -1,
      109, 126, 111, -1,
      111, 126, 127, -1,
      111, 127, 80, -1,
      80, 127, 81, -1,
      17, 18, 82, -1,
      82, 18, 81, -1,
      82, 81, 128, -1,
      128, 81, 127, -1,
      128, 127, 129, -1,
      129, 127, 126, -1,
      129, 126, 130, -1,
      130, 126, 125, -1,
      130, 125, 131, -1,
      131, 125, 124, -1,
      131, 124, 132, -1,
      132, 124, 123, -1,
      132, 123, 133, -1,
      133, 123, 122, -1,
      133, 122, 134, -1,
      134, 122, 121, -1,
      134, 121, 135, -1,
      135, 121, 120, -1,
      135, 120, 136, -1,
      136, 120, 119, -1,
      136, 119, 137, -1,
      137, 119, 118, -1,
      137, 118, 138, -1,
      138, 118, 117, -1,
      138, 117, 139, -1,
      139, 117, 116, -1,
      139, 116, 113, -1,
      113, 116, 115, -1,
      113, 115, 112, -1,
      112, 115, 114, -1,
      83, 82, 128, -1,
      83, 128, 110, -1,
      110, 128, 129, -1,
      110, 129, 108, -1,
      108, 129, 130, -1,
      108, 130, 106, -1,
      106, 130, 131, -1,
      106, 131, 104, -1,
      104, 131, 132, -1,
      104, 132, 102, -1,
      102, 132, 133, -1,
      102, 133, 100, -1,
      98, 100, 134, -1,
      134, 100, 133, -1,
      98, 134, 96, -1,
      96, 134, 135, -1,
      96, 135, 94, -1,
      94, 135, 136, -1,
      94, 136, 92, -1,
      92, 136, 137, -1,
      92, 137, 90, -1,
      90, 137, 138, -1,
      90, 138, 88, -1,
      88, 138, 139, -1,
      88, 139, 86, -1,
      86, 139, 113, -1,
      140, 141, 9, -1,
      9, 141, 8, -1,
      13, 142, 11, -1,
      11, 142, 143, -1,
      144, 145, 146, -1,
      146, 145, 147, -1,
      146, 147, 148, -1,
      148, 147, 149, -1,
      148, 149, 150, -1,
      150, 149, 151, -1,
      150, 151, 152, -1,
      152, 151, 153, -1,
      152, 153, 154, -1,
      154, 153, 155, -1,
      154, 155, 156, -1,
      156, 155, 157, -1,
      156, 157, 158, -1,
      158, 157, 159, -1,
      158, 159, 160, -1,
      160, 159, 161, -1,
      160, 161, 162, -1,
      162, 161, 163, -1,
      162, 163, 164, -1,
      164, 163, 165, -1,
      164, 165, 166, -1,
      166, 165, 167, -1,
      166, 167, 168, -1,
      168, 167, 169, -1,
      168, 169, 170, -1,
      170, 169, 171, -1,
      170, 171, 143, -1,
      143, 171, 140, -1,
      143, 140, 11, -1,
      11, 140, 9, -1,
      144, 146, 172, -1,
      172, 146, 173, -1,
      145, 144, 174, -1,
      174, 144, 172, -1,
      147, 145, 175, -1,
      175, 145, 174, -1,
      147, 175, 176, -1,
      147, 176, 149, -1,
      149, 176, 177, -1,
      149, 177, 151, -1,
      151, 177, 178, -1,
      151, 178, 153, -1,
      153, 178, 179, -1,
      153, 179, 155, -1,
      155, 179, 180, -1,
      155, 180, 157, -1,
      157, 180, 181, -1,
      157, 181, 159, -1,
      161, 159, 182, -1,
      182, 159, 181, -1,
      161, 182, 163, -1,
      163, 182, 183, -1,
      163, 183, 165, -1,
      165, 183, 184, -1,
      165, 184, 167, -1,
      167, 184, 185, -1,
      167, 185, 169, -1,
      169, 185, 186, -1,
      169, 186, 171, -1,
      171, 186, 187, -1,
      171, 187, 140, -1,
      140, 187, 141, -1,
      13, 8, 142, -1,
      142, 8, 141, -1,
      142, 141, 188, -1,
      188, 141, 187, -1,
      188, 187, 189, -1,
      189, 187, 186, -1,
      189, 186, 190, -1,
      190, 186, 185, -1,
      190, 185, 191, -1,
      191, 185, 184, -1,
      191, 184, 192, -1,
      192, 184, 183, -1,
      192, 183, 193, -1,
      193, 183, 182, -1,
      193, 182, 194, -1,
      194, 182, 181, -1,
      194, 181, 195, -1,
      195, 181, 180, -1,
      195, 180, 196, -1,
      196, 180, 179, -1,
      196, 179, 197, -1,
      197, 179, 178, -1,
      197, 178, 198, -1,
      198, 178, 177, -1,
      198, 177, 199, -1,
      199, 177, 176, -1,
      199, 176, 173, -1,
      173, 176, 175, -1,
      173, 175, 172, -1,
      172, 175, 174, -1,
      143, 142, 188, -1,
      143, 188, 170, -1,
      170, 188, 189, -1,
      170, 189, 168, -1,
      168, 189, 190, -1,
      168, 190, 166, -1,
      166, 190, 191, -1,
      166, 191, 164, -1,
      164, 191, 192, -1,
      164, 192, 162, -1,
      162, 192, 193, -1,
      162, 193, 160, -1,
      158, 160, 194, -1,
      194, 160, 193, -1,
      158, 194, 156, -1,
      156, 194, 195, -1,
      156, 195, 154, -1,
      154, 195, 196, -1,
      154, 196, 152, -1,
      152, 196, 197, -1,
      152, 197, 150, -1,
      150, 197, 198, -1,
      150, 198, 148, -1,
      148, 198, 199, -1,
      148, 199, 146, -1,
      146, 199, 173, -1,
      200, 201, 7, -1,
      7, 201, 0, -1,
      202, 2, 203, -1,
      203, 2, 1, -1,
      1, 0, 203, -1,
      203, 0, 201, -1,
      203, 201, 204, -1,
      204, 201, 205, -1,
      204, 205, 206, -1,
      206, 205, 207, -1,
      206, 207, 208, -1,
      208, 207, 209, -1,
      208, 209, 210, -1,
      210, 209, 211, -1,
      210, 211, 212, -1,
      212, 211, 213, -1,
      212, 213, 214, -1,
      214, 213, 215, -1,
      214, 215, 216, -1,
      216, 215, 217, -1,
      216, 217, 218, -1,
      218, 217, 219, -1,
      218, 219, 220, -1,
      220, 219, 221, -1,
      220, 221, 222, -1,
      222, 221, 223, -1,
      222, 223, 224, -1,
      224, 223, 225, -1,
      224, 225, 226, -1,
      226, 225, 227, -1,
      226, 227, 228, -1,
      228, 227, 229, -1,
      228, 229, 230, -1,
      230, 229, 231, -1,
      228, 230, 232, -1,
      232, 230, 233, -1,
      230, 231, 233, -1,
      233, 231, 234, -1,
      231, 229, 234, -1,
      234, 229, 235, -1,
      217, 236, 237, -1,
      217, 237, 219, -1,
      219, 237, 238, -1,
      219, 238, 221, -1,
      221, 238, 239, -1,
      221, 239, 223, -1,
      223, 239, 240, -1,
      223, 240, 225, -1,
      225, 240, 241, -1,
      225, 241, 227, -1,
      227, 241, 235, -1,
      227, 235, 229, -1,
      217, 215, 236, -1,
      236, 215, 242, -1,
      201, 200, 205, -1,
      205, 200, 243, -1,
      205, 243, 207, -1,
      207, 243, 244, -1,
      207, 244, 209, -1,
      209, 244, 245, -1,
      209, 245, 211, -1,
      211, 245, 246, -1,
      211, 246, 213, -1,
      213, 246, 247, -1,
      213, 247, 215, -1,
      215, 247, 242, -1,
      233, 234, 232, -1,
      232, 234, 235, -1,
      232, 235, 248, -1,
      248, 235, 241, -1,
      248, 241, 249, -1,
      249, 241, 240, -1,
      249, 240, 250, -1,
      250, 240, 239, -1,
      250, 239, 251, -1,
      251, 239, 238, -1,
      251, 238, 252, -1,
      252, 238, 237, -1,
      252, 237, 253, -1,
      253, 237, 236, -1,
      253, 236, 254, -1,
      254, 236, 242, -1,
      254, 242, 255, -1,
      255, 242, 247, -1,
      255, 247, 256, -1,
      256, 247, 246, -1,
      256, 246, 257, -1,
      257, 246, 245, -1,
      257, 245, 258, -1,
      258, 245, 244, -1,
      258, 244, 259, -1,
      259, 244, 243, -1,
      259, 243, 202, -1,
      202, 243, 200, -1,
      202, 200, 2, -1,
      2, 200, 7, -1,
      214, 254, 255, -1,
      214, 255, 212, -1,
      212, 255, 256, -1,
      212, 256, 210, -1,
      210, 256, 257, -1,
      210, 257, 208, -1,
      208, 257, 258, -1,
      208, 258, 206, -1,
      206, 258, 259, -1,
      206, 259, 204, -1,
      204, 259, 202, -1,
      204, 202, 203, -1,
      214, 216, 254, -1,
      254, 216, 253, -1,
      228, 232, 226, -1,
      226, 232, 248, -1,
      226, 248, 224, -1,
      224, 248, 249, -1,
      224, 249, 222, -1,
      222, 249, 250, -1,
      222, 250, 220, -1,
      220, 250, 251, -1,
      220, 251, 218, -1,
      218, 251, 252, -1,
      218, 252, 216, -1,
      216, 252, 253, -1,
      260, 261, 3, -1,
      3, 261, 6, -1,
      262, 4, 263, -1,
      263, 4, 5, -1,
      5, 6, 263, -1,
      263, 6, 261, -1,
      263, 261, 264, -1,
      264, 261, 265, -1,
      264, 265, 266, -1,
      266, 265, 267, -1,
      266, 267, 268, -1,
      268, 267, 269, -1,
      268, 269, 270, -1,
      270, 269, 271, -1,
      270, 271, 272, -1,
      272, 271, 273, -1,
      272, 273, 274, -1,
      274, 273, 275, -1,
      274, 275, 276, -1,
      276, 275, 277, -1,
      276, 277, 278, -1,
      278, 277, 279, -1,
      278, 279, 280, -1,
      280, 279, 281, -1,
      280, 281, 282, -1,
      282, 281, 283, -1,
      282, 283, 284, -1,
      284, 283, 285, -1,
      284, 285, 286, -1,
      286, 285, 287, -1,
      286, 287, 288, -1,
      288, 287, 289, -1,
      288, 289, 290, -1,
      290, 289, 291, -1,
      288, 290, 292, -1,
      292, 290, 293, -1,
      290, 291, 293, -1,
      293, 291, 294, -1,
      291, 289, 294, -1,
      294, 289, 295, -1,
      277, 296, 297, -1,
      277, 297, 279, -1,
      279, 297, 298, -1,
      279, 298, 281, -1,
      281, 298, 299, -1,
      281, 299, 283, -1,
      283, 299, 300, -1,
      283, 300, 285, -1,
      285, 300, 301, -1,
      285, 301, 287, -1,
      287, 301, 295, -1,
      287, 295, 289, -1,
      277, 275, 296, -1,
      296, 275, 302, -1,
      261, 260, 265, -1,
      265, 260, 303, -1,
      265, 303, 267, -1,
      267, 303, 304, -1,
      267, 304, 269, -1,
      269, 304, 305, -1,
      269, 305, 271, -1,
      271, 305, 306, -1,
      271, 306, 273, -1,
      273, 306, 307, -1,
      273, 307, 275, -1,
      275, 307, 302, -1,
      293, 294, 292, -1,
      292, 294, 295, -1,
      292, 295, 308, -1,
      308, 295, 301, -1,
      308, 301, 309, -1,
      309, 301, 300, -1,
      309, 300, 310, -1,
      310, 300, 299, -1,
      310, 299, 311, -1,
      311, 299, 298, -1,
      311, 298, 312, -1,
      312, 298, 297, -1,
      312, 297, 313, -1,
      313, 297, 296, -1,
      313, 296, 314, -1,
      314, 296, 302, -1,
      314, 302, 315, -1,
      315, 302, 307, -1,
      315, 307, 316, -1,
      316, 307, 306, -1,
      316, 306, 317, -1,
      317, 306, 305, -1,
      317, 305, 318, -1,
      318, 305, 304, -1,
      318, 304, 319, -1,
      319, 304, 303, -1,
      319, 303, 262, -1,
      262, 303, 260, -1,
      262, 260, 4, -1,
      4, 260, 3, -1,
      274, 314, 315, -1,
      274, 315, 272, -1,
      272, 315, 316, -1,
      272, 316, 270, -1,
      270, 316, 317, -1,
      270, 317, 268, -1,
      268, 317, 318, -1,
      268, 318, 266, -1,
      266, 318, 319, -1,
      266, 319, 264, -1,
      264, 319, 262, -1,
      264, 262, 263, -1,
      274, 276, 314, -1,
      314, 276, 313, -1,
      288, 292, 286, -1,
      286, 292, 308, -1,
      286, 308, 284, -1,
      284, 308, 309, -1,
      284, 309, 282, -1,
      282, 309, 310, -1,
      282, 310, 280, -1,
      280, 310, 311, -1,
      280, 311, 278, -1,
      278, 311, 312, -1,
      278, 312, 276, -1,
      276, 312, 313, -1,
    ]
  }
}

Shape {
  appearance Appearance {
    material Material {
      diffuseColor 0.0000 0.0000 0.0000
      specularColor 0.0000 0.0000 0.0000
      ambientIntensity 0.2
      transparency 0.0000
      shininess 0.5
    }
  }
  geometry IndexedFaceSet {
    ccw TRUE
    solid FALSE
    coord DEF co Coordinate {
      point [
        -0.015007 -0.014372 -0.255906,
        -0.015007 -0.018693 -0.255906,
        0.006118 -0.018693 -0.255906,
        -0.014047 0.016356 -0.255906,
        0.000837 0.016356 -0.255906,
        0.000837 0.003393 -0.255906,
        0.013800 -0.016652 -0.255906,
        0.013800 -0.012331 -0.255906,
        0.006118 0.020677 -0.255906,
        0.000837 -0.000928 -0.255906,
        0.000837 -0.014372 -0.255906,
        -0.013087 -0.000928 -0.255906,
        -0.013087 0.003393 -0.255906,
        0.033301 -0.017356 -0.255906,
        0.046448 -0.018693 -0.255906,
        0.029485 -0.018670 -0.255906,
        0.026948 -0.018933 -0.255906,
        -0.014047 0.020677 -0.255906,
        0.041010 0.010308 -0.255906,
        0.038702 0.013989 -0.255906,
        0.061332 0.020677 -0.255906,
        0.026897 0.016401 -0.255906,
        0.029844 0.015337 -0.255906,
        0.014506 -0.012722 -0.255906,
        0.032569 0.013515 -0.255906,
        0.034946 0.010890 -0.255906,
        0.037806 0.000572 -0.255906,
        0.037408 -0.003690 -0.255906,
        0.036338 -0.007076 -0.255906,
        0.027578 -0.014440 -0.255906,
        0.023906 -0.014852 -0.255906,
        0.030446 -0.013384 -0.255906,
        0.032862 -0.011755 -0.255906,
        0.034710 -0.009806 -0.255906,
        0.018679 -0.014272 -0.255906,
        0.036569 0.007850 -0.255906,
        0.037619 0.003635 -0.255906,
        0.035148 0.017407 -0.255906,
        0.066614 0.020677 -0.255906,
        0.066614 -0.018693 -0.255906,
        0.036468 -0.015334 -0.255906,
        0.039425 -0.012221 -0.255906,
        0.046448 -0.014372 -0.255906,
        0.041522 -0.008477 -0.255906,
        0.061332 -0.014372 -0.255906,
        0.042707 -0.004310 -0.255906,
        0.043088 0.000250 -0.255906,
        0.042521 0.005847 -0.255906,
        0.031408 0.019559 -0.255906,
        0.027019 0.020835 -0.255906,
        0.023065 0.021157 -0.255906,
        0.018352 0.020832 -0.255906,
        0.013800 0.019597 -0.255906,
        0.013800 0.014316 -0.255906,
        0.018235 0.016215 -0.255906,
        0.023020 0.016836 -0.255906,
        0.024633 -0.019173 -0.255906,
        0.023557 -0.019154 -0.255906,
        0.021975 -0.018933 -0.255906,
        0.017997 -0.018375 -0.255906,
        -0.063019 -0.018693 -0.255906,
        -0.057258 -0.018693 -0.255906,
        -0.052411 -0.007902 -0.255906,
        -0.050154 -0.011424 -0.255906,
        -0.046913 -0.014526 -0.255906,
        -0.042802 -0.016915 -0.255906,
        -0.072142 0.020677 -0.255906,
        -0.077423 0.020677 -0.255906,
        -0.092787 -0.018693 -0.255906,
        -0.087026 -0.018693 -0.255906,
        -0.083042 -0.007650 -0.255906,
        -0.066778 -0.007650 -0.255906,
        -0.022689 0.020677 -0.255906,
        -0.033800 0.020677 -0.255906,
        -0.048420 0.015544 -0.255906,
        -0.051204 0.012457 -0.255906,
        -0.053034 0.009071 -0.255906,
        -0.039487 0.020069 -0.255906,
        -0.044094 0.018452 -0.255906,
        -0.048379 0.015580 -0.255906,
        -0.038266 -0.018267 -0.255906,
        -0.033394 -0.018693 -0.255906,
        -0.022689 -0.018693 -0.255906,
        -0.054091 0.005192 -0.255906,
        -0.054377 0.001487 -0.255906,
        -0.053825 -0.003781 -0.255906,
        -0.320648 -0.190715 0.157480,
        -0.326989 -0.206026 0.157480,
        -0.337078 -0.219173 0.157480,
        -0.350225 -0.229261 0.157480,
        -0.365535 -0.235603 0.157480,
        -0.381966 -0.237766 0.157480,
        -0.398396 -0.235603 0.157480,
        -0.413706 -0.229261 0.157480,
        -0.426854 -0.219173 0.157480,
        -0.436942 -0.206026 0.157480,
        -0.436942 -0.142544 0.157480,
        -0.426854 -0.129397 0.157480,
        -0.413706 -0.119309 0.157480,
        -0.398396 -0.112967 0.157480,
        -0.381966 -0.110804 0.157480,
        -0.365535 -0.112967 0.157480,
        -0.350225 -0.119309 0.157480,
        -0.337078 -0.129397 0.157480,
        -0.326989 -0.142544 0.157480,
        -0.320648 -0.157855 0.157480,
        -0.318485 -0.174285 0.157480,
        -0.443283 -0.190715 0.157480,
        -0.445447 -0.174285 0.157480,
        -0.443283 -0.157855 0.157480,
        -0.318485 -0.174285 0.157087,
        -0.320648 -0.157855 0.157087,
        -0.326989 -0.142544 0.157087,
        -0.337078 -0.129397 0.157087,
        -0.350225 -0.119309 0.157087,
        -0.365535 -0.112967 0.157087,
        -0.381966 -0.110804 0.157087,
        -0.398396 -0.112967 0.157087,
        -0.413706 -0.119309 0.157087,
        -0.426854 -0.129397 0.157087,
        -0.436942 -0.142544 0.157087,
        -0.443283 -0.157855 0.157087,
        -0.445447 -0.174285 0.157087,
        -0.443283 -0.190715 0.157087,
        -0.436942 -0.206026 0.157087,
        -0.426854 -0.219173 0.157087,
        -0.413706 -0.229261 0.157087,
        -0.398396 -0.235603 0.157087,
        -0.381966 -0.237766 0.157087,
        -0.365535 -0.235603 0.157087,
        -0.350225 -0.229261 0.157087,
        -0.337078 -0.219173 0.157087,
        -0.326989 -0.206026 0.157087,
        -0.320648 -0.190715 0.157087,
        -0.381966 -0.174285 0.157087,
        -0.077423 0.020677 -0.255512,
        -0.092787 -0.018693 -0.255512,
        -0.087026 -0.018693 -0.255512,
        -0.083042 -0.007650 -0.255512,
        -0.066778 -0.007650 -0.255512,
        -0.063019 -0.018693 -0.255512,
        -0.057258 -0.018693 -0.255512,
        -0.072142 0.020677 -0.255512,
        -0.068106 -0.003329 -0.255512,
        -0.081272 -0.003329 -0.255512,
        -0.073980 0.013115 -0.255512,
        -0.074359 0.014481 -0.255512,
        -0.074610 0.015876 -0.255512,
        -0.074737 0.015876 -0.255512,
        -0.074994 0.014485 -0.255512,
        -0.075345 0.013115 -0.255512,
        -0.068106 -0.003329 -0.255906,
        -0.081272 -0.003329 -0.255906,
        -0.073980 0.013115 -0.255906,
        -0.074359 0.014481 -0.255906,
        -0.074610 0.015876 -0.255906,
        -0.074737 0.015876 -0.255906,
        -0.074994 0.014485 -0.255906,
        -0.075345 0.013115 -0.255906,
        -0.033394 -0.018693 -0.255512,
        -0.022689 -0.018693 -0.255512,
        -0.022689 0.020677 -0.255512,
        -0.033800 0.020677 -0.255512,
        -0.054377 0.001487 -0.255512,
        -0.054091 0.005192 -0.255512,
        -0.053034 0.009071 -0.255512,
        -0.051204 0.012457 -0.255512,
        -0.048420 0.015544 -0.255512,
        -0.048379 0.015580 -0.255512,
        -0.044094 0.018452 -0.255512,
        -0.039487 0.020069 -0.255512,
        -0.038266 -0.018267 -0.255512,
        -0.042802 -0.016915 -0.255512,
        -0.046913 -0.014526 -0.255512,
        -0.050154 -0.011424 -0.255512,
        -0.052411 -0.007902 -0.255512,
        -0.053825 -0.003781 -0.255512,
        -0.046474 0.010835 -0.255512,
        -0.044562 0.012866 -0.255512,
        -0.041687 0.014724 -0.255512,
        -0.038437 0.015861 -0.255512,
        -0.033777 0.016356 -0.255512,
        -0.027970 0.016356 -0.255512,
        -0.027970 -0.014372 -0.255512,
        -0.033559 -0.014372 -0.255512,
        -0.037713 -0.013985 -0.255512,
        -0.041026 -0.012951 -0.255512,
        -0.043711 -0.011357 -0.255512,
        -0.045919 -0.009176 -0.255512,
        -0.047580 -0.006461 -0.255512,
        -0.048734 -0.002760 -0.255512,
        -0.049096 0.001375 -0.255512,
        -0.048761 0.005293 -0.255512,
        -0.047842 0.008407 -0.255512,
        -0.033777 0.016356 -0.255906,
        -0.027970 0.016356 -0.255906,
        -0.038437 0.015861 -0.255906,
        -0.041687 0.014724 -0.255906,
        -0.044562 0.012866 -0.255906,
        -0.046474 0.010835 -0.255906,
        -0.047842 0.008407 -0.255906,
        -0.048761 0.005293 -0.255906,
        -0.049096 0.001375 -0.255906,
        -0.048734 -0.002760 -0.255906,
        -0.047580 -0.006461 -0.255906,
        -0.045919 -0.009176 -0.255906,
        -0.043711 -0.011357 -0.255906,
        -0.041026 -0.012951 -0.255906,
        -0.037713 -0.013985 -0.255906,
        -0.033559 -0.014372 -0.255906,
        -0.027970 -0.014372 -0.255906,
        -0.015007 -0.014372 -0.255512,
        -0.015007 -0.018693 -0.255512,
        0.006118 -0.018693 -0.255512,
        0.006118 0.020677 -0.255512,
        -0.014047 0.020677 -0.255512,
        -0.014047 0.016356 -0.255512,
        0.000837 0.016356 -0.255512,
        0.000837 0.003393 -0.255512,
        -0.013087 0.003393 -0.255512,
        -0.013087 -0.000928 -0.255512,
        0.000837 -0.000928 -0.255512,
        0.000837 -0.014372 -0.255512,
        0.013800 -0.012331 -0.255512,
        0.013800 -0.016652 -0.255512,
        0.017997 -0.018375 -0.255512,
        0.024633 -0.019173 -0.255512,
        0.023557 -0.019154 -0.255512,
        0.029485 -0.018670 -0.255512,
        0.033301 -0.017356 -0.255512,
        0.036468 -0.015334 -0.255512,
        0.039425 -0.012221 -0.255512,
        0.041522 -0.008477 -0.255512,
        0.042707 -0.004310 -0.255512,
        0.043088 0.000250 -0.255512,
        0.023065 0.021157 -0.255512,
        0.027019 0.020835 -0.255512,
        0.031408 0.019559 -0.255512,
        0.035148 0.017407 -0.255512,
        0.038702 0.013989 -0.255512,
        0.041010 0.010308 -0.255512,
        0.042521 0.005847 -0.255512,
        0.013800 0.019597 -0.255512,
        0.018352 0.020832 -0.255512,
        0.013800 0.014316 -0.255512,
        0.023020 0.016836 -0.255512,
        0.018235 0.016215 -0.255512,
        0.037806 0.000572 -0.255512,
        0.037619 0.003635 -0.255512,
        0.036569 0.007850 -0.255512,
        0.034946 0.010890 -0.255512,
        0.032569 0.013515 -0.255512,
        0.029844 0.015337 -0.255512,
        0.026897 0.016401 -0.255512,
        0.023906 -0.014852 -0.255512,
        0.027578 -0.014440 -0.255512,
        0.030446 -0.013384 -0.255512,
        0.032862 -0.011755 -0.255512,
        0.034710 -0.009806 -0.255512,
        0.036338 -0.007076 -0.255512,
        0.037408 -0.003690 -0.255512,
        0.014506 -0.012722 -0.255512,
        0.018679 -0.014272 -0.255512,
        0.046448 -0.014372 -0.255512,
        0.046448 -0.018693 -0.255512,
        0.066614 -0.018693 -0.255512,
        0.066614 0.020677 -0.255512,
        0.061332 0.020677 -0.255512,
        0.061332 -0.014372 -0.255512,
      ]
    }
    coordIndex [
      110, 106, 111, -1,
      111, 106, 105, -1,
      111, 105, 112, -1,
      112, 105, 104, -1,
      112, 104, 113, -1,
      113, 104, 103, -1,
      113, 103, 114, -1,
      114, 103, 102, -1,
      114, 102, 115, -1,
      115, 102, 101, -1,
      115, 101, 116, -1,
      116, 101, 100, -1,
      116, 100, 117, -1,
      117, 100, 99, -1,
      117, 99, 118, -1,
      118, 99, 98, -1,
      118, 98, 119, -1,
      119, 98, 97, -1,
      119, 97, 120, -1,
      120, 97, 96, -1,
      120, 96, 121, -1,
      121, 96, 109, -1,
      121, 109, 122, -1,
      122, 109, 108, -1,
      122, 108, 123, -1,
      123, 108, 107, -1,
      123, 107, 124, -1,
      124, 107, 95, -1,
      124, 95, 125, -1,
      125, 95, 94, -1,
      125, 94, 126, -1,
      126, 94, 93, -1,
      126, 93, 127, -1,
      127, 93, 92, -1,
      127, 92, 128, -1,
      128, 92, 91, -1,
      128, 91, 129, -1,
      129, 91, 90, -1,
      129, 90, 130, -1,
      130, 90, 89, -1,
      130, 89, 131, -1,
      131, 89, 88, -1,
      131, 88, 132, -1,
      132, 88, 87, -1,
      132, 87, 133, -1,
      133, 87, 86, -1,
      133, 86, 110, -1,
      110, 86, 106, -1,
      132, 133, 134, -1,
      134, 133, 110, -1,
      134, 110, 111, -1,
      129, 130, 134, -1,
      134, 130, 131, -1,
      134, 131, 132, -1,
      126, 127, 134, -1,
      134, 127, 128, -1,
      134, 128, 129, -1,
      123, 124, 134, -1,
      134, 124, 125, -1,
      134, 125, 126, -1,
      120, 121, 134, -1,
      134, 121, 122, -1,
      134, 122, 123, -1,
      117, 118, 134, -1,
      134, 118, 119, -1,
      134, 119, 120, -1,
      114, 115, 134, -1,
      134, 115, 116, -1,
      134, 116, 117, -1,
      111, 112, 134, -1,
      134, 112, 113, -1,
      134, 113, 114, -1,
      135, 136, 67, -1,
      67, 136, 68, -1,
      136, 137, 68, -1,
      68, 137, 69, -1,
      137, 138, 69, -1,
      69, 138, 70, -1,
      138, 139, 70, -1,
      70, 139, 71, -1,
      139, 140, 71, -1,
      71, 140, 60, -1,
      140, 141, 60, -1,
      60, 141, 61, -1,
      141, 142, 61, -1,
      61, 142, 66, -1,
      142, 135, 66, -1,
      66, 135, 67, -1,
      143, 139, 144, -1,
      144, 139, 138, -1,
      145, 142, 143, -1,
      143, 142, 141, -1,
      143, 141, 139, -1,
      139, 141, 140, -1,
      145, 146, 142, -1,
      142, 146, 147, -1,
      142, 147, 135, -1,
      135, 147, 148, -1,
      135, 148, 149, -1,
      149, 150, 135, -1,
      135, 150, 144, -1,
      135, 144, 136, -1,
      136, 144, 138, -1,
      136, 138, 137, -1,
      143, 144, 151, -1,
      151, 144, 152, -1,
      145, 143, 153, -1,
      153, 143, 151, -1,
      145, 153, 154, -1,
      145, 154, 146, -1,
      146, 154, 155, -1,
      146, 155, 147, -1,
      148, 147, 156, -1,
      156, 147, 155, -1,
      148, 156, 157, -1,
      148, 157, 149, -1,
      149, 157, 158, -1,
      149, 158, 150, -1,
      144, 150, 152, -1,
      152, 150, 158, -1,
      159, 160, 81, -1,
      81, 160, 82, -1,
      160, 161, 82, -1,
      82, 161, 72, -1,
      161, 162, 72, -1,
      72, 162, 73, -1,
      163, 84, 83, -1,
      163, 83, 164, -1,
      164, 83, 76, -1,
      164, 76, 165, -1,
      165, 76, 75, -1,
      165, 75, 166, -1,
      166, 75, 74, -1,
      166, 74, 167, -1,
      167, 74, 79, -1,
      167, 79, 168, -1,
      168, 79, 78, -1,
      168, 78, 169, -1,
      169, 78, 77, -1,
      169, 77, 170, -1,
      170, 77, 73, -1,
      170, 73, 162, -1,
      159, 81, 80, -1,
      159, 80, 171, -1,
      171, 80, 65, -1,
      171, 65, 172, -1,
      172, 65, 64, -1,
      172, 64, 173, -1,
      173, 64, 63, -1,
      173, 63, 174, -1,
      174, 63, 62, -1,
      174, 62, 175, -1,
      175, 62, 85, -1,
      175, 85, 176, -1,
      176, 85, 84, -1,
      176, 84, 163, -1,
      165, 166, 177, -1,
      177, 166, 167, -1,
      177, 167, 178, -1,
      178, 167, 168, -1,
      178, 168, 179, -1,
      179, 168, 169, -1,
      179, 169, 180, -1,
      180, 169, 170, -1,
      180, 170, 181, -1,
      181, 170, 162, -1,
      181, 162, 182, -1,
      182, 162, 161, -1,
      182, 161, 183, -1,
      183, 161, 160, -1,
      183, 160, 184, -1,
      184, 160, 159, -1,
      184, 159, 185, -1,
      185, 159, 171, -1,
      185, 171, 186, -1,
      186, 171, 172, -1,
      186, 172, 187, -1,
      187, 172, 173, -1,
      187, 173, 188, -1,
      188, 173, 174, -1,
      188, 174, 189, -1,
      189, 174, 175, -1,
      189, 175, 190, -1,
      190, 175, 176, -1,
      190, 176, 191, -1,
      191, 176, 163, -1,
      191, 163, 192, -1,
      192, 163, 164, -1,
      192, 164, 193, -1,
      193, 164, 165, -1,
      193, 165, 177, -1,
      181, 182, 194, -1,
      194, 182, 195, -1,
      181, 194, 196, -1,
      181, 196, 180, -1,
      180, 196, 197, -1,
      180, 197, 179, -1,
      179, 197, 198, -1,
      179, 198, 178, -1,
      178, 198, 199, -1,
      178, 199, 177, -1,
      177, 199, 200, -1,
      177, 200, 193, -1,
      193, 200, 201, -1,
      193, 201, 192, -1,
      192, 201, 202, -1,
      192, 202, 191, -1,
      191, 202, 203, -1,
      191, 203, 190, -1,
      190, 203, 204, -1,
      190, 204, 189, -1,
      189, 204, 205, -1,
      189, 205, 188, -1,
      188, 205, 206, -1,
      188, 206, 187, -1,
      187, 206, 207, -1,
      187, 207, 186, -1,
      186, 207, 208, -1,
      186, 208, 185, -1,
      185, 208, 209, -1,
      185, 209, 184, -1,
      183, 184, 210, -1,
      210, 184, 209, -1,
      182, 183, 195, -1,
      195, 183, 210, -1,
      211, 212, 0, -1,
      0, 212, 1, -1,
      212, 213, 1, -1,
      1, 213, 2, -1,
      213, 214, 2, -1,
      2, 214, 8, -1,
      214, 215, 8, -1,
      8, 215, 17, -1,
      215, 216, 17, -1,
      17, 216, 3, -1,
      216, 217, 3, -1,
      3, 217, 4, -1,
      217, 218, 4, -1,
      4, 218, 5, -1,
      218, 219, 5, -1,
      5, 219, 12, -1,
      219, 220, 12, -1,
      12, 220, 11, -1,
      220, 221, 11, -1,
      11, 221, 9, -1,
      221, 222, 9, -1,
      9, 222, 10, -1,
      222, 211, 10, -1,
      10, 211, 0, -1,
      213, 212, 211, -1,
      211, 222, 213, -1,
      213, 222, 221, -1,
      213, 221, 214, -1,
      216, 215, 217, -1,
      217, 215, 214, -1,
      217, 214, 218, -1,
      218, 214, 221, -1,
      218, 221, 219, -1,
      219, 221, 220, -1,
      223, 224, 7, -1,
      7, 224, 6, -1,
      6, 224, 225, -1,
      226, 56, 57, -1,
      226, 57, 227, -1,
      227, 57, 58, -1,
      227, 58, 225, -1,
      225, 58, 59, -1,
      225, 59, 6, -1,
      56, 226, 16, -1,
      16, 226, 228, -1,
      16, 228, 15, -1,
      15, 228, 229, -1,
      15, 229, 13, -1,
      13, 229, 230, -1,
      13, 230, 40, -1,
      40, 230, 231, -1,
      40, 231, 41, -1,
      41, 231, 232, -1,
      41, 232, 43, -1,
      43, 232, 233, -1,
      43, 233, 45, -1,
      45, 233, 234, -1,
      45, 234, 46, -1,
      235, 50, 49, -1,
      235, 49, 236, -1,
      236, 49, 48, -1,
      236, 48, 237, -1,
      237, 48, 37, -1,
      237, 37, 238, -1,
      238, 37, 19, -1,
      238, 19, 239, -1,
      239, 19, 18, -1,
      239, 18, 240, -1,
      240, 18, 47, -1,
      240, 47, 241, -1,
      241, 47, 46, -1,
      241, 46, 234, -1,
      242, 52, 51, -1,
      242, 51, 243, -1,
      243, 51, 50, -1,
      243, 50, 235, -1,
      242, 244, 52, -1,
      52, 244, 53, -1,
      245, 55, 54, -1,
      245, 54, 246, -1,
      246, 54, 53, -1,
      246, 53, 244, -1,
      247, 26, 36, -1,
      247, 36, 248, -1,
      248, 36, 35, -1,
      248, 35, 249, -1,
      249, 35, 25, -1,
      249, 25, 250, -1,
      250, 25, 24, -1,
      250, 24, 251, -1,
      251, 24, 22, -1,
      251, 22, 252, -1,
      252, 22, 21, -1,
      252, 21, 253, -1,
      253, 21, 55, -1,
      253, 55, 245, -1,
      254, 30, 29, -1,
      254, 29, 255, -1,
      255, 29, 31, -1,
      255, 31, 256, -1,
      256, 31, 32, -1,
      256, 32, 257, -1,
      257, 32, 33, -1,
      257, 33, 258, -1,
      258, 33, 28, -1,
      258, 28, 259, -1,
      259, 28, 27, -1,
      259, 27, 260, -1,
      260, 27, 26, -1,
      260, 26, 247, -1,
      223, 7, 23, -1,
      223, 23, 261, -1,
      261, 23, 34, -1,
      261, 34, 262, -1,
      262, 34, 30, -1,
      262, 30, 254, -1,
      255, 226, 254, -1,
      254, 226, 227, -1,
      254, 227, 262, -1,
      262, 227, 225, -1,
      262, 225, 261, -1,
      261, 225, 224, -1,
      261, 224, 223, -1,
      244, 242, 246, -1,
      246, 242, 243, -1,
      246, 243, 245, -1,
      245, 243, 235, -1,
      245, 235, 253, -1,
      253, 235, 236, -1,
      253, 236, 252, -1,
      252, 236, 237, -1,
      252, 237, 251, -1,
      251, 237, 238, -1,
      251, 238, 250, -1,
      250, 238, 239, -1,
      250, 239, 249, -1,
      249, 239, 240, -1,
      249, 240, 248, -1,
      248, 240, 241, -1,
      248, 241, 247, -1,
      247, 241, 234, -1,
      247, 234, 260, -1,
      260, 234, 233, -1,
      260, 233, 259, -1,
      259, 233, 232, -1,
      259, 232, 258, -1,
      258, 232, 231, -1,
      258, 231, 257, -1,
      257, 231, 230, -1,
      257, 230, 256, -1,
      256, 230, 229, -1,
      256, 229, 255, -1,
      255, 229, 228, -1,
      255, 228, 226, -1,
      263, 264, 42, -1,
      42, 264, 14, -1,
      264, 265, 14, -1,
      14, 265, 39, -1,
      265, 266, 39, -1,
      39, 266, 38, -1,
      266, 267, 38, -1,
      38, 267, 20, -1,
      267, 268, 20, -1,
      20, 268, 44, -1,
      268, 263, 44, -1,
      44, 263, 42, -1,
      267, 266, 268, -1,
      268, 266, 265, -1,
      268, 265, 263, -1,
      263, 265, 264, -1,
    ]
  }
}

Shape {
  appearance Appearance {
    material Material {
      diffuseColor 0.2510 0.2510 0.2510
      specularColor 0.1255 0.1255 0.1255
      ambientIntensity 0.2
      transparency 0.0000
      shininess 0.5
    }
  }
  geometry IndexedFaceSet {
    ccw TRUE
    solid FALSE
    coord DEF co Coordinate {
      point [
        -0.018848 0.278709 -0.255906,
        0.534615 0.278709 -0.255906,
        0.534615 -0.018933 -0.255906,
        0.534615 -0.278709 -0.255906,
        -0.018848 -0.278709 -0.255906,
        -0.534615 -0.278709 -0.255906,
        -0.534615 -0.018933 -0.255906,
        -0.534615 0.278709 -0.255906,
        0.541498 0.305229 0.139169,
        0.551229 0.314961 0.000000,
        -0.541498 0.305229 0.139169,
        -0.551229 0.314961 -0.000000,
        -0.541498 -0.305229 0.139169,
        -0.551229 -0.314961 0.000000,
        0.541498 -0.305229 0.139169,
        0.551229 -0.314961 -0.000000,
        0.570866 0.295324 0.000000,
        0.570866 -0.295324 -0.000000,
        0.554252 0.278709 -0.237594,
        0.554252 -0.278709 -0.237594,
        0.534615 -0.298346 -0.237594,
        -0.534615 -0.298346 -0.237594,
        -0.570866 -0.295324 -0.000000,
        -0.570866 0.295324 -0.000000,
        -0.554252 -0.278709 -0.237594,
        -0.554252 0.278709 -0.237594,
        0.534615 0.298346 -0.237594,
        -0.534615 0.298346 -0.237594,
        0.561135 0.285592 0.139169,
        0.561135 -0.285592 0.139169,
        -0.561135 -0.285592 0.139169,
        -0.561135 0.285592 0.139169,
        0.541498 -0.285592 0.157480,
        -0.541498 -0.285592 0.157480,
        -0.541498 0.285592 0.157480,
        0.541498 0.285592 0.157480,
        -0.068106 -0.003329 -0.255906,
        -0.081272 -0.003329 -0.255906,
        -0.073980 0.013115 -0.255906,
        -0.074359 0.014481 -0.255906,
        -0.074610 0.015876 -0.255906,
        -0.074737 0.015876 -0.255906,
        -0.074994 0.014485 -0.255906,
        -0.075345 0.013115 -0.255906,
        -0.033777 0.016356 -0.255906,
        -0.027970 0.016356 -0.255906,
        -0.038437 0.015861 -0.255906,
        -0.041687 0.014724 -0.255906,
        -0.044562 0.012866 -0.255906,
        -0.046474 0.010835 -0.255906,
        -0.047842 0.008407 -0.255906,
        -0.048761 0.005293 -0.255906,
        -0.049096 0.001375 -0.255906,
        -0.048734 -0.002760 -0.255906,
        -0.047580 -0.006461 -0.255906,
        -0.045919 -0.009176 -0.255906,
        -0.043711 -0.011357 -0.255906,
        -0.041026 -0.012951 -0.255906,
        -0.037713 -0.013985 -0.255906,
        -0.033559 -0.014372 -0.255906,
        -0.027970 -0.014372 -0.255906,
        -0.553562 -0.283776 -0.237900,
        -0.570198 -0.300412 -0.000000,
        -0.569373 -0.302846 -0.000000,
        -0.553559 -0.283785 -0.237900,
        -0.568239 -0.305150 -0.000000,
        -0.551589 -0.288500 -0.238092,
        -0.566813 -0.307285 -0.000000,
        -0.551585 -0.288507 -0.238092,
        -0.565120 -0.309215 -0.000000,
        -0.548467 -0.292561 -0.238158,
        -0.563190 -0.310907 -0.000000,
        -0.544412 -0.295679 -0.238092,
        -0.561055 -0.312333 -0.000000,
        -0.544406 -0.295684 -0.238092,
        -0.558751 -0.313468 -0.000000,
        -0.539691 -0.297653 -0.237900,
        -0.556318 -0.314293 -0.000000,
        -0.539682 -0.297657 -0.237900,
        -0.546565 -0.304539 0.139474,
        -0.546573 -0.304536 0.139475,
        -0.551289 -0.302567 0.139667,
        -0.551295 -0.302561 0.139667,
        -0.555349 -0.299444 0.139733,
        -0.558467 -0.295389 0.139667,
        -0.558472 -0.295383 0.139667,
        -0.560441 -0.290668 0.139475,
        -0.560445 -0.290659 0.139474,
        -0.539488 -0.278709 -0.255289,
        -0.539350 -0.279978 -0.255285,
        -0.534615 -0.288150 -0.253486,
        -0.534615 -0.288204 -0.253464,
        -0.537072 -0.287881 -0.253464,
        -0.534615 -0.292128 -0.250608,
        -0.534615 -0.292199 -0.250557,
        -0.538106 -0.291740 -0.250557,
        -0.538920 -0.294778 -0.246746,
        -0.539463 -0.296803 -0.242272,
        -0.543981 -0.294931 -0.242272,
        -0.553347 -0.278709 -0.242272,
        -0.552709 -0.283557 -0.242272,
        -0.534615 -0.297441 -0.242272,
        -0.534615 -0.297379 -0.242405,
        -0.534615 -0.295344 -0.246746,
        -0.534615 -0.295270 -0.246836,
        -0.553285 -0.278709 -0.242405,
        -0.550683 -0.283015 -0.246746,
        -0.542932 -0.293116 -0.246746,
        -0.547860 -0.291955 -0.242272,
        -0.551250 -0.278709 -0.246746,
        -0.551175 -0.278709 -0.246836,
        -0.547645 -0.282201 -0.250557,
        -0.541360 -0.290392 -0.250557,
        -0.546378 -0.290472 -0.246746,
        -0.548105 -0.278709 -0.250557,
        -0.548033 -0.278709 -0.250608,
        -0.543786 -0.281167 -0.253464,
        -0.544154 -0.288248 -0.250557,
        -0.539362 -0.286932 -0.253464,
        -0.535883 -0.283444 -0.255285,
        -0.550837 -0.288075 -0.242272,
        -0.549021 -0.287027 -0.246746,
        -0.546298 -0.285454 -0.250557,
        -0.542838 -0.283457 -0.253464,
        -0.538860 -0.281160 -0.255285,
        -0.534615 -0.283582 -0.255289,
        -0.534615 -0.283611 -0.255285,
        -0.541329 -0.285423 -0.253464,
        -0.537066 -0.282955 -0.255285,
        -0.538081 -0.282176 -0.255285,
        -0.544110 -0.278709 -0.253464,
        -0.544056 -0.278709 -0.253486,
        -0.539517 -0.278709 -0.255285,
        -0.541498 -0.302152 0.148411,
        -0.541498 -0.299082 0.152131,
        -0.544989 -0.298622 0.152131,
        -0.543955 -0.294763 0.155039,
        -0.542766 -0.290327 0.156860,
        -0.543948 -0.289837 0.156860,
        -0.545743 -0.288043 0.156860,
        -0.544964 -0.289058 0.156860,
        -0.546232 -0.286861 0.156860,
        -0.541498 -0.290465 0.156864,
        -0.546346 -0.303685 0.143847,
        -0.550863 -0.301814 0.143847,
        -0.554743 -0.298837 0.143847,
        -0.557720 -0.294958 0.143847,
        -0.559591 -0.290440 0.143847,
        -0.560229 -0.285592 0.143847,
        -0.546370 -0.285592 0.156864,
        -0.541498 -0.299011 0.152183,
        -0.541498 -0.295087 0.155039,
        -0.541498 -0.295032 0.155061,
        -0.541498 -0.290494 0.156860,
        -0.546245 -0.293815 0.155039,
        -0.548211 -0.292306 0.155039,
        -0.549720 -0.290339 0.155039,
        -0.550669 -0.288050 0.155039,
        -0.546399 -0.285592 0.156860,
        -0.550938 -0.285592 0.155061,
        -0.550993 -0.285592 0.155039,
        -0.554916 -0.285592 0.152183,
        -0.548243 -0.297274 0.152131,
        -0.551036 -0.295131 0.152131,
        -0.553180 -0.292337 0.152131,
        -0.554528 -0.289083 0.152131,
        -0.541498 -0.304261 0.143980,
        -0.541498 -0.302227 0.148320,
        -0.545803 -0.301660 0.148320,
        -0.549815 -0.299998 0.148320,
        -0.553260 -0.297355 0.148320,
        -0.555904 -0.293909 0.148320,
        -0.557565 -0.289897 0.148320,
        -0.541498 -0.304324 0.143847,
        -0.554987 -0.285592 0.152131,
        -0.558057 -0.285592 0.148411,
        -0.558132 -0.285592 0.148320,
        -0.560167 -0.285592 0.143980,
        -0.539682 0.297657 -0.237900,
        -0.556318 0.314293 0.000000,
        -0.558751 0.313468 0.000000,
        -0.539691 0.297653 -0.237900,
        -0.561055 0.312333 0.000000,
        -0.544406 0.295684 -0.238092,
        -0.563190 0.310907 0.000000,
        -0.544412 0.295679 -0.238092,
        -0.565120 0.309215 0.000000,
        -0.548467 0.292561 -0.238158,
        -0.566813 0.307285 0.000000,
        -0.551585 0.288507 -0.238092,
        -0.568239 0.305150 0.000000,
        -0.551589 0.288500 -0.238092,
        -0.569373 0.302846 0.000000,
        -0.553559 0.283785 -0.237900,
        -0.570198 0.300412 0.000000,
        -0.553562 0.283776 -0.237900,
        -0.553347 0.278709 -0.242272,
        -0.553285 0.278709 -0.242405,
        -0.551250 0.278709 -0.246746,
        -0.551175 0.278709 -0.246836,
        -0.548105 0.278709 -0.250557,
        -0.548033 0.278709 -0.250608,
        -0.544110 0.278709 -0.253464,
        -0.544056 0.278709 -0.253486,
        -0.539517 0.278709 -0.255285,
        -0.539488 0.278709 -0.255289,
        0.534615 -0.283582 -0.255289,
        0.534615 -0.283611 -0.255285,
        0.534615 -0.288150 -0.253486,
        0.534615 -0.288204 -0.253464,
        0.534615 -0.292128 -0.250608,
        0.534615 -0.292199 -0.250557,
        0.534615 -0.295270 -0.246836,
        0.534615 -0.295344 -0.246746,
        0.534615 -0.297379 -0.242405,
        0.534615 -0.297441 -0.242272,
        0.539682 -0.297657 -0.237900,
        0.556318 -0.314293 0.000000,
        0.558751 -0.313468 0.000000,
        0.539691 -0.297653 -0.237900,
        0.561055 -0.312333 0.000000,
        0.544406 -0.295684 -0.238092,
        0.563190 -0.310907 0.000000,
        0.544412 -0.295679 -0.238092,
        0.565120 -0.309215 0.000000,
        0.548467 -0.292561 -0.238158,
        0.566813 -0.307285 0.000000,
        0.551585 -0.288507 -0.238092,
        0.568239 -0.305150 0.000000,
        0.551589 -0.288500 -0.238092,
        0.569373 -0.302846 0.000000,
        0.553559 -0.283785 -0.237900,
        0.570198 -0.300412 0.000000,
        0.553562 -0.283776 -0.237900,
        0.560445 -0.290659 0.139474,
        0.560441 -0.290668 0.139475,
        0.558472 -0.295383 0.139667,
        0.558467 -0.295389 0.139667,
        0.555349 -0.299444 0.139733,
        0.551295 -0.302561 0.139667,
        0.551289 -0.302567 0.139667,
        0.546573 -0.304536 0.139475,
        0.546565 -0.304539 0.139474,
        0.541498 -0.304324 0.143847,
        0.541498 -0.304261 0.143980,
        0.541498 -0.302227 0.148320,
        0.541498 -0.302152 0.148411,
        0.541498 -0.299082 0.152131,
        0.541498 -0.299011 0.152183,
        0.541498 -0.295087 0.155039,
        0.541498 -0.295032 0.155061,
        0.541498 -0.290494 0.156860,
        0.541498 -0.290465 0.156864,
        -0.560229 0.285592 0.143847,
        -0.560167 0.285592 0.143980,
        -0.558132 0.285592 0.148320,
        -0.558057 0.285592 0.148411,
        -0.554987 0.285592 0.152131,
        -0.554916 0.285592 0.152183,
        -0.550993 0.285592 0.155039,
        -0.550938 0.285592 0.155061,
        -0.546399 0.285592 0.156860,
        -0.546370 0.285592 0.156864,
        -0.560445 0.290659 0.139474,
        -0.560441 0.290668 0.139475,
        -0.558472 0.295383 0.139667,
        -0.558467 0.295389 0.139667,
        -0.555349 0.299444 0.139733,
        -0.551295 0.302561 0.139667,
        -0.551289 0.302567 0.139667,
        -0.546573 0.304536 0.139475,
        -0.546565 0.304539 0.139474,
        -0.534615 0.283582 -0.255289,
        -0.535883 0.283444 -0.255285,
        -0.543786 0.281167 -0.253464,
        -0.547645 0.282201 -0.250557,
        -0.550683 0.283015 -0.246746,
        -0.552709 0.283557 -0.242272,
        -0.550837 0.288075 -0.242272,
        -0.534615 0.297441 -0.242272,
        -0.539463 0.296803 -0.242272,
        -0.534615 0.297379 -0.242405,
        -0.538920 0.294778 -0.246746,
        -0.549021 0.287027 -0.246746,
        -0.547860 0.291955 -0.242272,
        -0.534615 0.295344 -0.246746,
        -0.534615 0.295270 -0.246836,
        -0.538106 0.291740 -0.250557,
        -0.546298 0.285454 -0.250557,
        -0.546378 0.290472 -0.246746,
        -0.534615 0.292199 -0.250557,
        -0.534615 0.292128 -0.250608,
        -0.537072 0.287881 -0.253464,
        -0.544154 0.288248 -0.250557,
        -0.542838 0.283457 -0.253464,
        -0.539350 0.279978 -0.255285,
        -0.543981 0.294931 -0.242272,
        -0.542932 0.293116 -0.246746,
        -0.541360 0.290392 -0.250557,
        -0.539362 0.286932 -0.253464,
        -0.537066 0.282955 -0.255285,
        -0.541329 0.285423 -0.253464,
        -0.538860 0.281160 -0.255285,
        -0.538081 0.282176 -0.255285,
        -0.534615 0.288204 -0.253464,
        -0.534615 0.288150 -0.253486,
        -0.534615 0.283611 -0.255285,
        0.535883 -0.283444 -0.255285,
        0.544056 -0.278709 -0.253486,
        0.544110 -0.278709 -0.253464,
        0.543786 -0.281167 -0.253464,
        0.548033 -0.278709 -0.250608,
        0.548105 -0.278709 -0.250557,
        0.547645 -0.282201 -0.250557,
        0.550683 -0.283015 -0.246746,
        0.552709 -0.283557 -0.242272,
        0.550837 -0.288075 -0.242272,
        0.539463 -0.296803 -0.242272,
        0.553347 -0.278709 -0.242272,
        0.553285 -0.278709 -0.242405,
        0.551250 -0.278709 -0.246746,
        0.551175 -0.278709 -0.246836,
        0.538920 -0.294778 -0.246746,
        0.549021 -0.287027 -0.246746,
        0.547860 -0.291955 -0.242272,
        0.538106 -0.291740 -0.250557,
        0.546298 -0.285454 -0.250557,
        0.546378 -0.290472 -0.246746,
        0.537072 -0.287881 -0.253464,
        0.544154 -0.288248 -0.250557,
        0.542838 -0.283457 -0.253464,
        0.539350 -0.279978 -0.255285,
        0.543981 -0.294931 -0.242272,
        0.542932 -0.293116 -0.246746,
        0.541360 -0.290392 -0.250557,
        0.539362 -0.286932 -0.253464,
        0.537066 -0.282955 -0.255285,
        0.539488 -0.278709 -0.255289,
        0.539517 -0.278709 -0.255285,
        0.541329 -0.285423 -0.253464,
        0.538860 -0.281160 -0.255285,
        0.538081 -0.282176 -0.255285,
        0.558057 -0.285592 0.148411,
        0.554987 -0.285592 0.152131,
        0.554528 -0.289083 0.152131,
        0.550669 -0.288050 0.155039,
        0.546232 -0.286861 0.156860,
        0.545743 -0.288043 0.156860,
        0.543948 -0.289837 0.156860,
        0.544964 -0.289058 0.156860,
        0.542766 -0.290327 0.156860,
        0.546370 -0.285592 0.156864,
        0.559591 -0.290440 0.143847,
        0.557720 -0.294958 0.143847,
        0.554743 -0.298837 0.143847,
        0.550863 -0.301814 0.143847,
        0.546346 -0.303685 0.143847,
        0.554916 -0.285592 0.152183,
        0.550993 -0.285592 0.155039,
        0.550938 -0.285592 0.155061,
        0.546399 -0.285592 0.156860,
        0.549720 -0.290339 0.155039,
        0.548211 -0.292306 0.155039,
        0.546245 -0.293815 0.155039,
        0.543955 -0.294763 0.155039,
        0.553180 -0.292337 0.152131,
        0.551036 -0.295131 0.152131,
        0.548243 -0.297274 0.152131,
        0.544989 -0.298622 0.152131,
        0.560167 -0.285592 0.143980,
        0.558132 -0.285592 0.148320,
        0.557565 -0.289897 0.148320,
        0.555904 -0.293909 0.148320,
        0.553260 -0.297355 0.148320,
        0.549815 -0.299998 0.148320,
        0.545803 -0.301660 0.148320,
        0.560229 -0.285592 0.143847,
        -0.554528 0.289083 0.152131,
        -0.550669 0.288050 0.155039,
        -0.546232 0.286861 0.156860,
        -0.545743 0.288043 0.156860,
        -0.543948 0.289837 0.156860,
        -0.544964 0.289058 0.156860,
        -0.542766 0.290327 0.156860,
        -0.559591 0.290440 0.143847,
        -0.557720 0.294958 0.143847,
        -0.554743 0.298837 0.143847,
        -0.550863 0.301814 0.143847,
        -0.546346 0.303685 0.143847,
        -0.541498 0.304324 0.143847,
        -0.541498 0.290465 0.156864,
        -0.549720 0.290339 0.155039,
        -0.548211 0.292306 0.155039,
        -0.546245 0.293815 0.155039,
        -0.543955 0.294763 0.155039,
        -0.541498 0.290494 0.156860,
        -0.541498 0.295032 0.155061,
        -0.541498 0.295087 0.155039,
        -0.541498 0.299011 0.152183,
        -0.553180 0.292337 0.152131,
        -0.551036 0.295131 0.152131,
        -0.548243 0.297274 0.152131,
        -0.544989 0.298622 0.152131,
        -0.557565 0.289897 0.148320,
        -0.555904 0.293909 0.148320,
        -0.553260 0.297355 0.148320,
        -0.549815 0.299998 0.148320,
        -0.545803 0.301660 0.148320,
        -0.541498 0.299082 0.152131,
        -0.541498 0.302152 0.148411,
        -0.541498 0.302227 0.148320,
        -0.541498 0.304261 0.143980,
        0.534615 0.297441 -0.242272,
        0.534615 0.297379 -0.242405,
        0.534615 0.295344 -0.246746,
        0.534615 0.295270 -0.246836,
        0.534615 0.292199 -0.250557,
        0.534615 0.292128 -0.250608,
        0.534615 0.288204 -0.253464,
        0.534615 0.288150 -0.253486,
        0.534615 0.283611 -0.255285,
        0.534615 0.283582 -0.255289,
        0.539488 0.278709 -0.255289,
        0.539517 0.278709 -0.255285,
        0.544056 0.278709 -0.253486,
        0.544110 0.278709 -0.253464,
        0.548033 0.278709 -0.250608,
        0.548105 0.278709 -0.250557,
        0.551175 0.278709 -0.246836,
        0.551250 0.278709 -0.246746,
        0.553285 0.278709 -0.242405,
        0.553347 0.278709 -0.242272,
        0.560229 0.285592 0.143847,
        0.560167 0.285592 0.143980,
        0.558132 0.285592 0.148320,
        0.558057 0.285592 0.148411,
        0.554987 0.285592 0.152131,
        0.554916 0.285592 0.152183,
        0.550993 0.285592 0.155039,
        0.550938 0.285592 0.155061,
        0.546399 0.285592 0.156860,
        0.546370 0.285592 0.156864,
        0.541498 0.304324 0.143847,
        0.541498 0.304261 0.143980,
        0.541498 0.302227 0.148320,
        0.541498 0.302152 0.148411,
        0.541498 0.299082 0.152131,
        0.541498 0.299011 0.152183,
        0.541498 0.295087 0.155039,
        0.541498 0.295032 0.155061,
        0.541498 0.290494 0.156860,
        0.541498 0.290465 0.156864,
        0.539350 0.279978 -0.255285,
        0.537072 0.287881 -0.253464,
        0.538106 0.291740 -0.250557,
        0.538920 0.294778 -0.246746,
        0.539463 0.296803 -0.242272,
        0.543981 0.294931 -0.242272,
        0.553562 0.283776 -0.237900,
        0.551589 0.288500 -0.238092,
        0.553559 0.283785 -0.237900,
        0.552709 0.283557 -0.242272,
        0.539682 0.297657 -0.237900,
        0.539691 0.297653 -0.237900,
        0.544406 0.295684 -0.238092,
        0.544412 0.295679 -0.238092,
        0.548467 0.292561 -0.238158,
        0.550683 0.283015 -0.246746,
        0.542932 0.293116 -0.246746,
        0.547860 0.291955 -0.242272,
        0.547645 0.282201 -0.250557,
        0.541360 0.290392 -0.250557,
        0.546378 0.290472 -0.246746,
        0.543786 0.281167 -0.253464,
        0.544154 0.288248 -0.250557,
        0.539362 0.286932 -0.253464,
        0.535883 0.283444 -0.255285,
        0.551585 0.288507 -0.238092,
        0.550837 0.288075 -0.242272,
        0.549021 0.287027 -0.246746,
        0.546298 0.285454 -0.250557,
        0.542838 0.283457 -0.253464,
        0.538860 0.281160 -0.255285,
        0.541329 0.285423 -0.253464,
        0.537066 0.282955 -0.255285,
        0.538081 0.282176 -0.255285,
        0.544989 0.298622 0.152131,
        0.543955 0.294763 0.155039,
        0.542766 0.290327 0.156860,
        0.543948 0.289837 0.156860,
        0.545743 0.288043 0.156860,
        0.544964 0.289058 0.156860,
        0.546232 0.286861 0.156860,
        0.546346 0.303685 0.143847,
        0.546573 0.304536 0.139475,
        0.546565 0.304539 0.139474,
        0.551289 0.302567 0.139667,
        0.550863 0.301814 0.143847,
        0.551295 0.302561 0.139667,
        0.554743 0.298837 0.143847,
        0.555349 0.299444 0.139733,
        0.557720 0.294958 0.143847,
        0.558467 0.295389 0.139667,
        0.558472 0.295383 0.139667,
        0.559591 0.290440 0.143847,
        0.560441 0.290668 0.139475,
        0.560445 0.290659 0.139474,
        0.546245 0.293815 0.155039,
        0.548211 0.292306 0.155039,
        0.549720 0.290339 0.155039,
        0.550669 0.288050 0.155039,
        0.548243 0.297274 0.152131,
        0.551036 0.295131 0.152131,
        0.553180 0.292337 0.152131,
        0.554528 0.289083 0.152131,
        0.545803 0.301660 0.148320,
        0.549815 0.299998 0.148320,
        0.553260 0.297355 0.148320,
        0.555904 0.293909 0.148320,
        0.557565 0.289897 0.148320,
        0.570198 0.300412 0.000000,
        0.569373 0.302846 0.000000,
        0.568239 0.305150 0.000000,
        0.566813 0.307285 0.000000,
        0.565120 0.309215 0.000000,
        0.563190 0.310907 0.000000,
        0.561055 0.312333 0.000000,
        0.558751 0.313468 0.000000,
        0.556318 0.314293 0.000000,
      ]
    }
    coordIndex [
      36, 37, 38, -1,
      38, 37, 43, -1,
      38, 43, 39, -1,
      39, 43, 42, -1,
      39, 42, 40, -1,
      40, 42, 41, -1,
      45, 60, 44, -1,
      44, 60, 59, -1,
      44, 59, 58, -1,
      52, 51, 44, -1,
      44, 51, 50, -1,
      44, 50, 46, -1,
      58, 57, 44, -1,
      44, 57, 56, -1,
      44, 56, 55, -1,
      55, 54, 44, -1,
      44, 54, 53, -1,
      44, 53, 52, -1,
      49, 48, 50, -1,
      50, 48, 47, -1,
      50, 47, 46, -1,
      24, 61, 22, -1,
      22, 61, 62, -1,
      62, 61, 63, -1,
      63, 61, 64, -1,
      63, 64, 65, -1,
      65, 64, 66, -1,
      65, 66, 67, -1,
      67, 66, 68, -1,
      67, 68, 69, -1,
      69, 68, 70, -1,
      69, 70, 71, -1,
      71, 70, 72, -1,
      71, 72, 73, -1,
      73, 72, 74, -1,
      73, 74, 75, -1,
      75, 74, 76, -1,
      75, 76, 77, -1,
      76, 78, 77, -1,
      77, 78, 21, -1,
      77, 21, 13, -1,
      12, 79, 13, -1,
      13, 79, 77, -1,
      77, 79, 75, -1,
      75, 79, 80, -1,
      75, 80, 73, -1,
      73, 80, 81, -1,
      73, 81, 71, -1,
      71, 81, 82, -1,
      71, 82, 69, -1,
      69, 82, 83, -1,
      69, 83, 67, -1,
      67, 83, 84, -1,
      67, 84, 65, -1,
      65, 84, 85, -1,
      65, 85, 63, -1,
      63, 85, 86, -1,
      63, 86, 62, -1,
      86, 87, 62, -1,
      62, 87, 30, -1,
      62, 30, 22, -1,
      88, 5, 89, -1,
      90, 91, 92, -1,
      93, 94, 95, -1,
      96, 97, 98, -1,
      61, 24, 99, -1,
      66, 64, 100, -1,
      100, 64, 61, -1,
      78, 76, 97, -1,
      97, 76, 74, -1,
      97, 74, 98, -1,
      98, 74, 72, -1,
      98, 72, 70, -1,
      21, 78, 101, -1,
      101, 78, 97, -1,
      101, 97, 102, -1,
      102, 97, 96, -1,
      102, 96, 103, -1,
      103, 96, 104, -1,
      61, 99, 100, -1,
      100, 99, 105, -1,
      100, 105, 106, -1,
      94, 104, 95, -1,
      95, 104, 96, -1,
      95, 96, 107, -1,
      107, 96, 98, -1,
      107, 98, 108, -1,
      108, 98, 70, -1,
      105, 109, 106, -1,
      106, 109, 110, -1,
      106, 110, 111, -1,
      91, 93, 92, -1,
      92, 93, 95, -1,
      92, 95, 112, -1,
      112, 95, 107, -1,
      112, 107, 113, -1,
      113, 107, 108, -1,
      110, 114, 111, -1,
      111, 114, 115, -1,
      111, 115, 116, -1,
      113, 117, 112, -1,
      112, 117, 118, -1,
      112, 118, 92, -1,
      92, 118, 119, -1,
      92, 119, 90, -1,
      68, 66, 120, -1,
      120, 66, 100, -1,
      120, 100, 121, -1,
      121, 100, 106, -1,
      121, 106, 122, -1,
      122, 106, 111, -1,
      122, 111, 123, -1,
      123, 111, 116, -1,
      123, 116, 124, -1,
      124, 116, 89, -1,
      124, 89, 5, -1,
      5, 125, 119, -1,
      119, 125, 126, -1,
      119, 126, 90, -1,
      117, 127, 118, -1,
      118, 127, 128, -1,
      118, 128, 119, -1,
      119, 128, 5, -1,
      127, 129, 128, -1,
      128, 129, 5, -1,
      115, 130, 116, -1,
      116, 130, 131, -1,
      116, 131, 89, -1,
      89, 131, 132, -1,
      89, 132, 88, -1,
      70, 68, 108, -1,
      108, 68, 120, -1,
      108, 120, 113, -1,
      113, 120, 121, -1,
      113, 121, 117, -1,
      117, 121, 122, -1,
      117, 122, 127, -1,
      127, 122, 123, -1,
      127, 123, 129, -1,
      129, 123, 124, -1,
      129, 124, 5, -1,
      133, 134, 135, -1,
      136, 137, 138, -1,
      33, 139, 140, -1,
      141, 139, 33, -1,
      138, 137, 33, -1,
      142, 33, 137, -1,
      143, 80, 79, -1,
      80, 143, 81, -1,
      81, 143, 144, -1,
      81, 144, 82, -1,
      82, 144, 145, -1,
      82, 145, 83, -1,
      83, 145, 146, -1,
      83, 146, 84, -1,
      84, 146, 85, -1,
      85, 146, 147, -1,
      85, 147, 86, -1,
      86, 147, 87, -1,
      87, 147, 148, -1,
      87, 148, 30, -1,
      149, 141, 33, -1,
      150, 151, 136, -1,
      136, 151, 152, -1,
      136, 152, 137, -1,
      137, 152, 153, -1,
      137, 153, 142, -1,
      154, 140, 155, -1,
      155, 140, 139, -1,
      155, 139, 156, -1,
      156, 139, 141, -1,
      156, 141, 157, -1,
      149, 158, 141, -1,
      141, 158, 159, -1,
      141, 159, 157, -1,
      157, 159, 160, -1,
      157, 160, 161, -1,
      135, 154, 162, -1,
      162, 154, 155, -1,
      162, 155, 163, -1,
      163, 155, 156, -1,
      163, 156, 164, -1,
      164, 156, 157, -1,
      164, 157, 165, -1,
      165, 157, 161, -1,
      166, 167, 168, -1,
      168, 167, 133, -1,
      133, 135, 168, -1,
      168, 135, 162, -1,
      168, 162, 169, -1,
      169, 162, 163, -1,
      169, 163, 170, -1,
      170, 163, 164, -1,
      170, 164, 171, -1,
      171, 164, 165, -1,
      171, 165, 172, -1,
      134, 150, 135, -1,
      135, 150, 136, -1,
      135, 136, 154, -1,
      154, 136, 138, -1,
      154, 138, 140, -1,
      140, 138, 33, -1,
      166, 143, 173, -1,
      173, 143, 79, -1,
      173, 79, 12, -1,
      161, 174, 165, -1,
      165, 174, 175, -1,
      165, 175, 172, -1,
      172, 175, 176, -1,
      172, 176, 177, -1,
      166, 168, 143, -1,
      143, 168, 169, -1,
      143, 169, 144, -1,
      144, 169, 170, -1,
      144, 170, 145, -1,
      145, 170, 171, -1,
      145, 171, 146, -1,
      146, 171, 172, -1,
      146, 172, 147, -1,
      147, 172, 177, -1,
      147, 177, 148, -1,
      27, 178, 11, -1,
      11, 178, 179, -1,
      179, 178, 180, -1,
      180, 178, 181, -1,
      180, 181, 182, -1,
      182, 181, 183, -1,
      182, 183, 184, -1,
      184, 183, 185, -1,
      184, 185, 186, -1,
      186, 185, 187, -1,
      186, 187, 188, -1,
      188, 187, 189, -1,
      188, 189, 190, -1,
      190, 189, 191, -1,
      190, 191, 192, -1,
      192, 191, 193, -1,
      192, 193, 194, -1,
      193, 195, 194, -1,
      194, 195, 25, -1,
      194, 25, 23, -1,
      6, 5, 88, -1,
      24, 25, 99, -1,
      99, 25, 196, -1,
      99, 196, 105, -1,
      105, 196, 197, -1,
      105, 197, 109, -1,
      109, 197, 198, -1,
      109, 198, 110, -1,
      110, 198, 199, -1,
      110, 199, 114, -1,
      114, 199, 200, -1,
      114, 200, 115, -1,
      115, 200, 201, -1,
      115, 201, 130, -1,
      130, 201, 202, -1,
      130, 202, 131, -1,
      131, 202, 203, -1,
      131, 203, 132, -1,
      132, 203, 204, -1,
      132, 204, 88, -1,
      88, 204, 205, -1,
      88, 205, 6, -1,
      6, 205, 7, -1,
      4, 3, 206, -1,
      5, 4, 125, -1,
      125, 4, 206, -1,
      125, 206, 126, -1,
      126, 206, 207, -1,
      126, 207, 90, -1,
      90, 207, 208, -1,
      90, 208, 91, -1,
      91, 208, 209, -1,
      91, 209, 93, -1,
      93, 209, 210, -1,
      93, 210, 94, -1,
      94, 210, 211, -1,
      94, 211, 104, -1,
      104, 211, 212, -1,
      104, 212, 103, -1,
      103, 212, 213, -1,
      103, 213, 102, -1,
      102, 213, 214, -1,
      102, 214, 101, -1,
      101, 214, 215, -1,
      101, 215, 21, -1,
      21, 215, 20, -1,
      20, 216, 15, -1,
      15, 216, 217, -1,
      217, 216, 218, -1,
      218, 216, 219, -1,
      218, 219, 220, -1,
      220, 219, 221, -1,
      220, 221, 222, -1,
      222, 221, 223, -1,
      222, 223, 224, -1,
      224, 223, 225, -1,
      224, 225, 226, -1,
      226, 225, 227, -1,
      226, 227, 228, -1,
      228, 227, 229, -1,
      228, 229, 230, -1,
      230, 229, 231, -1,
      230, 231, 232, -1,
      231, 233, 232, -1,
      232, 233, 19, -1,
      232, 19, 17, -1,
      29, 234, 17, -1,
      17, 234, 232, -1,
      232, 234, 230, -1,
      230, 234, 235, -1,
      230, 235, 228, -1,
      228, 235, 236, -1,
      228, 236, 226, -1,
      226, 236, 237, -1,
      226, 237, 224, -1,
      224, 237, 238, -1,
      224, 238, 222, -1,
      222, 238, 239, -1,
      222, 239, 220, -1,
      220, 239, 240, -1,
      220, 240, 218, -1,
      218, 240, 241, -1,
      218, 241, 217, -1,
      241, 242, 217, -1,
      217, 242, 14, -1,
      217, 14, 15, -1,
      12, 14, 173, -1,
      173, 14, 243, -1,
      173, 243, 166, -1,
      166, 243, 244, -1,
      166, 244, 167, -1,
      167, 244, 245, -1,
      167, 245, 133, -1,
      133, 245, 246, -1,
      133, 246, 134, -1,
      134, 246, 247, -1,
      134, 247, 150, -1,
      150, 247, 248, -1,
      150, 248, 151, -1,
      151, 248, 249, -1,
      151, 249, 152, -1,
      152, 249, 250, -1,
      152, 250, 153, -1,
      153, 250, 251, -1,
      153, 251, 142, -1,
      251, 252, 142, -1,
      142, 252, 32, -1,
      142, 32, 33, -1,
      31, 30, 253, -1,
      253, 30, 148, -1,
      253, 148, 254, -1,
      254, 148, 177, -1,
      254, 177, 255, -1,
      255, 177, 176, -1,
      255, 176, 256, -1,
      256, 176, 175, -1,
      256, 175, 257, -1,
      257, 175, 174, -1,
      257, 174, 258, -1,
      258, 174, 161, -1,
      258, 161, 259, -1,
      259, 161, 160, -1,
      259, 160, 260, -1,
      260, 160, 159, -1,
      260, 159, 261, -1,
      261, 159, 158, -1,
      261, 158, 262, -1,
      158, 149, 262, -1,
      262, 149, 33, -1,
      262, 33, 34, -1,
      31, 263, 23, -1,
      23, 263, 194, -1,
      194, 263, 192, -1,
      192, 263, 264, -1,
      192, 264, 190, -1,
      190, 264, 265, -1,
      190, 265, 188, -1,
      188, 265, 266, -1,
      188, 266, 186, -1,
      186, 266, 267, -1,
      186, 267, 184, -1,
      184, 267, 268, -1,
      184, 268, 182, -1,
      182, 268, 269, -1,
      182, 269, 180, -1,
      180, 269, 270, -1,
      180, 270, 179, -1,
      270, 271, 179, -1,
      179, 271, 10, -1,
      179, 10, 11, -1,
      272, 7, 273, -1,
      203, 202, 274, -1,
      201, 200, 275, -1,
      276, 277, 278, -1,
      178, 27, 279, -1,
      183, 181, 280, -1,
      280, 181, 178, -1,
      195, 193, 277, -1,
      277, 193, 191, -1,
      277, 191, 278, -1,
      278, 191, 189, -1,
      278, 189, 187, -1,
      25, 195, 196, -1,
      196, 195, 277, -1,
      196, 277, 197, -1,
      197, 277, 276, -1,
      197, 276, 198, -1,
      198, 276, 199, -1,
      178, 279, 280, -1,
      280, 279, 281, -1,
      280, 281, 282, -1,
      200, 199, 275, -1,
      275, 199, 276, -1,
      275, 276, 283, -1,
      283, 276, 278, -1,
      283, 278, 284, -1,
      284, 278, 187, -1,
      281, 285, 282, -1,
      282, 285, 286, -1,
      282, 286, 287, -1,
      202, 201, 274, -1,
      274, 201, 275, -1,
      274, 275, 288, -1,
      288, 275, 283, -1,
      288, 283, 289, -1,
      289, 283, 284, -1,
      286, 290, 287, -1,
      287, 290, 291, -1,
      287, 291, 292, -1,
      289, 293, 288, -1,
      288, 293, 294, -1,
      288, 294, 274, -1,
      274, 294, 295, -1,
      274, 295, 203, -1,
      185, 183, 296, -1,
      296, 183, 280, -1,
      296, 280, 297, -1,
      297, 280, 282, -1,
      297, 282, 298, -1,
      298, 282, 287, -1,
      298, 287, 299, -1,
      299, 287, 292, -1,
      299, 292, 300, -1,
      300, 292, 273, -1,
      300, 273, 7, -1,
      7, 205, 295, -1,
      295, 205, 204, -1,
      295, 204, 203, -1,
      293, 301, 294, -1,
      294, 301, 302, -1,
      294, 302, 295, -1,
      295, 302, 7, -1,
      301, 303, 302, -1,
      302, 303, 7, -1,
      291, 304, 292, -1,
      292, 304, 305, -1,
      292, 305, 273, -1,
      273, 305, 306, -1,
      273, 306, 272, -1,
      187, 185, 284, -1,
      284, 185, 296, -1,
      284, 296, 289, -1,
      289, 296, 297, -1,
      289, 297, 293, -1,
      293, 297, 298, -1,
      293, 298, 301, -1,
      301, 298, 299, -1,
      301, 299, 303, -1,
      303, 299, 300, -1,
      303, 300, 7, -1,
      206, 3, 307, -1,
      308, 309, 310, -1,
      311, 312, 313, -1,
      314, 315, 316, -1,
      216, 20, 215, -1,
      221, 219, 317, -1,
      317, 219, 216, -1,
      233, 231, 315, -1,
      315, 231, 229, -1,
      315, 229, 316, -1,
      316, 229, 227, -1,
      316, 227, 225, -1,
      19, 233, 318, -1,
      318, 233, 315, -1,
      318, 315, 319, -1,
      319, 315, 314, -1,
      319, 314, 320, -1,
      320, 314, 321, -1,
      216, 215, 317, -1,
      317, 215, 214, -1,
      317, 214, 322, -1,
      312, 321, 313, -1,
      313, 321, 314, -1,
      313, 314, 323, -1,
      323, 314, 316, -1,
      323, 316, 324, -1,
      324, 316, 225, -1,
      214, 213, 322, -1,
      322, 213, 212, -1,
      322, 212, 325, -1,
      309, 311, 310, -1,
      310, 311, 313, -1,
      310, 313, 326, -1,
      326, 313, 323, -1,
      326, 323, 327, -1,
      327, 323, 324, -1,
      212, 211, 325, -1,
      325, 211, 210, -1,
      325, 210, 328, -1,
      327, 329, 326, -1,
      326, 329, 330, -1,
      326, 330, 310, -1,
      310, 330, 331, -1,
      310, 331, 308, -1,
      223, 221, 332, -1,
      332, 221, 317, -1,
      332, 317, 333, -1,
      333, 317, 322, -1,
      333, 322, 334, -1,
      334, 322, 325, -1,
      334, 325, 335, -1,
      335, 325, 328, -1,
      335, 328, 336, -1,
      336, 328, 307, -1,
      336, 307, 3, -1,
      3, 337, 331, -1,
      331, 337, 338, -1,
      331, 338, 308, -1,
      329, 339, 330, -1,
      330, 339, 340, -1,
      330, 340, 331, -1,
      331, 340, 3, -1,
      339, 341, 340, -1,
      340, 341, 3, -1,
      210, 209, 328, -1,
      328, 209, 208, -1,
      328, 208, 307, -1,
      307, 208, 207, -1,
      307, 207, 206, -1,
      225, 223, 324, -1,
      324, 223, 332, -1,
      324, 332, 327, -1,
      327, 332, 333, -1,
      327, 333, 329, -1,
      329, 333, 334, -1,
      329, 334, 339, -1,
      339, 334, 335, -1,
      339, 335, 341, -1,
      341, 335, 336, -1,
      341, 336, 3, -1,
      342, 343, 344, -1,
      345, 346, 347, -1,
      32, 348, 349, -1,
      350, 348, 32, -1,
      347, 346, 32, -1,
      351, 32, 346, -1,
      352, 235, 234, -1,
      235, 352, 236, -1,
      236, 352, 353, -1,
      236, 353, 237, -1,
      237, 353, 354, -1,
      237, 354, 238, -1,
      238, 354, 355, -1,
      238, 355, 239, -1,
      239, 355, 240, -1,
      240, 355, 356, -1,
      240, 356, 241, -1,
      241, 356, 242, -1,
      242, 356, 243, -1,
      242, 243, 14, -1,
      252, 350, 32, -1,
      357, 358, 345, -1,
      345, 358, 359, -1,
      345, 359, 346, -1,
      346, 359, 360, -1,
      346, 360, 351, -1,
      361, 349, 362, -1,
      362, 349, 348, -1,
      362, 348, 363, -1,
      363, 348, 350, -1,
      363, 350, 364, -1,
      252, 251, 350, -1,
      350, 251, 250, -1,
      350, 250, 364, -1,
      364, 250, 249, -1,
      364, 249, 248, -1,
      344, 361, 365, -1,
      365, 361, 362, -1,
      365, 362, 366, -1,
      366, 362, 363, -1,
      366, 363, 367, -1,
      367, 363, 364, -1,
      367, 364, 368, -1,
      368, 364, 248, -1,
      369, 370, 371, -1,
      371, 370, 342, -1,
      342, 344, 371, -1,
      371, 344, 365, -1,
      371, 365, 372, -1,
      372, 365, 366, -1,
      372, 366, 373, -1,
      373, 366, 367, -1,
      373, 367, 374, -1,
      374, 367, 368, -1,
      374, 368, 375, -1,
      343, 357, 344, -1,
      344, 357, 345, -1,
      344, 345, 361, -1,
      361, 345, 347, -1,
      361, 347, 349, -1,
      349, 347, 32, -1,
      369, 352, 376, -1,
      376, 352, 234, -1,
      376, 234, 29, -1,
      248, 247, 368, -1,
      368, 247, 246, -1,
      368, 246, 375, -1,
      375, 246, 245, -1,
      375, 245, 244, -1,
      369, 371, 352, -1,
      352, 371, 372, -1,
      352, 372, 353, -1,
      353, 372, 373, -1,
      353, 373, 354, -1,
      354, 373, 374, -1,
      354, 374, 355, -1,
      355, 374, 375, -1,
      355, 375, 356, -1,
      356, 375, 244, -1,
      356, 244, 243, -1,
      256, 257, 377, -1,
      378, 379, 380, -1,
      34, 381, 382, -1,
      383, 381, 34, -1,
      380, 379, 34, -1,
      262, 34, 379, -1,
      384, 264, 263, -1,
      264, 384, 265, -1,
      265, 384, 385, -1,
      265, 385, 266, -1,
      266, 385, 386, -1,
      266, 386, 267, -1,
      267, 386, 387, -1,
      267, 387, 268, -1,
      268, 387, 269, -1,
      269, 387, 388, -1,
      269, 388, 270, -1,
      270, 388, 271, -1,
      271, 388, 389, -1,
      271, 389, 10, -1,
      390, 383, 34, -1,
      258, 259, 378, -1,
      378, 259, 260, -1,
      378, 260, 379, -1,
      379, 260, 261, -1,
      379, 261, 262, -1,
      391, 382, 392, -1,
      392, 382, 381, -1,
      392, 381, 393, -1,
      393, 381, 383, -1,
      393, 383, 394, -1,
      390, 395, 383, -1,
      383, 395, 396, -1,
      383, 396, 394, -1,
      394, 396, 397, -1,
      394, 397, 398, -1,
      377, 391, 399, -1,
      399, 391, 392, -1,
      399, 392, 400, -1,
      400, 392, 393, -1,
      400, 393, 401, -1,
      401, 393, 394, -1,
      401, 394, 402, -1,
      402, 394, 398, -1,
      254, 255, 403, -1,
      403, 255, 256, -1,
      256, 377, 403, -1,
      403, 377, 399, -1,
      403, 399, 404, -1,
      404, 399, 400, -1,
      404, 400, 405, -1,
      405, 400, 401, -1,
      405, 401, 406, -1,
      406, 401, 402, -1,
      406, 402, 407, -1,
      257, 258, 377, -1,
      377, 258, 378, -1,
      377, 378, 391, -1,
      391, 378, 380, -1,
      391, 380, 382, -1,
      382, 380, 34, -1,
      254, 384, 253, -1,
      253, 384, 263, -1,
      253, 263, 31, -1,
      398, 408, 402, -1,
      402, 408, 409, -1,
      402, 409, 407, -1,
      407, 409, 410, -1,
      407, 410, 411, -1,
      254, 403, 384, -1,
      384, 403, 404, -1,
      384, 404, 385, -1,
      385, 404, 405, -1,
      385, 405, 386, -1,
      386, 405, 406, -1,
      386, 406, 387, -1,
      387, 406, 407, -1,
      387, 407, 388, -1,
      388, 407, 411, -1,
      388, 411, 389, -1,
      0, 7, 272, -1,
      27, 26, 279, -1,
      279, 26, 412, -1,
      279, 412, 281, -1,
      281, 412, 413, -1,
      281, 413, 285, -1,
      285, 413, 414, -1,
      285, 414, 286, -1,
      286, 414, 415, -1,
      286, 415, 290, -1,
      290, 415, 416, -1,
      290, 416, 291, -1,
      291, 416, 417, -1,
      291, 417, 304, -1,
      304, 417, 418, -1,
      304, 418, 305, -1,
      305, 418, 419, -1,
      305, 419, 306, -1,
      306, 419, 420, -1,
      306, 420, 272, -1,
      272, 420, 421, -1,
      272, 421, 0, -1,
      0, 421, 1, -1,
      2, 1, 422, -1,
      3, 2, 337, -1,
      337, 2, 422, -1,
      337, 422, 338, -1,
      338, 422, 423, -1,
      338, 423, 308, -1,
      308, 423, 424, -1,
      308, 424, 309, -1,
      309, 424, 425, -1,
      309, 425, 311, -1,
      311, 425, 426, -1,
      311, 426, 312, -1,
      312, 426, 427, -1,
      312, 427, 321, -1,
      321, 427, 428, -1,
      321, 428, 320, -1,
      320, 428, 429, -1,
      320, 429, 319, -1,
      319, 429, 430, -1,
      319, 430, 318, -1,
      318, 430, 431, -1,
      318, 431, 19, -1,
      19, 431, 18, -1,
      29, 28, 376, -1,
      376, 28, 432, -1,
      376, 432, 369, -1,
      369, 432, 433, -1,
      369, 433, 370, -1,
      370, 433, 434, -1,
      370, 434, 342, -1,
      342, 434, 435, -1,
      342, 435, 343, -1,
      343, 435, 436, -1,
      343, 436, 357, -1,
      357, 436, 437, -1,
      357, 437, 358, -1,
      358, 437, 438, -1,
      358, 438, 359, -1,
      359, 438, 439, -1,
      359, 439, 360, -1,
      360, 439, 440, -1,
      360, 440, 351, -1,
      440, 441, 351, -1,
      351, 441, 35, -1,
      351, 35, 32, -1,
      8, 10, 442, -1,
      442, 10, 389, -1,
      442, 389, 443, -1,
      443, 389, 411, -1,
      443, 411, 444, -1,
      444, 411, 410, -1,
      444, 410, 445, -1,
      445, 410, 409, -1,
      445, 409, 446, -1,
      446, 409, 408, -1,
      446, 408, 447, -1,
      447, 408, 398, -1,
      447, 398, 448, -1,
      448, 398, 397, -1,
      448, 397, 449, -1,
      449, 397, 396, -1,
      449, 396, 450, -1,
      450, 396, 395, -1,
      450, 395, 451, -1,
      395, 390, 451, -1,
      451, 390, 34, -1,
      451, 34, 35, -1,
      422, 1, 452, -1,
      419, 418, 453, -1,
      417, 416, 454, -1,
      455, 456, 457, -1,
      458, 18, 431, -1,
      459, 460, 461, -1,
      461, 460, 458, -1,
      462, 463, 456, -1,
      456, 463, 464, -1,
      456, 464, 457, -1,
      457, 464, 465, -1,
      457, 465, 466, -1,
      26, 462, 412, -1,
      412, 462, 456, -1,
      412, 456, 413, -1,
      413, 456, 455, -1,
      413, 455, 414, -1,
      414, 455, 415, -1,
      458, 431, 461, -1,
      461, 431, 430, -1,
      461, 430, 467, -1,
      416, 415, 454, -1,
      454, 415, 455, -1,
      454, 455, 468, -1,
      468, 455, 457, -1,
      468, 457, 469, -1,
      469, 457, 466, -1,
      430, 429, 467, -1,
      467, 429, 428, -1,
      467, 428, 470, -1,
      418, 417, 453, -1,
      453, 417, 454, -1,
      453, 454, 471, -1,
      471, 454, 468, -1,
      471, 468, 472, -1,
      472, 468, 469, -1,
      428, 427, 470, -1,
      470, 427, 426, -1,
      470, 426, 473, -1,
      472, 474, 471, -1,
      471, 474, 475, -1,
      471, 475, 453, -1,
      453, 475, 476, -1,
      453, 476, 419, -1,
      477, 459, 478, -1,
      478, 459, 461, -1,
      478, 461, 479, -1,
      479, 461, 467, -1,
      479, 467, 480, -1,
      480, 467, 470, -1,
      480, 470, 481, -1,
      481, 470, 473, -1,
      481, 473, 482, -1,
      482, 473, 452, -1,
      482, 452, 1, -1,
      1, 421, 476, -1,
      476, 421, 420, -1,
      476, 420, 419, -1,
      474, 483, 475, -1,
      475, 483, 484, -1,
      475, 484, 476, -1,
      476, 484, 1, -1,
      483, 485, 484, -1,
      484, 485, 1, -1,
      426, 425, 473, -1,
      473, 425, 424, -1,
      473, 424, 452, -1,
      452, 424, 423, -1,
      452, 423, 422, -1,
      466, 477, 469, -1,
      469, 477, 478, -1,
      469, 478, 472, -1,
      472, 478, 479, -1,
      472, 479, 474, -1,
      474, 479, 480, -1,
      474, 480, 483, -1,
      483, 480, 481, -1,
      483, 481, 485, -1,
      485, 481, 482, -1,
      485, 482, 1, -1,
      445, 446, 486, -1,
      487, 488, 489, -1,
      35, 490, 491, -1,
      492, 490, 35, -1,
      489, 488, 35, -1,
      451, 35, 488, -1,
      493, 494, 495, -1,
      494, 493, 496, -1,
      496, 493, 497, -1,
      496, 497, 498, -1,
      498, 497, 499, -1,
      498, 499, 500, -1,
      500, 499, 501, -1,
      500, 501, 502, -1,
      502, 501, 503, -1,
      503, 501, 504, -1,
      503, 504, 505, -1,
      505, 504, 506, -1,
      506, 504, 432, -1,
      506, 432, 28, -1,
      441, 492, 35, -1,
      447, 448, 487, -1,
      487, 448, 449, -1,
      487, 449, 488, -1,
      488, 449, 450, -1,
      488, 450, 451, -1,
      507, 491, 508, -1,
      508, 491, 490, -1,
      508, 490, 509, -1,
      509, 490, 492, -1,
      509, 492, 510, -1,
      441, 440, 492, -1,
      492, 440, 439, -1,
      492, 439, 510, -1,
      510, 439, 438, -1,
      510, 438, 437, -1,
      486, 507, 511, -1,
      511, 507, 508, -1,
      511, 508, 512, -1,
      512, 508, 509, -1,
      512, 509, 513, -1,
      513, 509, 510, -1,
      513, 510, 514, -1,
      514, 510, 437, -1,
      443, 444, 515, -1,
      515, 444, 445, -1,
      445, 486, 515, -1,
      515, 486, 511, -1,
      515, 511, 516, -1,
      516, 511, 512, -1,
      516, 512, 517, -1,
      517, 512, 513, -1,
      517, 513, 518, -1,
      518, 513, 514, -1,
      518, 514, 519, -1,
      446, 447, 486, -1,
      486, 447, 487, -1,
      486, 487, 507, -1,
      507, 487, 489, -1,
      507, 489, 491, -1,
      491, 489, 35, -1,
      443, 493, 442, -1,
      442, 493, 495, -1,
      442, 495, 8, -1,
      437, 436, 514, -1,
      514, 436, 435, -1,
      514, 435, 519, -1,
      519, 435, 434, -1,
      519, 434, 433, -1,
      443, 515, 493, -1,
      493, 515, 516, -1,
      493, 516, 497, -1,
      497, 516, 517, -1,
      497, 517, 499, -1,
      499, 517, 518, -1,
      499, 518, 501, -1,
      501, 518, 519, -1,
      501, 519, 504, -1,
      504, 519, 433, -1,
      504, 433, 432, -1,
      18, 458, 16, -1,
      16, 458, 520, -1,
      520, 458, 521, -1,
      521, 458, 460, -1,
      521, 460, 522, -1,
      522, 460, 459, -1,
      522, 459, 523, -1,
      523, 459, 477, -1,
      523, 477, 524, -1,
      524, 477, 466, -1,
      524, 466, 525, -1,
      525, 466, 465, -1,
      525, 465, 526, -1,
      526, 465, 464, -1,
      526, 464, 527, -1,
      527, 464, 463, -1,
      527, 463, 528, -1,
      463, 462, 528, -1,
      528, 462, 26, -1,
      528, 26, 9, -1,
      8, 495, 9, -1,
      9, 495, 528, -1,
      528, 495, 527, -1,
      527, 495, 494, -1,
      527, 494, 526, -1,
      526, 494, 496, -1,
      526, 496, 525, -1,
      525, 496, 498, -1,
      525, 498, 524, -1,
      524, 498, 500, -1,
      524, 500, 523, -1,
      523, 500, 502, -1,
      523, 502, 522, -1,
      522, 502, 503, -1,
      522, 503, 521, -1,
      521, 503, 505, -1,
      521, 505, 520, -1,
      505, 506, 520, -1,
      520, 506, 28, -1,
      520, 28, 16, -1,
    ]
  }
}
