#VRML V2.0 utf8

Shape {
  appearance Appearance {
    material Material {
      diffuseColor 0.2510 0.2510 0.2510
      specularColor 0.1255 0.1255 0.1255
      ambientIntensity 0.2
      transparency 0.0000
      shininess 0.5
    }
  }
  geometry IndexedFaceSet {
    ccw TRUE
    solid FALSE
    coord DEF co Coordinate {
      point [
        0.409609 -0.929526 0.249329,
        0.415309 -0.930059 0.245535,
        0.511790 -0.930059 0.245535,
        0.365880 -0.939174 0.180677,
        0.370498 -0.939759 0.176516,
        0.381189 -0.938982 0.182046,
        0.589704 -0.939761 0.176500,
        0.579143 -0.943490 0.149973,
        0.592206 -0.943490 0.149973,
        0.594707 -0.943446 0.150283,
        0.594707 -0.938982 0.182046,
        0.592206 -0.938982 0.182046,
        0.621647 -0.943446 0.150283,
        0.621647 -0.938982 0.182046,
        0.618146 -0.938982 0.182046,
        0.618146 -0.936818 0.197444,
        0.621647 -0.938287 0.186991,
        0.632222 -0.938287 0.186991,
        0.646320 -0.938982 0.182046,
        0.666100 -0.938982 0.182046,
        0.646236 -0.938970 0.182130,
        0.668002 -0.938287 0.186991,
        0.642811 -0.938635 0.184515,
        0.638407 -0.938392 0.186242,
        0.700981 -0.936818 0.197444,
        0.673119 -0.938287 0.186991,
        0.703145 -0.938982 0.182046,
        0.675021 -0.938982 0.182046,
        0.707652 -0.943490 0.149973,
        0.687238 -0.943446 0.150283,
        0.678169 -0.942035 0.160323,
        0.662733 -0.942035 0.160323,
        0.681950 -0.943446 0.150283,
        0.659170 -0.943446 0.150283,
        0.648837 -0.942300 0.158440,
        0.646236 -0.942723 0.155425,
        0.653883 -0.943446 0.150283,
        0.642298 -0.943115 0.152641,
        0.638057 -0.943343 0.151021,
        0.631843 -0.943446 0.150283,
        0.618146 -0.943490 0.149973,
        0.647908 -0.939205 0.180457,
        0.650109 -0.939672 0.177137,
        0.651366 -0.940181 0.173518,
        0.651827 -0.940801 0.169106,
        0.651682 -0.941174 0.166449,
        0.650725 -0.941771 0.162202,
        0.614644 -0.942858 0.154468,
        0.614644 -0.943446 0.150283,
        0.606433 -0.943490 0.149973,
        0.612749 -0.941122 0.166817,
        0.606433 -0.942858 0.154468,
        0.606433 -0.941122 0.166817,
        0.599493 -0.942858 0.154468,
        0.599493 -0.941122 0.166817,
        0.599493 -0.938982 0.182046,
        0.599493 -0.940531 0.171020,
        0.606433 -0.938982 0.182046,
        0.606433 -0.940531 0.171020,
        0.612749 -0.940531 0.171020,
        0.599493 -0.938881 0.182769,
        0.606433 -0.938881 0.182769,
        0.613801 -0.938881 0.182769,
        0.613801 -0.938287 0.186991,
        0.606433 -0.938287 0.186991,
        0.606433 -0.936818 0.197444,
        0.594707 -0.938287 0.186991,
        0.592206 -0.936818 0.197444,
        0.511985 -0.942858 0.154468,
        0.511985 -0.943446 0.150283,
        0.512548 -0.943490 0.149973,
        0.511790 -0.943490 0.149973,
        0.496833 -0.940531 0.171020,
        0.510089 -0.940531 0.171020,
        0.511790 -0.938982 0.182046,
        0.510089 -0.941122 0.166817,
        0.496833 -0.941122 0.166817,
        0.496833 -0.942858 0.154468,
        0.511790 -0.942858 0.154468,
        0.512548 -0.938982 0.182046,
        0.511141 -0.938287 0.186991,
        0.511141 -0.938881 0.182769,
        0.511790 -0.936818 0.197444,
        0.459583 -0.936818 0.197444,
        0.492048 -0.938287 0.186991,
        0.496833 -0.938982 0.182046,
        0.496833 -0.938881 0.182769,
        0.409080 -0.941326 0.165370,
        0.410889 -0.941226 0.166077,
        0.413985 -0.939136 0.180952,
        0.407459 -0.941485 0.164232,
        0.460478 -0.937128 0.195235,
        0.461689 -0.938329 0.186694,
        0.492048 -0.938982 0.182046,
        0.461087 -0.938982 0.182046,
        0.492048 -0.943446 0.150283,
        0.460484 -0.939636 0.177395,
        0.457176 -0.940797 0.169130,
        0.412931 -0.941190 0.166337,
        0.413187 -0.941193 0.166319,
        0.413978 -0.941217 0.166145,
        0.451937 -0.941813 0.161900,
        0.444774 -0.942657 0.155894,
        0.436733 -0.943206 0.151995,
        0.439991 -0.940307 0.172620,
        0.442893 -0.939735 0.176689,
        0.414512 -0.941226 0.166076,
        0.426372 -0.941226 0.166076,
        0.431139 -0.941099 0.166985,
        0.435785 -0.940798 0.169127,
        0.439676 -0.940354 0.172285,
        0.404761 -0.942327 0.158246,
        0.404828 -0.942182 0.159276,
        0.377087 -0.941850 0.161639,
        0.405357 -0.941903 0.161263,
        0.406370 -0.941653 0.163043,
        0.427954 -0.943464 0.150156,
        0.511790 -0.943446 0.150283,
        0.412404 -0.943464 0.150156,
        0.410919 -0.943431 0.150393,
        0.375421 -0.943490 0.149973,
        0.409176 -0.943335 0.151072,
        0.407467 -0.943166 0.152275,
        0.406854 -0.943079 0.152893,
        0.405705 -0.942849 0.154532,
        0.405011 -0.942600 0.156302,
        0.376939 -0.942606 0.156262,
        0.377087 -0.942217 0.159029,
        0.540867 -0.930923 0.239388,
        0.542430 -0.936818 0.197444,
        0.542430 -0.930059 0.245535,
        0.539284 -0.935135 0.209416,
        0.539284 -0.936818 0.197444,
        0.540234 -0.935092 0.209725,
        0.540867 -0.935048 0.210037,
        0.540867 -0.934410 0.214578,
        0.518596 -0.932117 0.230893,
        0.539284 -0.934510 0.213864,
        0.519747 -0.931652 0.234206,
        0.521452 -0.931281 0.236843,
        0.518134 -0.932740 0.226458,
        0.518137 -0.932789 0.226115,
        0.537398 -0.934630 0.213013,
        0.533239 -0.934744 0.212201,
        0.540145 -0.930870 0.239765,
        0.539284 -0.930828 0.240069,
        0.536347 -0.930681 0.241108,
        0.532130 -0.930617 0.241565,
        0.530489 -0.930628 0.241491,
        0.527293 -0.930720 0.240837,
        0.522494 -0.934311 0.215279,
        0.524913 -0.934550 0.213582,
        0.524398 -0.930913 0.239458,
        0.522029 -0.931189 0.237493,
        0.521773 -0.934212 0.215986,
        0.518720 -0.933422 0.221609,
        0.519886 -0.933842 0.218618,
        0.527553 -0.934693 0.212569,
        0.531296 -0.934756 0.212120,
        0.535865 -0.930059 0.245535,
        0.537269 -0.930077 0.245407,
        0.539284 -0.930059 0.245535,
        0.539284 -0.930161 0.244811,
        0.540867 -0.930227 0.244343,
        0.539284 -0.929215 0.251542,
        0.532083 -0.930016 0.245844,
        0.532485 -0.930016 0.245842,
        0.528994 -0.930059 0.245535,
        0.514770 -0.930059 0.245535,
        0.527525 -0.930080 0.245387,
        0.523523 -0.930269 0.244047,
        0.515967 -0.931220 0.237275,
        0.518466 -0.930776 0.240439,
        0.519810 -0.930602 0.241672,
        0.514770 -0.936818 0.197444,
        0.514770 -0.933951 0.217842,
        0.512548 -0.936818 0.197444,
        0.513820 -0.933608 0.220286,
        0.513112 -0.932780 0.226176,
        0.513213 -0.932447 0.228542,
        0.512548 -0.930059 0.245535,
        0.514130 -0.931786 0.233250,
        0.514770 -0.931589 0.234654,
        0.524263 -0.935215 0.208849,
        0.520777 -0.934983 0.210502,
        0.517869 -0.934644 0.212908,
        0.517515 -0.934591 0.213292,
        0.515317 -0.934148 0.216437,
        0.536254 -0.935274 0.208432,
        0.530604 -0.935349 0.207897,
        0.528263 -0.935333 0.208012,
        0.567380 -0.930103 0.245225,
        0.571724 -0.930059 0.245535,
        0.563082 -0.930059 0.245535,
        0.553071 -0.932938 0.225050,
        0.553071 -0.934674 0.212702,
        0.563082 -0.932938 0.225050,
        0.563082 -0.934674 0.212702,
        0.566328 -0.932938 0.225050,
        0.568223 -0.934674 0.212702,
        0.566328 -0.932347 0.229254,
        0.567380 -0.930696 0.241002,
        0.563082 -0.932347 0.229254,
        0.563082 -0.930696 0.241002,
        0.553071 -0.932347 0.229254,
        0.553071 -0.930696 0.241002,
        0.571724 -0.936818 0.197444,
        0.568223 -0.935262 0.208517,
        0.563082 -0.936818 0.197444,
        0.563082 -0.935262 0.208517,
        0.548286 -0.935262 0.208517,
        0.548286 -0.930103 0.245225,
        0.563082 -0.930103 0.245225,
        0.591636 -0.935158 0.209255,
        0.585421 -0.935262 0.208517,
        0.585800 -0.930103 0.245225,
        0.592206 -0.930059 0.245535,
        0.575225 -0.935262 0.208517,
        0.575225 -0.930103 0.245225,
        0.604304 -0.933587 0.220435,
        0.602416 -0.934115 0.216674,
        0.599815 -0.930786 0.240364,
        0.601487 -0.931021 0.238691,
        0.606433 -0.930059 0.245535,
        0.605261 -0.932990 0.224683,
        0.599815 -0.934539 0.213659,
        0.595877 -0.934930 0.210875,
        0.592206 -0.935128 0.209472,
        0.591985 -0.930208 0.244476,
        0.592206 -0.930220 0.244390,
        0.596389 -0.930451 0.242748,
        0.603687 -0.931488 0.235371,
        0.604945 -0.931996 0.231752,
        0.605406 -0.932616 0.227340,
        0.618146 -0.931358 0.236294,
        0.621581 -0.930103 0.245225,
        0.618146 -0.930059 0.245535,
        0.626697 -0.930103 0.245225,
        0.631748 -0.933851 0.218557,
        0.618146 -0.933851 0.218557,
        0.635529 -0.935262 0.208517,
        0.640816 -0.935262 0.208517,
        0.694222 -0.930059 0.245535,
        0.607462 -0.935262 0.208517,
        0.612749 -0.935262 0.208517,
        0.616312 -0.933851 0.218557,
        0.517198 -0.941924 0.161114,
        0.518154 -0.941714 0.162609,
        0.519015 -0.940648 0.170194,
        0.537702 -0.941075 0.167154,
        0.537702 -0.943446 0.150283,
        0.539284 -0.943490 0.149973,
        0.533059 -0.943446 0.150283,
        0.529268 -0.940225 0.173203,
        0.527695 -0.940202 0.173366,
        0.525213 -0.941257 0.165859,
        0.519509 -0.941539 0.163852,
        0.521372 -0.941396 0.164872,
        0.522220 -0.940367 0.172189,
        0.525128 -0.940236 0.173122,
        0.514770 -0.943490 0.149973,
        0.517219 -0.942971 0.153662,
        0.516657 -0.942753 0.155217,
        0.533059 -0.942876 0.154336,
        0.532935 -0.942876 0.154336,
        0.532212 -0.943030 0.153246,
        0.530746 -0.943250 0.151683,
        0.520267 -0.943395 0.150648,
        0.522046 -0.943488 0.149983,
        0.522131 -0.943490 0.149973,
        0.518703 -0.943243 0.151728,
        0.518183 -0.943170 0.152249,
        0.516429 -0.942459 0.157302,
        0.516639 -0.942161 0.159428,
        0.514770 -0.938982 0.182046,
        0.519015 -0.940020 0.174661,
        0.520354 -0.939915 0.175405,
        0.533059 -0.941104 0.166948,
        0.532897 -0.940818 0.168981,
        0.532417 -0.940588 0.170618,
        0.531871 -0.940455 0.171565,
        0.523878 -0.939741 0.176645,
        0.528131 -0.939677 0.177101,
        0.539284 -0.938982 0.182046,
        0.531384 -0.939726 0.176752,
        0.533233 -0.939817 0.176105,
        0.534702 -0.939947 0.175177,
        0.531169 -0.940351 0.172304,
        0.530345 -0.940277 0.172830,
        0.535495 -0.940054 0.174417,
        0.536478 -0.940254 0.173000,
        0.537244 -0.940530 0.171034,
        0.524824 -0.943533 0.149663,
        0.514770 -0.964567 0.000000,
        0.527218 -0.943496 0.149926,
        0.539284 -0.964567 0.000000,
        0.527350 -0.943490 0.149973,
        0.543993 -0.943317 0.151202,
        0.542430 -0.943490 0.149973,
        0.547316 -0.943478 0.150054,
        0.548117 -0.943490 0.149973,
        0.557078 -0.939705 0.176900,
        0.560604 -0.939841 0.175937,
        0.563082 -0.938982 0.182046,
        0.560604 -0.940469 0.171470,
        0.560320 -0.941835 0.161749,
        0.561187 -0.942013 0.160483,
        0.542430 -0.938982 0.182046,
        0.544758 -0.940317 0.172550,
        0.545621 -0.940142 0.173792,
        0.561682 -0.942203 0.159127,
        0.561874 -0.942444 0.157414,
        0.563082 -0.943490 0.149973,
        0.561653 -0.942704 0.155567,
        0.561083 -0.942908 0.154110,
        0.550583 -0.939740 0.176651,
        0.554331 -0.939677 0.177101,
        0.546997 -0.939970 0.175018,
        0.548104 -0.939875 0.175694,
        0.560218 -0.943079 0.152897,
        0.558889 -0.943240 0.151746,
        0.557694 -0.943341 0.151030,
        0.545339 -0.941339 0.165278,
        0.544733 -0.941204 0.166236,
        0.543993 -0.942650 0.155950,
        0.544222 -0.941007 0.167640,
        0.544022 -0.940756 0.169425,
        0.544205 -0.940525 0.171069,
        0.548720 -0.942958 0.153754,
        0.551053 -0.941827 0.161806,
        0.545809 -0.942806 0.154839,
        0.548285 -0.941650 0.163062,
        0.546098 -0.941449 0.164491,
        0.553877 -0.940202 0.173366,
        0.552502 -0.940216 0.173264,
        0.548807 -0.940698 0.169838,
        0.551260 -0.940262 0.172939,
        0.550219 -0.940339 0.172390,
        0.548850 -0.940784 0.169226,
        0.549033 -0.940884 0.168512,
        0.549368 -0.940971 0.167892,
        0.549821 -0.941041 0.167398,
        0.551458 -0.941183 0.166385,
        0.556930 -0.940250 0.173022,
        0.554331 -0.941357 0.165146,
        0.559548 -0.940384 0.172070,
        0.556129 -0.941458 0.164426,
        0.559213 -0.941697 0.162728,
        0.551631 -0.943006 0.153417,
        0.551836 -0.943006 0.153418,
        0.554102 -0.942004 0.160541,
        0.554216 -0.942968 0.153682,
        0.557108 -0.942507 0.156964,
        0.557062 -0.942427 0.157536,
        0.549519 -0.940425 0.171777,
        0.549120 -0.940507 0.171192,
        0.548891 -0.940595 0.170571,
        0.555414 -0.942907 0.154117,
        0.555837 -0.942872 0.154371,
        0.556370 -0.942806 0.154839,
        0.556776 -0.942722 0.155433,
        0.557012 -0.942630 0.156087,
        0.556851 -0.942326 0.158254,
        0.556493 -0.942240 0.158863,
        0.555914 -0.942156 0.159460,
        0.553931 -0.943490 0.149973,
        0.551176 -0.943533 0.149663,
        0.542430 -0.964567 0.000000,
        0.555215 -0.943469 0.150117,
        0.563082 -0.964567 0.000000,
        0.584891 -0.939761 0.176500,
        0.606433 -0.943446 0.150283,
        0.576400 -0.942531 0.156795,
        0.576969 -0.942834 0.154637,
        0.577092 -0.942834 0.154637,
        0.571724 -0.938982 0.182046,
        0.571724 -0.940659 0.170116,
        0.577661 -0.942536 0.156757,
        0.577305 -0.942708 0.155535,
        0.571724 -0.942393 0.157774,
        0.564291 -0.939761 0.176500,
        0.569483 -0.939761 0.176500,
        0.571724 -0.943490 0.149973,
        0.574519 -0.943490 0.149973,
        0.574676 -0.943438 0.150339,
        0.571724 -0.944341 0.143915,
        0.571730 -0.944340 0.143922,
        0.572639 -0.944108 0.145572,
        0.571724 -0.964567 0.000000,
        0.570118 -0.945152 0.138148,
        0.568242 -0.945181 0.137934,
        0.567882 -0.944628 0.141875,
        0.568996 -0.944610 0.141999,
        0.567217 -0.945176 0.137970,
        0.565248 -0.945129 0.138309,
        0.565248 -0.944554 0.142401,
        0.566197 -0.944597 0.142093,
        0.570013 -0.944557 0.142376,
        0.570865 -0.944475 0.142962,
        0.577689 -0.944003 0.146323,
        0.575587 -0.944572 0.142269,
        0.592206 -0.964567 0.000000,
        0.573888 -0.944856 0.140248,
        0.573572 -0.944897 0.139961,
        0.571950 -0.945054 0.138839,
        0.571724 -0.945067 0.138754,
        0.375384 -0.943511 0.149822,
        0.511790 -0.964567 0.000000,
        0.372256 -0.944327 0.144013,
        0.357127 -0.945775 0.133712,
        0.350731 -0.945885 0.132930,
        0.368252 -0.944951 0.139573,
        0.363004 -0.945460 0.135952,
        0.337430 -0.945393 0.136429,
        -0.728730 -0.964567 -0.000000,
        0.343514 -0.945748 0.133904,
        0.349737 -0.945882 0.132948,
        0.312825 -0.942605 0.156266,
        0.304609 -0.941630 0.163205,
        -0.707652 -0.943490 0.149973,
        0.322349 -0.943251 0.151669,
        0.298600 -0.940436 0.171698,
        0.294819 -0.939071 0.181414,
        -0.703145 -0.938982 0.182046,
        0.325694 -0.943391 0.150678,
        0.326027 -0.943490 0.149973,
        0.328348 -0.944180 0.145061,
        0.332272 -0.944853 0.140273,
        0.294740 -0.938982 0.182046,
        0.293540 -0.937632 0.191653,
        -0.700981 -0.936818 0.197444,
        0.293614 -0.937282 0.194143,
        0.294208 -0.936818 0.197444,
        -0.694222 -0.930059 0.245535,
        0.325846 -0.931869 0.232661,
        0.336236 -0.931690 0.233934,
        0.353894 -0.930149 0.244895,
        0.295380 -0.935903 0.203952,
        0.299583 -0.934583 0.213350,
        0.305927 -0.933450 0.221406,
        0.347701 -0.930887 0.239643,
        0.339267 -0.931713 0.233770,
        0.342298 -0.931763 0.233412,
        0.307701 -0.933217 0.223069,
        0.316083 -0.932396 0.228906,
        0.354936 -0.930059 0.245535,
        -0.693378 -0.929215 0.251542,
        0.360332 -0.929594 0.248844,
        0.366303 -0.929215 0.251542,
        0.444713 -0.939081 0.181339,
        0.444801 -0.938982 0.182046,
        0.413339 -0.938982 0.182046,
        0.445348 -0.938365 0.186433,
        0.338600 -0.938931 0.182407,
        0.344420 -0.938621 0.184617,
        0.310801 -0.936818 0.197444,
        0.445214 -0.938037 0.188768,
        0.443964 -0.937333 0.193778,
        0.405815 -0.937192 0.194785,
        0.350731 -0.938512 0.185389,
        0.441957 -0.936818 0.197444,
        0.312272 -0.938982 0.182046,
        0.338076 -0.938982 0.182046,
        0.310467 -0.938131 0.188104,
        0.310144 -0.937559 0.192175,
        0.353922 -0.938539 0.185203,
        0.360285 -0.938757 0.183643,
        0.363298 -0.938982 0.182046,
        0.312369 -0.939028 0.181722,
        0.328859 -0.940147 0.173759,
        0.333214 -0.939453 0.178696,
        0.315479 -0.939763 0.176487,
        0.320202 -0.940439 0.171676,
        0.325957 -0.940933 0.168164,
        0.416972 -0.933294 0.222515,
        0.411017 -0.932307 0.229539,
        0.350468 -0.934441 0.214359,
        0.410405 -0.932230 0.230090,
        0.403002 -0.931514 0.235183,
        0.354501 -0.933279 0.222625,
        0.348647 -0.934302 0.215348,
        0.342740 -0.933999 0.217502,
        0.441504 -0.936702 0.198273,
        0.438503 -0.936236 0.201587,
        0.424791 -0.935504 0.206791,
        0.434417 -0.935838 0.204417,
        0.429819 -0.935591 0.206174,
        0.422683 -0.935504 0.206791,
        0.421051 -0.934476 0.214113,
        0.327202 -0.934128 0.216588,
        0.321336 -0.934563 0.213489,
        0.333705 -0.933911 0.218128,
        0.316852 -0.935120 0.209524,
        0.313195 -0.935850 0.204328,
        0.360415 -0.932296 0.229617,
        0.394739 -0.931073 0.238322,
        0.367461 -0.931580 0.234715,
        0.385785 -0.930919 0.239415,
        0.376069 -0.931094 0.238174,
        0.336500 -0.933891 0.218274,
        0.310934 -0.936669 0.198509,
        0.444715 -0.934124 0.216611,
        0.451867 -0.934965 0.210627,
        0.492048 -0.930103 0.245225,
        0.496833 -0.930103 0.245225,
        0.496833 -0.934674 0.212702,
        0.492048 -0.935262 0.208517,
        0.421365 -0.930626 0.241502,
        0.430104 -0.932034 0.231483,
        0.457251 -0.936008 0.203205,
        0.511596 -0.935262 0.208517,
        0.511596 -0.934674 0.212702,
        0.435597 -0.933524 0.220884,
        0.436870 -0.933583 0.220461,
        0.728730 -0.964567 0.000000,
        0.618146 -0.964567 0.000000,
        0.606433 -0.964567 0.000000,
        0.529101 -0.943402 0.150600,
        0.693378 -0.929215 0.251542,
        0.618146 -0.929215 0.251542,
        0.606433 -0.929215 0.251542,
        0.592206 -0.929215 0.251542,
        0.571724 -0.929215 0.251542,
        0.563082 -0.929215 0.251542,
        0.542430 -0.929215 0.251542,
        0.512548 -0.964567 0.000000,
        0.404565 -0.929215 0.251542,
        0.511790 -0.929215 0.251542,
        0.512548 -0.929215 0.251542,
        0.514770 -0.929215 0.251542,
        0.472441 0.629921 -0.285433,
        0.693378 0.890228 -0.285433,
        0.472441 -0.629921 -0.285433,
        0.693378 -0.890228 -0.285433,
        -0.472441 -0.629921 -0.285433,
        -0.693378 -0.890228 -0.285433,
        -0.472441 0.629921 -0.285433,
        -0.693378 0.890228 -0.285433,
        0.767717 0.169291 -0.000000,
        0.767717 -0.169291 -0.000000,
        0.762183 0.169291 -0.039370,
        0.762183 -0.169291 -0.039370,
        0.762183 0.669291 -0.039370,
        0.732365 0.890228 -0.251542,
        0.762183 0.830709 -0.039370,
        0.767717 0.925580 -0.000000,
        0.767717 0.830709 -0.000000,
        0.767717 0.669291 -0.000000,
        0.767717 0.330709 -0.000000,
        0.762183 0.330709 -0.039370,
        0.732365 -0.890228 -0.251542,
        0.762183 -0.330709 -0.039370,
        0.767717 -0.830709 -0.000000,
        0.767717 -0.925580 -0.000000,
        0.762183 -0.830709 -0.039370,
        0.762183 -0.669291 -0.039370,
        0.767717 -0.669291 -0.000000,
        0.767717 -0.330709 0.000000,
        0.762737 -0.169291 0.035433,
        0.762737 0.330709 0.035433,
        0.732365 0.890228 0.251542,
        0.762737 0.169291 0.035433,
        0.732365 -0.890228 0.251542,
        0.762737 0.830709 0.035433,
        0.762737 0.669291 0.035433,
        0.762737 -0.669291 0.035433,
        0.762737 -0.830709 0.035433,
        0.762737 -0.330709 0.035433,
        -0.767717 -0.925580 -0.000000,
        -0.767717 -0.830709 0.000000,
        -0.762183 -0.830709 -0.039370,
        -0.767717 -0.669291 0.000000,
        -0.767717 -0.330709 -0.000000,
        -0.762183 -0.669291 -0.039370,
        -0.762183 -0.330709 -0.039370,
        -0.732365 -0.890228 -0.251542,
        -0.732365 0.890228 -0.251542,
        -0.762183 -0.169291 -0.039370,
        -0.767717 -0.169291 0.000000,
        -0.767717 0.169291 0.000000,
        -0.762183 0.169291 -0.039370,
        -0.762183 0.330709 -0.039370,
        -0.767717 0.830709 0.000000,
        -0.767717 0.925580 -0.000000,
        -0.762183 0.830709 -0.039370,
        -0.762183 0.669291 -0.039370,
        -0.767717 0.669291 0.000000,
        -0.767717 0.330709 0.000000,
        -0.762737 -0.330709 0.035433,
        -0.762737 -0.669291 0.035433,
        -0.762737 0.169291 0.035433,
        -0.762737 -0.830709 0.035433,
        -0.732365 -0.890228 0.251542,
        -0.732365 0.890228 0.251542,
        -0.762737 -0.169291 0.035433,
        -0.762737 0.669291 0.035433,
        -0.762737 0.830709 0.035433,
        -0.762737 0.330709 0.035433,
        0.693378 -0.929215 -0.251542,
        -0.693378 -0.929215 -0.251542,
        0.693378 0.929215 -0.251542,
        -0.693378 0.929215 -0.251542,
        0.728730 0.964567 0.000000,
        -0.728730 0.964567 -0.000000,
        0.693378 0.929215 0.251542,
        -0.693378 0.929215 0.251542,
        -0.458002 0.689246 0.285433,
        -0.477688 0.674140 0.285433,
        0.693378 -0.890228 0.285433,
        -0.477688 0.838783 0.285433,
        -0.458002 0.823677 0.285433,
        0.693378 0.890228 0.285433,
        -0.442895 0.803990 0.285433,
        -0.433399 0.781065 0.285433,
        -0.693378 -0.890228 0.285433,
        -0.500614 0.664644 0.285433,
        -0.525217 0.661405 0.285433,
        -0.430160 0.756462 0.285433,
        -0.433399 0.731859 0.285433,
        -0.442895 0.708933 0.285433,
        -0.572745 0.838783 0.285433,
        -0.549819 0.848280 0.285433,
        -0.693378 0.890228 0.285433,
        -0.525217 0.851519 0.285433,
        -0.500614 0.848280 0.285433,
        -0.549819 0.664644 0.285433,
        -0.572745 0.674140 0.285433,
        -0.592432 0.689246 0.285433,
        -0.617035 0.781065 0.285433,
        -0.607539 0.803990 0.285433,
        -0.592432 0.823677 0.285433,
        -0.607539 0.708933 0.285433,
        -0.617035 0.731859 0.285433,
        -0.620274 0.756462 0.285433,
      ]
    }
    coordIndex [
      0, 1, 2, -1,
      3, 4, 5, -1,
      6, 7, 8, -1,
      9, 10, 11, -1,
      12, 13, 14, -1,
      14, 13, 15, -1,
      15, 13, 16, -1,
      15, 16, 17, -1,
      18, 19, 20, -1,
      20, 19, 21, -1,
      20, 21, 22, -1,
      22, 21, 23, -1,
      17, 23, 15, -1,
      15, 23, 21, -1,
      15, 21, 24, -1,
      24, 21, 25, -1,
      24, 25, 26, -1,
      26, 25, 27, -1,
      26, 27, 28, -1,
      28, 27, 29, -1,
      30, 31, 32, -1,
      32, 31, 33, -1,
      34, 35, 36, -1,
      36, 35, 37, -1,
      36, 37, 38, -1,
      38, 39, 36, -1,
      36, 39, 40, -1,
      36, 40, 33, -1,
      33, 40, 28, -1,
      33, 28, 32, -1,
      32, 28, 29, -1,
      18, 41, 19, -1,
      19, 41, 42, -1,
      19, 42, 43, -1,
      43, 44, 19, -1,
      19, 44, 45, -1,
      19, 45, 36, -1,
      36, 45, 46, -1,
      36, 46, 34, -1,
      47, 48, 40, -1,
      40, 48, 49, -1,
      39, 12, 40, -1,
      40, 12, 14, -1,
      40, 14, 47, -1,
      47, 14, 50, -1,
      47, 50, 51, -1,
      51, 50, 52, -1,
      51, 52, 53, -1,
      53, 52, 54, -1,
      55, 56, 57, -1,
      57, 56, 58, -1,
      57, 58, 14, -1,
      14, 58, 59, -1,
      14, 59, 50, -1,
      60, 55, 61, -1,
      61, 55, 57, -1,
      61, 57, 62, -1,
      62, 57, 14, -1,
      62, 14, 63, -1,
      63, 14, 15, -1,
      63, 15, 64, -1,
      64, 15, 65, -1,
      64, 65, 66, -1,
      66, 65, 67, -1,
      68, 69, 70, -1,
      70, 69, 71, -1,
      72, 73, 74, -1,
      74, 73, 75, -1,
      76, 77, 75, -1,
      75, 77, 78, -1,
      75, 78, 74, -1,
      74, 78, 79, -1,
      80, 81, 74, -1,
      82, 83, 84, -1,
      72, 74, 85, -1,
      85, 74, 81, -1,
      85, 81, 86, -1,
      87, 88, 89, -1,
      87, 89, 90, -1,
      83, 91, 84, -1,
      84, 91, 92, -1,
      84, 92, 93, -1,
      93, 92, 94, -1,
      93, 94, 95, -1,
      95, 94, 96, -1,
      95, 96, 97, -1,
      88, 98, 89, -1,
      89, 98, 99, -1,
      89, 99, 100, -1,
      97, 101, 95, -1,
      95, 101, 102, -1,
      95, 102, 103, -1,
      89, 104, 105, -1,
      100, 106, 89, -1,
      89, 106, 107, -1,
      89, 107, 108, -1,
      108, 109, 89, -1,
      89, 109, 110, -1,
      89, 110, 104, -1,
      111, 112, 113, -1,
      113, 112, 114, -1,
      113, 114, 89, -1,
      89, 114, 115, -1,
      89, 115, 90, -1,
      103, 116, 95, -1,
      95, 116, 71, -1,
      95, 71, 117, -1,
      117, 71, 69, -1,
      118, 119, 120, -1,
      119, 121, 120, -1,
      120, 121, 122, -1,
      120, 122, 123, -1,
      123, 124, 120, -1,
      120, 124, 125, -1,
      120, 125, 126, -1,
      126, 125, 111, -1,
      126, 111, 127, -1,
      127, 111, 113, -1,
      128, 129, 130, -1,
      131, 132, 133, -1,
      133, 132, 129, -1,
      133, 129, 134, -1,
      134, 129, 135, -1,
      136, 137, 138, -1,
      138, 137, 139, -1,
      136, 140, 137, -1,
      137, 140, 141, -1,
      137, 141, 142, -1,
      142, 141, 143, -1,
      129, 128, 135, -1,
      135, 128, 144, -1,
      135, 144, 137, -1,
      137, 144, 145, -1,
      137, 145, 146, -1,
      146, 147, 137, -1,
      137, 147, 148, -1,
      137, 148, 149, -1,
      141, 150, 151, -1,
      149, 152, 137, -1,
      137, 152, 153, -1,
      137, 153, 139, -1,
      150, 141, 154, -1,
      154, 141, 155, -1,
      154, 155, 156, -1,
      151, 157, 141, -1,
      141, 157, 158, -1,
      141, 158, 143, -1,
      159, 160, 161, -1,
      161, 160, 162, -1,
      161, 162, 130, -1,
      130, 162, 163, -1,
      130, 163, 128, -1,
      164, 165, 166, -1,
      167, 168, 169, -1,
      169, 168, 170, -1,
      171, 172, 168, -1,
      168, 172, 173, -1,
      168, 173, 170, -1,
      174, 175, 176, -1,
      176, 175, 177, -1,
      178, 179, 180, -1,
      180, 179, 181, -1,
      180, 181, 168, -1,
      168, 181, 182, -1,
      168, 182, 171, -1,
      183, 184, 174, -1,
      174, 184, 185, -1,
      185, 186, 174, -1,
      174, 186, 187, -1,
      174, 187, 175, -1,
      131, 188, 132, -1,
      132, 188, 189, -1,
      132, 189, 174, -1,
      174, 189, 190, -1,
      174, 190, 183, -1,
      191, 192, 193, -1,
      194, 195, 196, -1,
      196, 195, 197, -1,
      196, 197, 198, -1,
      198, 197, 199, -1,
      198, 199, 200, -1,
      200, 199, 201, -1,
      200, 201, 202, -1,
      202, 201, 203, -1,
      202, 203, 204, -1,
      204, 203, 205, -1,
      191, 201, 192, -1,
      192, 201, 199, -1,
      192, 199, 206, -1,
      206, 199, 207, -1,
      206, 207, 208, -1,
      208, 207, 209, -1,
      208, 209, 129, -1,
      129, 209, 210, -1,
      129, 210, 130, -1,
      130, 210, 211, -1,
      130, 211, 193, -1,
      193, 211, 212, -1,
      193, 212, 191, -1,
      67, 213, 214, -1,
      215, 216, 192, -1,
      67, 214, 206, -1,
      206, 214, 217, -1,
      206, 217, 192, -1,
      192, 217, 218, -1,
      192, 218, 215, -1,
      219, 220, 65, -1,
      221, 222, 223, -1,
      219, 65, 224, -1,
      220, 225, 65, -1,
      65, 225, 226, -1,
      65, 226, 67, -1,
      67, 226, 227, -1,
      67, 227, 213, -1,
      215, 228, 216, -1,
      216, 228, 229, -1,
      216, 229, 223, -1,
      223, 229, 230, -1,
      223, 230, 221, -1,
      222, 231, 223, -1,
      223, 231, 232, -1,
      223, 232, 233, -1,
      234, 235, 236, -1,
      236, 235, 237, -1,
      238, 239, 240, -1,
      240, 239, 15, -1,
      240, 15, 241, -1,
      241, 15, 24, -1,
      241, 24, 237, -1,
      237, 24, 242, -1,
      237, 242, 236, -1,
      243, 65, 244, -1,
      244, 65, 15, -1,
      244, 15, 245, -1,
      245, 15, 239, -1,
      234, 236, 243, -1,
      243, 236, 223, -1,
      243, 223, 65, -1,
      65, 223, 233, -1,
      65, 233, 224, -1,
      246, 247, 248, -1,
      249, 250, 251, -1,
      251, 250, 252, -1,
      253, 254, 255, -1,
      247, 256, 248, -1,
      248, 256, 257, -1,
      248, 257, 258, -1,
      258, 257, 255, -1,
      258, 255, 259, -1,
      259, 255, 254, -1,
      260, 261, 262, -1,
      263, 264, 252, -1,
      252, 264, 265, -1,
      252, 265, 266, -1,
      267, 260, 268, -1,
      268, 260, 269, -1,
      267, 270, 260, -1,
      260, 270, 271, -1,
      260, 271, 261, -1,
      272, 273, 274, -1,
      274, 275, 276, -1,
      277, 278, 255, -1,
      255, 278, 279, -1,
      255, 279, 280, -1,
      275, 274, 248, -1,
      248, 274, 273, -1,
      248, 273, 246, -1,
      276, 281, 274, -1,
      274, 281, 282, -1,
      274, 282, 283, -1,
      282, 284, 283, -1,
      283, 284, 285, -1,
      283, 285, 286, -1,
      280, 287, 255, -1,
      255, 287, 288, -1,
      255, 288, 253, -1,
      286, 289, 283, -1,
      283, 289, 290, -1,
      283, 290, 291, -1,
      292, 293, 294, -1,
      294, 293, 295, -1,
      294, 295, 296, -1,
      297, 298, 299, -1,
      299, 298, 300, -1,
      301, 302, 303, -1,
      303, 302, 304, -1,
      305, 306, 304, -1,
      307, 308, 309, -1,
      310, 311, 312, -1,
      312, 311, 313, -1,
      312, 313, 314, -1,
      307, 315, 303, -1,
      303, 315, 316, -1,
      303, 316, 301, -1,
      309, 317, 307, -1,
      307, 317, 318, -1,
      307, 318, 315, -1,
      314, 319, 312, -1,
      312, 319, 320, -1,
      312, 320, 321, -1,
      322, 323, 324, -1,
      323, 325, 324, -1,
      324, 325, 326, -1,
      324, 326, 307, -1,
      307, 326, 327, -1,
      307, 327, 308, -1,
      328, 329, 330, -1,
      330, 329, 331, -1,
      330, 331, 324, -1,
      324, 331, 332, -1,
      324, 332, 322, -1,
      333, 334, 335, -1,
      335, 334, 336, -1,
      335, 336, 337, -1,
      335, 338, 333, -1,
      333, 338, 339, -1,
      333, 339, 340, -1,
      340, 341, 333, -1,
      333, 341, 342, -1,
      333, 342, 343, -1,
      343, 342, 344, -1,
      343, 344, 345, -1,
      345, 344, 346, -1,
      345, 346, 304, -1,
      304, 346, 347, -1,
      304, 347, 305, -1,
      328, 348, 329, -1,
      329, 348, 349, -1,
      329, 349, 350, -1,
      350, 349, 351, -1,
      350, 352, 353, -1,
      354, 355, 337, -1,
      337, 355, 356, -1,
      337, 356, 335, -1,
      351, 357, 350, -1,
      350, 357, 358, -1,
      350, 358, 359, -1,
      359, 360, 350, -1,
      350, 360, 361, -1,
      350, 361, 352, -1,
      353, 362, 350, -1,
      350, 362, 363, -1,
      350, 363, 364, -1,
      365, 366, 367, -1,
      321, 368, 312, -1,
      312, 368, 365, -1,
      312, 365, 369, -1,
      369, 365, 367, -1,
      370, 6, 11, -1,
      11, 6, 8, -1,
      11, 8, 9, -1,
      9, 8, 49, -1,
      9, 49, 371, -1,
      371, 49, 48, -1,
      372, 373, 374, -1,
      11, 375, 370, -1,
      370, 375, 376, -1,
      370, 376, 377, -1,
      377, 376, 372, -1,
      377, 372, 378, -1,
      378, 372, 374, -1,
      379, 380, 312, -1,
      306, 310, 304, -1,
      304, 310, 312, -1,
      304, 312, 303, -1,
      303, 312, 380, -1,
      303, 380, 375, -1,
      375, 380, 381, -1,
      375, 381, 376, -1,
      312, 382, 379, -1,
      379, 382, 383, -1,
      379, 383, 384, -1,
      385, 386, 382, -1,
      382, 386, 387, -1,
      382, 387, 383, -1,
      388, 389, 390, -1,
      388, 390, 369, -1,
      382, 391, 392, -1,
      390, 393, 369, -1,
      369, 393, 394, -1,
      369, 394, 312, -1,
      312, 394, 395, -1,
      312, 395, 382, -1,
      382, 395, 396, -1,
      382, 396, 391, -1,
      392, 397, 382, -1,
      382, 397, 398, -1,
      382, 398, 385, -1,
      399, 400, 401, -1,
      401, 400, 402, -1,
      402, 403, 401, -1,
      401, 403, 404, -1,
      401, 404, 388, -1,
      388, 404, 405, -1,
      388, 405, 389, -1,
      120, 406, 407, -1,
      407, 406, 408, -1,
      407, 409, 410, -1,
      408, 411, 407, -1,
      407, 411, 412, -1,
      407, 412, 409, -1,
      413, 414, 415, -1,
      415, 414, 407, -1,
      415, 407, 416, -1,
      416, 407, 410, -1,
      417, 418, 419, -1,
      417, 419, 420, -1,
      418, 421, 419, -1,
      419, 421, 422, -1,
      419, 422, 423, -1,
      424, 420, 425, -1,
      425, 420, 419, -1,
      425, 419, 426, -1,
      426, 419, 414, -1,
      426, 414, 427, -1,
      427, 414, 413, -1,
      422, 428, 423, -1,
      423, 428, 429, -1,
      423, 429, 430, -1,
      429, 431, 430, -1,
      430, 431, 432, -1,
      430, 432, 433, -1,
      434, 435, 436, -1,
      432, 437, 433, -1,
      433, 437, 438, -1,
      433, 438, 439, -1,
      436, 435, 440, -1,
      440, 435, 441, -1,
      440, 441, 442, -1,
      439, 443, 433, -1,
      433, 443, 444, -1,
      433, 444, 434, -1,
      434, 436, 433, -1,
      433, 436, 445, -1,
      433, 445, 446, -1,
      446, 445, 447, -1,
      446, 447, 448, -1,
      105, 449, 89, -1,
      89, 449, 450, -1,
      89, 450, 451, -1,
      451, 450, 452, -1,
      453, 454, 455, -1,
      452, 456, 451, -1,
      451, 456, 457, -1,
      451, 457, 458, -1,
      454, 459, 455, -1,
      455, 459, 458, -1,
      455, 458, 460, -1,
      460, 458, 457, -1,
      461, 462, 463, -1,
      463, 462, 453, -1,
      463, 453, 464, -1,
      464, 453, 455, -1,
      459, 465, 458, -1,
      458, 465, 466, -1,
      458, 466, 5, -1,
      5, 466, 467, -1,
      5, 467, 3, -1,
      468, 469, 461, -1,
      461, 469, 470, -1,
      461, 470, 462, -1,
      468, 471, 469, -1,
      469, 471, 472, -1,
      469, 472, 473, -1,
      474, 475, 476, -1,
      475, 477, 476, -1,
      476, 477, 478, -1,
      476, 478, 479, -1,
      460, 476, 455, -1,
      455, 476, 480, -1,
      455, 480, 481, -1,
      482, 483, 484, -1,
      484, 483, 485, -1,
      484, 485, 486, -1,
      482, 484, 460, -1,
      460, 484, 487, -1,
      460, 487, 476, -1,
      476, 487, 488, -1,
      476, 488, 474, -1,
      489, 490, 491, -1,
      491, 490, 492, -1,
      491, 492, 493, -1,
      479, 478, 494, -1,
      494, 478, 495, -1,
      494, 495, 496, -1,
      496, 495, 497, -1,
      496, 497, 498, -1,
      481, 499, 455, -1,
      455, 499, 491, -1,
      455, 491, 500, -1,
      500, 491, 493, -1,
      501, 502, 503, -1,
      503, 504, 2, -1,
      2, 504, 505, -1,
      503, 502, 506, -1,
      2, 1, 503, -1,
      503, 1, 507, -1,
      503, 507, 508, -1,
      502, 509, 506, -1,
      506, 509, 83, -1,
      506, 83, 510, -1,
      510, 83, 82, -1,
      510, 82, 511, -1,
      508, 512, 503, -1,
      503, 512, 513, -1,
      503, 513, 501, -1,
      514, 28, 515, -1,
      515, 28, 40, -1,
      515, 40, 516, -1,
      516, 40, 49, -1,
      516, 49, 401, -1,
      401, 49, 8, -1,
      401, 8, 399, -1,
      399, 8, 7, -1,
      366, 300, 367, -1,
      367, 300, 298, -1,
      367, 298, 295, -1,
      295, 298, 251, -1,
      295, 251, 296, -1,
      296, 251, 252, -1,
      296, 252, 517, -1,
      517, 252, 266, -1,
      297, 324, 298, -1,
      298, 324, 307, -1,
      298, 307, 251, -1,
      251, 307, 283, -1,
      251, 283, 249, -1,
      249, 283, 291, -1,
      242, 518, 236, -1,
      236, 518, 519, -1,
      236, 519, 223, -1,
      223, 519, 520, -1,
      223, 520, 216, -1,
      216, 520, 521, -1,
      216, 521, 192, -1,
      192, 521, 522, -1,
      192, 522, 193, -1,
      193, 522, 523, -1,
      193, 523, 130, -1,
      130, 523, 524, -1,
      130, 524, 161, -1,
      161, 524, 164, -1,
      161, 164, 159, -1,
      159, 164, 166, -1,
      262, 272, 260, -1,
      260, 272, 274, -1,
      260, 274, 70, -1,
      70, 274, 79, -1,
      70, 79, 68, -1,
      68, 79, 78, -1,
      292, 269, 293, -1,
      293, 269, 260, -1,
      293, 260, 525, -1,
      525, 260, 70, -1,
      525, 70, 407, -1,
      407, 70, 71, -1,
      407, 71, 120, -1,
      120, 71, 116, -1,
      120, 116, 118, -1,
      10, 66, 11, -1,
      11, 66, 67, -1,
      11, 67, 375, -1,
      375, 67, 206, -1,
      375, 206, 303, -1,
      303, 206, 208, -1,
      303, 208, 307, -1,
      307, 208, 129, -1,
      307, 129, 283, -1,
      283, 129, 132, -1,
      283, 132, 274, -1,
      274, 132, 174, -1,
      274, 174, 79, -1,
      79, 174, 176, -1,
      79, 176, 74, -1,
      74, 176, 82, -1,
      74, 82, 80, -1,
      80, 82, 84, -1,
      177, 178, 176, -1,
      176, 178, 180, -1,
      176, 180, 82, -1,
      82, 180, 2, -1,
      82, 2, 511, -1,
      511, 2, 505, -1,
      526, 0, 527, -1,
      527, 0, 2, -1,
      527, 2, 528, -1,
      528, 2, 180, -1,
      528, 180, 529, -1,
      529, 180, 168, -1,
      529, 168, 164, -1,
      164, 168, 167, -1,
      164, 167, 165, -1,
      530, 531, 532, -1,
      532, 531, 533, -1,
      532, 533, 534, -1,
      534, 533, 535, -1,
      534, 535, 536, -1,
      536, 535, 537, -1,
      536, 537, 530, -1,
      530, 537, 531, -1,
      538, 539, 540, -1,
      540, 539, 541, -1,
      542, 543, 544, -1,
      544, 543, 545, -1,
      544, 545, 546, -1,
      547, 548, 542, -1,
      542, 548, 549, -1,
      542, 549, 543, -1,
      543, 549, 540, -1,
      543, 540, 550, -1,
      550, 540, 541, -1,
      550, 541, 551, -1,
      552, 553, 554, -1,
      554, 553, 550, -1,
      554, 550, 555, -1,
      555, 550, 551, -1,
      555, 551, 556, -1,
      556, 551, 557, -1,
      558, 539, 538, -1,
      559, 560, 561, -1,
      561, 560, 562, -1,
      546, 545, 563, -1,
      563, 545, 560, -1,
      563, 560, 564, -1,
      564, 560, 559, -1,
      564, 559, 547, -1,
      547, 559, 548, -1,
      565, 562, 566, -1,
      566, 562, 553, -1,
      566, 553, 552, -1,
      556, 557, 565, -1,
      565, 557, 567, -1,
      565, 567, 562, -1,
      562, 567, 558, -1,
      562, 558, 561, -1,
      561, 558, 538, -1,
      568, 569, 570, -1,
      571, 572, 573, -1,
      573, 572, 574, -1,
      568, 570, 575, -1,
      575, 570, 573, -1,
      575, 573, 576, -1,
      576, 573, 574, -1,
      576, 574, 577, -1,
      578, 579, 577, -1,
      577, 579, 580, -1,
      577, 580, 576, -1,
      576, 580, 581, -1,
      582, 583, 584, -1,
      584, 583, 576, -1,
      584, 576, 585, -1,
      585, 576, 581, -1,
      585, 581, 586, -1,
      586, 581, 587, -1,
      572, 571, 588, -1,
      588, 571, 589, -1,
      590, 579, 578, -1,
      569, 568, 591, -1,
      591, 568, 592, -1,
      591, 592, 589, -1,
      589, 592, 593, -1,
      589, 593, 588, -1,
      588, 593, 594, -1,
      595, 593, 596, -1,
      596, 593, 583, -1,
      596, 583, 582, -1,
      586, 587, 595, -1,
      595, 587, 597, -1,
      595, 597, 593, -1,
      593, 597, 590, -1,
      593, 590, 594, -1,
      594, 590, 578, -1,
      367, 295, 598, -1,
      367, 598, 369, -1,
      414, 599, 407, -1,
      407, 599, 598, -1,
      514, 515, 598, -1,
      598, 515, 516, -1,
      295, 293, 598, -1,
      598, 293, 525, -1,
      598, 525, 407, -1,
      516, 401, 598, -1,
      598, 401, 388, -1,
      598, 388, 369, -1,
      600, 601, 602, -1,
      602, 601, 603, -1,
      602, 603, 604, -1,
      604, 603, 605, -1,
      606, 607, 608, -1,
      609, 610, 611, -1,
      611, 610, 612, -1,
      611, 612, 613, -1,
      608, 607, 614, -1,
      614, 607, 615, -1,
      614, 615, 616, -1,
      613, 617, 611, -1,
      611, 617, 618, -1,
      611, 618, 608, -1,
      608, 618, 619, -1,
      608, 619, 606, -1,
      620, 621, 622, -1,
      622, 621, 623, -1,
      622, 623, 611, -1,
      611, 623, 624, -1,
      611, 624, 609, -1,
      616, 625, 614, -1,
      614, 625, 626, -1,
      614, 626, 627, -1,
      628, 629, 622, -1,
      622, 629, 630, -1,
      622, 630, 620, -1,
      627, 631, 614, -1,
      614, 631, 632, -1,
      614, 632, 622, -1,
      622, 632, 633, -1,
      622, 633, 628, -1,
    ]
  }
}

Shape {
  appearance Appearance {
    material Material {
      diffuseColor 0.0000 0.0000 0.0000
      specularColor 0.0000 0.0000 0.0000
      ambientIntensity 0.2
      transparency 0.0000
      shininess 0.5
    }
  }
  geometry IndexedFaceSet {
    ccw TRUE
    solid FALSE
    coord DEF co Coordinate {
      point [
        -0.569968 0.678950 0.285039,
        -0.548382 0.670009 0.285039,
        -0.525217 0.756462 0.285039,
        -0.525217 0.666959 0.285039,
        -0.502052 0.670009 0.285039,
        -0.611670 0.733297 0.285039,
        -0.602729 0.711711 0.285039,
        -0.588505 0.693174 0.285039,
        -0.602729 0.801213 0.285039,
        -0.611670 0.779627 0.285039,
        -0.614720 0.756462 0.285039,
        -0.548382 0.842915 0.285039,
        -0.569968 0.833974 0.285039,
        -0.588505 0.819750 0.285039,
        -0.480465 0.833974 0.285039,
        -0.502052 0.842915 0.285039,
        -0.525217 0.845965 0.285039,
        -0.438763 0.779627 0.285039,
        -0.447705 0.801213 0.285039,
        -0.461929 0.819750 0.285039,
        -0.447705 0.711711 0.285039,
        -0.438763 0.733297 0.285039,
        -0.435714 0.756462 0.285039,
        -0.480465 0.678950 0.285039,
        -0.461929 0.693174 0.285039,
      ]
    }
    coordIndex [
      0, 1, 2, -1,
      2, 1, 3, -1,
      2, 3, 4, -1,
      5, 6, 2, -1,
      2, 6, 7, -1,
      2, 7, 0, -1,
      8, 9, 2, -1,
      2, 9, 10, -1,
      2, 10, 5, -1,
      11, 12, 2, -1,
      2, 12, 13, -1,
      2, 13, 8, -1,
      14, 15, 2, -1,
      2, 15, 16, -1,
      2, 16, 11, -1,
      17, 18, 2, -1,
      2, 18, 19, -1,
      2, 19, 14, -1,
      20, 21, 2, -1,
      2, 21, 22, -1,
      2, 22, 17, -1,
      4, 23, 2, -1,
      2, 23, 24, -1,
      2, 24, 20, -1,
    ]
  }
}

Shape {
  appearance Appearance {
    material Material {
      diffuseColor 0.2510 0.2510 0.2510
      specularColor 0.1255 0.1255 0.1255
      ambientIntensity 0.2
      transparency 0.0000
      shininess 0.5
    }
  }
  geometry IndexedFaceSet {
    ccw TRUE
    solid FALSE
    coord DEF co Coordinate {
      point [
        0.700981 -0.936818 0.197444,
        0.703145 -0.938982 0.182046,
        0.707652 -0.943490 0.149973,
        0.539284 -0.929215 0.251542,
        0.694222 -0.930059 0.245535,
        -0.728730 -0.964567 -0.000000,
        -0.707652 -0.943490 0.149973,
        -0.703145 -0.938982 0.182046,
        -0.700981 -0.936818 0.197444,
        -0.694222 -0.930059 0.245535,
        -0.693378 -0.929215 0.251542,
        0.366303 -0.929215 0.251542,
        0.728730 -0.964567 0.000000,
        0.693378 -0.929215 0.251542,
        0.618146 -0.929215 0.251542,
        0.606433 -0.929215 0.251542,
        0.592206 -0.929215 0.251542,
        0.571724 -0.929215 0.251542,
        0.563082 -0.929215 0.251542,
        0.542430 -0.929215 0.251542,
        0.404565 -0.929215 0.251542,
        0.511790 -0.929215 0.251542,
        0.512548 -0.929215 0.251542,
        0.514770 -0.929215 0.251542,
        0.693378 0.890228 -0.285433,
        0.693378 -0.890228 -0.285433,
        -0.693378 -0.890228 -0.285433,
        -0.693378 0.890228 -0.285433,
        0.732365 0.890228 -0.251542,
        0.767717 0.925580 -0.000000,
        0.732365 -0.890228 -0.251542,
        0.767717 -0.925580 -0.000000,
        0.732365 0.890228 0.251542,
        0.732365 -0.890228 0.251542,
        -0.767717 -0.925580 -0.000000,
        -0.732365 -0.890228 -0.251542,
        -0.732365 0.890228 -0.251542,
        -0.767717 0.925580 -0.000000,
        -0.732365 -0.890228 0.251542,
        -0.732365 0.890228 0.251542,
        0.693378 -0.929215 -0.251542,
        -0.693378 -0.929215 -0.251542,
        0.693378 0.929215 -0.251542,
        -0.693378 0.929215 -0.251542,
        0.728730 0.964567 0.000000,
        -0.728730 0.964567 -0.000000,
        0.693378 0.929215 0.251542,
        -0.693378 0.929215 0.251542,
        -0.458002 0.689246 0.285433,
        -0.477688 0.674140 0.285433,
        0.693378 -0.890228 0.285433,
        -0.477688 0.838783 0.285433,
        -0.458002 0.823677 0.285433,
        0.693378 0.890228 0.285433,
        -0.442895 0.803990 0.285433,
        -0.433399 0.781065 0.285433,
        -0.693378 -0.890228 0.285433,
        -0.500614 0.664644 0.285433,
        -0.525217 0.661405 0.285433,
        -0.430160 0.756462 0.285433,
        -0.433399 0.731859 0.285433,
        -0.442895 0.708933 0.285433,
        -0.572745 0.838783 0.285433,
        -0.549819 0.848280 0.285433,
        -0.693378 0.890228 0.285433,
        -0.525217 0.851519 0.285433,
        -0.500614 0.848280 0.285433,
        -0.549819 0.664644 0.285433,
        -0.572745 0.674140 0.285433,
        -0.592432 0.689246 0.285433,
        -0.617035 0.781065 0.285433,
        -0.607539 0.803990 0.285433,
        -0.592432 0.823677 0.285433,
        -0.607539 0.708933 0.285433,
        -0.617035 0.731859 0.285433,
        -0.620274 0.756462 0.285433,
        -0.569968 0.678950 0.285039,
        -0.548382 0.670009 0.285039,
        -0.525217 0.666959 0.285039,
        -0.502052 0.670009 0.285039,
        -0.611670 0.733297 0.285039,
        -0.602729 0.711711 0.285039,
        -0.588505 0.693174 0.285039,
        -0.602729 0.801213 0.285039,
        -0.611670 0.779627 0.285039,
        -0.614720 0.756462 0.285039,
        -0.548382 0.842915 0.285039,
        -0.569968 0.833974 0.285039,
        -0.588505 0.819750 0.285039,
        -0.480465 0.833974 0.285039,
        -0.502052 0.842915 0.285039,
        -0.525217 0.845965 0.285039,
        -0.438763 0.779627 0.285039,
        -0.447705 0.801213 0.285039,
        -0.461929 0.819750 0.285039,
        -0.447705 0.711711 0.285039,
        -0.438763 0.733297 0.285039,
        -0.435714 0.756462 0.285039,
        -0.480465 0.678950 0.285039,
        -0.461929 0.693174 0.285039,
        -0.730069 0.890228 0.260337,
        -0.730069 -0.890228 0.260337,
        -0.729937 0.890228 0.260583,
        -0.729937 -0.890228 0.260583,
        -0.725626 0.890228 0.268648,
        -0.725626 -0.890228 0.268648,
        -0.725476 0.890228 0.268815,
        -0.725476 -0.890228 0.268815,
        -0.719334 0.890228 0.275665,
        -0.719334 -0.890228 0.275665,
        -0.719196 0.890228 0.275759,
        -0.719196 -0.890228 0.275759,
        -0.711555 0.890228 0.280985,
        -0.711555 -0.890228 0.280985,
        -0.711450 0.890228 0.281025,
        -0.711450 -0.890228 0.281025,
        -0.702735 0.890228 0.284305,
        -0.702735 -0.890228 0.284305,
        -0.702679 0.890228 0.284312,
        -0.702679 -0.890228 0.284312,
        -0.693378 -0.926788 0.260583,
        -0.693378 -0.922476 0.268648,
        -0.700554 -0.921668 0.268648,
        -0.693378 -0.922327 0.268815,
        -0.693378 -0.916185 0.275665,
        -0.699154 -0.915534 0.275665,
        -0.697422 -0.907950 0.280985,
        -0.695460 -0.899350 0.284305,
        -0.697437 -0.898658 0.284305,
        -0.701808 -0.894288 0.284305,
        -0.700693 -0.896062 0.284305,
        -0.702500 -0.892310 0.284305,
        -0.693378 -0.899529 0.284312,
        -0.701994 -0.927928 0.252572,
        -0.701542 -0.926000 0.260337,
        -0.703348 -0.927726 0.252734,
        -0.709298 -0.923286 0.260337,
        -0.710065 -0.924852 0.253274,
        -0.712656 -0.923743 0.253483,
        -0.716254 -0.918915 0.260337,
        -0.717267 -0.920176 0.253629,
        -0.720682 -0.917533 0.253738,
        -0.722064 -0.913105 0.260337,
        -0.723326 -0.914117 0.253629,
        -0.726893 -0.909507 0.253483,
        -0.726435 -0.906148 0.260337,
        -0.728002 -0.906915 0.253274,
        -0.730875 -0.900199 0.252734,
        -0.729149 -0.898393 0.260337,
        -0.731078 -0.898845 0.252572,
        -0.693378 -0.916046 0.275759,
        -0.693378 -0.908406 0.280985,
        -0.693378 -0.908301 0.281025,
        -0.693378 -0.899585 0.284305,
        -0.704711 -0.904440 0.280985,
        -0.707589 -0.901561 0.280985,
        -0.709755 -0.898115 0.280985,
        -0.711099 -0.894273 0.280985,
        -0.701265 -0.906606 0.280985,
        -0.699211 -0.897544 0.284305,
        -0.704640 -0.913614 0.275665,
        -0.709561 -0.910522 0.275665,
        -0.713671 -0.906411 0.275665,
        -0.716764 -0.901490 0.275665,
        -0.718683 -0.896004 0.275665,
        -0.707370 -0.919282 0.268648,
        -0.713484 -0.915441 0.268648,
        -0.718590 -0.910334 0.268648,
        -0.722432 -0.904220 0.268648,
        -0.724817 -0.897404 0.268648,
        -0.693378 -0.926920 0.260337,
        -0.724817 0.897404 0.268648,
        -0.718683 0.896004 0.275665,
        -0.711099 0.894273 0.280985,
        -0.702500 0.892310 0.284305,
        -0.701808 0.894288 0.284305,
        -0.697437 0.898658 0.284305,
        -0.699211 0.897544 0.284305,
        -0.695460 0.899350 0.284305,
        -0.731078 0.898845 0.252572,
        -0.729149 0.898393 0.260337,
        -0.730875 0.900199 0.252734,
        -0.726435 0.906148 0.260337,
        -0.728002 0.906915 0.253274,
        -0.726893 0.909507 0.253483,
        -0.722064 0.913105 0.260337,
        -0.723326 0.914117 0.253629,
        -0.720682 0.917533 0.253738,
        -0.716254 0.918915 0.260337,
        -0.717267 0.920176 0.253629,
        -0.712656 0.923743 0.253483,
        -0.709298 0.923286 0.260337,
        -0.710065 0.924852 0.253274,
        -0.703348 0.927726 0.252734,
        -0.701542 0.926000 0.260337,
        -0.701994 0.927928 0.252572,
        -0.693378 0.926920 0.260337,
        -0.693378 0.899529 0.284312,
        -0.707589 0.901561 0.280985,
        -0.704711 0.904440 0.280985,
        -0.701265 0.906606 0.280985,
        -0.697422 0.907950 0.280985,
        -0.709755 0.898115 0.280985,
        -0.700693 0.896062 0.284305,
        -0.693378 0.899585 0.284305,
        -0.693378 0.908301 0.281025,
        -0.693378 0.908406 0.280985,
        -0.693378 0.916046 0.275759,
        -0.716764 0.901490 0.275665,
        -0.713671 0.906411 0.275665,
        -0.709561 0.910522 0.275665,
        -0.704640 0.913614 0.275665,
        -0.699154 0.915534 0.275665,
        -0.722432 0.904220 0.268648,
        -0.718590 0.910334 0.268648,
        -0.713484 0.915441 0.268648,
        -0.707370 0.919282 0.268648,
        -0.700554 0.921668 0.268648,
        -0.693378 0.916185 0.275665,
        -0.693378 0.922327 0.268815,
        -0.693378 0.922476 0.268648,
        -0.693378 0.926788 0.260583,
        -0.738868 -0.963245 -0.000000,
        -0.743706 -0.961614 -0.000000,
        -0.748281 -0.959368 -0.000000,
        -0.752517 -0.956546 -0.000000,
        -0.756343 -0.953193 -0.000000,
        -0.759695 -0.949367 -0.000000,
        -0.762518 -0.945131 -0.000000,
        -0.764763 -0.940556 -0.000000,
        -0.766395 -0.935718 -0.000000,
        0.693378 -0.926920 0.260337,
        0.693378 -0.926788 0.260583,
        0.693378 -0.922476 0.268648,
        0.693378 -0.922327 0.268815,
        0.693378 -0.916185 0.275665,
        0.693378 -0.916046 0.275759,
        0.693378 -0.908406 0.280985,
        0.693378 -0.908301 0.281025,
        0.693378 -0.899585 0.284305,
        0.693378 -0.899529 0.284312,
        0.730069 -0.890228 0.260337,
        0.730069 0.890228 0.260337,
        0.729937 -0.890228 0.260583,
        0.729937 0.890228 0.260583,
        0.725626 -0.890228 0.268648,
        0.725626 0.890228 0.268648,
        0.725476 -0.890228 0.268815,
        0.725476 0.890228 0.268815,
        0.719334 -0.890228 0.275665,
        0.719334 0.890228 0.275665,
        0.719196 -0.890228 0.275759,
        0.719196 0.890228 0.275759,
        0.711555 -0.890228 0.280985,
        0.711555 0.890228 0.280985,
        0.711450 -0.890228 0.281025,
        0.711450 0.890228 0.281025,
        0.702735 -0.890228 0.284305,
        0.702735 0.890228 0.284305,
        0.702679 -0.890228 0.284312,
        0.702679 0.890228 0.284312,
        0.693378 0.926920 0.260337,
        0.693378 0.926788 0.260583,
        0.693378 0.922476 0.268648,
        0.693378 0.922327 0.268815,
        0.693378 0.916185 0.275665,
        0.693378 0.916046 0.275759,
        0.693378 0.908406 0.280985,
        0.693378 0.908301 0.281025,
        0.693378 0.899585 0.284305,
        0.693378 0.899529 0.284312,
        -0.766395 0.935718 0.000000,
        -0.764763 0.940556 0.000000,
        -0.762518 0.945131 0.000000,
        -0.759695 0.949367 0.000000,
        -0.756343 0.953193 0.000000,
        -0.752517 0.956546 0.000000,
        -0.748281 0.959368 0.000000,
        -0.743706 0.961614 0.000000,
        -0.738868 0.963245 0.000000,
        -0.731078 -0.898845 -0.252572,
        -0.730875 -0.900199 -0.252734,
        -0.728002 -0.906915 -0.253274,
        -0.726893 -0.909507 -0.253483,
        -0.723326 -0.914117 -0.253629,
        -0.720682 -0.917533 -0.253738,
        -0.717267 -0.920176 -0.253629,
        -0.712656 -0.923743 -0.253483,
        -0.710065 -0.924852 -0.253274,
        -0.701994 -0.927928 -0.252572,
        -0.703348 -0.927726 -0.252734,
        0.724817 -0.897404 0.268648,
        0.718683 -0.896004 0.275665,
        0.711099 -0.894273 0.280985,
        0.702500 -0.892310 0.284305,
        0.701808 -0.894288 0.284305,
        0.697437 -0.898658 0.284305,
        0.699211 -0.897544 0.284305,
        0.695460 -0.899350 0.284305,
        0.731078 -0.898845 0.252572,
        0.729149 -0.898393 0.260337,
        0.730875 -0.900199 0.252734,
        0.726435 -0.906148 0.260337,
        0.728002 -0.906915 0.253274,
        0.726893 -0.909507 0.253483,
        0.722064 -0.913105 0.260337,
        0.723326 -0.914117 0.253629,
        0.720682 -0.917533 0.253738,
        0.716254 -0.918915 0.260337,
        0.717267 -0.920176 0.253629,
        0.712656 -0.923743 0.253483,
        0.709298 -0.923286 0.260337,
        0.710065 -0.924852 0.253274,
        0.703348 -0.927726 0.252734,
        0.701542 -0.926000 0.260337,
        0.701994 -0.927928 0.252572,
        0.707589 -0.901561 0.280985,
        0.704711 -0.904440 0.280985,
        0.701265 -0.906606 0.280985,
        0.697422 -0.907950 0.280985,
        0.709755 -0.898115 0.280985,
        0.700693 -0.896062 0.284305,
        0.716764 -0.901490 0.275665,
        0.713671 -0.906411 0.275665,
        0.709561 -0.910522 0.275665,
        0.704640 -0.913614 0.275665,
        0.699154 -0.915534 0.275665,
        0.722432 -0.904220 0.268648,
        0.718590 -0.910334 0.268648,
        0.713484 -0.915441 0.268648,
        0.707370 -0.919282 0.268648,
        0.700554 -0.921668 0.268648,
        0.700096 0.915300 0.275665,
        0.698082 0.907786 0.280985,
        0.695799 0.899266 0.284305,
        0.698056 0.898331 0.284305,
        0.701481 0.894906 0.284305,
        0.699994 0.896844 0.284305,
        0.702416 0.892650 0.284305,
        0.702874 0.925669 0.260337,
        0.703416 0.927697 0.252740,
        0.703348 0.927726 0.252734,
        0.712656 0.923743 0.253483,
        0.711724 0.922004 0.260337,
        0.712705 0.923706 0.253484,
        0.719322 0.916173 0.260337,
        0.720682 0.917533 0.253738,
        0.725154 0.908574 0.260337,
        0.726856 0.909555 0.253484,
        0.726893 0.909507 0.253483,
        0.728819 0.899724 0.260337,
        0.730846 0.900267 0.252740,
        0.730875 0.900199 0.252734,
        0.702467 0.905970 0.280985,
        0.706231 0.903081 0.280985,
        0.709120 0.899317 0.280985,
        0.710936 0.894933 0.280985,
        0.706356 0.912707 0.275665,
        0.711731 0.908582 0.275665,
        0.715857 0.903206 0.275665,
        0.718450 0.896946 0.275665,
        0.701724 0.921377 0.268648,
        0.709502 0.918156 0.268648,
        0.716180 0.913031 0.268648,
        0.721305 0.906352 0.268648,
        0.724527 0.898574 0.268648,
        -0.701994 0.927928 -0.252572,
        -0.703348 0.927726 -0.252734,
        -0.710065 0.924852 -0.253274,
        -0.712656 0.923743 -0.253483,
        -0.717267 0.920176 -0.253629,
        -0.720682 0.917533 -0.253738,
        -0.723326 0.914117 -0.253629,
        -0.726893 0.909507 -0.253483,
        -0.728002 0.906915 -0.253274,
        -0.731078 0.898845 -0.252572,
        -0.730875 0.900199 -0.252734,
        -0.730069 -0.890228 -0.260337,
        -0.730069 0.890228 -0.260337,
        -0.729937 -0.890228 -0.260583,
        -0.729937 0.890228 -0.260583,
        -0.725626 -0.890228 -0.268648,
        -0.725626 0.890228 -0.268648,
        -0.725476 -0.890228 -0.268815,
        -0.725476 0.890228 -0.268815,
        -0.719334 -0.890228 -0.275665,
        -0.719334 0.890228 -0.275665,
        -0.719196 -0.890228 -0.275759,
        -0.719196 0.890228 -0.275759,
        -0.711555 -0.890228 -0.280985,
        -0.711555 0.890228 -0.280985,
        -0.711450 -0.890228 -0.281025,
        -0.711450 0.890228 -0.281025,
        -0.702735 -0.890228 -0.284305,
        -0.702735 0.890228 -0.284305,
        -0.702679 -0.890228 -0.284312,
        -0.702679 0.890228 -0.284312,
        -0.702500 -0.892310 -0.284305,
        -0.699211 -0.897544 -0.284305,
        -0.700693 -0.896062 -0.284305,
        -0.693378 -0.908301 -0.281025,
        -0.693378 -0.908406 -0.280985,
        -0.697422 -0.907950 -0.280985,
        -0.693378 -0.916046 -0.275759,
        -0.693378 -0.916185 -0.275665,
        -0.699154 -0.915534 -0.275665,
        -0.700554 -0.921668 -0.268648,
        -0.701542 -0.926000 -0.260337,
        -0.709298 -0.923286 -0.260337,
        -0.726435 -0.906148 -0.260337,
        -0.729149 -0.898393 -0.260337,
        -0.716254 -0.918915 -0.260337,
        -0.693378 -0.926920 -0.260337,
        -0.693378 -0.926788 -0.260583,
        -0.693378 -0.922476 -0.268648,
        -0.693378 -0.922327 -0.268815,
        -0.724817 -0.897404 -0.268648,
        -0.707370 -0.919282 -0.268648,
        -0.718683 -0.896004 -0.275665,
        -0.704640 -0.913614 -0.275665,
        -0.713484 -0.915441 -0.268648,
        -0.722064 -0.913105 -0.260337,
        -0.711099 -0.894273 -0.280985,
        -0.718590 -0.910334 -0.268648,
        -0.709561 -0.910522 -0.275665,
        -0.701265 -0.906606 -0.280985,
        -0.695460 -0.899350 -0.284305,
        -0.707589 -0.901561 -0.280985,
        -0.722432 -0.904220 -0.268648,
        -0.716764 -0.901490 -0.275665,
        -0.709755 -0.898115 -0.280985,
        -0.701808 -0.894288 -0.284305,
        -0.693378 -0.899529 -0.284312,
        -0.693378 -0.899585 -0.284305,
        -0.713671 -0.906411 -0.275665,
        -0.704711 -0.904440 -0.280985,
        -0.697437 -0.898658 -0.284305,
        0.766395 -0.935718 -0.000000,
        0.764763 -0.940556 -0.000000,
        0.762518 -0.945131 -0.000000,
        0.759695 -0.949367 -0.000000,
        0.756343 -0.953193 -0.000000,
        0.752517 -0.956546 -0.000000,
        0.748281 -0.959368 -0.000000,
        0.743706 -0.961614 -0.000000,
        0.738868 -0.963245 -0.000000,
        0.738868 0.963245 0.000000,
        0.743706 0.961614 0.000000,
        0.748281 0.959368 0.000000,
        0.752517 0.956546 0.000000,
        0.756343 0.953193 0.000000,
        0.759695 0.949367 0.000000,
        0.762518 0.945131 0.000000,
        0.764763 0.940556 0.000000,
        0.766395 0.935718 0.000000,
        -0.693378 0.899529 -0.284312,
        -0.695460 0.899350 -0.284305,
        -0.700693 0.896062 -0.284305,
        -0.699211 0.897544 -0.284305,
        -0.711099 0.894273 -0.280985,
        -0.718683 0.896004 -0.275665,
        -0.724817 0.897404 -0.268648,
        -0.729149 0.898393 -0.260337,
        -0.726435 0.906148 -0.260337,
        -0.709298 0.923286 -0.260337,
        -0.701542 0.926000 -0.260337,
        -0.722064 0.913105 -0.260337,
        -0.693378 0.926920 -0.260337,
        -0.693378 0.926788 -0.260583,
        -0.700554 0.921668 -0.268648,
        -0.722432 0.904220 -0.268648,
        -0.693378 0.922476 -0.268648,
        -0.693378 0.922327 -0.268815,
        -0.699154 0.915534 -0.275665,
        -0.716764 0.901490 -0.275665,
        -0.718590 0.910334 -0.268648,
        -0.716254 0.918915 -0.260337,
        -0.693378 0.916185 -0.275665,
        -0.693378 0.916046 -0.275759,
        -0.697422 0.907950 -0.280985,
        -0.713484 0.915441 -0.268648,
        -0.713671 0.906411 -0.275665,
        -0.709755 0.898115 -0.280985,
        -0.702500 0.892310 -0.284305,
        -0.704711 0.904440 -0.280985,
        -0.707370 0.919282 -0.268648,
        -0.704640 0.913614 -0.275665,
        -0.701265 0.906606 -0.280985,
        -0.697437 0.898658 -0.284305,
        -0.709561 0.910522 -0.275665,
        -0.707589 0.901561 -0.280985,
        -0.701808 0.894288 -0.284305,
        -0.693378 0.908406 -0.280985,
        -0.693378 0.908301 -0.281025,
        -0.693378 0.899585 -0.284305,
        0.693378 -0.926920 -0.260337,
        0.693378 -0.926788 -0.260583,
        0.693378 -0.922476 -0.268648,
        0.693378 -0.922327 -0.268815,
        0.693378 -0.916185 -0.275665,
        0.693378 -0.916046 -0.275759,
        0.693378 -0.908406 -0.280985,
        0.693378 -0.908301 -0.281025,
        0.693378 -0.899585 -0.284305,
        0.693378 -0.899529 -0.284312,
        0.703348 -0.927726 -0.252734,
        0.703416 -0.927697 -0.252740,
        0.712656 -0.923743 -0.253483,
        0.712705 -0.923706 -0.253484,
        0.720682 -0.917533 -0.253738,
        0.726856 -0.909555 -0.253484,
        0.726893 -0.909507 -0.253483,
        0.730846 -0.900267 -0.252740,
        0.730875 -0.900199 -0.252734,
        0.730875 0.900199 -0.252734,
        0.730846 0.900267 -0.252740,
        0.726893 0.909507 -0.253483,
        0.726856 0.909555 -0.253484,
        0.720682 0.917533 -0.253738,
        0.712705 0.923706 -0.253484,
        0.712656 0.923743 -0.253483,
        0.703416 0.927697 -0.252740,
        0.703348 0.927726 -0.252734,
        0.693378 0.926920 -0.260337,
        0.693378 0.926788 -0.260583,
        0.693378 0.922476 -0.268648,
        0.693378 0.922327 -0.268815,
        0.693378 0.916185 -0.275665,
        0.693378 0.916046 -0.275759,
        0.693378 0.908406 -0.280985,
        0.693378 0.908301 -0.281025,
        0.693378 0.899585 -0.284305,
        0.693378 0.899529 -0.284312,
        0.695799 -0.899266 -0.284305,
        0.711450 -0.890228 -0.281025,
        0.711555 -0.890228 -0.280985,
        0.710936 -0.894933 -0.280985,
        0.719196 -0.890228 -0.275759,
        0.719334 -0.890228 -0.275665,
        0.718450 -0.896946 -0.275665,
        0.724527 -0.898574 -0.268648,
        0.728819 -0.899724 -0.260337,
        0.725154 -0.908574 -0.260337,
        0.702874 -0.925669 -0.260337,
        0.730069 -0.890228 -0.260337,
        0.729937 -0.890228 -0.260583,
        0.725626 -0.890228 -0.268648,
        0.725476 -0.890228 -0.268815,
        0.701724 -0.921377 -0.268648,
        0.721305 -0.906352 -0.268648,
        0.719322 -0.916173 -0.260337,
        0.700096 -0.915300 -0.275665,
        0.715857 -0.903206 -0.275665,
        0.716180 -0.913031 -0.268648,
        0.698082 -0.907786 -0.280985,
        0.711731 -0.908582 -0.275665,
        0.709120 -0.899317 -0.280985,
        0.702416 -0.892650 -0.284305,
        0.711724 -0.922004 -0.260337,
        0.709502 -0.918156 -0.268648,
        0.706356 -0.912707 -0.275665,
        0.702467 -0.905970 -0.280985,
        0.698056 -0.898331 -0.284305,
        0.702679 -0.890228 -0.284312,
        0.702735 -0.890228 -0.284305,
        0.706231 -0.903081 -0.280985,
        0.701481 -0.894906 -0.284305,
        0.699994 -0.896844 -0.284305,
        0.702679 0.890228 -0.284312,
        0.702416 0.892650 -0.284305,
        0.698082 0.907786 -0.280985,
        0.700096 0.915300 -0.275665,
        0.701724 0.921377 -0.268648,
        0.702874 0.925669 -0.260337,
        0.711724 0.922004 -0.260337,
        0.730069 0.890228 -0.260337,
        0.728819 0.899724 -0.260337,
        0.729937 0.890228 -0.260583,
        0.724527 0.898574 -0.268648,
        0.709502 0.918156 -0.268648,
        0.719322 0.916173 -0.260337,
        0.725626 0.890228 -0.268648,
        0.725476 0.890228 -0.268815,
        0.718450 0.896946 -0.275665,
        0.706356 0.912707 -0.275665,
        0.716180 0.913031 -0.268648,
        0.719334 0.890228 -0.275665,
        0.719196 0.890228 -0.275759,
        0.710936 0.894933 -0.280985,
        0.711731 0.908582 -0.275665,
        0.702467 0.905970 -0.280985,
        0.695799 0.899266 -0.284305,
        0.725154 0.908574 -0.260337,
        0.721305 0.906352 -0.268648,
        0.715857 0.903206 -0.275665,
        0.709120 0.899317 -0.280985,
        0.701481 0.894906 -0.284305,
        0.706231 0.903081 -0.280985,
        0.698056 0.898331 -0.284305,
        0.699994 0.896844 -0.284305,
        0.711555 0.890228 -0.280985,
        0.711450 0.890228 -0.281025,
        0.702735 0.890228 -0.284305,
      ]
    }
    coordIndex [
      39, 38, 100, -1,
      100, 38, 101, -1,
      100, 101, 102, -1,
      102, 101, 103, -1,
      102, 103, 104, -1,
      104, 103, 105, -1,
      104, 105, 106, -1,
      106, 105, 107, -1,
      106, 107, 108, -1,
      108, 107, 109, -1,
      108, 109, 110, -1,
      110, 109, 111, -1,
      110, 111, 112, -1,
      112, 111, 113, -1,
      112, 113, 114, -1,
      114, 113, 115, -1,
      114, 115, 116, -1,
      116, 115, 117, -1,
      116, 117, 118, -1,
      117, 119, 118, -1,
      118, 119, 56, -1,
      118, 56, 64, -1,
      120, 121, 122, -1,
      123, 124, 125, -1,
      126, 127, 128, -1,
      56, 129, 130, -1,
      131, 129, 56, -1,
      128, 127, 56, -1,
      132, 56, 127, -1,
      133, 134, 135, -1,
      135, 134, 136, -1,
      135, 136, 137, -1,
      137, 136, 138, -1,
      138, 136, 139, -1,
      138, 139, 140, -1,
      140, 139, 141, -1,
      141, 139, 142, -1,
      141, 142, 143, -1,
      143, 142, 144, -1,
      144, 142, 145, -1,
      144, 145, 146, -1,
      146, 145, 147, -1,
      147, 145, 148, -1,
      147, 148, 149, -1,
      149, 148, 101, -1,
      149, 101, 38, -1,
      119, 131, 56, -1,
      150, 151, 126, -1,
      126, 151, 152, -1,
      126, 152, 127, -1,
      127, 152, 153, -1,
      127, 153, 132, -1,
      154, 130, 155, -1,
      155, 130, 129, -1,
      155, 129, 156, -1,
      156, 129, 131, -1,
      156, 131, 157, -1,
      124, 150, 125, -1,
      125, 150, 126, -1,
      125, 126, 158, -1,
      158, 126, 128, -1,
      158, 128, 159, -1,
      159, 128, 56, -1,
      119, 117, 131, -1,
      131, 117, 115, -1,
      131, 115, 157, -1,
      157, 115, 113, -1,
      157, 113, 111, -1,
      160, 154, 161, -1,
      161, 154, 155, -1,
      161, 155, 162, -1,
      162, 155, 156, -1,
      162, 156, 163, -1,
      163, 156, 157, -1,
      163, 157, 164, -1,
      164, 157, 111, -1,
      122, 160, 165, -1,
      165, 160, 161, -1,
      165, 161, 166, -1,
      166, 161, 162, -1,
      166, 162, 167, -1,
      167, 162, 163, -1,
      167, 163, 168, -1,
      168, 163, 164, -1,
      168, 164, 169, -1,
      121, 123, 122, -1,
      122, 123, 125, -1,
      122, 125, 160, -1,
      160, 125, 158, -1,
      160, 158, 154, -1,
      154, 158, 159, -1,
      154, 159, 130, -1,
      130, 159, 56, -1,
      133, 10, 134, -1,
      134, 10, 170, -1,
      134, 170, 120, -1,
      111, 109, 164, -1,
      164, 109, 107, -1,
      164, 107, 169, -1,
      169, 107, 105, -1,
      169, 105, 103, -1,
      120, 122, 134, -1,
      134, 122, 165, -1,
      134, 165, 136, -1,
      136, 165, 166, -1,
      136, 166, 139, -1,
      139, 166, 167, -1,
      139, 167, 142, -1,
      142, 167, 168, -1,
      142, 168, 145, -1,
      145, 168, 169, -1,
      145, 169, 148, -1,
      148, 169, 103, -1,
      148, 103, 101, -1,
      102, 104, 171, -1,
      106, 108, 172, -1,
      173, 174, 175, -1,
      64, 176, 177, -1,
      178, 176, 64, -1,
      175, 174, 64, -1,
      118, 64, 174, -1,
      179, 180, 181, -1,
      181, 180, 182, -1,
      181, 182, 183, -1,
      183, 182, 184, -1,
      184, 182, 185, -1,
      184, 185, 186, -1,
      186, 185, 187, -1,
      187, 185, 188, -1,
      187, 188, 189, -1,
      189, 188, 190, -1,
      190, 188, 191, -1,
      190, 191, 192, -1,
      192, 191, 193, -1,
      193, 191, 194, -1,
      193, 194, 195, -1,
      195, 194, 196, -1,
      195, 196, 47, -1,
      197, 178, 64, -1,
      110, 112, 173, -1,
      173, 112, 114, -1,
      173, 114, 174, -1,
      174, 114, 116, -1,
      174, 116, 118, -1,
      198, 177, 199, -1,
      199, 177, 176, -1,
      199, 176, 200, -1,
      200, 176, 178, -1,
      200, 178, 201, -1,
      108, 110, 172, -1,
      172, 110, 173, -1,
      172, 173, 202, -1,
      202, 173, 175, -1,
      202, 175, 203, -1,
      203, 175, 64, -1,
      197, 204, 178, -1,
      178, 204, 205, -1,
      178, 205, 201, -1,
      201, 205, 206, -1,
      201, 206, 207, -1,
      208, 198, 209, -1,
      209, 198, 199, -1,
      209, 199, 210, -1,
      210, 199, 200, -1,
      210, 200, 211, -1,
      211, 200, 201, -1,
      211, 201, 212, -1,
      212, 201, 207, -1,
      171, 208, 213, -1,
      213, 208, 209, -1,
      213, 209, 214, -1,
      214, 209, 210, -1,
      214, 210, 215, -1,
      215, 210, 211, -1,
      215, 211, 216, -1,
      216, 211, 212, -1,
      216, 212, 217, -1,
      104, 106, 171, -1,
      171, 106, 172, -1,
      171, 172, 208, -1,
      208, 172, 202, -1,
      208, 202, 198, -1,
      198, 202, 203, -1,
      198, 203, 177, -1,
      177, 203, 64, -1,
      179, 39, 180, -1,
      180, 39, 100, -1,
      180, 100, 102, -1,
      207, 218, 212, -1,
      212, 218, 219, -1,
      212, 219, 217, -1,
      217, 219, 220, -1,
      217, 220, 221, -1,
      102, 171, 180, -1,
      180, 171, 213, -1,
      180, 213, 182, -1,
      182, 213, 214, -1,
      182, 214, 185, -1,
      185, 214, 215, -1,
      185, 215, 188, -1,
      188, 215, 216, -1,
      188, 216, 191, -1,
      191, 216, 217, -1,
      191, 217, 194, -1,
      194, 217, 221, -1,
      194, 221, 196, -1,
      9, 10, 133, -1,
      222, 5, 6, -1,
      6, 7, 133, -1,
      133, 7, 8, -1,
      133, 8, 9, -1,
      6, 133, 222, -1,
      222, 133, 135, -1,
      222, 135, 223, -1,
      223, 135, 137, -1,
      223, 137, 224, -1,
      224, 137, 138, -1,
      224, 138, 225, -1,
      225, 138, 140, -1,
      225, 140, 226, -1,
      226, 140, 141, -1,
      226, 141, 227, -1,
      227, 141, 143, -1,
      227, 143, 228, -1,
      228, 143, 144, -1,
      228, 144, 229, -1,
      229, 144, 146, -1,
      229, 146, 230, -1,
      38, 34, 149, -1,
      149, 34, 230, -1,
      149, 230, 147, -1,
      147, 230, 146, -1,
      170, 10, 11, -1,
      14, 13, 231, -1,
      11, 20, 232, -1,
      232, 20, 21, -1,
      232, 21, 231, -1,
      231, 21, 22, -1,
      231, 22, 23, -1,
      23, 3, 231, -1,
      231, 3, 19, -1,
      231, 19, 18, -1,
      14, 231, 15, -1,
      18, 17, 231, -1,
      231, 17, 16, -1,
      231, 16, 15, -1,
      170, 11, 120, -1,
      120, 11, 232, -1,
      120, 232, 121, -1,
      121, 232, 233, -1,
      121, 233, 123, -1,
      123, 233, 234, -1,
      123, 234, 124, -1,
      124, 234, 235, -1,
      124, 235, 150, -1,
      150, 235, 236, -1,
      150, 236, 151, -1,
      151, 236, 237, -1,
      151, 237, 152, -1,
      152, 237, 238, -1,
      152, 238, 153, -1,
      153, 238, 239, -1,
      153, 239, 132, -1,
      239, 240, 132, -1,
      132, 240, 50, -1,
      132, 50, 56, -1,
      33, 32, 241, -1,
      241, 32, 242, -1,
      241, 242, 243, -1,
      243, 242, 244, -1,
      243, 244, 245, -1,
      245, 244, 246, -1,
      245, 246, 247, -1,
      247, 246, 248, -1,
      247, 248, 249, -1,
      249, 248, 250, -1,
      249, 250, 251, -1,
      251, 250, 252, -1,
      251, 252, 253, -1,
      253, 252, 254, -1,
      253, 254, 255, -1,
      255, 254, 256, -1,
      255, 256, 257, -1,
      257, 256, 258, -1,
      257, 258, 259, -1,
      258, 260, 259, -1,
      259, 260, 53, -1,
      259, 53, 50, -1,
      46, 47, 261, -1,
      261, 47, 196, -1,
      261, 196, 262, -1,
      262, 196, 221, -1,
      262, 221, 263, -1,
      263, 221, 220, -1,
      263, 220, 264, -1,
      264, 220, 219, -1,
      264, 219, 265, -1,
      265, 219, 218, -1,
      265, 218, 266, -1,
      266, 218, 207, -1,
      266, 207, 267, -1,
      267, 207, 206, -1,
      267, 206, 268, -1,
      268, 206, 205, -1,
      268, 205, 269, -1,
      269, 205, 204, -1,
      269, 204, 270, -1,
      204, 197, 270, -1,
      270, 197, 64, -1,
      270, 64, 53, -1,
      37, 39, 179, -1,
      37, 179, 271, -1,
      271, 179, 181, -1,
      271, 181, 272, -1,
      272, 181, 183, -1,
      272, 183, 273, -1,
      273, 183, 184, -1,
      273, 184, 274, -1,
      274, 184, 186, -1,
      274, 186, 275, -1,
      275, 186, 187, -1,
      275, 187, 276, -1,
      276, 187, 189, -1,
      276, 189, 277, -1,
      277, 189, 190, -1,
      277, 190, 278, -1,
      278, 190, 192, -1,
      278, 192, 279, -1,
      47, 45, 195, -1,
      195, 45, 279, -1,
      195, 279, 193, -1,
      193, 279, 192, -1,
      34, 35, 280, -1,
      34, 280, 230, -1,
      230, 280, 281, -1,
      230, 281, 229, -1,
      229, 281, 282, -1,
      229, 282, 228, -1,
      228, 282, 283, -1,
      228, 283, 227, -1,
      227, 283, 284, -1,
      227, 284, 226, -1,
      226, 284, 285, -1,
      226, 285, 225, -1,
      225, 285, 286, -1,
      225, 286, 224, -1,
      224, 286, 287, -1,
      224, 287, 223, -1,
      223, 287, 288, -1,
      223, 288, 222, -1,
      41, 5, 289, -1,
      289, 5, 222, -1,
      289, 222, 290, -1,
      290, 222, 288, -1,
      243, 245, 291, -1,
      247, 249, 292, -1,
      293, 294, 295, -1,
      50, 296, 297, -1,
      298, 296, 50, -1,
      295, 294, 50, -1,
      259, 50, 294, -1,
      299, 300, 301, -1,
      301, 300, 302, -1,
      301, 302, 303, -1,
      303, 302, 304, -1,
      304, 302, 305, -1,
      304, 305, 306, -1,
      306, 305, 307, -1,
      307, 305, 308, -1,
      307, 308, 309, -1,
      309, 308, 310, -1,
      310, 308, 311, -1,
      310, 311, 312, -1,
      312, 311, 313, -1,
      313, 311, 314, -1,
      313, 314, 315, -1,
      315, 314, 231, -1,
      315, 231, 13, -1,
      240, 298, 50, -1,
      251, 253, 293, -1,
      293, 253, 255, -1,
      293, 255, 294, -1,
      294, 255, 257, -1,
      294, 257, 259, -1,
      316, 297, 317, -1,
      317, 297, 296, -1,
      317, 296, 318, -1,
      318, 296, 298, -1,
      318, 298, 319, -1,
      249, 251, 292, -1,
      292, 251, 293, -1,
      292, 293, 320, -1,
      320, 293, 295, -1,
      320, 295, 321, -1,
      321, 295, 50, -1,
      240, 239, 298, -1,
      298, 239, 238, -1,
      298, 238, 319, -1,
      319, 238, 237, -1,
      319, 237, 236, -1,
      322, 316, 323, -1,
      323, 316, 317, -1,
      323, 317, 324, -1,
      324, 317, 318, -1,
      324, 318, 325, -1,
      325, 318, 319, -1,
      325, 319, 326, -1,
      326, 319, 236, -1,
      291, 322, 327, -1,
      327, 322, 323, -1,
      327, 323, 328, -1,
      328, 323, 324, -1,
      328, 324, 329, -1,
      329, 324, 325, -1,
      329, 325, 330, -1,
      330, 325, 326, -1,
      330, 326, 331, -1,
      245, 247, 291, -1,
      291, 247, 292, -1,
      291, 292, 322, -1,
      322, 292, 320, -1,
      322, 320, 316, -1,
      316, 320, 321, -1,
      316, 321, 297, -1,
      297, 321, 50, -1,
      299, 33, 300, -1,
      300, 33, 241, -1,
      300, 241, 243, -1,
      236, 235, 326, -1,
      326, 235, 234, -1,
      326, 234, 331, -1,
      331, 234, 233, -1,
      331, 233, 232, -1,
      243, 291, 300, -1,
      300, 291, 327, -1,
      300, 327, 302, -1,
      302, 327, 328, -1,
      302, 328, 305, -1,
      305, 328, 329, -1,
      305, 329, 308, -1,
      308, 329, 330, -1,
      308, 330, 311, -1,
      311, 330, 331, -1,
      311, 331, 314, -1,
      314, 331, 232, -1,
      314, 232, 231, -1,
      264, 265, 332, -1,
      333, 334, 335, -1,
      53, 336, 337, -1,
      338, 336, 53, -1,
      335, 334, 53, -1,
      270, 53, 334, -1,
      339, 340, 341, -1,
      340, 339, 342, -1,
      342, 339, 343, -1,
      342, 343, 344, -1,
      344, 343, 345, -1,
      344, 345, 346, -1,
      346, 345, 347, -1,
      346, 347, 348, -1,
      348, 347, 349, -1,
      349, 347, 350, -1,
      349, 350, 351, -1,
      351, 350, 352, -1,
      352, 350, 242, -1,
      352, 242, 32, -1,
      260, 338, 53, -1,
      266, 267, 333, -1,
      333, 267, 268, -1,
      333, 268, 334, -1,
      334, 268, 269, -1,
      334, 269, 270, -1,
      353, 337, 354, -1,
      354, 337, 336, -1,
      354, 336, 355, -1,
      355, 336, 338, -1,
      355, 338, 356, -1,
      260, 258, 338, -1,
      338, 258, 256, -1,
      338, 256, 356, -1,
      356, 256, 254, -1,
      356, 254, 252, -1,
      332, 353, 357, -1,
      357, 353, 354, -1,
      357, 354, 358, -1,
      358, 354, 355, -1,
      358, 355, 359, -1,
      359, 355, 356, -1,
      359, 356, 360, -1,
      360, 356, 252, -1,
      262, 263, 361, -1,
      361, 263, 264, -1,
      264, 332, 361, -1,
      361, 332, 357, -1,
      361, 357, 362, -1,
      362, 357, 358, -1,
      362, 358, 363, -1,
      363, 358, 359, -1,
      363, 359, 364, -1,
      364, 359, 360, -1,
      364, 360, 365, -1,
      265, 266, 332, -1,
      332, 266, 333, -1,
      332, 333, 353, -1,
      353, 333, 335, -1,
      353, 335, 337, -1,
      337, 335, 53, -1,
      262, 339, 261, -1,
      261, 339, 341, -1,
      261, 341, 46, -1,
      252, 250, 360, -1,
      360, 250, 248, -1,
      360, 248, 365, -1,
      365, 248, 246, -1,
      365, 246, 244, -1,
      262, 361, 339, -1,
      339, 361, 362, -1,
      339, 362, 343, -1,
      343, 362, 363, -1,
      343, 363, 345, -1,
      345, 363, 364, -1,
      345, 364, 347, -1,
      347, 364, 365, -1,
      347, 365, 350, -1,
      350, 365, 244, -1,
      350, 244, 242, -1,
      45, 43, 366, -1,
      45, 366, 279, -1,
      279, 366, 367, -1,
      279, 367, 278, -1,
      278, 367, 368, -1,
      278, 368, 277, -1,
      277, 368, 369, -1,
      277, 369, 276, -1,
      276, 369, 370, -1,
      276, 370, 275, -1,
      275, 370, 371, -1,
      275, 371, 274, -1,
      274, 371, 372, -1,
      274, 372, 273, -1,
      273, 372, 373, -1,
      273, 373, 272, -1,
      272, 373, 374, -1,
      272, 374, 271, -1,
      36, 37, 375, -1,
      375, 37, 271, -1,
      375, 271, 376, -1,
      376, 271, 374, -1,
      35, 36, 377, -1,
      377, 36, 378, -1,
      377, 378, 379, -1,
      379, 378, 380, -1,
      379, 380, 381, -1,
      381, 380, 382, -1,
      381, 382, 383, -1,
      383, 382, 384, -1,
      383, 384, 385, -1,
      385, 384, 386, -1,
      385, 386, 387, -1,
      387, 386, 388, -1,
      387, 388, 389, -1,
      389, 388, 390, -1,
      389, 390, 391, -1,
      391, 390, 392, -1,
      391, 392, 393, -1,
      393, 392, 394, -1,
      393, 394, 395, -1,
      394, 396, 395, -1,
      395, 396, 27, -1,
      395, 27, 26, -1,
      395, 26, 397, -1,
      398, 399, 26, -1,
      400, 401, 402, -1,
      403, 404, 405, -1,
      406, 407, 408, -1,
      283, 282, 409, -1,
      281, 280, 410, -1,
      410, 280, 35, -1,
      411, 286, 285, -1,
      408, 288, 287, -1,
      288, 408, 290, -1,
      290, 408, 407, -1,
      290, 407, 289, -1,
      41, 289, 412, -1,
      412, 289, 407, -1,
      412, 407, 413, -1,
      413, 407, 406, -1,
      413, 406, 414, -1,
      414, 406, 415, -1,
      35, 377, 410, -1,
      410, 377, 379, -1,
      410, 379, 416, -1,
      404, 415, 405, -1,
      405, 415, 406, -1,
      405, 406, 417, -1,
      417, 406, 408, -1,
      417, 408, 411, -1,
      411, 408, 287, -1,
      411, 287, 286, -1,
      379, 381, 416, -1,
      416, 381, 383, -1,
      416, 383, 418, -1,
      401, 403, 402, -1,
      402, 403, 405, -1,
      402, 405, 419, -1,
      419, 405, 417, -1,
      419, 417, 420, -1,
      420, 417, 411, -1,
      420, 411, 421, -1,
      421, 411, 285, -1,
      421, 285, 284, -1,
      383, 385, 418, -1,
      418, 385, 387, -1,
      418, 387, 422, -1,
      421, 423, 420, -1,
      420, 423, 424, -1,
      420, 424, 419, -1,
      419, 424, 425, -1,
      419, 425, 402, -1,
      402, 425, 426, -1,
      402, 426, 400, -1,
      399, 398, 427, -1,
      282, 281, 409, -1,
      409, 281, 410, -1,
      409, 410, 428, -1,
      428, 410, 416, -1,
      428, 416, 429, -1,
      429, 416, 418, -1,
      429, 418, 430, -1,
      430, 418, 422, -1,
      430, 422, 431, -1,
      431, 422, 397, -1,
      431, 397, 26, -1,
      26, 432, 426, -1,
      426, 432, 433, -1,
      426, 433, 400, -1,
      423, 434, 424, -1,
      424, 434, 435, -1,
      424, 435, 425, -1,
      425, 435, 436, -1,
      425, 436, 426, -1,
      426, 436, 26, -1,
      434, 427, 435, -1,
      435, 427, 398, -1,
      435, 398, 436, -1,
      436, 398, 26, -1,
      387, 389, 422, -1,
      422, 389, 391, -1,
      422, 391, 397, -1,
      397, 391, 393, -1,
      397, 393, 395, -1,
      284, 283, 421, -1,
      421, 283, 409, -1,
      421, 409, 423, -1,
      423, 409, 428, -1,
      423, 428, 434, -1,
      434, 428, 429, -1,
      434, 429, 427, -1,
      427, 429, 430, -1,
      427, 430, 399, -1,
      399, 430, 431, -1,
      399, 431, 26, -1,
      31, 33, 299, -1,
      31, 299, 437, -1,
      437, 299, 301, -1,
      437, 301, 438, -1,
      438, 301, 303, -1,
      438, 303, 439, -1,
      439, 303, 304, -1,
      439, 304, 440, -1,
      440, 304, 306, -1,
      440, 306, 441, -1,
      441, 306, 307, -1,
      441, 307, 442, -1,
      442, 307, 309, -1,
      442, 309, 443, -1,
      443, 309, 310, -1,
      443, 310, 444, -1,
      444, 310, 312, -1,
      444, 312, 445, -1,
      445, 312, 313, -1,
      445, 313, 315, -1,
      13, 4, 315, -1,
      315, 4, 0, -1,
      12, 445, 2, -1,
      2, 445, 315, -1,
      2, 315, 1, -1,
      1, 315, 0, -1,
      46, 341, 44, -1,
      44, 341, 446, -1,
      446, 341, 447, -1,
      447, 341, 340, -1,
      447, 340, 448, -1,
      448, 340, 342, -1,
      448, 342, 449, -1,
      449, 342, 344, -1,
      449, 344, 450, -1,
      450, 344, 346, -1,
      450, 346, 451, -1,
      451, 346, 348, -1,
      451, 348, 452, -1,
      452, 348, 349, -1,
      452, 349, 453, -1,
      453, 349, 351, -1,
      453, 351, 454, -1,
      351, 352, 454, -1,
      454, 352, 32, -1,
      454, 32, 29, -1,
      455, 27, 456, -1,
      457, 458, 27, -1,
      392, 390, 459, -1,
      388, 386, 460, -1,
      461, 462, 463, -1,
      369, 368, 464, -1,
      367, 366, 465, -1,
      465, 366, 43, -1,
      466, 372, 371, -1,
      463, 374, 373, -1,
      374, 463, 376, -1,
      376, 463, 462, -1,
      376, 462, 375, -1,
      36, 375, 378, -1,
      378, 375, 462, -1,
      378, 462, 380, -1,
      380, 462, 461, -1,
      380, 461, 382, -1,
      382, 461, 384, -1,
      43, 467, 465, -1,
      465, 467, 468, -1,
      465, 468, 469, -1,
      386, 384, 460, -1,
      460, 384, 461, -1,
      460, 461, 470, -1,
      470, 461, 463, -1,
      470, 463, 466, -1,
      466, 463, 373, -1,
      466, 373, 372, -1,
      468, 471, 469, -1,
      469, 471, 472, -1,
      469, 472, 473, -1,
      390, 388, 459, -1,
      459, 388, 460, -1,
      459, 460, 474, -1,
      474, 460, 470, -1,
      474, 470, 475, -1,
      475, 470, 466, -1,
      475, 466, 476, -1,
      476, 466, 371, -1,
      476, 371, 370, -1,
      472, 477, 473, -1,
      473, 477, 478, -1,
      473, 478, 479, -1,
      476, 480, 475, -1,
      475, 480, 481, -1,
      475, 481, 474, -1,
      474, 481, 482, -1,
      474, 482, 459, -1,
      459, 482, 483, -1,
      459, 483, 392, -1,
      458, 457, 484, -1,
      368, 367, 464, -1,
      464, 367, 465, -1,
      464, 465, 485, -1,
      485, 465, 469, -1,
      485, 469, 486, -1,
      486, 469, 473, -1,
      486, 473, 487, -1,
      487, 473, 479, -1,
      487, 479, 488, -1,
      488, 479, 456, -1,
      488, 456, 27, -1,
      27, 396, 483, -1,
      483, 396, 394, -1,
      483, 394, 392, -1,
      480, 489, 481, -1,
      481, 489, 490, -1,
      481, 490, 482, -1,
      482, 490, 491, -1,
      482, 491, 483, -1,
      483, 491, 27, -1,
      489, 484, 490, -1,
      490, 484, 457, -1,
      490, 457, 491, -1,
      491, 457, 27, -1,
      478, 492, 479, -1,
      479, 492, 493, -1,
      479, 493, 456, -1,
      456, 493, 494, -1,
      456, 494, 455, -1,
      370, 369, 476, -1,
      476, 369, 464, -1,
      476, 464, 480, -1,
      480, 464, 485, -1,
      480, 485, 489, -1,
      489, 485, 486, -1,
      489, 486, 484, -1,
      484, 486, 487, -1,
      484, 487, 458, -1,
      458, 487, 488, -1,
      458, 488, 27, -1,
      40, 41, 495, -1,
      495, 41, 412, -1,
      495, 412, 496, -1,
      496, 412, 413, -1,
      496, 413, 497, -1,
      497, 413, 414, -1,
      497, 414, 498, -1,
      498, 414, 415, -1,
      498, 415, 499, -1,
      499, 415, 404, -1,
      499, 404, 500, -1,
      500, 404, 403, -1,
      500, 403, 501, -1,
      501, 403, 401, -1,
      501, 401, 502, -1,
      502, 401, 400, -1,
      502, 400, 503, -1,
      503, 400, 433, -1,
      503, 433, 504, -1,
      433, 432, 504, -1,
      504, 432, 26, -1,
      504, 26, 25, -1,
      40, 505, 12, -1,
      12, 505, 445, -1,
      445, 505, 444, -1,
      444, 505, 506, -1,
      444, 506, 443, -1,
      443, 506, 507, -1,
      443, 507, 442, -1,
      442, 507, 508, -1,
      442, 508, 441, -1,
      441, 508, 509, -1,
      441, 509, 440, -1,
      440, 509, 510, -1,
      440, 510, 439, -1,
      439, 510, 511, -1,
      439, 511, 438, -1,
      438, 511, 512, -1,
      438, 512, 437, -1,
      512, 513, 437, -1,
      437, 513, 30, -1,
      437, 30, 31, -1,
      28, 514, 29, -1,
      29, 514, 454, -1,
      454, 514, 453, -1,
      453, 514, 515, -1,
      453, 515, 452, -1,
      452, 515, 516, -1,
      452, 516, 451, -1,
      451, 516, 517, -1,
      451, 517, 450, -1,
      450, 517, 518, -1,
      450, 518, 449, -1,
      449, 518, 519, -1,
      449, 519, 448, -1,
      448, 519, 520, -1,
      448, 520, 447, -1,
      447, 520, 521, -1,
      447, 521, 446, -1,
      521, 522, 446, -1,
      446, 522, 42, -1,
      446, 42, 44, -1,
      43, 42, 467, -1,
      467, 42, 523, -1,
      467, 523, 468, -1,
      468, 523, 524, -1,
      468, 524, 471, -1,
      471, 524, 525, -1,
      471, 525, 472, -1,
      472, 525, 526, -1,
      472, 526, 477, -1,
      477, 526, 527, -1,
      477, 527, 478, -1,
      478, 527, 528, -1,
      478, 528, 492, -1,
      492, 528, 529, -1,
      492, 529, 493, -1,
      493, 529, 530, -1,
      493, 530, 494, -1,
      494, 530, 531, -1,
      494, 531, 455, -1,
      531, 532, 455, -1,
      455, 532, 24, -1,
      455, 24, 27, -1,
      504, 25, 533, -1,
      534, 535, 536, -1,
      537, 538, 539, -1,
      540, 541, 542, -1,
      505, 40, 495, -1,
      507, 506, 543, -1,
      543, 506, 505, -1,
      513, 512, 541, -1,
      541, 512, 511, -1,
      541, 511, 542, -1,
      542, 511, 510, -1,
      542, 510, 509, -1,
      30, 513, 544, -1,
      544, 513, 541, -1,
      544, 541, 545, -1,
      545, 541, 540, -1,
      545, 540, 546, -1,
      546, 540, 547, -1,
      505, 495, 543, -1,
      543, 495, 496, -1,
      543, 496, 548, -1,
      538, 547, 539, -1,
      539, 547, 540, -1,
      539, 540, 549, -1,
      549, 540, 542, -1,
      549, 542, 550, -1,
      550, 542, 509, -1,
      496, 497, 548, -1,
      548, 497, 498, -1,
      548, 498, 551, -1,
      535, 537, 536, -1,
      536, 537, 539, -1,
      536, 539, 552, -1,
      552, 539, 549, -1,
      552, 549, 553, -1,
      553, 549, 550, -1,
      498, 499, 551, -1,
      551, 499, 500, -1,
      551, 500, 554, -1,
      553, 555, 552, -1,
      552, 555, 556, -1,
      552, 556, 536, -1,
      536, 556, 557, -1,
      536, 557, 534, -1,
      508, 507, 558, -1,
      558, 507, 543, -1,
      558, 543, 559, -1,
      559, 543, 548, -1,
      559, 548, 560, -1,
      560, 548, 551, -1,
      560, 551, 561, -1,
      561, 551, 554, -1,
      561, 554, 562, -1,
      562, 554, 533, -1,
      562, 533, 25, -1,
      25, 563, 557, -1,
      557, 563, 564, -1,
      557, 564, 534, -1,
      555, 565, 556, -1,
      556, 565, 566, -1,
      556, 566, 557, -1,
      557, 566, 25, -1,
      565, 567, 566, -1,
      566, 567, 25, -1,
      500, 501, 554, -1,
      554, 501, 502, -1,
      554, 502, 533, -1,
      533, 502, 503, -1,
      533, 503, 504, -1,
      509, 508, 550, -1,
      550, 508, 558, -1,
      550, 558, 553, -1,
      553, 558, 559, -1,
      553, 559, 555, -1,
      555, 559, 560, -1,
      555, 560, 565, -1,
      565, 560, 561, -1,
      565, 561, 567, -1,
      567, 561, 562, -1,
      567, 562, 25, -1,
      568, 24, 569, -1,
      530, 529, 570, -1,
      528, 527, 571, -1,
      572, 573, 574, -1,
      514, 28, 575, -1,
      516, 515, 576, -1,
      576, 515, 514, -1,
      522, 521, 573, -1,
      573, 521, 520, -1,
      573, 520, 574, -1,
      574, 520, 519, -1,
      574, 519, 518, -1,
      42, 522, 523, -1,
      523, 522, 573, -1,
      523, 573, 524, -1,
      524, 573, 572, -1,
      524, 572, 525, -1,
      525, 572, 526, -1,
      514, 575, 576, -1,
      576, 575, 577, -1,
      576, 577, 578, -1,
      527, 526, 571, -1,
      571, 526, 572, -1,
      571, 572, 579, -1,
      579, 572, 574, -1,
      579, 574, 580, -1,
      580, 574, 518, -1,
      577, 581, 578, -1,
      578, 581, 582, -1,
      578, 582, 583, -1,
      529, 528, 570, -1,
      570, 528, 571, -1,
      570, 571, 584, -1,
      584, 571, 579, -1,
      584, 579, 585, -1,
      585, 579, 580, -1,
      582, 586, 583, -1,
      583, 586, 587, -1,
      583, 587, 588, -1,
      585, 589, 584, -1,
      584, 589, 590, -1,
      584, 590, 570, -1,
      570, 590, 591, -1,
      570, 591, 530, -1,
      517, 516, 592, -1,
      592, 516, 576, -1,
      592, 576, 593, -1,
      593, 576, 578, -1,
      593, 578, 594, -1,
      594, 578, 583, -1,
      594, 583, 595, -1,
      595, 583, 588, -1,
      595, 588, 596, -1,
      596, 588, 569, -1,
      596, 569, 24, -1,
      24, 532, 591, -1,
      591, 532, 531, -1,
      591, 531, 530, -1,
      589, 597, 590, -1,
      590, 597, 598, -1,
      590, 598, 591, -1,
      591, 598, 24, -1,
      597, 599, 598, -1,
      598, 599, 24, -1,
      587, 600, 588, -1,
      588, 600, 601, -1,
      588, 601, 569, -1,
      569, 601, 602, -1,
      569, 602, 568, -1,
      518, 517, 580, -1,
      580, 517, 592, -1,
      580, 592, 585, -1,
      585, 592, 593, -1,
      585, 593, 589, -1,
      589, 593, 594, -1,
      589, 594, 597, -1,
      597, 594, 595, -1,
      597, 595, 599, -1,
      599, 595, 596, -1,
      599, 596, 24, -1,
      28, 30, 575, -1,
      575, 30, 544, -1,
      575, 544, 577, -1,
      577, 544, 545, -1,
      577, 545, 581, -1,
      581, 545, 546, -1,
      581, 546, 582, -1,
      582, 546, 547, -1,
      582, 547, 586, -1,
      586, 547, 538, -1,
      586, 538, 587, -1,
      587, 538, 537, -1,
      587, 537, 600, -1,
      600, 537, 535, -1,
      600, 535, 601, -1,
      601, 535, 534, -1,
      601, 534, 602, -1,
      602, 534, 564, -1,
      602, 564, 568, -1,
      564, 563, 568, -1,
      568, 563, 25, -1,
      568, 25, 24, -1,
      78, 57, 79, -1,
      79, 57, 49, -1,
      79, 49, 98, -1,
      98, 49, 48, -1,
      98, 48, 99, -1,
      99, 48, 61, -1,
      99, 61, 95, -1,
      95, 61, 60, -1,
      95, 60, 96, -1,
      96, 60, 59, -1,
      96, 59, 97, -1,
      97, 59, 55, -1,
      97, 55, 92, -1,
      92, 55, 54, -1,
      92, 54, 93, -1,
      93, 54, 52, -1,
      93, 52, 94, -1,
      94, 52, 51, -1,
      94, 51, 89, -1,
      89, 51, 66, -1,
      89, 66, 90, -1,
      90, 66, 65, -1,
      90, 65, 91, -1,
      91, 65, 63, -1,
      91, 63, 86, -1,
      86, 63, 62, -1,
      86, 62, 87, -1,
      87, 62, 72, -1,
      87, 72, 88, -1,
      88, 72, 71, -1,
      88, 71, 83, -1,
      83, 71, 70, -1,
      83, 70, 84, -1,
      84, 70, 75, -1,
      84, 75, 85, -1,
      85, 75, 74, -1,
      85, 74, 80, -1,
      80, 74, 73, -1,
      80, 73, 81, -1,
      81, 73, 69, -1,
      81, 69, 82, -1,
      82, 69, 68, -1,
      82, 68, 76, -1,
      76, 68, 67, -1,
      76, 67, 77, -1,
      77, 67, 58, -1,
      77, 58, 78, -1,
      78, 58, 57, -1,
    ]
  }
}

Shape {
  appearance Appearance {
    material Material {
      diffuseColor 1.0000 1.0000 1.0000
      specularColor 0.5020 0.5020 0.5020
      ambientIntensity 0.2
      transparency 0.0000
      shininess 0.5
    }
  }
  geometry IndexedFaceSet {
    ccw TRUE
    solid FALSE
    coord DEF co Coordinate {
      point [
        0.540867 -0.930923 0.239388,
        0.539284 -0.935135 0.209416,
        0.540234 -0.935092 0.209725,
        0.540867 -0.935048 0.210037,
        0.540867 -0.934410 0.214578,
        0.518596 -0.932117 0.230893,
        0.539284 -0.934510 0.213864,
        0.519747 -0.931652 0.234206,
        0.521452 -0.931281 0.236843,
        0.518134 -0.932740 0.226458,
        0.518137 -0.932789 0.226115,
        0.537398 -0.934630 0.213013,
        0.533239 -0.934744 0.212201,
        0.540145 -0.930870 0.239765,
        0.539284 -0.930828 0.240069,
        0.536347 -0.930681 0.241108,
        0.532130 -0.930617 0.241565,
        0.530489 -0.930628 0.241491,
        0.527293 -0.930720 0.240837,
        0.522494 -0.934311 0.215279,
        0.524913 -0.934550 0.213582,
        0.524398 -0.930913 0.239458,
        0.522029 -0.931189 0.237493,
        0.521773 -0.934212 0.215986,
        0.518720 -0.933422 0.221609,
        0.519886 -0.933842 0.218618,
        0.527553 -0.934693 0.212569,
        0.531296 -0.934756 0.212120,
        0.535865 -0.930059 0.245535,
        0.537269 -0.930077 0.245407,
        0.539284 -0.930161 0.244811,
        0.540867 -0.930227 0.244343,
        0.532083 -0.930016 0.245844,
        0.532485 -0.930016 0.245842,
        0.528994 -0.930059 0.245535,
        0.527525 -0.930080 0.245387,
        0.523523 -0.930269 0.244047,
        0.515967 -0.931220 0.237275,
        0.518466 -0.930776 0.240439,
        0.519810 -0.930602 0.241672,
        0.514770 -0.933951 0.217842,
        0.513820 -0.933608 0.220286,
        0.513112 -0.932780 0.226176,
        0.513213 -0.932447 0.228542,
        0.514130 -0.931786 0.233250,
        0.514770 -0.931589 0.234654,
        0.524263 -0.935215 0.208849,
        0.520777 -0.934983 0.210502,
        0.517869 -0.934644 0.212908,
        0.517515 -0.934591 0.213292,
        0.515317 -0.934148 0.216437,
        0.536254 -0.935274 0.208432,
        0.530604 -0.935349 0.207897,
        0.528263 -0.935333 0.208012,
        0.567380 -0.930103 0.245225,
        0.553071 -0.932938 0.225050,
        0.553071 -0.934674 0.212702,
        0.563082 -0.932938 0.225050,
        0.563082 -0.934674 0.212702,
        0.566328 -0.932938 0.225050,
        0.568223 -0.934674 0.212702,
        0.566328 -0.932347 0.229254,
        0.567380 -0.930696 0.241002,
        0.563082 -0.932347 0.229254,
        0.563082 -0.930696 0.241002,
        0.553071 -0.932347 0.229254,
        0.553071 -0.930696 0.241002,
        0.568223 -0.935262 0.208517,
        0.563082 -0.935262 0.208517,
        0.548286 -0.935262 0.208517,
        0.548286 -0.930103 0.245225,
        0.563082 -0.930103 0.245225,
        0.591636 -0.935158 0.209255,
        0.585421 -0.935262 0.208517,
        0.585800 -0.930103 0.245225,
        0.575225 -0.935262 0.208517,
        0.575225 -0.930103 0.245225,
        0.604304 -0.933587 0.220435,
        0.602416 -0.934115 0.216674,
        0.599815 -0.930786 0.240364,
        0.601487 -0.931021 0.238691,
        0.605261 -0.932990 0.224683,
        0.599815 -0.934539 0.213659,
        0.595877 -0.934930 0.210875,
        0.592206 -0.935128 0.209472,
        0.591985 -0.930208 0.244476,
        0.592206 -0.930220 0.244390,
        0.596389 -0.930451 0.242748,
        0.603687 -0.931488 0.235371,
        0.604945 -0.931996 0.231752,
        0.605406 -0.932616 0.227340,
        0.492048 -0.930103 0.245225,
        0.496833 -0.930103 0.245225,
        0.496833 -0.934674 0.212702,
        0.492048 -0.935262 0.208517,
        0.511596 -0.935262 0.208517,
        0.511596 -0.934674 0.212702,
        0.472441 0.629921 -0.285433,
        0.472441 -0.629921 -0.285433,
        -0.472441 -0.629921 -0.285433,
        -0.472441 0.629921 -0.285433,
        0.767717 0.169291 -0.000000,
        0.767717 -0.169291 -0.000000,
        0.762183 0.169291 -0.039370,
        0.762183 -0.169291 -0.039370,
        0.762183 0.669291 -0.039370,
        0.762183 0.830709 -0.039370,
        0.767717 0.830709 -0.000000,
        0.767717 0.669291 -0.000000,
        0.767717 0.330709 -0.000000,
        0.762183 0.330709 -0.039370,
        0.762183 -0.330709 -0.039370,
        0.767717 -0.830709 -0.000000,
        0.762183 -0.830709 -0.039370,
        0.762183 -0.669291 -0.039370,
        0.767717 -0.669291 -0.000000,
        0.767717 -0.330709 0.000000,
        0.762737 -0.169291 0.035433,
        0.762737 0.330709 0.035433,
        0.762737 0.169291 0.035433,
        0.762737 0.830709 0.035433,
        0.762737 0.669291 0.035433,
        0.762737 -0.669291 0.035433,
        0.762737 -0.830709 0.035433,
        0.762737 -0.330709 0.035433,
        -0.767717 -0.830709 0.000000,
        -0.762183 -0.830709 -0.039370,
        -0.767717 -0.669291 0.000000,
        -0.767717 -0.330709 -0.000000,
        -0.762183 -0.669291 -0.039370,
        -0.762183 -0.330709 -0.039370,
        -0.762183 -0.169291 -0.039370,
        -0.767717 -0.169291 0.000000,
        -0.767717 0.169291 0.000000,
        -0.762183 0.169291 -0.039370,
        -0.762183 0.330709 -0.039370,
        -0.767717 0.830709 0.000000,
        -0.762183 0.830709 -0.039370,
        -0.762183 0.669291 -0.039370,
        -0.767717 0.669291 0.000000,
        -0.767717 0.330709 0.000000,
        -0.762737 -0.330709 0.035433,
        -0.762737 -0.669291 0.035433,
        -0.762737 0.169291 0.035433,
        -0.762737 -0.830709 0.035433,
        -0.762737 -0.169291 0.035433,
        -0.762737 0.669291 0.035433,
        -0.762737 0.830709 0.035433,
        -0.762737 0.330709 0.035433,
        -0.802598 -0.169291 0.035433,
        -0.802598 -0.330709 0.035433,
        -1.181102 -0.330709 -0.250000,
        -0.948730 -0.330709 -0.250000,
        -1.181102 -0.169291 -0.250000,
        -0.948730 -0.169291 -0.250000,
        -1.181102 -0.330709 -0.324803,
        -1.181102 -0.169291 -0.324803,
        -0.948730 -0.330709 -0.324803,
        -0.948730 -0.169291 -0.324803,
        -0.926032 -0.169291 -0.322150,
        -0.926032 -0.330709 -0.322150,
        -0.904557 -0.169291 -0.314334,
        -0.904557 -0.330709 -0.314334,
        -0.885464 -0.169291 -0.301776,
        -0.885464 -0.330709 -0.301776,
        -0.869781 -0.169291 -0.285154,
        -0.869781 -0.330709 -0.285154,
        -0.858355 -0.169291 -0.265362,
        -0.858355 -0.330709 -0.265362,
        -0.851800 -0.169291 -0.243469,
        -0.851800 -0.330709 -0.243469,
        -0.818107 -0.330709 -0.052383,
        -0.818107 -0.169291 -0.052383,
        -0.817058 -0.330709 -0.048881,
        -0.817058 -0.169291 -0.048881,
        -0.815230 -0.330709 -0.045714,
        -0.815230 -0.169291 -0.045714,
        -0.812721 -0.330709 -0.043054,
        -0.812721 -0.169291 -0.043054,
        -0.809666 -0.330709 -0.041045,
        -0.809666 -0.169291 -0.041045,
        -0.806230 -0.330709 -0.039794,
        -0.806230 -0.169291 -0.039794,
        -0.802598 -0.330709 -0.039370,
        -0.802598 -0.169291 -0.039370,
        -0.823481 -0.169291 0.032992,
        -0.823481 -0.330709 0.032992,
        -0.843237 -0.169291 0.025802,
        -0.843237 -0.330709 0.025802,
        -0.860803 -0.169291 0.014248,
        -0.860803 -0.330709 0.014248,
        -0.875231 -0.169291 -0.001045,
        -0.875231 -0.330709 -0.001045,
        -0.885744 -0.169291 -0.019253,
        -0.885744 -0.330709 -0.019253,
        -0.891774 -0.169291 -0.039394,
        -0.891774 -0.330709 -0.039394,
        -0.925467 -0.330709 -0.230480,
        -0.925467 -0.169291 -0.230480,
        -0.927040 -0.330709 -0.235734,
        -0.927040 -0.169291 -0.235734,
        -0.929783 -0.330709 -0.240484,
        -0.929783 -0.169291 -0.240484,
        -0.933546 -0.330709 -0.244474,
        -0.933546 -0.169291 -0.244474,
        -0.938129 -0.330709 -0.247487,
        -0.938129 -0.169291 -0.247487,
        -0.943283 -0.330709 -0.249363,
        -0.943283 -0.169291 -0.249363,
        -1.181102 -0.830709 -0.250000,
        -0.948730 -0.830709 -0.250000,
        -1.181102 -0.669291 -0.250000,
        -0.948730 -0.669291 -0.250000,
        -1.181102 -0.830709 -0.324803,
        -1.181102 -0.669291 -0.324803,
        -0.948730 -0.830709 -0.324803,
        -0.948730 -0.669291 -0.324803,
        -0.926032 -0.669291 -0.322150,
        -0.926032 -0.830709 -0.322150,
        -0.904557 -0.669291 -0.314334,
        -0.904557 -0.830709 -0.314334,
        -0.885464 -0.669291 -0.301776,
        -0.885464 -0.830709 -0.301776,
        -0.869781 -0.669291 -0.285154,
        -0.869781 -0.830709 -0.285154,
        -0.858355 -0.669291 -0.265362,
        -0.858355 -0.830709 -0.265362,
        -0.851800 -0.669291 -0.243469,
        -0.851800 -0.830709 -0.243469,
        -0.818107 -0.830709 -0.052383,
        -0.818107 -0.669291 -0.052383,
        -0.817058 -0.830709 -0.048881,
        -0.817058 -0.669291 -0.048881,
        -0.815230 -0.830709 -0.045714,
        -0.815230 -0.669291 -0.045714,
        -0.812721 -0.830709 -0.043054,
        -0.812721 -0.669291 -0.043054,
        -0.809666 -0.830709 -0.041045,
        -0.809666 -0.669291 -0.041045,
        -0.806230 -0.830709 -0.039794,
        -0.806230 -0.669291 -0.039794,
        -0.802598 -0.830709 -0.039370,
        -0.802598 -0.669291 -0.039370,
        -0.802598 -0.669291 0.035433,
        -0.802598 -0.830709 0.035433,
        -0.823481 -0.669291 0.032992,
        -0.823481 -0.830709 0.032992,
        -0.843237 -0.669291 0.025802,
        -0.843237 -0.830709 0.025802,
        -0.860803 -0.669291 0.014248,
        -0.860803 -0.830709 0.014248,
        -0.875231 -0.669291 -0.001045,
        -0.875231 -0.830709 -0.001045,
        -0.885744 -0.669291 -0.019253,
        -0.885744 -0.830709 -0.019253,
        -0.891774 -0.669291 -0.039394,
        -0.891774 -0.830709 -0.039394,
        -0.925467 -0.830709 -0.230480,
        -0.925467 -0.669291 -0.230480,
        -0.943283 -0.830709 -0.249363,
        -0.938129 -0.830709 -0.247487,
        -0.933546 -0.830709 -0.244474,
        -0.929783 -0.830709 -0.240484,
        -0.927040 -0.830709 -0.235734,
        -0.927040 -0.669291 -0.235734,
        -0.929783 -0.669291 -0.240484,
        -0.933546 -0.669291 -0.244474,
        -0.938129 -0.669291 -0.247487,
        -0.943283 -0.669291 -0.249363,
        -1.181102 0.169291 -0.250000,
        -0.948730 0.169291 -0.250000,
        -1.181102 0.330709 -0.250000,
        -0.948730 0.330709 -0.250000,
        -1.181102 0.169291 -0.324803,
        -1.181102 0.330709 -0.324803,
        -0.948730 0.169291 -0.324803,
        -0.948730 0.330709 -0.324803,
        -0.926032 0.330709 -0.322150,
        -0.926032 0.169291 -0.322150,
        -0.904557 0.330709 -0.314334,
        -0.904557 0.169291 -0.314334,
        -0.885464 0.330709 -0.301776,
        -0.885464 0.169291 -0.301776,
        -0.869781 0.330709 -0.285154,
        -0.869781 0.169291 -0.285154,
        -0.858355 0.330709 -0.265362,
        -0.858355 0.169291 -0.265362,
        -0.851800 0.330709 -0.243469,
        -0.851800 0.169291 -0.243469,
        -0.818107 0.169291 -0.052383,
        -0.818107 0.330709 -0.052383,
        -0.817058 0.169291 -0.048881,
        -0.817058 0.330709 -0.048881,
        -0.815230 0.169291 -0.045714,
        -0.815230 0.330709 -0.045714,
        -0.812721 0.169291 -0.043054,
        -0.812721 0.330709 -0.043054,
        -0.809666 0.169291 -0.041045,
        -0.809666 0.330709 -0.041045,
        -0.806230 0.169291 -0.039794,
        -0.806230 0.330709 -0.039794,
        -0.802598 0.169291 -0.039370,
        -0.802598 0.330709 -0.039370,
        -0.802598 0.330709 0.035433,
        -0.802598 0.169291 0.035433,
        -0.823481 0.330709 0.032992,
        -0.823481 0.169291 0.032992,
        -0.843237 0.330709 0.025802,
        -0.843237 0.169291 0.025802,
        -0.860803 0.330709 0.014248,
        -0.860803 0.169291 0.014248,
        -0.875231 0.330709 -0.001045,
        -0.875231 0.169291 -0.001045,
        -0.885744 0.330709 -0.019253,
        -0.885744 0.169291 -0.019253,
        -0.891774 0.330709 -0.039394,
        -0.891774 0.169291 -0.039394,
        -0.925467 0.169291 -0.230480,
        -0.925467 0.330709 -0.230480,
        -0.943283 0.169291 -0.249363,
        -0.938129 0.169291 -0.247487,
        -0.933546 0.169291 -0.244474,
        -0.929783 0.169291 -0.240484,
        -0.927040 0.169291 -0.235734,
        -0.927040 0.330709 -0.235734,
        -0.929783 0.330709 -0.240484,
        -0.933546 0.330709 -0.244474,
        -0.938129 0.330709 -0.247487,
        -0.943283 0.330709 -0.249363,
        -1.181102 0.669291 -0.250000,
        -0.948730 0.669291 -0.250000,
        -1.181102 0.830709 -0.250000,
        -0.948730 0.830709 -0.250000,
        -1.181102 0.669291 -0.324803,
        -1.181102 0.830709 -0.324803,
        -0.948730 0.669291 -0.324803,
        -0.948730 0.830709 -0.324803,
        -0.926032 0.830709 -0.322150,
        -0.926032 0.669291 -0.322150,
        -0.904557 0.830709 -0.314334,
        -0.904557 0.669291 -0.314334,
        -0.885464 0.830709 -0.301776,
        -0.885464 0.669291 -0.301776,
        -0.869781 0.830709 -0.285154,
        -0.869781 0.669291 -0.285154,
        -0.858355 0.830709 -0.265362,
        -0.858355 0.669291 -0.265362,
        -0.851800 0.830709 -0.243469,
        -0.851800 0.669291 -0.243469,
        -0.818107 0.669291 -0.052383,
        -0.818107 0.830709 -0.052383,
        -0.817058 0.669291 -0.048881,
        -0.817058 0.830709 -0.048881,
        -0.815230 0.669291 -0.045714,
        -0.815230 0.830709 -0.045714,
        -0.812721 0.669291 -0.043054,
        -0.812721 0.830709 -0.043054,
        -0.809666 0.669291 -0.041045,
        -0.809666 0.830709 -0.041045,
        -0.806230 0.669291 -0.039794,
        -0.806230 0.830709 -0.039794,
        -0.802598 0.669291 -0.039370,
        -0.802598 0.830709 -0.039370,
        -0.802598 0.830709 0.035433,
        -0.802598 0.669291 0.035433,
        -0.823481 0.830709 0.032992,
        -0.823481 0.669291 0.032992,
        -0.843237 0.830709 0.025802,
        -0.843237 0.669291 0.025802,
        -0.860803 0.830709 0.014248,
        -0.860803 0.669291 0.014248,
        -0.875231 0.830709 -0.001045,
        -0.875231 0.669291 -0.001045,
        -0.885744 0.830709 -0.019253,
        -0.885744 0.669291 -0.019253,
        -0.891774 0.830709 -0.039394,
        -0.891774 0.669291 -0.039394,
        -0.925467 0.669291 -0.230480,
        -0.925467 0.830709 -0.230480,
        -0.943283 0.669291 -0.249363,
        -0.938129 0.669291 -0.247487,
        -0.933546 0.669291 -0.244474,
        -0.929783 0.669291 -0.240484,
        -0.927040 0.669291 -0.235734,
        -0.927040 0.830709 -0.235734,
        -0.929783 0.830709 -0.240484,
        -0.933546 0.830709 -0.244474,
        -0.938129 0.830709 -0.247487,
        -0.943283 0.830709 -0.249363,
        0.948730 -0.330709 -0.250000,
        1.181102 -0.330709 -0.250000,
        0.948730 -0.169291 -0.250000,
        1.181102 -0.169291 -0.250000,
        1.181102 -0.330709 -0.324803,
        1.181102 -0.169291 -0.324803,
        0.948730 -0.330709 -0.324803,
        0.948730 -0.169291 -0.324803,
        0.851800 -0.330709 -0.243469,
        0.851800 -0.169291 -0.243469,
        0.858355 -0.169291 -0.265362,
        0.858355 -0.330709 -0.265362,
        0.869781 -0.169291 -0.285154,
        0.869781 -0.330709 -0.285154,
        0.885464 -0.169291 -0.301776,
        0.885464 -0.330709 -0.301776,
        0.904557 -0.169291 -0.314334,
        0.904557 -0.330709 -0.314334,
        0.926032 -0.169291 -0.322150,
        0.926032 -0.330709 -0.322150,
        0.818107 -0.330709 -0.052383,
        0.818107 -0.169291 -0.052383,
        0.802598 -0.330709 -0.039370,
        0.802598 -0.169291 -0.039370,
        0.806230 -0.330709 -0.039794,
        0.806230 -0.169291 -0.039794,
        0.809666 -0.330709 -0.041045,
        0.809666 -0.169291 -0.041045,
        0.812721 -0.330709 -0.043054,
        0.812721 -0.169291 -0.043054,
        0.815230 -0.330709 -0.045714,
        0.815230 -0.169291 -0.045714,
        0.817058 -0.330709 -0.048881,
        0.817058 -0.169291 -0.048881,
        0.802598 -0.169291 0.035433,
        0.802598 -0.330709 0.035433,
        0.891774 -0.330709 -0.039394,
        0.891774 -0.169291 -0.039394,
        0.885744 -0.169291 -0.019253,
        0.885744 -0.330709 -0.019253,
        0.875231 -0.169291 -0.001045,
        0.875231 -0.330709 -0.001045,
        0.860803 -0.169291 0.014248,
        0.860803 -0.330709 0.014248,
        0.843237 -0.169291 0.025802,
        0.843237 -0.330709 0.025802,
        0.823481 -0.169291 0.032992,
        0.823481 -0.330709 0.032992,
        0.925467 -0.330709 -0.230480,
        0.925467 -0.169291 -0.230480,
        0.927040 -0.330709 -0.235734,
        0.929783 -0.330709 -0.240484,
        0.933546 -0.330709 -0.244474,
        0.938129 -0.330709 -0.247487,
        0.943283 -0.330709 -0.249363,
        0.943283 -0.169291 -0.249363,
        0.938129 -0.169291 -0.247487,
        0.933546 -0.169291 -0.244474,
        0.929783 -0.169291 -0.240484,
        0.927040 -0.169291 -0.235734,
        0.948730 -0.830709 -0.250000,
        1.181102 -0.830709 -0.250000,
        0.948730 -0.669291 -0.250000,
        1.181102 -0.669291 -0.250000,
        1.181102 -0.830709 -0.324803,
        1.181102 -0.669291 -0.324803,
        0.948730 -0.830709 -0.324803,
        0.948730 -0.669291 -0.324803,
        0.851800 -0.830709 -0.243469,
        0.851800 -0.669291 -0.243469,
        0.858355 -0.669291 -0.265362,
        0.858355 -0.830709 -0.265362,
        0.869781 -0.669291 -0.285154,
        0.869781 -0.830709 -0.285154,
        0.885464 -0.669291 -0.301776,
        0.885464 -0.830709 -0.301776,
        0.904557 -0.669291 -0.314334,
        0.904557 -0.830709 -0.314334,
        0.926032 -0.669291 -0.322150,
        0.926032 -0.830709 -0.322150,
        0.818107 -0.830709 -0.052383,
        0.818107 -0.669291 -0.052383,
        0.802598 -0.830709 -0.039370,
        0.802598 -0.669291 -0.039370,
        0.806230 -0.830709 -0.039794,
        0.806230 -0.669291 -0.039794,
        0.809666 -0.830709 -0.041045,
        0.809666 -0.669291 -0.041045,
        0.812721 -0.830709 -0.043054,
        0.812721 -0.669291 -0.043054,
        0.815230 -0.830709 -0.045714,
        0.815230 -0.669291 -0.045714,
        0.817058 -0.830709 -0.048881,
        0.817058 -0.669291 -0.048881,
        0.802598 -0.669291 0.035433,
        0.802598 -0.830709 0.035433,
        0.891774 -0.830709 -0.039394,
        0.891774 -0.669291 -0.039394,
        0.885744 -0.669291 -0.019253,
        0.885744 -0.830709 -0.019253,
        0.875231 -0.669291 -0.001045,
        0.875231 -0.830709 -0.001045,
        0.860803 -0.669291 0.014248,
        0.860803 -0.830709 0.014248,
        0.843237 -0.669291 0.025802,
        0.843237 -0.830709 0.025802,
        0.823481 -0.669291 0.032992,
        0.823481 -0.830709 0.032992,
        0.925467 -0.830709 -0.230480,
        0.925467 -0.669291 -0.230480,
        0.927040 -0.830709 -0.235734,
        0.929783 -0.830709 -0.240484,
        0.933546 -0.830709 -0.244474,
        0.938129 -0.830709 -0.247487,
        0.943283 -0.830709 -0.249363,
        0.943283 -0.669291 -0.249363,
        0.938129 -0.669291 -0.247487,
        0.933546 -0.669291 -0.244474,
        0.929783 -0.669291 -0.240484,
        0.927040 -0.669291 -0.235734,
        0.948730 0.169291 -0.250000,
        1.181102 0.169291 -0.250000,
        0.948730 0.330709 -0.250000,
        1.181102 0.330709 -0.250000,
        1.181102 0.169291 -0.324803,
        1.181102 0.330709 -0.324803,
        0.948730 0.169291 -0.324803,
        0.948730 0.330709 -0.324803,
        0.851800 0.169291 -0.243469,
        0.851800 0.330709 -0.243469,
        0.858355 0.330709 -0.265362,
        0.858355 0.169291 -0.265362,
        0.869781 0.330709 -0.285154,
        0.869781 0.169291 -0.285154,
        0.885464 0.330709 -0.301776,
        0.885464 0.169291 -0.301776,
        0.904557 0.330709 -0.314334,
        0.904557 0.169291 -0.314334,
        0.926032 0.330709 -0.322150,
        0.926032 0.169291 -0.322150,
        0.818107 0.169291 -0.052383,
        0.818107 0.330709 -0.052383,
        0.802598 0.169291 -0.039370,
        0.802598 0.330709 -0.039370,
        0.806230 0.169291 -0.039794,
        0.806230 0.330709 -0.039794,
        0.809666 0.169291 -0.041045,
        0.809666 0.330709 -0.041045,
        0.812721 0.169291 -0.043054,
        0.812721 0.330709 -0.043054,
        0.815230 0.169291 -0.045714,
        0.815230 0.330709 -0.045714,
        0.817058 0.169291 -0.048881,
        0.817058 0.330709 -0.048881,
        0.802598 0.330709 0.035433,
        0.802598 0.169291 0.035433,
        0.891774 0.169291 -0.039394,
        0.891774 0.330709 -0.039394,
        0.885744 0.330709 -0.019253,
        0.885744 0.169291 -0.019253,
        0.875231 0.330709 -0.001045,
        0.875231 0.169291 -0.001045,
        0.860803 0.330709 0.014248,
        0.860803 0.169291 0.014248,
        0.843237 0.330709 0.025802,
        0.843237 0.169291 0.025802,
        0.823481 0.330709 0.032992,
        0.823481 0.169291 0.032992,
        0.925467 0.169291 -0.230480,
        0.925467 0.330709 -0.230480,
        0.927040 0.169291 -0.235734,
        0.929783 0.169291 -0.240484,
        0.933546 0.169291 -0.244474,
        0.938129 0.169291 -0.247487,
        0.943283 0.169291 -0.249363,
        0.943283 0.330709 -0.249363,
        0.938129 0.330709 -0.247487,
        0.933546 0.330709 -0.244474,
        0.929783 0.330709 -0.240484,
        0.927040 0.330709 -0.235734,
        0.948730 0.669291 -0.250000,
        1.181102 0.669291 -0.250000,
        0.948730 0.830709 -0.250000,
        1.181102 0.830709 -0.250000,
        1.181102 0.669291 -0.324803,
        1.181102 0.830709 -0.324803,
        0.948730 0.669291 -0.324803,
        0.948730 0.830709 -0.324803,
        0.851800 0.669291 -0.243469,
        0.851800 0.830709 -0.243469,
        0.858355 0.830709 -0.265362,
        0.858355 0.669291 -0.265362,
        0.869781 0.830709 -0.285154,
        0.869781 0.669291 -0.285154,
        0.885464 0.830709 -0.301776,
        0.885464 0.669291 -0.301776,
        0.904557 0.830709 -0.314334,
        0.904557 0.669291 -0.314334,
        0.926032 0.830709 -0.322150,
        0.926032 0.669291 -0.322150,
        0.818107 0.669291 -0.052383,
        0.818107 0.830709 -0.052383,
        0.802598 0.669291 -0.039370,
        0.802598 0.830709 -0.039370,
        0.806230 0.669291 -0.039794,
        0.806230 0.830709 -0.039794,
        0.809666 0.669291 -0.041045,
        0.809666 0.830709 -0.041045,
        0.812721 0.669291 -0.043054,
        0.812721 0.830709 -0.043054,
        0.815230 0.669291 -0.045714,
        0.815230 0.830709 -0.045714,
        0.817058 0.669291 -0.048881,
        0.817058 0.830709 -0.048881,
        0.802598 0.830709 0.035433,
        0.802598 0.669291 0.035433,
        0.891774 0.669291 -0.039394,
        0.891774 0.830709 -0.039394,
        0.885744 0.830709 -0.019253,
        0.885744 0.669291 -0.019253,
        0.875231 0.830709 -0.001045,
        0.875231 0.669291 -0.001045,
        0.860803 0.830709 0.014248,
        0.860803 0.669291 0.014248,
        0.843237 0.830709 0.025802,
        0.843237 0.669291 0.025802,
        0.823481 0.830709 0.032992,
        0.823481 0.669291 0.032992,
        0.925467 0.669291 -0.230480,
        0.925467 0.830709 -0.230480,
        0.927040 0.669291 -0.235734,
        0.929783 0.669291 -0.240484,
        0.933546 0.669291 -0.244474,
        0.938129 0.669291 -0.247487,
        0.943283 0.669291 -0.249363,
        0.943283 0.830709 -0.249363,
        0.938129 0.830709 -0.247487,
        0.933546 0.830709 -0.244474,
        0.929783 0.830709 -0.240484,
        0.927040 0.830709 -0.235734,
        0.472441 0.629921 -0.324803,
        -0.472441 0.629921 -0.324803,
        0.472441 -0.629921 -0.324803,
        -0.472441 -0.629921 -0.324803,
        0.511596 -0.938572 0.213250,
        0.511596 -0.939161 0.209065,
        0.496833 -0.938572 0.213250,
        0.496833 -0.934002 0.245773,
        0.492048 -0.934002 0.245773,
        0.492048 -0.939161 0.209065,
        0.540867 -0.938947 0.210585,
        0.540234 -0.938991 0.210273,
        0.530604 -0.939248 0.208445,
        0.536254 -0.939172 0.208980,
        0.540867 -0.938309 0.215126,
        0.537398 -0.938529 0.213560,
        0.533239 -0.938643 0.212749,
        0.531296 -0.938654 0.212668,
        0.527553 -0.938591 0.213117,
        0.524913 -0.938449 0.214130,
        0.522494 -0.938210 0.215827,
        0.521773 -0.938111 0.216534,
        0.519886 -0.937741 0.219166,
        0.518720 -0.937320 0.222157,
        0.518137 -0.936687 0.226663,
        0.518134 -0.936639 0.227006,
        0.518596 -0.936016 0.231441,
        0.519747 -0.935550 0.234754,
        0.521452 -0.935180 0.237391,
        0.522029 -0.935088 0.238041,
        0.524398 -0.934812 0.240006,
        0.527293 -0.934618 0.241385,
        0.530489 -0.934526 0.242039,
        0.532130 -0.934516 0.242113,
        0.540867 -0.934822 0.239936,
        0.540145 -0.934769 0.240313,
        0.536347 -0.934580 0.241656,
        0.540867 -0.934126 0.244891,
        0.532083 -0.933915 0.246392,
        0.532485 -0.933915 0.246390,
        0.537269 -0.933976 0.245955,
        0.527525 -0.933979 0.245935,
        0.523523 -0.934167 0.244595,
        0.519810 -0.934501 0.242220,
        0.518466 -0.934674 0.240987,
        0.515967 -0.935119 0.237823,
        0.514130 -0.935685 0.233798,
        0.513213 -0.936346 0.229090,
        0.513112 -0.936679 0.226724,
        0.513820 -0.937506 0.220834,
        0.515317 -0.938047 0.216985,
        0.517515 -0.938489 0.213840,
        0.517869 -0.938543 0.213456,
        0.520777 -0.938881 0.211050,
        0.524263 -0.939114 0.209397,
        0.528263 -0.939231 0.208560,
        0.568223 -0.938572 0.213250,
        0.568223 -0.939161 0.209065,
        0.553071 -0.938572 0.213250,
        0.553071 -0.936837 0.225598,
        0.566328 -0.936837 0.225598,
        0.566328 -0.936246 0.229802,
        0.553071 -0.936246 0.229802,
        0.553071 -0.934595 0.241550,
        0.567380 -0.934595 0.241550,
        0.567380 -0.934002 0.245773,
        0.548286 -0.934002 0.245773,
        0.548286 -0.939161 0.209065,
        0.598349 -0.937695 0.219494,
        0.596413 -0.938034 0.217078,
        0.599815 -0.938438 0.214207,
        0.595615 -0.938134 0.216369,
        0.595877 -0.938829 0.211423,
        0.593129 -0.938354 0.214801,
        0.591636 -0.939057 0.209803,
        0.589907 -0.938508 0.213707,
        0.585421 -0.939161 0.209065,
        0.585393 -0.938572 0.213250,
        0.575225 -0.939161 0.209065,
        0.580011 -0.938572 0.213250,
        0.575225 -0.934002 0.245773,
        0.580011 -0.934595 0.241550,
        0.585800 -0.934002 0.245773,
        0.585611 -0.934595 0.241550,
        0.591985 -0.934107 0.245024,
        0.590213 -0.934663 0.241068,
        0.596389 -0.934350 0.243296,
        0.593459 -0.934820 0.239948,
        0.599815 -0.934685 0.240912,
        0.596309 -0.935080 0.238097,
        0.601487 -0.934920 0.239239,
        0.597520 -0.935251 0.236883,
        0.603687 -0.935386 0.235919,
        0.598913 -0.935548 0.234773,
        0.604945 -0.935895 0.232299,
        0.599913 -0.935937 0.231997,
        0.605406 -0.936515 0.227888,
        0.600374 -0.936533 0.227756,
        0.605261 -0.936889 0.225231,
        0.600276 -0.936827 0.225669,
        0.604304 -0.937485 0.220983,
        0.599592 -0.937307 0.222252,
        0.602416 -0.938014 0.217222,
        0.585611 -0.930696 0.241002,
        0.580011 -0.930696 0.241002,
        0.580011 -0.934674 0.212702,
        0.585393 -0.934674 0.212702,
        0.596413 -0.934136 0.216530,
        0.595615 -0.934235 0.215821,
        0.593129 -0.934456 0.214254,
        0.589907 -0.934609 0.213159,
        0.600374 -0.932635 0.227209,
        0.600276 -0.932928 0.225121,
        0.599592 -0.933408 0.221704,
        0.598349 -0.933796 0.218946,
        0.596309 -0.931181 0.237549,
        0.597520 -0.931352 0.236336,
        0.598913 -0.931649 0.234225,
        0.599913 -0.932039 0.231449,
        0.590213 -0.930764 0.240520,
        0.593459 -0.930921 0.239400,
      ]
    }
    coordIndex [
      145, 149, 141, -1,
      141, 149, 150, -1,
      151, 152, 153, -1,
      153, 152, 154, -1,
      155, 151, 156, -1,
      156, 151, 153, -1,
      157, 155, 158, -1,
      158, 155, 156, -1,
      157, 158, 159, -1,
      157, 159, 160, -1,
      160, 159, 161, -1,
      160, 161, 162, -1,
      162, 161, 163, -1,
      162, 163, 164, -1,
      164, 163, 165, -1,
      164, 165, 166, -1,
      166, 165, 167, -1,
      166, 167, 168, -1,
      168, 167, 169, -1,
      168, 169, 170, -1,
      171, 170, 172, -1,
      172, 170, 169, -1,
      171, 172, 173, -1,
      173, 172, 174, -1,
      173, 174, 175, -1,
      175, 174, 176, -1,
      175, 176, 177, -1,
      177, 176, 178, -1,
      177, 178, 179, -1,
      179, 178, 180, -1,
      179, 180, 181, -1,
      181, 180, 182, -1,
      181, 182, 183, -1,
      183, 182, 184, -1,
      130, 183, 131, -1,
      131, 183, 184, -1,
      150, 149, 185, -1,
      150, 185, 186, -1,
      186, 185, 187, -1,
      186, 187, 188, -1,
      188, 187, 189, -1,
      188, 189, 190, -1,
      190, 189, 191, -1,
      190, 191, 192, -1,
      192, 191, 193, -1,
      192, 193, 194, -1,
      194, 193, 195, -1,
      194, 195, 196, -1,
      197, 196, 198, -1,
      198, 196, 195, -1,
      197, 198, 199, -1,
      199, 198, 200, -1,
      199, 200, 201, -1,
      201, 200, 202, -1,
      201, 202, 203, -1,
      203, 202, 204, -1,
      203, 204, 205, -1,
      205, 204, 206, -1,
      205, 206, 207, -1,
      207, 206, 208, -1,
      207, 208, 152, -1,
      152, 208, 154, -1,
      141, 150, 128, -1,
      128, 150, 186, -1,
      186, 188, 128, -1,
      128, 188, 190, -1,
      128, 190, 192, -1,
      177, 179, 192, -1,
      192, 179, 181, -1,
      192, 181, 128, -1,
      128, 181, 183, -1,
      128, 183, 130, -1,
      151, 155, 152, -1,
      152, 155, 157, -1,
      152, 157, 207, -1,
      207, 157, 160, -1,
      207, 160, 205, -1,
      205, 160, 162, -1,
      205, 162, 203, -1,
      203, 162, 164, -1,
      203, 164, 201, -1,
      201, 164, 166, -1,
      201, 166, 199, -1,
      199, 166, 168, -1,
      199, 168, 197, -1,
      197, 168, 170, -1,
      197, 170, 196, -1,
      196, 170, 171, -1,
      196, 171, 194, -1,
      194, 171, 173, -1,
      194, 173, 192, -1,
      192, 173, 175, -1,
      192, 175, 177, -1,
      187, 132, 189, -1,
      189, 132, 191, -1,
      187, 185, 132, -1,
      132, 185, 149, -1,
      132, 149, 145, -1,
      132, 131, 184, -1,
      132, 184, 191, -1,
      191, 184, 182, -1,
      191, 182, 180, -1,
      180, 178, 191, -1,
      191, 178, 176, -1,
      191, 176, 193, -1,
      193, 176, 174, -1,
      193, 174, 195, -1,
      195, 174, 172, -1,
      195, 172, 198, -1,
      198, 172, 169, -1,
      198, 169, 200, -1,
      200, 169, 167, -1,
      200, 167, 202, -1,
      202, 167, 165, -1,
      202, 165, 204, -1,
      204, 165, 163, -1,
      204, 163, 206, -1,
      206, 163, 161, -1,
      206, 161, 208, -1,
      208, 161, 159, -1,
      208, 159, 154, -1,
      154, 159, 158, -1,
      154, 158, 153, -1,
      153, 158, 156, -1,
      209, 210, 211, -1,
      211, 210, 212, -1,
      213, 209, 214, -1,
      214, 209, 211, -1,
      215, 213, 216, -1,
      216, 213, 214, -1,
      215, 216, 217, -1,
      215, 217, 218, -1,
      218, 217, 219, -1,
      218, 219, 220, -1,
      220, 219, 221, -1,
      220, 221, 222, -1,
      222, 221, 223, -1,
      222, 223, 224, -1,
      224, 223, 225, -1,
      224, 225, 226, -1,
      226, 225, 227, -1,
      226, 227, 228, -1,
      229, 228, 230, -1,
      230, 228, 227, -1,
      229, 230, 231, -1,
      231, 230, 232, -1,
      231, 232, 233, -1,
      233, 232, 234, -1,
      233, 234, 235, -1,
      235, 234, 236, -1,
      235, 236, 237, -1,
      237, 236, 238, -1,
      237, 238, 239, -1,
      239, 238, 240, -1,
      239, 240, 241, -1,
      241, 240, 242, -1,
      126, 241, 129, -1,
      129, 241, 242, -1,
      142, 243, 144, -1,
      144, 243, 244, -1,
      244, 243, 245, -1,
      244, 245, 246, -1,
      246, 245, 247, -1,
      246, 247, 248, -1,
      248, 247, 249, -1,
      248, 249, 250, -1,
      250, 249, 251, -1,
      250, 251, 252, -1,
      252, 251, 253, -1,
      252, 253, 254, -1,
      254, 253, 255, -1,
      254, 255, 256, -1,
      257, 256, 258, -1,
      258, 256, 255, -1,
      144, 244, 125, -1,
      125, 244, 246, -1,
      246, 248, 125, -1,
      125, 248, 250, -1,
      125, 250, 252, -1,
      235, 237, 252, -1,
      252, 237, 239, -1,
      252, 239, 125, -1,
      125, 239, 241, -1,
      125, 241, 126, -1,
      209, 213, 210, -1,
      210, 213, 215, -1,
      210, 215, 259, -1,
      259, 215, 218, -1,
      259, 218, 260, -1,
      260, 218, 220, -1,
      260, 220, 261, -1,
      261, 220, 222, -1,
      261, 222, 262, -1,
      262, 222, 224, -1,
      262, 224, 263, -1,
      263, 224, 226, -1,
      263, 226, 257, -1,
      257, 226, 228, -1,
      257, 228, 256, -1,
      256, 228, 229, -1,
      256, 229, 254, -1,
      254, 229, 231, -1,
      254, 231, 252, -1,
      252, 231, 233, -1,
      252, 233, 235, -1,
      257, 258, 263, -1,
      263, 258, 264, -1,
      263, 264, 262, -1,
      262, 264, 265, -1,
      262, 265, 261, -1,
      261, 265, 266, -1,
      261, 266, 260, -1,
      260, 266, 267, -1,
      260, 267, 259, -1,
      259, 267, 268, -1,
      259, 268, 210, -1,
      210, 268, 212, -1,
      247, 127, 249, -1,
      249, 127, 251, -1,
      247, 245, 127, -1,
      127, 245, 243, -1,
      127, 243, 142, -1,
      127, 129, 242, -1,
      127, 242, 251, -1,
      251, 242, 240, -1,
      251, 240, 238, -1,
      214, 211, 216, -1,
      216, 211, 212, -1,
      216, 212, 217, -1,
      217, 212, 268, -1,
      217, 268, 219, -1,
      219, 268, 267, -1,
      219, 267, 221, -1,
      221, 267, 266, -1,
      221, 266, 223, -1,
      223, 266, 265, -1,
      223, 265, 225, -1,
      225, 265, 264, -1,
      225, 264, 227, -1,
      227, 264, 258, -1,
      227, 258, 230, -1,
      230, 258, 255, -1,
      230, 255, 232, -1,
      232, 255, 253, -1,
      232, 253, 234, -1,
      234, 253, 251, -1,
      234, 251, 236, -1,
      236, 251, 238, -1,
      269, 270, 271, -1,
      271, 270, 272, -1,
      273, 269, 274, -1,
      274, 269, 271, -1,
      275, 273, 276, -1,
      276, 273, 274, -1,
      275, 276, 277, -1,
      275, 277, 278, -1,
      278, 277, 279, -1,
      278, 279, 280, -1,
      280, 279, 281, -1,
      280, 281, 282, -1,
      282, 281, 283, -1,
      282, 283, 284, -1,
      284, 283, 285, -1,
      284, 285, 286, -1,
      286, 285, 287, -1,
      286, 287, 288, -1,
      289, 288, 290, -1,
      290, 288, 287, -1,
      289, 290, 291, -1,
      291, 290, 292, -1,
      291, 292, 293, -1,
      293, 292, 294, -1,
      293, 294, 295, -1,
      295, 294, 296, -1,
      295, 296, 297, -1,
      297, 296, 298, -1,
      297, 298, 299, -1,
      299, 298, 300, -1,
      299, 300, 301, -1,
      301, 300, 302, -1,
      134, 301, 135, -1,
      135, 301, 302, -1,
      148, 303, 143, -1,
      143, 303, 304, -1,
      304, 303, 305, -1,
      304, 305, 306, -1,
      306, 305, 307, -1,
      306, 307, 308, -1,
      308, 307, 309, -1,
      308, 309, 310, -1,
      310, 309, 311, -1,
      310, 311, 312, -1,
      312, 311, 313, -1,
      312, 313, 314, -1,
      314, 313, 315, -1,
      314, 315, 316, -1,
      317, 316, 318, -1,
      318, 316, 315, -1,
      143, 304, 133, -1,
      133, 304, 306, -1,
      306, 308, 133, -1,
      133, 308, 310, -1,
      133, 310, 312, -1,
      295, 297, 312, -1,
      312, 297, 299, -1,
      312, 299, 133, -1,
      133, 299, 301, -1,
      133, 301, 134, -1,
      269, 273, 270, -1,
      270, 273, 275, -1,
      270, 275, 319, -1,
      319, 275, 278, -1,
      319, 278, 320, -1,
      320, 278, 280, -1,
      320, 280, 321, -1,
      321, 280, 282, -1,
      321, 282, 322, -1,
      322, 282, 284, -1,
      322, 284, 323, -1,
      323, 284, 286, -1,
      323, 286, 317, -1,
      317, 286, 288, -1,
      317, 288, 316, -1,
      316, 288, 289, -1,
      316, 289, 314, -1,
      314, 289, 291, -1,
      314, 291, 312, -1,
      312, 291, 293, -1,
      312, 293, 295, -1,
      317, 318, 323, -1,
      323, 318, 324, -1,
      323, 324, 322, -1,
      322, 324, 325, -1,
      322, 325, 321, -1,
      321, 325, 326, -1,
      321, 326, 320, -1,
      320, 326, 327, -1,
      320, 327, 319, -1,
      319, 327, 328, -1,
      319, 328, 270, -1,
      270, 328, 272, -1,
      307, 140, 309, -1,
      309, 140, 311, -1,
      307, 305, 140, -1,
      140, 305, 303, -1,
      140, 303, 148, -1,
      140, 135, 302, -1,
      140, 302, 311, -1,
      311, 302, 300, -1,
      311, 300, 298, -1,
      298, 296, 311, -1,
      311, 296, 294, -1,
      311, 294, 313, -1,
      313, 294, 292, -1,
      313, 292, 315, -1,
      315, 292, 290, -1,
      315, 290, 318, -1,
      318, 290, 287, -1,
      318, 287, 324, -1,
      324, 287, 285, -1,
      324, 285, 325, -1,
      325, 285, 283, -1,
      325, 283, 326, -1,
      326, 283, 281, -1,
      326, 281, 327, -1,
      327, 281, 279, -1,
      327, 279, 328, -1,
      328, 279, 277, -1,
      328, 277, 272, -1,
      272, 277, 276, -1,
      272, 276, 271, -1,
      271, 276, 274, -1,
      329, 330, 331, -1,
      331, 330, 332, -1,
      333, 329, 334, -1,
      334, 329, 331, -1,
      335, 333, 336, -1,
      336, 333, 334, -1,
      335, 336, 337, -1,
      335, 337, 338, -1,
      338, 337, 339, -1,
      338, 339, 340, -1,
      340, 339, 341, -1,
      340, 341, 342, -1,
      342, 341, 343, -1,
      342, 343, 344, -1,
      344, 343, 345, -1,
      344, 345, 346, -1,
      346, 345, 347, -1,
      346, 347, 348, -1,
      349, 348, 350, -1,
      350, 348, 347, -1,
      349, 350, 351, -1,
      351, 350, 352, -1,
      351, 352, 353, -1,
      353, 352, 354, -1,
      353, 354, 355, -1,
      355, 354, 356, -1,
      355, 356, 357, -1,
      357, 356, 358, -1,
      357, 358, 359, -1,
      359, 358, 360, -1,
      359, 360, 361, -1,
      361, 360, 362, -1,
      138, 361, 137, -1,
      137, 361, 362, -1,
      147, 363, 146, -1,
      146, 363, 364, -1,
      364, 363, 365, -1,
      364, 365, 366, -1,
      366, 365, 367, -1,
      366, 367, 368, -1,
      368, 367, 369, -1,
      368, 369, 370, -1,
      370, 369, 371, -1,
      370, 371, 372, -1,
      372, 371, 373, -1,
      372, 373, 374, -1,
      374, 373, 375, -1,
      374, 375, 376, -1,
      377, 376, 378, -1,
      378, 376, 375, -1,
      146, 364, 139, -1,
      139, 364, 366, -1,
      366, 368, 139, -1,
      139, 368, 370, -1,
      139, 370, 372, -1,
      355, 357, 372, -1,
      372, 357, 359, -1,
      372, 359, 139, -1,
      139, 359, 361, -1,
      139, 361, 138, -1,
      329, 333, 330, -1,
      330, 333, 335, -1,
      330, 335, 379, -1,
      379, 335, 338, -1,
      379, 338, 380, -1,
      380, 338, 340, -1,
      380, 340, 381, -1,
      381, 340, 342, -1,
      381, 342, 382, -1,
      382, 342, 344, -1,
      382, 344, 383, -1,
      383, 344, 346, -1,
      383, 346, 377, -1,
      377, 346, 348, -1,
      377, 348, 376, -1,
      376, 348, 349, -1,
      376, 349, 374, -1,
      374, 349, 351, -1,
      374, 351, 372, -1,
      372, 351, 353, -1,
      372, 353, 355, -1,
      377, 378, 383, -1,
      383, 378, 384, -1,
      383, 384, 382, -1,
      382, 384, 385, -1,
      382, 385, 381, -1,
      381, 385, 386, -1,
      381, 386, 380, -1,
      380, 386, 387, -1,
      380, 387, 379, -1,
      379, 387, 388, -1,
      379, 388, 330, -1,
      330, 388, 332, -1,
      367, 136, 369, -1,
      369, 136, 371, -1,
      367, 365, 136, -1,
      136, 365, 363, -1,
      136, 363, 147, -1,
      136, 137, 362, -1,
      136, 362, 371, -1,
      371, 362, 360, -1,
      371, 360, 358, -1,
      334, 331, 336, -1,
      336, 331, 332, -1,
      336, 332, 337, -1,
      337, 332, 388, -1,
      337, 388, 339, -1,
      339, 388, 387, -1,
      339, 387, 341, -1,
      341, 387, 386, -1,
      341, 386, 343, -1,
      343, 386, 385, -1,
      343, 385, 345, -1,
      345, 385, 384, -1,
      345, 384, 347, -1,
      347, 384, 378, -1,
      347, 378, 350, -1,
      350, 378, 375, -1,
      350, 375, 352, -1,
      352, 375, 373, -1,
      352, 373, 354, -1,
      354, 373, 371, -1,
      354, 371, 356, -1,
      356, 371, 358, -1,
      389, 390, 391, -1,
      391, 390, 392, -1,
      390, 393, 392, -1,
      392, 393, 394, -1,
      393, 395, 394, -1,
      394, 395, 396, -1,
      397, 398, 399, -1,
      397, 399, 400, -1,
      400, 399, 401, -1,
      400, 401, 402, -1,
      402, 401, 403, -1,
      402, 403, 404, -1,
      404, 403, 405, -1,
      404, 405, 406, -1,
      406, 405, 407, -1,
      406, 407, 408, -1,
      408, 407, 396, -1,
      408, 396, 395, -1,
      397, 409, 398, -1,
      398, 409, 410, -1,
      411, 412, 413, -1,
      413, 412, 414, -1,
      413, 414, 415, -1,
      415, 414, 416, -1,
      415, 416, 417, -1,
      417, 416, 418, -1,
      417, 418, 419, -1,
      419, 418, 420, -1,
      419, 420, 421, -1,
      421, 420, 422, -1,
      421, 422, 409, -1,
      409, 422, 410, -1,
      411, 111, 412, -1,
      412, 111, 104, -1,
      423, 117, 424, -1,
      424, 117, 124, -1,
      425, 426, 427, -1,
      425, 427, 428, -1,
      428, 427, 429, -1,
      428, 429, 430, -1,
      430, 429, 431, -1,
      430, 431, 432, -1,
      432, 431, 433, -1,
      432, 433, 434, -1,
      434, 433, 435, -1,
      434, 435, 436, -1,
      436, 435, 423, -1,
      436, 423, 424, -1,
      425, 437, 426, -1,
      426, 437, 438, -1,
      434, 116, 432, -1,
      432, 116, 430, -1,
      434, 436, 116, -1,
      116, 436, 424, -1,
      116, 424, 124, -1,
      116, 111, 411, -1,
      116, 411, 430, -1,
      430, 411, 413, -1,
      430, 413, 415, -1,
      415, 417, 430, -1,
      430, 417, 419, -1,
      430, 419, 428, -1,
      428, 419, 421, -1,
      428, 421, 425, -1,
      425, 421, 409, -1,
      425, 409, 437, -1,
      437, 409, 397, -1,
      437, 397, 439, -1,
      439, 397, 400, -1,
      439, 400, 440, -1,
      440, 400, 402, -1,
      440, 402, 441, -1,
      441, 402, 404, -1,
      441, 404, 442, -1,
      442, 404, 406, -1,
      442, 406, 443, -1,
      443, 406, 408, -1,
      443, 408, 389, -1,
      389, 408, 395, -1,
      389, 395, 390, -1,
      390, 395, 393, -1,
      389, 391, 443, -1,
      443, 391, 444, -1,
      443, 444, 442, -1,
      442, 444, 445, -1,
      442, 445, 441, -1,
      441, 445, 446, -1,
      441, 446, 440, -1,
      440, 446, 447, -1,
      440, 447, 439, -1,
      439, 447, 448, -1,
      439, 448, 437, -1,
      437, 448, 438, -1,
      117, 423, 102, -1,
      102, 423, 435, -1,
      435, 433, 102, -1,
      102, 433, 431, -1,
      102, 431, 429, -1,
      418, 416, 429, -1,
      429, 416, 414, -1,
      429, 414, 102, -1,
      102, 414, 412, -1,
      102, 412, 104, -1,
      392, 394, 391, -1,
      391, 394, 396, -1,
      391, 396, 444, -1,
      444, 396, 407, -1,
      444, 407, 445, -1,
      445, 407, 405, -1,
      445, 405, 446, -1,
      446, 405, 403, -1,
      446, 403, 447, -1,
      447, 403, 401, -1,
      447, 401, 448, -1,
      448, 401, 399, -1,
      448, 399, 438, -1,
      438, 399, 398, -1,
      438, 398, 426, -1,
      426, 398, 410, -1,
      426, 410, 427, -1,
      427, 410, 422, -1,
      427, 422, 429, -1,
      429, 422, 420, -1,
      429, 420, 418, -1,
      449, 450, 451, -1,
      451, 450, 452, -1,
      450, 453, 452, -1,
      452, 453, 454, -1,
      453, 455, 454, -1,
      454, 455, 456, -1,
      457, 458, 459, -1,
      457, 459, 460, -1,
      460, 459, 461, -1,
      460, 461, 462, -1,
      462, 461, 463, -1,
      462, 463, 464, -1,
      464, 463, 465, -1,
      464, 465, 466, -1,
      466, 465, 467, -1,
      466, 467, 468, -1,
      468, 467, 456, -1,
      468, 456, 455, -1,
      457, 469, 458, -1,
      458, 469, 470, -1,
      471, 472, 473, -1,
      473, 472, 474, -1,
      473, 474, 475, -1,
      475, 474, 476, -1,
      475, 476, 477, -1,
      477, 476, 478, -1,
      477, 478, 479, -1,
      479, 478, 480, -1,
      479, 480, 481, -1,
      481, 480, 482, -1,
      481, 482, 469, -1,
      469, 482, 470, -1,
      471, 113, 472, -1,
      472, 113, 114, -1,
      483, 122, 484, -1,
      484, 122, 123, -1,
      485, 486, 487, -1,
      485, 487, 488, -1,
      488, 487, 489, -1,
      488, 489, 490, -1,
      490, 489, 491, -1,
      490, 491, 492, -1,
      492, 491, 493, -1,
      492, 493, 494, -1,
      494, 493, 495, -1,
      494, 495, 496, -1,
      496, 495, 483, -1,
      496, 483, 484, -1,
      485, 497, 486, -1,
      486, 497, 498, -1,
      494, 112, 492, -1,
      492, 112, 490, -1,
      494, 496, 112, -1,
      112, 496, 484, -1,
      112, 484, 123, -1,
      112, 113, 471, -1,
      112, 471, 490, -1,
      490, 471, 473, -1,
      490, 473, 475, -1,
      475, 477, 490, -1,
      490, 477, 479, -1,
      490, 479, 488, -1,
      488, 479, 481, -1,
      488, 481, 485, -1,
      485, 481, 469, -1,
      485, 469, 497, -1,
      497, 469, 457, -1,
      497, 457, 499, -1,
      499, 457, 460, -1,
      499, 460, 500, -1,
      500, 460, 462, -1,
      500, 462, 501, -1,
      501, 462, 464, -1,
      501, 464, 502, -1,
      502, 464, 466, -1,
      502, 466, 503, -1,
      503, 466, 468, -1,
      503, 468, 449, -1,
      449, 468, 455, -1,
      449, 455, 450, -1,
      450, 455, 453, -1,
      449, 451, 503, -1,
      503, 451, 504, -1,
      503, 504, 502, -1,
      502, 504, 505, -1,
      502, 505, 501, -1,
      501, 505, 506, -1,
      501, 506, 500, -1,
      500, 506, 507, -1,
      500, 507, 499, -1,
      499, 507, 508, -1,
      499, 508, 497, -1,
      497, 508, 498, -1,
      122, 483, 115, -1,
      115, 483, 495, -1,
      495, 493, 115, -1,
      115, 493, 491, -1,
      115, 491, 489, -1,
      478, 476, 489, -1,
      489, 476, 474, -1,
      489, 474, 115, -1,
      115, 474, 472, -1,
      115, 472, 114, -1,
      452, 454, 451, -1,
      451, 454, 456, -1,
      451, 456, 504, -1,
      504, 456, 467, -1,
      504, 467, 505, -1,
      505, 467, 465, -1,
      505, 465, 506, -1,
      506, 465, 463, -1,
      506, 463, 507, -1,
      507, 463, 461, -1,
      507, 461, 508, -1,
      508, 461, 459, -1,
      508, 459, 498, -1,
      498, 459, 458, -1,
      498, 458, 486, -1,
      486, 458, 470, -1,
      486, 470, 487, -1,
      487, 470, 482, -1,
      487, 482, 489, -1,
      489, 482, 480, -1,
      489, 480, 478, -1,
      509, 510, 511, -1,
      511, 510, 512, -1,
      510, 513, 512, -1,
      512, 513, 514, -1,
      513, 515, 514, -1,
      514, 515, 516, -1,
      517, 518, 519, -1,
      517, 519, 520, -1,
      520, 519, 521, -1,
      520, 521, 522, -1,
      522, 521, 523, -1,
      522, 523, 524, -1,
      524, 523, 525, -1,
      524, 525, 526, -1,
      526, 525, 527, -1,
      526, 527, 528, -1,
      528, 527, 516, -1,
      528, 516, 515, -1,
      517, 529, 518, -1,
      518, 529, 530, -1,
      531, 532, 533, -1,
      533, 532, 534, -1,
      533, 534, 535, -1,
      535, 534, 536, -1,
      535, 536, 537, -1,
      537, 536, 538, -1,
      537, 538, 539, -1,
      539, 538, 540, -1,
      539, 540, 541, -1,
      541, 540, 542, -1,
      541, 542, 529, -1,
      529, 542, 530, -1,
      531, 103, 532, -1,
      532, 103, 110, -1,
      543, 118, 544, -1,
      544, 118, 119, -1,
      545, 546, 547, -1,
      545, 547, 548, -1,
      548, 547, 549, -1,
      548, 549, 550, -1,
      550, 549, 551, -1,
      550, 551, 552, -1,
      552, 551, 553, -1,
      552, 553, 554, -1,
      554, 553, 555, -1,
      554, 555, 556, -1,
      556, 555, 543, -1,
      556, 543, 544, -1,
      545, 557, 546, -1,
      546, 557, 558, -1,
      554, 101, 552, -1,
      552, 101, 550, -1,
      554, 556, 101, -1,
      101, 556, 544, -1,
      101, 544, 119, -1,
      101, 103, 531, -1,
      101, 531, 550, -1,
      550, 531, 533, -1,
      550, 533, 535, -1,
      535, 537, 550, -1,
      550, 537, 539, -1,
      550, 539, 548, -1,
      548, 539, 541, -1,
      548, 541, 545, -1,
      545, 541, 529, -1,
      545, 529, 557, -1,
      557, 529, 517, -1,
      557, 517, 559, -1,
      559, 517, 520, -1,
      559, 520, 560, -1,
      560, 520, 522, -1,
      560, 522, 561, -1,
      561, 522, 524, -1,
      561, 524, 562, -1,
      562, 524, 526, -1,
      562, 526, 563, -1,
      563, 526, 528, -1,
      563, 528, 509, -1,
      509, 528, 515, -1,
      509, 515, 510, -1,
      510, 515, 513, -1,
      509, 511, 563, -1,
      563, 511, 564, -1,
      563, 564, 562, -1,
      562, 564, 565, -1,
      562, 565, 561, -1,
      561, 565, 566, -1,
      561, 566, 560, -1,
      560, 566, 567, -1,
      560, 567, 559, -1,
      559, 567, 568, -1,
      559, 568, 557, -1,
      557, 568, 558, -1,
      118, 543, 109, -1,
      109, 543, 555, -1,
      555, 553, 109, -1,
      109, 553, 551, -1,
      109, 551, 549, -1,
      538, 536, 549, -1,
      549, 536, 534, -1,
      549, 534, 109, -1,
      109, 534, 532, -1,
      109, 532, 110, -1,
      512, 514, 511, -1,
      511, 514, 516, -1,
      511, 516, 564, -1,
      564, 516, 527, -1,
      564, 527, 565, -1,
      565, 527, 525, -1,
      565, 525, 566, -1,
      566, 525, 523, -1,
      566, 523, 567, -1,
      567, 523, 521, -1,
      567, 521, 568, -1,
      568, 521, 519, -1,
      568, 519, 558, -1,
      558, 519, 518, -1,
      558, 518, 546, -1,
      546, 518, 530, -1,
      546, 530, 547, -1,
      547, 530, 542, -1,
      547, 542, 549, -1,
      549, 542, 540, -1,
      549, 540, 538, -1,
      569, 570, 571, -1,
      571, 570, 572, -1,
      570, 573, 572, -1,
      572, 573, 574, -1,
      573, 575, 574, -1,
      574, 575, 576, -1,
      577, 578, 579, -1,
      577, 579, 580, -1,
      580, 579, 581, -1,
      580, 581, 582, -1,
      582, 581, 583, -1,
      582, 583, 584, -1,
      584, 583, 585, -1,
      584, 585, 586, -1,
      586, 585, 587, -1,
      586, 587, 588, -1,
      588, 587, 576, -1,
      588, 576, 575, -1,
      577, 589, 578, -1,
      578, 589, 590, -1,
      591, 592, 593, -1,
      593, 592, 594, -1,
      593, 594, 595, -1,
      595, 594, 596, -1,
      595, 596, 597, -1,
      597, 596, 598, -1,
      597, 598, 599, -1,
      599, 598, 600, -1,
      599, 600, 601, -1,
      601, 600, 602, -1,
      601, 602, 589, -1,
      589, 602, 590, -1,
      591, 105, 592, -1,
      592, 105, 106, -1,
      603, 120, 604, -1,
      604, 120, 121, -1,
      605, 606, 607, -1,
      605, 607, 608, -1,
      608, 607, 609, -1,
      608, 609, 610, -1,
      610, 609, 611, -1,
      610, 611, 612, -1,
      612, 611, 613, -1,
      612, 613, 614, -1,
      614, 613, 615, -1,
      614, 615, 616, -1,
      616, 615, 603, -1,
      616, 603, 604, -1,
      605, 617, 606, -1,
      606, 617, 618, -1,
      614, 108, 612, -1,
      612, 108, 610, -1,
      614, 616, 108, -1,
      108, 616, 604, -1,
      108, 604, 121, -1,
      108, 105, 591, -1,
      108, 591, 610, -1,
      610, 591, 593, -1,
      610, 593, 595, -1,
      595, 597, 610, -1,
      610, 597, 599, -1,
      610, 599, 608, -1,
      608, 599, 601, -1,
      608, 601, 605, -1,
      605, 601, 589, -1,
      605, 589, 617, -1,
      617, 589, 577, -1,
      617, 577, 619, -1,
      619, 577, 580, -1,
      619, 580, 620, -1,
      620, 580, 582, -1,
      620, 582, 621, -1,
      621, 582, 584, -1,
      621, 584, 622, -1,
      622, 584, 586, -1,
      622, 586, 623, -1,
      623, 586, 588, -1,
      623, 588, 569, -1,
      569, 588, 575, -1,
      569, 575, 570, -1,
      570, 575, 573, -1,
      569, 571, 623, -1,
      623, 571, 624, -1,
      623, 624, 622, -1,
      622, 624, 625, -1,
      622, 625, 621, -1,
      621, 625, 626, -1,
      621, 626, 620, -1,
      620, 626, 627, -1,
      620, 627, 619, -1,
      619, 627, 628, -1,
      619, 628, 617, -1,
      617, 628, 618, -1,
      120, 603, 107, -1,
      107, 603, 615, -1,
      615, 613, 107, -1,
      107, 613, 611, -1,
      107, 611, 609, -1,
      598, 596, 609, -1,
      609, 596, 594, -1,
      609, 594, 107, -1,
      107, 594, 592, -1,
      107, 592, 106, -1,
      572, 574, 571, -1,
      571, 574, 576, -1,
      571, 576, 624, -1,
      624, 576, 587, -1,
      624, 587, 625, -1,
      625, 587, 585, -1,
      625, 585, 626, -1,
      626, 585, 583, -1,
      626, 583, 627, -1,
      627, 583, 581, -1,
      627, 581, 628, -1,
      628, 581, 579, -1,
      628, 579, 618, -1,
      618, 579, 578, -1,
      618, 578, 606, -1,
      606, 578, 590, -1,
      606, 590, 607, -1,
      607, 590, 602, -1,
      607, 602, 609, -1,
      609, 602, 600, -1,
      609, 600, 598, -1,
      629, 630, 97, -1,
      97, 630, 100, -1,
      631, 629, 98, -1,
      98, 629, 97, -1,
      632, 631, 99, -1,
      99, 631, 98, -1,
      630, 632, 100, -1,
      100, 632, 99, -1,
      631, 632, 629, -1,
      629, 632, 630, -1,
      633, 634, 96, -1,
      96, 634, 95, -1,
      635, 633, 93, -1,
      93, 633, 96, -1,
      636, 635, 92, -1,
      92, 635, 93, -1,
      637, 636, 91, -1,
      91, 636, 92, -1,
      638, 637, 94, -1,
      94, 637, 91, -1,
      634, 638, 95, -1,
      95, 638, 94, -1,
      636, 637, 635, -1,
      635, 637, 638, -1,
      635, 638, 633, -1,
      633, 638, 634, -1,
      3, 639, 640, -1,
      641, 52, 51, -1,
      641, 51, 642, -1,
      642, 51, 1, -1,
      642, 1, 640, -1,
      640, 1, 2, -1,
      640, 2, 3, -1,
      643, 639, 4, -1,
      4, 639, 3, -1,
      643, 4, 6, -1,
      643, 6, 644, -1,
      6, 11, 644, -1,
      644, 11, 12, -1,
      644, 12, 645, -1,
      645, 12, 27, -1,
      645, 27, 646, -1,
      646, 27, 26, -1,
      646, 26, 647, -1,
      647, 26, 20, -1,
      647, 20, 648, -1,
      648, 20, 19, -1,
      648, 19, 649, -1,
      649, 19, 23, -1,
      649, 23, 650, -1,
      650, 23, 25, -1,
      650, 25, 651, -1,
      651, 25, 24, -1,
      651, 24, 652, -1,
      652, 24, 10, -1,
      652, 10, 653, -1,
      653, 10, 9, -1,
      653, 9, 654, -1,
      654, 9, 5, -1,
      654, 5, 655, -1,
      655, 5, 7, -1,
      655, 7, 656, -1,
      656, 7, 8, -1,
      656, 8, 657, -1,
      657, 8, 22, -1,
      657, 22, 658, -1,
      658, 22, 21, -1,
      658, 21, 659, -1,
      659, 21, 18, -1,
      659, 18, 660, -1,
      660, 18, 17, -1,
      660, 17, 661, -1,
      661, 17, 16, -1,
      661, 16, 662, -1,
      0, 663, 664, -1,
      662, 16, 15, -1,
      662, 15, 665, -1,
      665, 15, 14, -1,
      665, 14, 664, -1,
      664, 14, 13, -1,
      664, 13, 0, -1,
      666, 663, 31, -1,
      31, 663, 0, -1,
      32, 667, 668, -1,
      666, 31, 30, -1,
      666, 30, 669, -1,
      30, 29, 669, -1,
      669, 29, 28, -1,
      669, 28, 668, -1,
      668, 28, 33, -1,
      668, 33, 32, -1,
      32, 34, 667, -1,
      667, 34, 670, -1,
      34, 35, 670, -1,
      670, 35, 36, -1,
      670, 36, 671, -1,
      671, 36, 39, -1,
      671, 39, 672, -1,
      672, 39, 38, -1,
      672, 38, 673, -1,
      673, 38, 37, -1,
      673, 37, 674, -1,
      674, 37, 45, -1,
      674, 45, 675, -1,
      45, 44, 675, -1,
      675, 44, 43, -1,
      675, 43, 676, -1,
      676, 43, 42, -1,
      676, 42, 677, -1,
      677, 42, 41, -1,
      677, 41, 678, -1,
      678, 41, 40, -1,
      678, 40, 679, -1,
      40, 50, 679, -1,
      679, 50, 49, -1,
      679, 49, 680, -1,
      680, 49, 48, -1,
      680, 48, 681, -1,
      681, 48, 47, -1,
      681, 47, 682, -1,
      682, 47, 46, -1,
      682, 46, 683, -1,
      683, 46, 53, -1,
      683, 53, 684, -1,
      684, 53, 52, -1,
      684, 52, 641, -1,
      664, 663, 666, -1,
      659, 660, 670, -1,
      655, 656, 674, -1,
      670, 660, 667, -1,
      664, 666, 665, -1,
      639, 643, 640, -1,
      640, 643, 644, -1,
      640, 644, 642, -1,
      642, 644, 645, -1,
      642, 645, 641, -1,
      641, 645, 646, -1,
      641, 646, 684, -1,
      684, 646, 647, -1,
      684, 647, 683, -1,
      683, 647, 648, -1,
      683, 648, 682, -1,
      682, 648, 649, -1,
      682, 649, 681, -1,
      681, 649, 650, -1,
      681, 650, 680, -1,
      680, 650, 651, -1,
      680, 651, 679, -1,
      679, 651, 678, -1,
      678, 651, 652, -1,
      678, 652, 677, -1,
      674, 656, 673, -1,
      660, 661, 667, -1,
      667, 661, 662, -1,
      667, 662, 668, -1,
      668, 662, 665, -1,
      668, 665, 669, -1,
      669, 665, 666, -1,
      670, 671, 659, -1,
      659, 671, 672, -1,
      659, 672, 658, -1,
      658, 672, 673, -1,
      658, 673, 657, -1,
      657, 673, 656, -1,
      652, 653, 677, -1,
      677, 653, 654, -1,
      677, 654, 676, -1,
      676, 654, 655, -1,
      676, 655, 675, -1,
      675, 655, 674, -1,
      685, 686, 60, -1,
      60, 686, 67, -1,
      56, 687, 58, -1,
      58, 687, 685, -1,
      58, 685, 60, -1,
      688, 687, 55, -1,
      55, 687, 56, -1,
      688, 55, 689, -1,
      689, 55, 57, -1,
      689, 57, 59, -1,
      690, 689, 61, -1,
      61, 689, 59, -1,
      65, 691, 63, -1,
      63, 691, 690, -1,
      63, 690, 61, -1,
      692, 691, 66, -1,
      66, 691, 65, -1,
      692, 66, 693, -1,
      693, 66, 64, -1,
      693, 64, 62, -1,
      694, 693, 54, -1,
      54, 693, 62, -1,
      70, 695, 71, -1,
      71, 695, 694, -1,
      71, 694, 54, -1,
      696, 695, 69, -1,
      69, 695, 70, -1,
      696, 69, 686, -1,
      686, 69, 68, -1,
      686, 68, 67, -1,
      693, 694, 692, -1,
      692, 694, 695, -1,
      692, 695, 691, -1,
      686, 685, 696, -1,
      696, 685, 687, -1,
      696, 687, 688, -1,
      689, 690, 688, -1,
      688, 690, 691, -1,
      688, 691, 696, -1,
      696, 691, 695, -1,
      697, 698, 699, -1,
      699, 698, 700, -1,
      699, 700, 701, -1,
      701, 700, 702, -1,
      701, 702, 703, -1,
      703, 702, 704, -1,
      703, 704, 705, -1,
      705, 704, 706, -1,
      705, 706, 707, -1,
      707, 706, 708, -1,
      707, 708, 709, -1,
      709, 708, 710, -1,
      709, 710, 711, -1,
      711, 710, 712, -1,
      711, 712, 713, -1,
      713, 712, 714, -1,
      713, 714, 715, -1,
      715, 714, 716, -1,
      715, 716, 717, -1,
      717, 716, 718, -1,
      717, 718, 719, -1,
      719, 718, 720, -1,
      719, 720, 721, -1,
      721, 720, 722, -1,
      721, 722, 723, -1,
      723, 722, 724, -1,
      723, 724, 725, -1,
      725, 724, 726, -1,
      725, 726, 727, -1,
      727, 726, 728, -1,
      727, 728, 729, -1,
      729, 728, 730, -1,
      729, 730, 731, -1,
      731, 730, 697, -1,
      731, 697, 699, -1,
      705, 707, 73, -1,
      73, 707, 75, -1,
      82, 699, 701, -1,
      705, 73, 72, -1,
      705, 72, 703, -1,
      703, 72, 84, -1,
      703, 84, 701, -1,
      701, 84, 83, -1,
      701, 83, 82, -1,
      699, 82, 78, -1,
      699, 78, 731, -1,
      731, 78, 77, -1,
      731, 77, 729, -1,
      729, 77, 81, -1,
      729, 81, 727, -1,
      727, 81, 90, -1,
      727, 90, 725, -1,
      725, 90, 89, -1,
      725, 89, 723, -1,
      723, 89, 88, -1,
      723, 88, 721, -1,
      721, 88, 80, -1,
      721, 80, 719, -1,
      719, 80, 79, -1,
      719, 79, 717, -1,
      74, 711, 713, -1,
      717, 79, 87, -1,
      717, 87, 715, -1,
      715, 87, 86, -1,
      715, 86, 713, -1,
      713, 86, 85, -1,
      713, 85, 74, -1,
      709, 711, 76, -1,
      76, 711, 74, -1,
      707, 709, 75, -1,
      75, 709, 76, -1,
      712, 710, 732, -1,
      732, 710, 733, -1,
      710, 708, 733, -1,
      733, 708, 734, -1,
      708, 706, 734, -1,
      734, 706, 735, -1,
      698, 736, 737, -1,
      698, 737, 700, -1,
      700, 737, 738, -1,
      700, 738, 702, -1,
      702, 738, 739, -1,
      702, 739, 704, -1,
      704, 739, 735, -1,
      704, 735, 706, -1,
      726, 740, 741, -1,
      726, 741, 728, -1,
      728, 741, 742, -1,
      728, 742, 730, -1,
      730, 742, 743, -1,
      730, 743, 697, -1,
      697, 743, 736, -1,
      697, 736, 698, -1,
      718, 744, 745, -1,
      718, 745, 720, -1,
      720, 745, 746, -1,
      720, 746, 722, -1,
      722, 746, 747, -1,
      722, 747, 724, -1,
      724, 747, 740, -1,
      724, 740, 726, -1,
      712, 732, 748, -1,
      712, 748, 714, -1,
      714, 748, 749, -1,
      714, 749, 716, -1,
      716, 749, 744, -1,
      716, 744, 718, -1,
    ]
  }
}

Shape {
  appearance Appearance {
    material Material {
      diffuseColor 0.2510 0.2510 0.2510
      specularColor 0.1255 0.1255 0.1255
      ambientIntensity 0.2
      transparency 0.0000
      shininess 0.5
    }
  }
  geometry IndexedFaceSet {
    ccw TRUE
    solid FALSE
    coord DEF co Coordinate {
      point [
        0.585611 -0.930696 0.241002,
        0.580011 -0.930696 0.241002,
        0.580011 -0.934674 0.212702,
        0.585393 -0.934674 0.212702,
        0.596413 -0.934136 0.216530,
        0.595615 -0.934235 0.215821,
        0.593129 -0.934456 0.214254,
        0.589907 -0.934609 0.213159,
        0.600374 -0.932635 0.227209,
        0.600276 -0.932928 0.225121,
        0.599592 -0.933408 0.221704,
        0.598349 -0.933796 0.218946,
        0.596309 -0.931181 0.237549,
        0.597520 -0.931352 0.236336,
        0.598913 -0.931649 0.234225,
        0.599913 -0.932039 0.231449,
        0.590213 -0.930764 0.240520,
        0.593459 -0.930921 0.239400,
      ]
    }
    coordIndex [
      1, 2, 0, -1,
      0, 2, 3, -1,
      0, 3, 7, -1,
      7, 6, 0, -1,
      0, 6, 5, -1,
      0, 5, 4, -1,
      4, 11, 0, -1,
      0, 11, 10, -1,
      0, 10, 9, -1,
      9, 8, 0, -1,
      0, 8, 15, -1,
      0, 15, 14, -1,
      14, 13, 0, -1,
      0, 13, 12, -1,
      0, 12, 16, -1,
      16, 12, 17, -1,
    ]
  }
}

Shape {
  appearance Appearance {
    material Material {
      diffuseColor 1.0000 1.0000 1.0000
      specularColor 0.5020 0.5020 0.5020
      ambientIntensity 0.2
      transparency 0.0000
      shininess 0.5
    }
  }
  geometry IndexedFaceSet {
    ccw TRUE
    solid FALSE
    coord DEF co Coordinate {
      point [
        0.618146 -0.931358 0.236294,
        0.621581 -0.930103 0.245225,
        0.626697 -0.930103 0.245225,
        0.631748 -0.933851 0.218557,
        0.618146 -0.933851 0.218557,
        0.635529 -0.935262 0.208517,
        0.640816 -0.935262 0.208517,
        0.607462 -0.935262 0.208517,
        0.612749 -0.935262 0.208517,
        0.616312 -0.933851 0.218557,
        0.617828 -0.937167 0.223252,
        0.616312 -0.937750 0.219105,
        0.630270 -0.937167 0.223252,
        0.631748 -0.937750 0.219105,
        0.623371 -0.935022 0.238510,
        0.621581 -0.934002 0.245773,
        0.607462 -0.939161 0.209065,
        0.612749 -0.939161 0.209065,
        0.623693 -0.934868 0.239606,
        0.623978 -0.934661 0.241081,
        0.626697 -0.934002 0.245773,
        0.624092 -0.934661 0.241081,
        0.624391 -0.934879 0.239528,
        0.624670 -0.935022 0.238510,
        0.640816 -0.939161 0.209065,
        0.635529 -0.939161 0.209065,
        0.617828 -0.933268 0.222704,
        0.630270 -0.933268 0.222704,
        0.624670 -0.931124 0.237962,
        0.624092 -0.930762 0.240533,
        0.624391 -0.930980 0.238980,
        0.623978 -0.930762 0.240533,
        0.623371 -0.931124 0.237962,
        0.623693 -0.930970 0.239057,
      ]
    }
    coordIndex [
      10, 11, 12, -1,
      12, 11, 13, -1,
      14, 15, 10, -1,
      10, 15, 16, -1,
      10, 16, 11, -1,
      11, 16, 17, -1,
      14, 18, 15, -1,
      15, 18, 19, -1,
      15, 19, 20, -1,
      20, 19, 21, -1,
      20, 21, 22, -1,
      22, 23, 20, -1,
      20, 23, 12, -1,
      20, 12, 24, -1,
      24, 12, 13, -1,
      24, 13, 25, -1,
      20, 24, 2, -1,
      2, 24, 6, -1,
      15, 20, 1, -1,
      1, 20, 2, -1,
      7, 16, 0, -1,
      0, 16, 15, -1,
      0, 15, 1, -1,
      17, 16, 8, -1,
      8, 16, 7, -1,
      11, 17, 9, -1,
      9, 17, 8, -1,
      3, 13, 4, -1,
      4, 13, 11, -1,
      4, 11, 9, -1,
      25, 13, 5, -1,
      5, 13, 3, -1,
      24, 25, 6, -1,
      6, 25, 5, -1,
      10, 12, 26, -1,
      26, 12, 27, -1,
      12, 23, 27, -1,
      27, 23, 28, -1,
      21, 29, 30, -1,
      21, 30, 22, -1,
      22, 30, 28, -1,
      22, 28, 23, -1,
      21, 19, 29, -1,
      29, 19, 31, -1,
      14, 32, 33, -1,
      14, 33, 18, -1,
      18, 33, 31, -1,
      18, 31, 19, -1,
      14, 10, 32, -1,
      32, 10, 26, -1,
    ]
  }
}

Shape {
  appearance Appearance {
    material Material {
      diffuseColor 0.2510 0.2510 0.2510
      specularColor 0.1255 0.1255 0.1255
      ambientIntensity 0.2
      transparency 0.0000
      shininess 0.5
    }
  }
  geometry IndexedFaceSet {
    ccw TRUE
    solid FALSE
    coord DEF co Coordinate {
      point [
        0.617828 -0.933268 0.222704,
        0.630270 -0.933268 0.222704,
        0.624670 -0.931124 0.237962,
        0.624092 -0.930762 0.240533,
        0.624391 -0.930980 0.238980,
        0.623978 -0.930762 0.240533,
        0.623371 -0.931124 0.237962,
        0.623693 -0.930970 0.239057,
      ]
    }
    coordIndex [
      3, 5, 4, -1,
      4, 5, 7, -1,
      4, 7, 2, -1,
      2, 7, 6, -1,
      2, 6, 1, -1,
      1, 6, 0, -1,
    ]
  }
}

Shape {
  appearance Appearance {
    material Material {
      diffuseColor 1.0000 1.0000 1.0000
      specularColor 0.5020 0.5020 0.5020
      ambientIntensity 0.2
      transparency 0.0000
      shininess 0.5
    }
  }
  geometry IndexedFaceSet {
    ccw TRUE
    solid FALSE
    coord DEF co Coordinate {
      point [
        0.511985 -0.942858 0.154468,
        0.511985 -0.943446 0.150283,
        0.496833 -0.940531 0.171020,
        0.510089 -0.940531 0.171020,
        0.510089 -0.941122 0.166817,
        0.496833 -0.941122 0.166817,
        0.496833 -0.942858 0.154468,
        0.511790 -0.942858 0.154468,
        0.511141 -0.938287 0.186991,
        0.511141 -0.938881 0.182769,
        0.492048 -0.938287 0.186991,
        0.496833 -0.938982 0.182046,
        0.496833 -0.938881 0.182769,
        0.492048 -0.938982 0.182046,
        0.492048 -0.943446 0.150283,
        0.511790 -0.943446 0.150283,
        0.517198 -0.941924 0.161114,
        0.518154 -0.941714 0.162609,
        0.519015 -0.940648 0.170194,
        0.537702 -0.941075 0.167154,
        0.537702 -0.943446 0.150283,
        0.533059 -0.943446 0.150283,
        0.529268 -0.940225 0.173203,
        0.527695 -0.940202 0.173366,
        0.525213 -0.941257 0.165859,
        0.519509 -0.941539 0.163852,
        0.521372 -0.941396 0.164872,
        0.522220 -0.940367 0.172189,
        0.525128 -0.940236 0.173122,
        0.517219 -0.942971 0.153662,
        0.516657 -0.942753 0.155217,
        0.533059 -0.942876 0.154336,
        0.532935 -0.942876 0.154336,
        0.532212 -0.943030 0.153246,
        0.530746 -0.943250 0.151683,
        0.520267 -0.943395 0.150648,
        0.522046 -0.943488 0.149983,
        0.522131 -0.943490 0.149973,
        0.518703 -0.943243 0.151728,
        0.518183 -0.943170 0.152249,
        0.516429 -0.942459 0.157302,
        0.516639 -0.942161 0.159428,
        0.519015 -0.940020 0.174661,
        0.520354 -0.939915 0.175405,
        0.533059 -0.941104 0.166948,
        0.532897 -0.940818 0.168981,
        0.532417 -0.940588 0.170618,
        0.531871 -0.940455 0.171565,
        0.523878 -0.939741 0.176645,
        0.528131 -0.939677 0.177101,
        0.531384 -0.939726 0.176752,
        0.533233 -0.939817 0.176105,
        0.534702 -0.939947 0.175177,
        0.531169 -0.940351 0.172304,
        0.530345 -0.940277 0.172830,
        0.535495 -0.940054 0.174417,
        0.536478 -0.940254 0.173000,
        0.537244 -0.940530 0.171034,
        0.524824 -0.943533 0.149663,
        0.527218 -0.943496 0.149926,
        0.527350 -0.943490 0.149973,
        0.529101 -0.943402 0.150600,
        0.511985 -0.946757 0.155016,
        0.511985 -0.947344 0.150831,
        0.496833 -0.946757 0.155016,
        0.496833 -0.945021 0.167365,
        0.510089 -0.945021 0.167365,
        0.510089 -0.944430 0.171568,
        0.496833 -0.944430 0.171568,
        0.496833 -0.942779 0.183316,
        0.511141 -0.942779 0.183316,
        0.511141 -0.942186 0.187539,
        0.492048 -0.942186 0.187539,
        0.492048 -0.947344 0.150831,
        0.532935 -0.946775 0.154884,
        0.533059 -0.946775 0.154884,
        0.532755 -0.946180 0.159115,
        0.533054 -0.945892 0.161167,
        0.537702 -0.944974 0.167702,
        0.533059 -0.945849 0.161472,
        0.533059 -0.945496 0.163986,
        0.533059 -0.947344 0.150831,
        0.537702 -0.947344 0.150831,
        0.531384 -0.943625 0.177300,
        0.530345 -0.944176 0.173378,
        0.533233 -0.943716 0.176653,
        0.531169 -0.944250 0.172852,
        0.521372 -0.945294 0.165420,
        0.523026 -0.945770 0.162038,
        0.524161 -0.945697 0.162554,
        0.532074 -0.946411 0.157474,
        0.531069 -0.946601 0.156123,
        0.532212 -0.946928 0.153794,
        0.530486 -0.946680 0.155559,
        0.530746 -0.947148 0.152230,
        0.529174 -0.946804 0.154683,
        0.529101 -0.947300 0.151147,
        0.527765 -0.946874 0.154176,
        0.527218 -0.947395 0.150474,
        0.526028 -0.946902 0.153983,
        0.524824 -0.947432 0.150211,
        0.524459 -0.946877 0.154159,
        0.522046 -0.947387 0.150531,
        0.523409 -0.946824 0.154540,
        0.520267 -0.947293 0.151195,
        0.522483 -0.946735 0.155166,
        0.518703 -0.947142 0.152276,
        0.522089 -0.946680 0.155559,
        0.519015 -0.943919 0.175209,
        0.519015 -0.944546 0.170743,
        0.520354 -0.943814 0.175952,
        0.522220 -0.944266 0.172737,
        0.523878 -0.943640 0.177193,
        0.525128 -0.944135 0.173670,
        0.528131 -0.943576 0.177649,
        0.527695 -0.944100 0.173914,
        0.529268 -0.944124 0.173751,
        0.525213 -0.945156 0.166407,
        0.526861 -0.945612 0.163161,
        0.533059 -0.945003 0.167496,
        0.532897 -0.944717 0.169529,
        0.537244 -0.944428 0.171582,
        0.532417 -0.944487 0.171166,
        0.536478 -0.944152 0.173548,
        0.531871 -0.944354 0.172113,
        0.535495 -0.943953 0.174965,
        0.534702 -0.943846 0.175725,
        0.522370 -0.945839 0.161546,
        0.519509 -0.945438 0.164400,
        0.521814 -0.945935 0.160865,
        0.518154 -0.945613 0.163157,
        0.521407 -0.946055 0.160007,
        0.517198 -0.945822 0.161662,
        0.521178 -0.946203 0.158955,
        0.516639 -0.946059 0.159976,
        0.521138 -0.946306 0.158225,
        0.516429 -0.946358 0.157850,
        0.521256 -0.946454 0.157169,
        0.516657 -0.946651 0.155765,
        0.521561 -0.946571 0.156334,
        0.517219 -0.946870 0.154210,
        0.518183 -0.947069 0.152797,
        0.522370 -0.941940 0.160999,
        0.523026 -0.941871 0.161490,
        0.524161 -0.941798 0.162006,
        0.526861 -0.941713 0.162613,
        0.521138 -0.942407 0.157677,
        0.521178 -0.942304 0.158407,
        0.521407 -0.942156 0.159460,
        0.521814 -0.942036 0.160317,
        0.522483 -0.942837 0.154618,
        0.522089 -0.942781 0.155011,
        0.521561 -0.942672 0.155786,
        0.521256 -0.942555 0.156621,
        0.526028 -0.943003 0.153435,
        0.524459 -0.942978 0.153611,
        0.523409 -0.942925 0.153992,
        0.531069 -0.942702 0.155575,
        0.530486 -0.942781 0.155011,
        0.529174 -0.942905 0.154135,
        0.527765 -0.942976 0.153628,
        0.533059 -0.941951 0.160924,
        0.533054 -0.941993 0.160619,
        0.532755 -0.942282 0.158567,
        0.532074 -0.942512 0.156927,
        0.533059 -0.941597 0.163439,
      ]
    }
    coordIndex [
      62, 63, 0, -1,
      0, 63, 1, -1,
      6, 64, 7, -1,
      7, 64, 62, -1,
      7, 62, 0, -1,
      65, 64, 5, -1,
      5, 64, 6, -1,
      66, 65, 4, -1,
      4, 65, 5, -1,
      67, 66, 3, -1,
      3, 66, 4, -1,
      68, 67, 2, -1,
      2, 67, 3, -1,
      12, 69, 11, -1,
      11, 69, 68, -1,
      11, 68, 2, -1,
      70, 69, 9, -1,
      9, 69, 12, -1,
      71, 70, 8, -1,
      8, 70, 9, -1,
      72, 71, 10, -1,
      10, 71, 8, -1,
      14, 73, 13, -1,
      13, 73, 72, -1,
      13, 72, 10, -1,
      1, 63, 15, -1,
      15, 63, 73, -1,
      15, 73, 14, -1,
      70, 71, 69, -1,
      69, 71, 72, -1,
      69, 72, 68, -1,
      63, 62, 73, -1,
      73, 62, 64, -1,
      73, 64, 65, -1,
      66, 67, 65, -1,
      65, 67, 68, -1,
      65, 68, 73, -1,
      73, 68, 72, -1,
      74, 75, 76, -1,
      77, 78, 79, -1,
      79, 78, 80, -1,
      81, 82, 75, -1,
      75, 82, 78, -1,
      75, 78, 76, -1,
      76, 78, 77, -1,
      83, 84, 85, -1,
      85, 84, 86, -1,
      87, 88, 89, -1,
      76, 90, 74, -1,
      74, 90, 91, -1,
      74, 91, 92, -1,
      92, 91, 93, -1,
      92, 93, 94, -1,
      94, 93, 95, -1,
      94, 95, 96, -1,
      96, 95, 97, -1,
      96, 97, 98, -1,
      98, 97, 99, -1,
      98, 99, 100, -1,
      100, 99, 101, -1,
      100, 101, 102, -1,
      102, 101, 103, -1,
      102, 103, 104, -1,
      104, 103, 105, -1,
      104, 105, 106, -1,
      106, 105, 107, -1,
      108, 109, 110, -1,
      110, 109, 111, -1,
      110, 111, 112, -1,
      112, 111, 113, -1,
      112, 113, 114, -1,
      114, 113, 115, -1,
      114, 115, 83, -1,
      83, 115, 116, -1,
      83, 116, 84, -1,
      87, 89, 117, -1,
      117, 89, 118, -1,
      117, 118, 119, -1,
      118, 80, 119, -1,
      119, 80, 78, -1,
      119, 78, 120, -1,
      120, 78, 121, -1,
      120, 121, 122, -1,
      122, 121, 123, -1,
      122, 123, 124, -1,
      124, 123, 125, -1,
      124, 125, 86, -1,
      86, 125, 126, -1,
      86, 126, 85, -1,
      88, 87, 127, -1,
      127, 87, 128, -1,
      127, 128, 129, -1,
      129, 128, 130, -1,
      129, 130, 131, -1,
      131, 130, 132, -1,
      131, 132, 133, -1,
      133, 132, 134, -1,
      133, 134, 135, -1,
      135, 134, 136, -1,
      135, 136, 137, -1,
      137, 136, 138, -1,
      137, 138, 139, -1,
      139, 138, 140, -1,
      139, 140, 107, -1,
      107, 140, 141, -1,
      107, 141, 106, -1,
      114, 49, 48, -1,
      114, 48, 112, -1,
      112, 48, 43, -1,
      112, 43, 110, -1,
      110, 43, 42, -1,
      110, 42, 108, -1,
      109, 108, 18, -1,
      18, 108, 42, -1,
      109, 18, 27, -1,
      109, 27, 111, -1,
      111, 27, 28, -1,
      111, 28, 113, -1,
      113, 28, 23, -1,
      113, 23, 115, -1,
      115, 23, 22, -1,
      115, 22, 116, -1,
      116, 22, 54, -1,
      116, 54, 84, -1,
      84, 54, 53, -1,
      84, 53, 86, -1,
      86, 53, 47, -1,
      86, 47, 124, -1,
      124, 47, 46, -1,
      124, 46, 122, -1,
      122, 46, 45, -1,
      122, 45, 120, -1,
      120, 45, 44, -1,
      120, 44, 119, -1,
      117, 119, 24, -1,
      24, 119, 44, -1,
      117, 24, 26, -1,
      117, 26, 87, -1,
      87, 26, 25, -1,
      87, 25, 128, -1,
      128, 25, 17, -1,
      128, 17, 130, -1,
      130, 17, 16, -1,
      130, 16, 132, -1,
      132, 16, 41, -1,
      132, 41, 134, -1,
      134, 41, 40, -1,
      134, 40, 136, -1,
      136, 40, 30, -1,
      136, 30, 138, -1,
      138, 30, 29, -1,
      138, 29, 140, -1,
      140, 29, 39, -1,
      140, 39, 141, -1,
      141, 39, 38, -1,
      141, 38, 106, -1,
      58, 100, 37, -1,
      37, 100, 102, -1,
      37, 102, 36, -1,
      36, 102, 104, -1,
      36, 104, 35, -1,
      35, 104, 106, -1,
      35, 106, 38, -1,
      100, 58, 59, -1,
      100, 59, 98, -1,
      98, 59, 60, -1,
      98, 60, 96, -1,
      60, 61, 96, -1,
      96, 61, 34, -1,
      96, 34, 94, -1,
      94, 34, 33, -1,
      94, 33, 92, -1,
      92, 33, 32, -1,
      92, 32, 74, -1,
      75, 74, 31, -1,
      31, 74, 32, -1,
      81, 75, 21, -1,
      21, 75, 31, -1,
      82, 81, 20, -1,
      20, 81, 21, -1,
      78, 82, 19, -1,
      19, 82, 20, -1,
      78, 19, 57, -1,
      78, 57, 121, -1,
      121, 57, 56, -1,
      121, 56, 123, -1,
      123, 56, 55, -1,
      123, 55, 125, -1,
      125, 55, 52, -1,
      125, 52, 126, -1,
      126, 52, 51, -1,
      126, 51, 85, -1,
      85, 51, 50, -1,
      85, 50, 83, -1,
      83, 50, 49, -1,
      83, 49, 114, -1,
      127, 142, 143, -1,
      127, 143, 88, -1,
      88, 143, 144, -1,
      88, 144, 89, -1,
      89, 144, 145, -1,
      89, 145, 118, -1,
      135, 146, 147, -1,
      135, 147, 133, -1,
      133, 147, 148, -1,
      133, 148, 131, -1,
      131, 148, 149, -1,
      131, 149, 129, -1,
      129, 149, 142, -1,
      129, 142, 127, -1,
      105, 150, 151, -1,
      105, 151, 107, -1,
      107, 151, 152, -1,
      107, 152, 139, -1,
      139, 152, 153, -1,
      139, 153, 137, -1,
      137, 153, 146, -1,
      137, 146, 135, -1,
      99, 154, 155, -1,
      99, 155, 101, -1,
      101, 155, 156, -1,
      101, 156, 103, -1,
      103, 156, 150, -1,
      103, 150, 105, -1,
      91, 157, 158, -1,
      91, 158, 93, -1,
      93, 158, 159, -1,
      93, 159, 95, -1,
      95, 159, 160, -1,
      95, 160, 97, -1,
      97, 160, 154, -1,
      97, 154, 99, -1,
      79, 161, 162, -1,
      79, 162, 77, -1,
      77, 162, 163, -1,
      77, 163, 76, -1,
      76, 163, 164, -1,
      76, 164, 90, -1,
      90, 164, 157, -1,
      90, 157, 91, -1,
      79, 80, 161, -1,
      161, 80, 165, -1,
      80, 118, 165, -1,
      165, 118, 145, -1,
    ]
  }
}

Shape {
  appearance Appearance {
    material Material {
      diffuseColor 0.2510 0.2510 0.2510
      specularColor 0.1255 0.1255 0.1255
      ambientIntensity 0.2
      transparency 0.0000
      shininess 0.5
    }
  }
  geometry IndexedFaceSet {
    ccw TRUE
    solid FALSE
    coord DEF co Coordinate {
      point [
        0.522370 -0.941940 0.160999,
        0.523026 -0.941871 0.161490,
        0.524161 -0.941798 0.162006,
        0.526861 -0.941713 0.162613,
        0.521138 -0.942407 0.157677,
        0.521178 -0.942304 0.158407,
        0.521407 -0.942156 0.159460,
        0.521814 -0.942036 0.160317,
        0.522483 -0.942837 0.154618,
        0.522089 -0.942781 0.155011,
        0.521561 -0.942672 0.155786,
        0.521256 -0.942555 0.156621,
        0.526028 -0.943003 0.153435,
        0.524459 -0.942978 0.153611,
        0.523409 -0.942925 0.153992,
        0.531069 -0.942702 0.155575,
        0.530486 -0.942781 0.155011,
        0.529174 -0.942905 0.154135,
        0.527765 -0.942976 0.153628,
        0.533059 -0.941951 0.160924,
        0.533054 -0.941993 0.160619,
        0.532755 -0.942282 0.158567,
        0.532074 -0.942512 0.156927,
        0.533059 -0.941597 0.163439,
      ]
    }
    coordIndex [
      23, 3, 19, -1,
      19, 3, 2, -1,
      2, 1, 19, -1,
      19, 1, 0, -1,
      19, 0, 20, -1,
      20, 0, 21, -1,
      21, 0, 7, -1,
      21, 7, 22, -1,
      9, 8, 16, -1,
      9, 16, 10, -1,
      17, 16, 18, -1,
      18, 16, 12, -1,
      7, 6, 22, -1,
      22, 6, 5, -1,
      22, 5, 15, -1,
      15, 5, 4, -1,
      15, 4, 16, -1,
      16, 4, 11, -1,
      16, 11, 10, -1,
      8, 14, 16, -1,
      16, 14, 13, -1,
      16, 13, 12, -1,
    ]
  }
}

Shape {
  appearance Appearance {
    material Material {
      diffuseColor 1.0000 1.0000 1.0000
      specularColor 0.5020 0.5020 0.5020
      ambientIntensity 0.2
      transparency 0.0000
      shininess 0.5
    }
  }
  geometry IndexedFaceSet {
    ccw TRUE
    solid FALSE
    coord DEF co Coordinate {
      point [
        0.589704 -0.939761 0.176500,
        0.579143 -0.943490 0.149973,
        0.594707 -0.943446 0.150283,
        0.594707 -0.938982 0.182046,
        0.621647 -0.943446 0.150283,
        0.621647 -0.938982 0.182046,
        0.621647 -0.938287 0.186991,
        0.632222 -0.938287 0.186991,
        0.646320 -0.938982 0.182046,
        0.646236 -0.938970 0.182130,
        0.642811 -0.938635 0.184515,
        0.638407 -0.938392 0.186242,
        0.648837 -0.942300 0.158440,
        0.646236 -0.942723 0.155425,
        0.642298 -0.943115 0.152641,
        0.638057 -0.943343 0.151021,
        0.631843 -0.943446 0.150283,
        0.647908 -0.939205 0.180457,
        0.650109 -0.939672 0.177137,
        0.651366 -0.940181 0.173518,
        0.651827 -0.940801 0.169106,
        0.651682 -0.941174 0.166449,
        0.650725 -0.941771 0.162202,
        0.614644 -0.942858 0.154468,
        0.614644 -0.943446 0.150283,
        0.612749 -0.941122 0.166817,
        0.606433 -0.942858 0.154468,
        0.606433 -0.941122 0.166817,
        0.599493 -0.942858 0.154468,
        0.599493 -0.941122 0.166817,
        0.599493 -0.938982 0.182046,
        0.599493 -0.940531 0.171020,
        0.606433 -0.940531 0.171020,
        0.612749 -0.940531 0.171020,
        0.599493 -0.938881 0.182769,
        0.606433 -0.938881 0.182769,
        0.613801 -0.938881 0.182769,
        0.613801 -0.938287 0.186991,
        0.606433 -0.938287 0.186991,
        0.594707 -0.938287 0.186991,
        0.543993 -0.943317 0.151202,
        0.547316 -0.943478 0.150054,
        0.548117 -0.943490 0.149973,
        0.557078 -0.939705 0.176900,
        0.560604 -0.939841 0.175937,
        0.560604 -0.940469 0.171470,
        0.560320 -0.941835 0.161749,
        0.561187 -0.942013 0.160483,
        0.544758 -0.940317 0.172550,
        0.545621 -0.940142 0.173792,
        0.561682 -0.942203 0.159127,
        0.561874 -0.942444 0.157414,
        0.561653 -0.942704 0.155567,
        0.561083 -0.942908 0.154110,
        0.550583 -0.939740 0.176651,
        0.554331 -0.939677 0.177101,
        0.546997 -0.939970 0.175018,
        0.548104 -0.939875 0.175694,
        0.560218 -0.943079 0.152897,
        0.558889 -0.943240 0.151746,
        0.557694 -0.943341 0.151030,
        0.545339 -0.941339 0.165278,
        0.544733 -0.941204 0.166236,
        0.543993 -0.942650 0.155950,
        0.544222 -0.941007 0.167640,
        0.544022 -0.940756 0.169425,
        0.544205 -0.940525 0.171069,
        0.548720 -0.942958 0.153754,
        0.551053 -0.941827 0.161806,
        0.545809 -0.942806 0.154839,
        0.548285 -0.941650 0.163062,
        0.546098 -0.941449 0.164491,
        0.553877 -0.940202 0.173366,
        0.552502 -0.940216 0.173264,
        0.548807 -0.940698 0.169838,
        0.551260 -0.940262 0.172939,
        0.550219 -0.940339 0.172390,
        0.548850 -0.940784 0.169226,
        0.549033 -0.940884 0.168512,
        0.549368 -0.940971 0.167892,
        0.549821 -0.941041 0.167398,
        0.551458 -0.941183 0.166385,
        0.556930 -0.940250 0.173022,
        0.554331 -0.941357 0.165146,
        0.559548 -0.940384 0.172070,
        0.556129 -0.941458 0.164426,
        0.559213 -0.941697 0.162728,
        0.551631 -0.943006 0.153417,
        0.551836 -0.943006 0.153418,
        0.554102 -0.942004 0.160541,
        0.554216 -0.942968 0.153682,
        0.557108 -0.942507 0.156964,
        0.557062 -0.942427 0.157536,
        0.549519 -0.940425 0.171777,
        0.549120 -0.940507 0.171192,
        0.548891 -0.940595 0.170571,
        0.555414 -0.942907 0.154117,
        0.555837 -0.942872 0.154371,
        0.556370 -0.942806 0.154839,
        0.556776 -0.942722 0.155433,
        0.557012 -0.942630 0.156087,
        0.556851 -0.942326 0.158254,
        0.556493 -0.942240 0.158863,
        0.555914 -0.942156 0.159460,
        0.553931 -0.943490 0.149973,
        0.551176 -0.943533 0.149663,
        0.555215 -0.943469 0.150117,
        0.584891 -0.939761 0.176500,
        0.606433 -0.943446 0.150283,
        0.576400 -0.942531 0.156795,
        0.576969 -0.942834 0.154637,
        0.577092 -0.942834 0.154637,
        0.571724 -0.940659 0.170116,
        0.577661 -0.942536 0.156757,
        0.577305 -0.942708 0.155535,
        0.571724 -0.942393 0.157774,
        0.564291 -0.939761 0.176500,
        0.569483 -0.939761 0.176500,
        0.574519 -0.943490 0.149973,
        0.574676 -0.943438 0.150339,
        0.571724 -0.944341 0.143915,
        0.571730 -0.944340 0.143922,
        0.572639 -0.944108 0.145572,
        0.570118 -0.945152 0.138148,
        0.568242 -0.945181 0.137934,
        0.567882 -0.944628 0.141875,
        0.568996 -0.944610 0.141999,
        0.567217 -0.945176 0.137970,
        0.565248 -0.945129 0.138309,
        0.565248 -0.944554 0.142401,
        0.566197 -0.944597 0.142093,
        0.570013 -0.944557 0.142376,
        0.570865 -0.944475 0.142962,
        0.577689 -0.944003 0.146323,
        0.575587 -0.944572 0.142269,
        0.573888 -0.944856 0.140248,
        0.573572 -0.944897 0.139961,
        0.571950 -0.945054 0.138839,
        0.571724 -0.945067 0.138754,
        0.551631 -0.946904 0.153965,
        0.548720 -0.946857 0.154302,
        0.545809 -0.946704 0.155387,
        0.543993 -0.946548 0.156498,
        0.543993 -0.947215 0.151750,
        0.551176 -0.947432 0.150211,
        0.547316 -0.947377 0.150602,
        0.555215 -0.947368 0.150665,
        0.557694 -0.947240 0.151577,
        0.558889 -0.947139 0.152294,
        0.560218 -0.946977 0.153445,
        0.561083 -0.946807 0.154657,
        0.561653 -0.946602 0.156115,
        0.561874 -0.946343 0.157962,
        0.561682 -0.946102 0.159675,
        0.561187 -0.945911 0.161031,
        0.560320 -0.945733 0.162297,
        0.559213 -0.945596 0.163276,
        0.556129 -0.945357 0.164974,
        0.554331 -0.945256 0.165694,
        0.551458 -0.945082 0.166933,
        0.549821 -0.944939 0.167946,
        0.549368 -0.944870 0.168440,
        0.549033 -0.944783 0.169060,
        0.548850 -0.944682 0.169774,
        0.548807 -0.944596 0.170386,
        0.548891 -0.944493 0.171119,
        0.549120 -0.944406 0.171740,
        0.549519 -0.944324 0.172325,
        0.550219 -0.944238 0.172938,
        0.551260 -0.944161 0.173486,
        0.552502 -0.944115 0.173812,
        0.553877 -0.944100 0.173914,
        0.556930 -0.944149 0.173570,
        0.559548 -0.944283 0.172618,
        0.560604 -0.944367 0.172019,
        0.560604 -0.943739 0.176485,
        0.557078 -0.943604 0.177448,
        0.554331 -0.943576 0.177649,
        0.550583 -0.943639 0.177199,
        0.548104 -0.943774 0.176241,
        0.546997 -0.943869 0.175565,
        0.545621 -0.944041 0.174340,
        0.544758 -0.944215 0.173097,
        0.544205 -0.944423 0.171617,
        0.544022 -0.944654 0.169973,
        0.544222 -0.944906 0.168188,
        0.544733 -0.945103 0.166784,
        0.545339 -0.945237 0.165826,
        0.546098 -0.945348 0.165039,
        0.548285 -0.945549 0.163610,
        0.551053 -0.945725 0.162354,
        0.554102 -0.945903 0.161089,
        0.555914 -0.946055 0.160008,
        0.556493 -0.946139 0.159411,
        0.556851 -0.946224 0.158802,
        0.557062 -0.946325 0.158084,
        0.557108 -0.946406 0.157512,
        0.557012 -0.946529 0.156635,
        0.556776 -0.946621 0.155981,
        0.556370 -0.946704 0.155387,
        0.555837 -0.946770 0.154919,
        0.555414 -0.946806 0.154665,
        0.554216 -0.946867 0.154230,
        0.551836 -0.946904 0.153966,
        0.584891 -0.943660 0.177048,
        0.589704 -0.943660 0.177048,
        0.577661 -0.946435 0.157305,
        0.577305 -0.946607 0.156083,
        0.577092 -0.946733 0.155185,
        0.576969 -0.946733 0.155185,
        0.576400 -0.946430 0.157343,
        0.569483 -0.943660 0.177048,
        0.564291 -0.943660 0.177048,
        0.574676 -0.947337 0.150887,
        0.572639 -0.948007 0.146120,
        0.571730 -0.948239 0.144470,
        0.570865 -0.948374 0.143510,
        0.570013 -0.948456 0.142924,
        0.568996 -0.948509 0.142547,
        0.567882 -0.948526 0.142423,
        0.566197 -0.948496 0.142640,
        0.565248 -0.948452 0.142948,
        0.565248 -0.949028 0.138857,
        0.567217 -0.949075 0.138519,
        0.568242 -0.949080 0.138482,
        0.570118 -0.949050 0.138696,
        0.571950 -0.948953 0.139387,
        0.573572 -0.948795 0.140509,
        0.573888 -0.948755 0.140796,
        0.575587 -0.948471 0.142817,
        0.577689 -0.947901 0.146871,
        0.614644 -0.946757 0.155016,
        0.614644 -0.947344 0.150831,
        0.599493 -0.946757 0.155016,
        0.599493 -0.945021 0.167365,
        0.612749 -0.945021 0.167365,
        0.612749 -0.944430 0.171568,
        0.599493 -0.944430 0.171568,
        0.599493 -0.942779 0.183316,
        0.613801 -0.942779 0.183316,
        0.613801 -0.942186 0.187539,
        0.594707 -0.942186 0.187539,
        0.594707 -0.947344 0.150831,
        0.644771 -0.945879 0.161260,
        0.642835 -0.946219 0.158844,
        0.646236 -0.946622 0.155973,
        0.642036 -0.946318 0.158135,
        0.642298 -0.947013 0.153189,
        0.639551 -0.946539 0.156567,
        0.638057 -0.947241 0.151569,
        0.636328 -0.946692 0.155473,
        0.631843 -0.947344 0.150831,
        0.631814 -0.946757 0.155016,
        0.621647 -0.947344 0.150831,
        0.626432 -0.946757 0.155016,
        0.621647 -0.942186 0.187539,
        0.626432 -0.942779 0.183316,
        0.632222 -0.942186 0.187539,
        0.632032 -0.942779 0.183316,
        0.638407 -0.942291 0.186790,
        0.636635 -0.942847 0.182834,
        0.642811 -0.942534 0.185062,
        0.639880 -0.943004 0.181715,
        0.646236 -0.942869 0.182678,
        0.642730 -0.943265 0.179863,
        0.647908 -0.943104 0.181005,
        0.643942 -0.943435 0.178650,
        0.650109 -0.943570 0.177685,
        0.645335 -0.943732 0.176539,
        0.651366 -0.944079 0.174065,
        0.646335 -0.944122 0.173763,
        0.651827 -0.944699 0.169654,
        0.646795 -0.944718 0.169522,
        0.651682 -0.945073 0.166997,
        0.646697 -0.945011 0.167435,
        0.650725 -0.945670 0.162750,
        0.646014 -0.945491 0.164018,
        0.648837 -0.946198 0.158988,
        0.632032 -0.938881 0.182769,
        0.626432 -0.938881 0.182769,
        0.626432 -0.942858 0.154468,
        0.631814 -0.942858 0.154468,
        0.642835 -0.942320 0.158296,
        0.642036 -0.942419 0.157587,
        0.639551 -0.942640 0.156020,
        0.636328 -0.942794 0.154926,
        0.646795 -0.940819 0.168975,
        0.646697 -0.941112 0.166887,
        0.646014 -0.941593 0.163470,
        0.644771 -0.941980 0.160712,
        0.642730 -0.939366 0.179315,
        0.643942 -0.939536 0.178102,
        0.645335 -0.939833 0.175991,
        0.646335 -0.940223 0.173215,
        0.636635 -0.938948 0.182286,
        0.639880 -0.939106 0.181167,
      ]
    }
    coordIndex [
      139, 87, 67, -1,
      139, 67, 140, -1,
      140, 67, 69, -1,
      140, 69, 141, -1,
      141, 69, 63, -1,
      141, 63, 142, -1,
      143, 142, 40, -1,
      40, 142, 63, -1,
      105, 144, 42, -1,
      42, 144, 145, -1,
      42, 145, 41, -1,
      41, 145, 143, -1,
      41, 143, 40, -1,
      105, 104, 144, -1,
      144, 104, 146, -1,
      104, 106, 146, -1,
      146, 106, 60, -1,
      146, 60, 147, -1,
      147, 60, 59, -1,
      147, 59, 148, -1,
      148, 59, 58, -1,
      148, 58, 149, -1,
      149, 58, 53, -1,
      149, 53, 150, -1,
      150, 53, 52, -1,
      150, 52, 151, -1,
      151, 52, 51, -1,
      151, 51, 152, -1,
      152, 51, 50, -1,
      152, 50, 153, -1,
      153, 50, 47, -1,
      153, 47, 154, -1,
      154, 47, 46, -1,
      154, 46, 155, -1,
      155, 46, 86, -1,
      155, 86, 156, -1,
      156, 86, 85, -1,
      156, 85, 157, -1,
      157, 85, 83, -1,
      157, 83, 158, -1,
      158, 83, 81, -1,
      158, 81, 159, -1,
      159, 81, 80, -1,
      159, 80, 160, -1,
      160, 80, 79, -1,
      160, 79, 161, -1,
      161, 79, 78, -1,
      161, 78, 162, -1,
      162, 78, 77, -1,
      162, 77, 163, -1,
      163, 77, 74, -1,
      163, 74, 164, -1,
      164, 74, 95, -1,
      164, 95, 165, -1,
      165, 95, 94, -1,
      165, 94, 166, -1,
      166, 94, 93, -1,
      166, 93, 167, -1,
      167, 93, 76, -1,
      167, 76, 168, -1,
      168, 76, 75, -1,
      168, 75, 169, -1,
      169, 75, 73, -1,
      169, 73, 170, -1,
      170, 73, 72, -1,
      170, 72, 171, -1,
      171, 72, 82, -1,
      171, 82, 172, -1,
      172, 82, 84, -1,
      172, 84, 173, -1,
      173, 84, 45, -1,
      173, 45, 174, -1,
      175, 174, 44, -1,
      44, 174, 45, -1,
      175, 44, 43, -1,
      175, 43, 176, -1,
      176, 43, 55, -1,
      176, 55, 177, -1,
      177, 55, 54, -1,
      177, 54, 178, -1,
      178, 54, 57, -1,
      178, 57, 179, -1,
      179, 57, 56, -1,
      179, 56, 180, -1,
      180, 56, 49, -1,
      180, 49, 181, -1,
      181, 49, 48, -1,
      181, 48, 182, -1,
      182, 48, 66, -1,
      182, 66, 183, -1,
      183, 66, 65, -1,
      183, 65, 184, -1,
      184, 65, 64, -1,
      184, 64, 185, -1,
      185, 64, 62, -1,
      185, 62, 186, -1,
      186, 62, 61, -1,
      186, 61, 187, -1,
      187, 61, 71, -1,
      187, 71, 188, -1,
      188, 71, 70, -1,
      188, 70, 189, -1,
      189, 70, 68, -1,
      189, 68, 190, -1,
      190, 68, 89, -1,
      190, 89, 191, -1,
      191, 89, 103, -1,
      191, 103, 192, -1,
      192, 103, 102, -1,
      192, 102, 193, -1,
      193, 102, 101, -1,
      193, 101, 194, -1,
      194, 101, 92, -1,
      194, 92, 195, -1,
      195, 92, 91, -1,
      195, 91, 196, -1,
      196, 91, 100, -1,
      196, 100, 197, -1,
      197, 100, 99, -1,
      197, 99, 198, -1,
      198, 99, 98, -1,
      198, 98, 199, -1,
      199, 98, 97, -1,
      199, 97, 200, -1,
      200, 97, 96, -1,
      200, 96, 201, -1,
      201, 96, 90, -1,
      201, 90, 202, -1,
      202, 90, 88, -1,
      202, 88, 203, -1,
      203, 88, 87, -1,
      203, 87, 139, -1,
      167, 168, 179, -1,
      179, 168, 178, -1,
      191, 158, 190, -1,
      190, 158, 159, -1,
      147, 148, 199, -1,
      199, 148, 149, -1,
      199, 149, 198, -1,
      198, 149, 150, -1,
      198, 150, 197, -1,
      197, 150, 151, -1,
      197, 151, 196, -1,
      196, 151, 152, -1,
      196, 152, 195, -1,
      195, 152, 153, -1,
      195, 153, 194, -1,
      194, 153, 154, -1,
      194, 154, 193, -1,
      193, 154, 155, -1,
      193, 155, 192, -1,
      192, 155, 156, -1,
      192, 156, 191, -1,
      191, 156, 157, -1,
      191, 157, 158, -1,
      144, 139, 145, -1,
      145, 139, 140, -1,
      145, 140, 143, -1,
      143, 140, 141, -1,
      143, 141, 142, -1,
      168, 169, 178, -1,
      178, 169, 170, -1,
      178, 170, 177, -1,
      177, 170, 171, -1,
      177, 171, 176, -1,
      176, 171, 172, -1,
      176, 172, 175, -1,
      175, 172, 173, -1,
      175, 173, 174, -1,
      199, 200, 147, -1,
      147, 200, 201, -1,
      147, 201, 146, -1,
      146, 201, 202, -1,
      146, 202, 144, -1,
      144, 202, 203, -1,
      144, 203, 139, -1,
      179, 180, 167, -1,
      167, 180, 181, -1,
      167, 181, 166, -1,
      166, 181, 182, -1,
      166, 182, 165, -1,
      165, 182, 183, -1,
      165, 183, 164, -1,
      164, 183, 184, -1,
      164, 184, 163, -1,
      163, 184, 185, -1,
      163, 185, 162, -1,
      162, 185, 186, -1,
      162, 186, 161, -1,
      161, 186, 187, -1,
      161, 187, 160, -1,
      160, 187, 188, -1,
      160, 188, 159, -1,
      159, 188, 189, -1,
      159, 189, 190, -1,
      204, 205, 107, -1,
      107, 205, 0, -1,
      206, 204, 113, -1,
      113, 204, 107, -1,
      206, 113, 114, -1,
      206, 114, 207, -1,
      207, 114, 111, -1,
      207, 111, 208, -1,
      209, 208, 110, -1,
      110, 208, 111, -1,
      210, 209, 109, -1,
      109, 209, 110, -1,
      210, 109, 211, -1,
      211, 109, 112, -1,
      211, 112, 117, -1,
      212, 211, 116, -1,
      116, 211, 117, -1,
      212, 116, 213, -1,
      213, 116, 115, -1,
      213, 115, 119, -1,
      122, 214, 118, -1,
      118, 214, 213, -1,
      118, 213, 119, -1,
      214, 122, 121, -1,
      214, 121, 215, -1,
      215, 121, 120, -1,
      215, 120, 216, -1,
      120, 132, 216, -1,
      216, 132, 131, -1,
      216, 131, 217, -1,
      217, 131, 126, -1,
      217, 126, 218, -1,
      218, 126, 125, -1,
      218, 125, 219, -1,
      219, 125, 130, -1,
      219, 130, 220, -1,
      220, 130, 129, -1,
      220, 129, 221, -1,
      222, 221, 128, -1,
      128, 221, 129, -1,
      222, 128, 127, -1,
      222, 127, 223, -1,
      223, 127, 124, -1,
      223, 124, 224, -1,
      224, 124, 123, -1,
      224, 123, 225, -1,
      225, 123, 138, -1,
      225, 138, 226, -1,
      138, 137, 226, -1,
      226, 137, 136, -1,
      226, 136, 227, -1,
      227, 136, 135, -1,
      227, 135, 228, -1,
      228, 135, 134, -1,
      228, 134, 229, -1,
      229, 134, 133, -1,
      229, 133, 230, -1,
      0, 205, 1, -1,
      1, 205, 230, -1,
      1, 230, 133, -1,
      207, 208, 230, -1,
      205, 204, 230, -1,
      230, 204, 206, -1,
      230, 206, 207, -1,
      211, 212, 210, -1,
      210, 212, 213, -1,
      210, 213, 209, -1,
      229, 215, 228, -1,
      228, 215, 216, -1,
      221, 222, 220, -1,
      220, 222, 223, -1,
      220, 223, 219, -1,
      219, 223, 224, -1,
      219, 224, 218, -1,
      218, 224, 225, -1,
      218, 225, 217, -1,
      217, 225, 226, -1,
      217, 226, 216, -1,
      216, 226, 227, -1,
      216, 227, 228, -1,
      208, 209, 230, -1,
      230, 209, 213, -1,
      230, 213, 229, -1,
      229, 213, 214, -1,
      229, 214, 215, -1,
      231, 232, 23, -1,
      23, 232, 24, -1,
      231, 23, 233, -1,
      233, 23, 26, -1,
      233, 26, 28, -1,
      234, 233, 29, -1,
      29, 233, 28, -1,
      234, 29, 235, -1,
      235, 29, 27, -1,
      235, 27, 25, -1,
      236, 235, 33, -1,
      33, 235, 25, -1,
      31, 237, 32, -1,
      32, 237, 236, -1,
      32, 236, 33, -1,
      34, 238, 30, -1,
      30, 238, 237, -1,
      30, 237, 31, -1,
      36, 239, 35, -1,
      35, 239, 238, -1,
      35, 238, 34, -1,
      240, 239, 37, -1,
      37, 239, 36, -1,
      39, 241, 38, -1,
      38, 241, 240, -1,
      38, 240, 37, -1,
      2, 242, 3, -1,
      3, 242, 241, -1,
      3, 241, 39, -1,
      242, 2, 232, -1,
      232, 2, 108, -1,
      232, 108, 24, -1,
      239, 240, 238, -1,
      238, 240, 241, -1,
      238, 241, 237, -1,
      232, 231, 242, -1,
      242, 231, 233, -1,
      242, 233, 234, -1,
      235, 236, 234, -1,
      234, 236, 237, -1,
      234, 237, 242, -1,
      242, 237, 241, -1,
      243, 244, 245, -1,
      245, 244, 246, -1,
      245, 246, 247, -1,
      247, 246, 248, -1,
      247, 248, 249, -1,
      249, 248, 250, -1,
      249, 250, 251, -1,
      251, 250, 252, -1,
      251, 252, 253, -1,
      253, 252, 254, -1,
      253, 254, 255, -1,
      255, 254, 256, -1,
      255, 256, 257, -1,
      257, 256, 258, -1,
      257, 258, 259, -1,
      259, 258, 260, -1,
      259, 260, 261, -1,
      261, 260, 262, -1,
      261, 262, 263, -1,
      263, 262, 264, -1,
      263, 264, 265, -1,
      265, 264, 266, -1,
      265, 266, 267, -1,
      267, 266, 268, -1,
      267, 268, 269, -1,
      269, 268, 270, -1,
      269, 270, 271, -1,
      271, 270, 272, -1,
      271, 272, 273, -1,
      273, 272, 274, -1,
      273, 274, 275, -1,
      275, 274, 276, -1,
      275, 276, 277, -1,
      277, 276, 243, -1,
      277, 243, 245, -1,
      251, 253, 16, -1,
      16, 253, 4, -1,
      251, 16, 15, -1,
      251, 15, 249, -1,
      249, 15, 14, -1,
      249, 14, 247, -1,
      247, 14, 13, -1,
      247, 13, 245, -1,
      245, 13, 12, -1,
      245, 12, 277, -1,
      277, 12, 22, -1,
      277, 22, 275, -1,
      275, 22, 21, -1,
      275, 21, 273, -1,
      273, 21, 20, -1,
      273, 20, 271, -1,
      9, 263, 8, -1,
      8, 263, 265, -1,
      8, 265, 17, -1,
      17, 265, 267, -1,
      17, 267, 18, -1,
      18, 267, 269, -1,
      18, 269, 19, -1,
      19, 269, 271, -1,
      19, 271, 20, -1,
      263, 9, 10, -1,
      263, 10, 261, -1,
      261, 10, 11, -1,
      261, 11, 259, -1,
      259, 11, 7, -1,
      259, 7, 257, -1,
      255, 257, 6, -1,
      6, 257, 7, -1,
      4, 253, 5, -1,
      5, 253, 255, -1,
      5, 255, 6, -1,
      258, 256, 278, -1,
      278, 256, 279, -1,
      256, 254, 279, -1,
      279, 254, 280, -1,
      254, 252, 280, -1,
      280, 252, 281, -1,
      244, 282, 283, -1,
      244, 283, 246, -1,
      246, 283, 284, -1,
      246, 284, 248, -1,
      248, 284, 285, -1,
      248, 285, 250, -1,
      250, 285, 281, -1,
      250, 281, 252, -1,
      272, 286, 287, -1,
      272, 287, 274, -1,
      274, 287, 288, -1,
      274, 288, 276, -1,
      276, 288, 289, -1,
      276, 289, 243, -1,
      243, 289, 282, -1,
      243, 282, 244, -1,
      264, 290, 291, -1,
      264, 291, 266, -1,
      266, 291, 292, -1,
      266, 292, 268, -1,
      268, 292, 293, -1,
      268, 293, 270, -1,
      270, 293, 286, -1,
      270, 286, 272, -1,
      258, 278, 294, -1,
      258, 294, 260, -1,
      260, 294, 295, -1,
      260, 295, 262, -1,
      262, 295, 290, -1,
      262, 290, 264, -1,
    ]
  }
}

Shape {
  appearance Appearance {
    material Material {
      diffuseColor 0.2510 0.2510 0.2510
      specularColor 0.1255 0.1255 0.1255
      ambientIntensity 0.2
      transparency 0.0000
      shininess 0.5
    }
  }
  geometry IndexedFaceSet {
    ccw TRUE
    solid FALSE
    coord DEF co Coordinate {
      point [
        0.632032 -0.938881 0.182769,
        0.626432 -0.938881 0.182769,
        0.626432 -0.942858 0.154468,
        0.631814 -0.942858 0.154468,
        0.642835 -0.942320 0.158296,
        0.642036 -0.942419 0.157587,
        0.639551 -0.942640 0.156020,
        0.636328 -0.942794 0.154926,
        0.646795 -0.940819 0.168975,
        0.646697 -0.941112 0.166887,
        0.646014 -0.941593 0.163470,
        0.644771 -0.941980 0.160712,
        0.642730 -0.939366 0.179315,
        0.643942 -0.939536 0.178102,
        0.645335 -0.939833 0.175991,
        0.646335 -0.940223 0.173215,
        0.636635 -0.938948 0.182286,
        0.639880 -0.939106 0.181167,
      ]
    }
    coordIndex [
      1, 2, 0, -1,
      0, 2, 3, -1,
      0, 3, 7, -1,
      7, 6, 0, -1,
      0, 6, 5, -1,
      0, 5, 4, -1,
      4, 11, 0, -1,
      0, 11, 10, -1,
      0, 10, 9, -1,
      9, 8, 0, -1,
      0, 8, 15, -1,
      0, 15, 14, -1,
      14, 13, 0, -1,
      0, 13, 12, -1,
      0, 12, 16, -1,
      16, 12, 17, -1,
    ]
  }
}

Shape {
  appearance Appearance {
    material Material {
      diffuseColor 1.0000 1.0000 1.0000
      specularColor 0.5020 0.5020 0.5020
      ambientIntensity 0.2
      transparency 0.0000
      shininess 0.5
    }
  }
  geometry IndexedFaceSet {
    ccw TRUE
    solid FALSE
    coord DEF co Coordinate {
      point [
        0.666100 -0.938982 0.182046,
        0.668002 -0.938287 0.186991,
        0.673119 -0.938287 0.186991,
        0.675021 -0.938982 0.182046,
        0.687238 -0.943446 0.150283,
        0.678169 -0.942035 0.160323,
        0.662733 -0.942035 0.160323,
        0.681950 -0.943446 0.150283,
        0.659170 -0.943446 0.150283,
        0.653883 -0.943446 0.150283,
        0.664250 -0.945351 0.165019,
        0.662733 -0.945934 0.160871,
        0.676691 -0.945351 0.165019,
        0.678169 -0.945934 0.160871,
        0.669793 -0.943206 0.180276,
        0.668002 -0.942186 0.187539,
        0.653883 -0.947344 0.150831,
        0.659170 -0.947344 0.150831,
        0.670114 -0.943052 0.181372,
        0.670399 -0.942845 0.182847,
        0.673119 -0.942186 0.187539,
        0.670513 -0.942845 0.182847,
        0.670813 -0.943063 0.181294,
        0.671091 -0.943206 0.180276,
        0.687238 -0.947344 0.150831,
        0.681950 -0.947344 0.150831,
        0.664250 -0.941452 0.164470,
        0.676691 -0.941452 0.164470,
        0.671091 -0.939308 0.179728,
        0.670513 -0.938946 0.182299,
        0.670813 -0.939165 0.180746,
        0.670399 -0.938946 0.182299,
        0.669793 -0.939308 0.179728,
        0.670114 -0.939154 0.180824,
      ]
    }
    coordIndex [
      10, 11, 12, -1,
      12, 11, 13, -1,
      14, 15, 10, -1,
      10, 15, 16, -1,
      10, 16, 11, -1,
      11, 16, 17, -1,
      14, 18, 15, -1,
      15, 18, 19, -1,
      15, 19, 20, -1,
      20, 19, 21, -1,
      20, 21, 22, -1,
      22, 23, 20, -1,
      20, 23, 12, -1,
      20, 12, 24, -1,
      24, 12, 13, -1,
      24, 13, 25, -1,
      24, 4, 20, -1,
      20, 4, 3, -1,
      20, 3, 2, -1,
      15, 20, 1, -1,
      1, 20, 2, -1,
      9, 16, 0, -1,
      0, 16, 15, -1,
      0, 15, 1, -1,
      17, 16, 8, -1,
      8, 16, 9, -1,
      11, 17, 6, -1,
      6, 17, 8, -1,
      13, 11, 5, -1,
      5, 11, 6, -1,
      25, 13, 7, -1,
      7, 13, 5, -1,
      24, 25, 4, -1,
      4, 25, 7, -1,
      10, 12, 26, -1,
      26, 12, 27, -1,
      12, 23, 27, -1,
      27, 23, 28, -1,
      21, 29, 30, -1,
      21, 30, 22, -1,
      22, 30, 28, -1,
      22, 28, 23, -1,
      21, 19, 29, -1,
      29, 19, 31, -1,
      14, 32, 33, -1,
      14, 33, 18, -1,
      18, 33, 31, -1,
      18, 31, 19, -1,
      14, 10, 32, -1,
      32, 10, 26, -1,
    ]
  }
}

Shape {
  appearance Appearance {
    material Material {
      diffuseColor 0.2510 0.2510 0.2510
      specularColor 0.1255 0.1255 0.1255
      ambientIntensity 0.2
      transparency 0.0000
      shininess 0.5
    }
  }
  geometry IndexedFaceSet {
    ccw TRUE
    solid FALSE
    coord DEF co Coordinate {
      point [
        0.664250 -0.941452 0.164470,
        0.676691 -0.941452 0.164470,
        0.671091 -0.939308 0.179728,
        0.670513 -0.938946 0.182299,
        0.670813 -0.939165 0.180746,
        0.670399 -0.938946 0.182299,
        0.669793 -0.939308 0.179728,
        0.670114 -0.939154 0.180824,
      ]
    }
    coordIndex [
      3, 5, 4, -1,
      4, 5, 7, -1,
      4, 7, 2, -1,
      2, 7, 6, -1,
      2, 6, 1, -1,
      1, 6, 0, -1,
    ]
  }
}

Shape {
  appearance Appearance {
    material Material {
      diffuseColor 1.0000 1.0000 1.0000
      specularColor 0.5020 0.5020 0.5020
      ambientIntensity 0.2
      transparency 0.0000
      shininess 0.5
    }
  }
  geometry IndexedFaceSet {
    ccw TRUE
    solid FALSE
    coord DEF co Coordinate {
      point [
        0.409609 -0.929526 0.249329,
        0.415309 -0.930059 0.245535,
        0.365880 -0.939174 0.180677,
        0.370498 -0.939759 0.176516,
        0.381189 -0.938982 0.182046,
        0.459583 -0.936818 0.197444,
        0.409080 -0.941326 0.165370,
        0.410889 -0.941226 0.166077,
        0.413985 -0.939136 0.180952,
        0.407459 -0.941485 0.164232,
        0.460478 -0.937128 0.195235,
        0.461689 -0.938329 0.186694,
        0.461087 -0.938982 0.182046,
        0.460484 -0.939636 0.177395,
        0.457176 -0.940797 0.169130,
        0.412931 -0.941190 0.166337,
        0.413187 -0.941193 0.166319,
        0.413978 -0.941217 0.166145,
        0.451937 -0.941813 0.161900,
        0.444774 -0.942657 0.155894,
        0.436733 -0.943206 0.151995,
        0.439991 -0.940307 0.172620,
        0.442893 -0.939735 0.176689,
        0.414512 -0.941226 0.166076,
        0.426372 -0.941226 0.166076,
        0.431139 -0.941099 0.166985,
        0.435785 -0.940798 0.169127,
        0.439676 -0.940354 0.172285,
        0.404761 -0.942327 0.158246,
        0.404828 -0.942182 0.159276,
        0.377087 -0.941850 0.161639,
        0.405357 -0.941903 0.161263,
        0.406370 -0.941653 0.163043,
        0.427954 -0.943464 0.150156,
        0.412404 -0.943464 0.150156,
        0.410919 -0.943431 0.150393,
        0.375421 -0.943490 0.149973,
        0.409176 -0.943335 0.151072,
        0.407467 -0.943166 0.152275,
        0.406854 -0.943079 0.152893,
        0.405705 -0.942849 0.154532,
        0.405011 -0.942600 0.156302,
        0.376939 -0.942606 0.156262,
        0.377087 -0.942217 0.159029,
        0.375384 -0.943511 0.149822,
        0.372256 -0.944327 0.144013,
        0.357127 -0.945775 0.133712,
        0.350731 -0.945885 0.132930,
        0.368252 -0.944951 0.139573,
        0.363004 -0.945460 0.135952,
        0.337430 -0.945393 0.136429,
        0.343514 -0.945748 0.133904,
        0.349737 -0.945882 0.132948,
        0.312825 -0.942605 0.156266,
        0.304609 -0.941630 0.163205,
        0.322349 -0.943251 0.151669,
        0.298600 -0.940436 0.171698,
        0.294819 -0.939071 0.181414,
        0.325694 -0.943391 0.150678,
        0.326027 -0.943490 0.149973,
        0.328348 -0.944180 0.145061,
        0.332272 -0.944853 0.140273,
        0.294740 -0.938982 0.182046,
        0.293540 -0.937632 0.191653,
        0.293614 -0.937282 0.194143,
        0.294208 -0.936818 0.197444,
        0.325846 -0.931869 0.232661,
        0.336236 -0.931690 0.233934,
        0.353894 -0.930149 0.244895,
        0.295380 -0.935903 0.203952,
        0.299583 -0.934583 0.213350,
        0.305927 -0.933450 0.221406,
        0.347701 -0.930887 0.239643,
        0.339267 -0.931713 0.233770,
        0.342298 -0.931763 0.233412,
        0.307701 -0.933217 0.223069,
        0.316083 -0.932396 0.228906,
        0.354936 -0.930059 0.245535,
        0.360332 -0.929594 0.248844,
        0.366303 -0.929215 0.251542,
        0.444713 -0.939081 0.181339,
        0.444801 -0.938982 0.182046,
        0.413339 -0.938982 0.182046,
        0.445348 -0.938365 0.186433,
        0.338600 -0.938931 0.182407,
        0.344420 -0.938621 0.184617,
        0.310801 -0.936818 0.197444,
        0.445214 -0.938037 0.188768,
        0.443964 -0.937333 0.193778,
        0.405815 -0.937192 0.194785,
        0.350731 -0.938512 0.185389,
        0.441957 -0.936818 0.197444,
        0.312272 -0.938982 0.182046,
        0.338076 -0.938982 0.182046,
        0.310467 -0.938131 0.188104,
        0.310144 -0.937559 0.192175,
        0.353922 -0.938539 0.185203,
        0.360285 -0.938757 0.183643,
        0.363298 -0.938982 0.182046,
        0.312369 -0.939028 0.181722,
        0.328859 -0.940147 0.173759,
        0.333214 -0.939453 0.178696,
        0.315479 -0.939763 0.176487,
        0.320202 -0.940439 0.171676,
        0.325957 -0.940933 0.168164,
        0.416972 -0.933294 0.222515,
        0.411017 -0.932307 0.229539,
        0.350468 -0.934441 0.214359,
        0.410405 -0.932230 0.230090,
        0.403002 -0.931514 0.235183,
        0.354501 -0.933279 0.222625,
        0.348647 -0.934302 0.215348,
        0.342740 -0.933999 0.217502,
        0.441504 -0.936702 0.198273,
        0.438503 -0.936236 0.201587,
        0.424791 -0.935504 0.206791,
        0.434417 -0.935838 0.204417,
        0.429819 -0.935591 0.206174,
        0.422683 -0.935504 0.206791,
        0.421051 -0.934476 0.214113,
        0.327202 -0.934128 0.216588,
        0.321336 -0.934563 0.213489,
        0.333705 -0.933911 0.218128,
        0.316852 -0.935120 0.209524,
        0.313195 -0.935850 0.204328,
        0.360415 -0.932296 0.229617,
        0.394739 -0.931073 0.238322,
        0.367461 -0.931580 0.234715,
        0.385785 -0.930919 0.239415,
        0.376069 -0.931094 0.238174,
        0.336500 -0.933891 0.218274,
        0.310934 -0.936669 0.198509,
        0.444715 -0.934124 0.216611,
        0.451867 -0.934965 0.210627,
        0.421365 -0.930626 0.241502,
        0.430104 -0.932034 0.231483,
        0.457251 -0.936008 0.203205,
        0.435597 -0.933524 0.220884,
        0.436870 -0.933583 0.220461,
        0.404565 -0.929215 0.251542,
        0.321336 -0.938462 0.214037,
        0.327202 -0.938026 0.217136,
        0.325846 -0.935767 0.233209,
        0.372256 -0.948226 0.144561,
        0.375384 -0.947409 0.150370,
        0.376939 -0.946504 0.156810,
        0.342298 -0.935662 0.233959,
        0.350468 -0.938339 0.214907,
        0.354501 -0.937178 0.223173,
        0.340704 -0.946602 0.156119,
        0.340217 -0.946257 0.158567,
        0.325957 -0.944832 0.168712,
        0.325694 -0.947289 0.151225,
        0.322349 -0.947150 0.152217,
        0.320202 -0.944338 0.172224,
        0.336236 -0.935589 0.234481,
        0.413985 -0.943034 0.181500,
        0.405815 -0.941091 0.195333,
        0.377087 -0.945749 0.162187,
        0.370498 -0.943658 0.177063,
        0.377087 -0.946116 0.159577,
        0.363004 -0.949359 0.136500,
        0.368252 -0.948850 0.140121,
        0.341748 -0.946910 0.153926,
        0.332272 -0.948752 0.140821,
        0.328348 -0.948079 0.145609,
        0.422683 -0.939403 0.207339,
        0.424791 -0.939403 0.207339,
        0.435597 -0.937422 0.221432,
        0.429819 -0.939490 0.206722,
        0.436870 -0.937482 0.221009,
        0.434417 -0.939737 0.204965,
        0.444715 -0.938023 0.217159,
        0.451867 -0.938864 0.211175,
        0.347701 -0.934786 0.240191,
        0.360415 -0.936195 0.230164,
        0.353894 -0.934048 0.245443,
        0.367461 -0.935478 0.235263,
        0.360332 -0.933493 0.249392,
        0.333705 -0.937810 0.218676,
        0.336500 -0.937789 0.218822,
        0.339267 -0.935611 0.234319,
        0.342740 -0.937898 0.218049,
        0.348647 -0.938200 0.215896,
        0.358824 -0.946984 0.153400,
        0.357393 -0.947209 0.151799,
        0.355391 -0.947408 0.150378,
        0.357127 -0.949674 0.134260,
        0.353108 -0.947535 0.149474,
        0.350731 -0.949783 0.133478,
        0.350468 -0.947583 0.149137,
        0.349737 -0.949781 0.133496,
        0.350019 -0.947581 0.149147,
        0.343514 -0.949646 0.134452,
        0.347653 -0.947528 0.149529,
        0.337430 -0.949292 0.136977,
        0.345270 -0.947385 0.150543,
        0.343253 -0.947170 0.152074,
        0.360073 -0.945641 0.162954,
        0.360674 -0.945981 0.160534,
        0.360678 -0.946317 0.158146,
        0.360049 -0.946669 0.155641,
        0.451937 -0.945712 0.162448,
        0.439676 -0.944252 0.172833,
        0.444774 -0.946556 0.156442,
        0.435785 -0.944696 0.169674,
        0.436733 -0.947104 0.152543,
        0.431139 -0.944998 0.167533,
        0.427954 -0.947363 0.150704,
        0.426372 -0.945125 0.166624,
        0.412404 -0.947363 0.150704,
        0.414512 -0.945125 0.166624,
        0.410919 -0.947329 0.150940,
        0.340348 -0.945900 0.161111,
        0.341124 -0.945555 0.163567,
        0.328859 -0.944045 0.174307,
        0.342487 -0.945252 0.165726,
        0.333214 -0.943352 0.179244,
        0.343528 -0.945098 0.166817,
        0.338600 -0.942830 0.182955,
        0.345589 -0.944894 0.168268,
        0.344420 -0.942519 0.185165,
        0.347891 -0.944768 0.169167,
        0.350731 -0.942411 0.185937,
        0.350468 -0.944722 0.169495,
        0.353922 -0.942437 0.185751,
        0.352662 -0.944755 0.169259,
        0.360285 -0.942656 0.184190,
        0.355110 -0.944877 0.168391,
        0.365880 -0.943073 0.181225,
        0.357230 -0.945076 0.166974,
        0.358928 -0.945340 0.165097,
        0.438503 -0.940135 0.202135,
        0.441504 -0.940600 0.198821,
        0.457251 -0.939907 0.203753,
        0.443964 -0.941232 0.194325,
        0.460478 -0.941027 0.195783,
        0.445214 -0.941936 0.189316,
        0.461689 -0.942228 0.187242,
        0.445348 -0.942264 0.186981,
        0.460484 -0.943535 0.177943,
        0.444713 -0.942980 0.181887,
        0.457176 -0.944696 0.169678,
        0.442893 -0.943633 0.177237,
        0.439991 -0.944206 0.173168,
        0.421365 -0.934525 0.242050,
        0.411017 -0.936206 0.230087,
        0.430104 -0.935933 0.232031,
        0.416972 -0.937193 0.223063,
        0.421051 -0.938374 0.214660,
        0.310934 -0.940567 0.199056,
        0.293614 -0.941181 0.194691,
        0.310144 -0.941457 0.192723,
        0.293540 -0.941531 0.192201,
        0.310467 -0.942030 0.188652,
        0.294819 -0.942970 0.181962,
        0.312369 -0.942926 0.182270,
        0.298600 -0.944335 0.172246,
        0.315479 -0.943662 0.177035,
        0.304609 -0.945529 0.163753,
        0.312825 -0.946504 0.156814,
        0.372485 -0.932841 0.254032,
        0.376069 -0.934993 0.238722,
        0.385521 -0.932617 0.255622,
        0.385785 -0.934818 0.239963,
        0.396383 -0.932776 0.254492,
        0.394739 -0.934972 0.238870,
        0.409609 -0.933425 0.249877,
        0.403002 -0.935413 0.235731,
        0.410405 -0.936129 0.230638,
        0.316083 -0.936295 0.229454,
        0.307701 -0.937115 0.223617,
        0.316852 -0.939019 0.210072,
        0.305927 -0.937349 0.221954,
        0.313195 -0.939749 0.204876,
        0.299583 -0.938481 0.213898,
        0.295380 -0.939802 0.204500,
        0.413187 -0.945091 0.166867,
        0.406854 -0.946978 0.153441,
        0.407467 -0.947065 0.152823,
        0.413978 -0.945115 0.166693,
        0.409176 -0.947234 0.151620,
        0.404761 -0.946226 0.158794,
        0.405011 -0.946499 0.156850,
        0.405705 -0.946748 0.155080,
        0.410889 -0.945125 0.166625,
        0.409080 -0.945224 0.165918,
        0.404828 -0.946081 0.159824,
        0.407459 -0.945384 0.164780,
        0.406370 -0.945551 0.163591,
        0.405357 -0.945802 0.161811,
        0.412931 -0.945089 0.166885,
        0.396383 -0.928878 0.253944,
        0.372485 -0.928942 0.253484,
        0.385521 -0.928719 0.255074,
        0.350468 -0.940823 0.168947,
        0.352662 -0.940856 0.168711,
        0.355110 -0.940978 0.167843,
        0.357230 -0.941177 0.166426,
        0.358928 -0.941441 0.164549,
        0.360073 -0.941742 0.162406,
        0.360674 -0.942082 0.159987,
        0.360678 -0.942418 0.157598,
        0.360049 -0.942770 0.155094,
        0.358824 -0.943085 0.152852,
        0.357393 -0.943310 0.151251,
        0.355391 -0.943510 0.149830,
        0.353108 -0.943637 0.148926,
        0.350468 -0.943684 0.148589,
        0.350019 -0.943683 0.148599,
        0.347653 -0.943629 0.148981,
        0.345270 -0.943487 0.149994,
        0.343253 -0.943271 0.151526,
        0.341748 -0.943011 0.153378,
        0.340704 -0.942703 0.155572,
        0.340217 -0.942359 0.158019,
        0.340348 -0.942002 0.160563,
        0.341124 -0.941656 0.163019,
        0.342487 -0.941353 0.165178,
        0.343528 -0.941199 0.166269,
        0.345589 -0.940995 0.167720,
        0.347891 -0.940869 0.168619,
      ]
    }
    coordIndex [
      140, 141, 142, -1,
      143, 144, 145, -1,
      146, 147, 148, -1,
      149, 150, 151, -1,
      152, 151, 153, -1,
      153, 151, 154, -1,
      142, 141, 155, -1,
      156, 157, 158, -1,
      158, 157, 159, -1,
      158, 159, 160, -1,
      160, 159, 161, -1,
      160, 161, 145, -1,
      145, 161, 162, -1,
      145, 162, 143, -1,
      163, 149, 164, -1,
      164, 149, 151, -1,
      164, 151, 165, -1,
      165, 151, 152, -1,
      166, 167, 168, -1,
      168, 167, 169, -1,
      168, 169, 170, -1,
      170, 169, 171, -1,
      170, 171, 172, -1,
      172, 171, 173, -1,
      146, 148, 174, -1,
      174, 148, 175, -1,
      174, 175, 176, -1,
      176, 175, 177, -1,
      176, 177, 178, -1,
      141, 179, 155, -1,
      155, 179, 180, -1,
      155, 180, 181, -1,
      181, 180, 182, -1,
      181, 182, 146, -1,
      146, 182, 183, -1,
      146, 183, 147, -1,
      184, 185, 161, -1,
      161, 185, 186, -1,
      161, 186, 187, -1,
      187, 186, 188, -1,
      187, 188, 189, -1,
      189, 188, 190, -1,
      189, 190, 191, -1,
      191, 190, 192, -1,
      191, 192, 193, -1,
      193, 192, 194, -1,
      193, 194, 195, -1,
      195, 194, 196, -1,
      195, 196, 164, -1,
      164, 196, 197, -1,
      164, 197, 163, -1,
      198, 199, 159, -1,
      159, 199, 200, -1,
      159, 200, 161, -1,
      161, 200, 201, -1,
      161, 201, 184, -1,
      202, 203, 204, -1,
      204, 203, 205, -1,
      204, 205, 206, -1,
      206, 205, 207, -1,
      206, 207, 208, -1,
      208, 207, 209, -1,
      208, 209, 210, -1,
      210, 209, 211, -1,
      210, 211, 212, -1,
      150, 213, 151, -1,
      151, 213, 214, -1,
      151, 214, 215, -1,
      215, 214, 216, -1,
      215, 216, 217, -1,
      217, 216, 218, -1,
      217, 218, 219, -1,
      219, 218, 220, -1,
      219, 220, 221, -1,
      221, 220, 222, -1,
      221, 222, 223, -1,
      223, 222, 224, -1,
      223, 224, 225, -1,
      225, 224, 226, -1,
      225, 226, 227, -1,
      227, 226, 228, -1,
      227, 228, 229, -1,
      229, 228, 230, -1,
      229, 230, 159, -1,
      159, 230, 231, -1,
      159, 231, 198, -1,
      171, 232, 173, -1,
      173, 232, 233, -1,
      173, 233, 234, -1,
      234, 233, 235, -1,
      234, 235, 236, -1,
      236, 235, 237, -1,
      236, 237, 238, -1,
      238, 237, 239, -1,
      238, 239, 240, -1,
      240, 239, 241, -1,
      240, 241, 242, -1,
      242, 241, 243, -1,
      242, 243, 202, -1,
      202, 243, 244, -1,
      202, 244, 203, -1,
      245, 246, 247, -1,
      247, 246, 248, -1,
      247, 248, 168, -1,
      168, 248, 249, -1,
      168, 249, 166, -1,
      250, 251, 252, -1,
      252, 251, 253, -1,
      252, 253, 254, -1,
      254, 253, 255, -1,
      254, 255, 256, -1,
      256, 255, 257, -1,
      256, 257, 258, -1,
      258, 257, 259, -1,
      258, 259, 154, -1,
      154, 259, 260, -1,
      154, 260, 153, -1,
      178, 177, 261, -1,
      261, 177, 262, -1,
      261, 262, 263, -1,
      263, 262, 264, -1,
      263, 264, 265, -1,
      265, 264, 266, -1,
      265, 266, 267, -1,
      267, 266, 268, -1,
      267, 268, 245, -1,
      245, 268, 269, -1,
      245, 269, 246, -1,
      142, 270, 140, -1,
      140, 270, 271, -1,
      140, 271, 272, -1,
      272, 271, 273, -1,
      272, 273, 274, -1,
      274, 273, 275, -1,
      274, 275, 250, -1,
      250, 275, 276, -1,
      250, 276, 251, -1,
      277, 278, 279, -1,
      211, 280, 212, -1,
      212, 280, 277, -1,
      212, 277, 281, -1,
      281, 277, 279, -1,
      282, 283, 277, -1,
      277, 283, 284, -1,
      277, 284, 278, -1,
      285, 286, 287, -1,
      286, 288, 287, -1,
      287, 288, 289, -1,
      287, 289, 290, -1,
      282, 277, 287, -1,
      287, 277, 291, -1,
      287, 291, 285, -1,
      139, 79, 292, -1,
      292, 79, 293, -1,
      292, 293, 294, -1,
      238, 11, 10, -1,
      238, 10, 236, -1,
      236, 10, 5, -1,
      236, 5, 234, -1,
      5, 136, 234, -1,
      234, 136, 133, -1,
      234, 133, 173, -1,
      173, 133, 132, -1,
      173, 132, 172, -1,
      172, 132, 138, -1,
      172, 138, 170, -1,
      170, 138, 137, -1,
      170, 137, 168, -1,
      168, 137, 135, -1,
      168, 135, 247, -1,
      247, 135, 134, -1,
      247, 134, 245, -1,
      294, 263, 265, -1,
      245, 134, 267, -1,
      267, 134, 1, -1,
      1, 0, 267, -1,
      267, 0, 139, -1,
      267, 139, 265, -1,
      265, 139, 292, -1,
      265, 292, 294, -1,
      263, 294, 293, -1,
      263, 293, 261, -1,
      261, 293, 79, -1,
      261, 79, 178, -1,
      68, 176, 77, -1,
      77, 176, 178, -1,
      77, 178, 78, -1,
      78, 178, 79, -1,
      176, 68, 72, -1,
      176, 72, 174, -1,
      174, 72, 74, -1,
      174, 74, 146, -1,
      146, 74, 73, -1,
      146, 73, 181, -1,
      181, 73, 67, -1,
      181, 67, 155, -1,
      155, 67, 66, -1,
      155, 66, 142, -1,
      142, 66, 76, -1,
      142, 76, 270, -1,
      270, 76, 75, -1,
      270, 75, 271, -1,
      271, 75, 71, -1,
      271, 71, 273, -1,
      69, 275, 70, -1,
      70, 275, 273, -1,
      70, 273, 71, -1,
      65, 251, 69, -1,
      69, 251, 276, -1,
      69, 276, 275, -1,
      65, 64, 251, -1,
      251, 64, 63, -1,
      251, 63, 253, -1,
      63, 62, 253, -1,
      253, 62, 255, -1,
      62, 57, 255, -1,
      255, 57, 56, -1,
      255, 56, 257, -1,
      257, 56, 54, -1,
      257, 54, 259, -1,
      259, 54, 53, -1,
      259, 53, 260, -1,
      260, 53, 55, -1,
      260, 55, 153, -1,
      153, 55, 58, -1,
      153, 58, 152, -1,
      152, 58, 59, -1,
      152, 59, 165, -1,
      59, 60, 165, -1,
      165, 60, 61, -1,
      165, 61, 164, -1,
      164, 61, 50, -1,
      164, 50, 195, -1,
      195, 50, 51, -1,
      195, 51, 193, -1,
      193, 51, 52, -1,
      193, 52, 191, -1,
      191, 52, 47, -1,
      191, 47, 189, -1,
      43, 160, 145, -1,
      189, 47, 46, -1,
      189, 46, 187, -1,
      187, 46, 49, -1,
      187, 49, 161, -1,
      161, 49, 48, -1,
      161, 48, 162, -1,
      162, 48, 45, -1,
      162, 45, 143, -1,
      143, 45, 44, -1,
      143, 44, 144, -1,
      144, 44, 36, -1,
      144, 36, 145, -1,
      145, 36, 42, -1,
      145, 42, 43, -1,
      158, 160, 30, -1,
      30, 160, 43, -1,
      156, 158, 8, -1,
      8, 158, 30, -1,
      89, 157, 82, -1,
      82, 157, 156, -1,
      82, 156, 8, -1,
      157, 89, 159, -1,
      159, 89, 4, -1,
      159, 4, 3, -1,
      159, 3, 2, -1,
      159, 2, 229, -1,
      229, 2, 98, -1,
      229, 98, 227, -1,
      98, 97, 227, -1,
      227, 97, 96, -1,
      227, 96, 225, -1,
      225, 96, 90, -1,
      225, 90, 223, -1,
      223, 90, 85, -1,
      223, 85, 221, -1,
      221, 85, 84, -1,
      221, 84, 219, -1,
      219, 84, 93, -1,
      219, 93, 217, -1,
      93, 101, 217, -1,
      217, 101, 100, -1,
      217, 100, 215, -1,
      215, 100, 104, -1,
      215, 104, 151, -1,
      95, 252, 254, -1,
      151, 104, 103, -1,
      151, 103, 154, -1,
      154, 103, 102, -1,
      154, 102, 258, -1,
      258, 102, 99, -1,
      258, 99, 256, -1,
      256, 99, 92, -1,
      256, 92, 254, -1,
      254, 92, 94, -1,
      254, 94, 95, -1,
      95, 86, 252, -1,
      252, 86, 250, -1,
      86, 131, 250, -1,
      250, 131, 124, -1,
      250, 124, 274, -1,
      274, 124, 123, -1,
      274, 123, 272, -1,
      272, 123, 121, -1,
      272, 121, 140, -1,
      140, 121, 120, -1,
      140, 120, 141, -1,
      141, 120, 122, -1,
      141, 122, 179, -1,
      179, 122, 130, -1,
      179, 130, 180, -1,
      180, 130, 112, -1,
      180, 112, 182, -1,
      182, 112, 111, -1,
      182, 111, 183, -1,
      183, 111, 107, -1,
      183, 107, 147, -1,
      147, 107, 110, -1,
      147, 110, 148, -1,
      148, 110, 125, -1,
      148, 125, 175, -1,
      175, 125, 127, -1,
      175, 127, 177, -1,
      177, 127, 129, -1,
      177, 129, 262, -1,
      262, 129, 128, -1,
      262, 128, 264, -1,
      264, 128, 126, -1,
      264, 126, 266, -1,
      266, 126, 109, -1,
      266, 109, 268, -1,
      268, 109, 108, -1,
      268, 108, 269, -1,
      269, 108, 106, -1,
      269, 106, 246, -1,
      246, 106, 105, -1,
      246, 105, 248, -1,
      248, 105, 119, -1,
      248, 119, 249, -1,
      249, 119, 118, -1,
      249, 118, 166, -1,
      167, 166, 115, -1,
      115, 166, 118, -1,
      167, 115, 117, -1,
      167, 117, 169, -1,
      169, 117, 116, -1,
      169, 116, 171, -1,
      171, 116, 114, -1,
      171, 114, 232, -1,
      232, 114, 113, -1,
      232, 113, 233, -1,
      233, 113, 91, -1,
      233, 91, 235, -1,
      91, 88, 235, -1,
      235, 88, 87, -1,
      235, 87, 237, -1,
      237, 87, 83, -1,
      237, 83, 239, -1,
      83, 81, 239, -1,
      239, 81, 241, -1,
      81, 80, 241, -1,
      241, 80, 22, -1,
      241, 22, 243, -1,
      243, 22, 21, -1,
      243, 21, 244, -1,
      244, 21, 27, -1,
      244, 27, 203, -1,
      203, 27, 26, -1,
      203, 26, 205, -1,
      205, 26, 25, -1,
      205, 25, 207, -1,
      207, 25, 24, -1,
      207, 24, 209, -1,
      211, 209, 23, -1,
      23, 209, 24, -1,
      211, 23, 17, -1,
      211, 17, 280, -1,
      280, 17, 16, -1,
      280, 16, 277, -1,
      277, 16, 15, -1,
      277, 15, 291, -1,
      291, 15, 7, -1,
      291, 7, 285, -1,
      285, 7, 6, -1,
      285, 6, 286, -1,
      286, 6, 9, -1,
      286, 9, 288, -1,
      288, 9, 32, -1,
      288, 32, 289, -1,
      289, 32, 31, -1,
      289, 31, 290, -1,
      290, 31, 29, -1,
      290, 29, 287, -1,
      287, 29, 28, -1,
      287, 28, 282, -1,
      282, 28, 41, -1,
      282, 41, 283, -1,
      283, 41, 40, -1,
      283, 40, 284, -1,
      284, 40, 39, -1,
      284, 39, 278, -1,
      278, 39, 38, -1,
      278, 38, 279, -1,
      279, 38, 37, -1,
      279, 37, 281, -1,
      281, 37, 35, -1,
      281, 35, 212, -1,
      212, 35, 34, -1,
      212, 34, 210, -1,
      208, 210, 33, -1,
      33, 210, 34, -1,
      208, 33, 20, -1,
      208, 20, 206, -1,
      206, 20, 19, -1,
      206, 19, 204, -1,
      204, 19, 18, -1,
      204, 18, 202, -1,
      202, 18, 14, -1,
      202, 14, 242, -1,
      242, 14, 13, -1,
      242, 13, 240, -1,
      240, 13, 238, -1,
      238, 13, 12, -1,
      238, 12, 11, -1,
      224, 295, 296, -1,
      224, 296, 226, -1,
      226, 296, 297, -1,
      226, 297, 228, -1,
      228, 297, 298, -1,
      228, 298, 230, -1,
      230, 298, 299, -1,
      230, 299, 231, -1,
      231, 299, 300, -1,
      231, 300, 198, -1,
      198, 300, 301, -1,
      198, 301, 199, -1,
      199, 301, 302, -1,
      199, 302, 200, -1,
      200, 302, 303, -1,
      200, 303, 201, -1,
      201, 303, 304, -1,
      201, 304, 184, -1,
      184, 304, 305, -1,
      184, 305, 185, -1,
      185, 305, 306, -1,
      185, 306, 186, -1,
      186, 306, 307, -1,
      186, 307, 188, -1,
      188, 307, 308, -1,
      188, 308, 190, -1,
      190, 308, 309, -1,
      190, 309, 192, -1,
      192, 309, 310, -1,
      192, 310, 194, -1,
      194, 310, 311, -1,
      194, 311, 196, -1,
      196, 311, 312, -1,
      196, 312, 197, -1,
      197, 312, 313, -1,
      197, 313, 163, -1,
      163, 313, 314, -1,
      163, 314, 149, -1,
      149, 314, 315, -1,
      149, 315, 150, -1,
      150, 315, 316, -1,
      150, 316, 213, -1,
      213, 316, 317, -1,
      213, 317, 214, -1,
      214, 317, 318, -1,
      214, 318, 216, -1,
      216, 318, 319, -1,
      216, 319, 218, -1,
      218, 319, 320, -1,
      218, 320, 220, -1,
      220, 320, 321, -1,
      220, 321, 222, -1,
      222, 321, 295, -1,
      222, 295, 224, -1,
    ]
  }
}

Shape {
  appearance Appearance {
    material Material {
      diffuseColor 0.2510 0.2510 0.2510
      specularColor 0.1255 0.1255 0.1255
      ambientIntensity 0.2
      transparency 0.0000
      shininess 0.5
    }
  }
  geometry IndexedFaceSet {
    ccw TRUE
    solid FALSE
    coord DEF co Coordinate {
      point [
        0.350468 -0.940823 0.168947,
        0.352662 -0.940856 0.168711,
        0.355110 -0.940978 0.167843,
        0.357230 -0.941177 0.166426,
        0.358928 -0.941441 0.164549,
        0.360073 -0.941742 0.162406,
        0.360674 -0.942082 0.159987,
        0.360678 -0.942418 0.157598,
        0.360049 -0.942770 0.155094,
        0.358824 -0.943085 0.152852,
        0.357393 -0.943310 0.151251,
        0.355391 -0.943510 0.149830,
        0.353108 -0.943637 0.148926,
        0.350468 -0.943684 0.148589,
        0.350019 -0.943683 0.148599,
        0.347653 -0.943629 0.148981,
        0.345270 -0.943487 0.149994,
        0.343253 -0.943271 0.151526,
        0.341748 -0.943011 0.153378,
        0.340704 -0.942703 0.155572,
        0.340217 -0.942359 0.158019,
        0.340348 -0.942002 0.160563,
        0.341124 -0.941656 0.163019,
        0.342487 -0.941353 0.165178,
        0.343528 -0.941199 0.166269,
        0.345589 -0.940995 0.167720,
        0.347891 -0.940869 0.168619,
      ]
    }
    coordIndex [
      14, 24, 23, -1,
      12, 11, 1, -1,
      0, 26, 14, -1,
      14, 26, 25, -1,
      14, 25, 24, -1,
      19, 18, 23, -1,
      23, 18, 17, -1,
      0, 14, 1, -1,
      1, 14, 13, -1,
      1, 13, 12, -1,
      22, 21, 23, -1,
      23, 21, 20, -1,
      23, 20, 19, -1,
      17, 16, 23, -1,
      23, 16, 15, -1,
      23, 15, 14, -1,
      11, 10, 1, -1,
      1, 10, 9, -1,
      1, 9, 8, -1,
      8, 7, 1, -1,
      1, 7, 6, -1,
      1, 6, 5, -1,
      5, 4, 1, -1,
      1, 4, 3, -1,
      1, 3, 2, -1,
    ]
  }
}
