#VRML V2.0 utf8

Shape {
  appearance Appearance {
    material Material {
      diffuseColor 0.8510 0.8510 0.8510
      specularColor 0.4235 0.4235 0.4235
      ambientIntensity 0.2
      transparency 0.0000
      shininess 0.5
    }
  }
  geometry IndexedFaceSet {
    ccw TRUE
    solid FALSE
    coord DEF co Coordinate {
      point [
        -0.491142 -0.874016 0.787402,
        -0.491142 -0.874016 1.634193,
        -0.491142 -0.314628 1.634193,
        -0.491142 0.897638 0.787402,
        -0.491142 0.338250 1.634193,
        -0.491142 0.897638 1.634193,
        -1.416172 -0.389866 1.634193,
        -1.475394 -0.874016 1.634193,
        -1.471204 -0.320858 1.634193,
        -1.475394 -0.314628 1.634193,
        -1.351470 -0.449900 1.634193,
        -1.278543 -0.499621 1.634193,
        -1.199020 -0.537918 1.634193,
        -0.851858 -0.563934 1.634193,
        -0.767515 -0.537918 1.634193,
        -0.687992 -0.499621 1.634193,
        -0.615065 -0.449900 1.634193,
        -1.114678 -0.563934 1.634193,
        -1.027400 -0.577089 1.634193,
        -0.939136 -0.577089 1.634193,
        -0.550363 -0.389866 1.634193,
        -0.495331 -0.320858 1.634193,
        -0.550363 0.413488 1.634193,
        -0.495331 0.344480 1.634193,
        -1.114678 0.587556 1.634193,
        -1.199020 0.561540 1.634193,
        -1.475394 0.897638 1.634193,
        -1.278543 0.523243 1.634193,
        -1.351470 0.473522 1.634193,
        -1.416172 0.413488 1.634193,
        -1.471204 0.344480 1.634193,
        -1.475394 0.338250 1.634193,
        -0.615065 0.473522 1.634193,
        -0.687992 0.523243 1.634193,
        -0.767515 0.561540 1.634193,
        -0.851858 0.587556 1.634193,
        -0.939136 0.600711 1.634193,
        -1.027400 0.600711 1.634193,
        -1.475394 0.897638 0.787402,
        -1.475394 -0.874016 0.787402,
        -1.515336 0.268042 1.634193,
        -1.515336 -0.244420 1.634193,
        -1.547582 0.185879 1.634193,
        -1.567223 0.099828 1.634193,
        -1.573819 0.011811 1.634193,
        -1.567223 -0.076206 1.634193,
        -1.547582 -0.162257 1.634193,
        -0.451200 0.268042 1.634193,
        -0.451200 -0.244420 1.634193,
        -0.418953 0.185879 1.634193,
        -0.399313 -0.076206 1.634193,
        -0.392717 0.011811 1.634193,
        -0.399313 0.099828 1.634193,
        -0.418953 -0.162257 1.634193,
        -0.423921 0.201237 2.255949,
        -0.432087 0.223825 2.264115,
        -0.451200 0.268042 2.264115,
        -1.573819 0.011811 2.224744,
        -1.573453 0.032594 2.225110,
        -1.567658 0.096894 2.230906,
        -1.567069 0.099797 2.231495,
        -1.554593 0.161270 2.243970,
        -1.546754 0.185613 2.251809,
        -0.419588 0.185702 2.251616,
        -0.392717 0.011811 2.224744,
        -0.396194 0.075806 2.228222,
        -0.400124 0.099695 2.232152,
        -0.406628 0.139237 2.238656,
        -1.534449 0.223825 2.264115,
        -1.515336 0.268042 2.264115,
        -1.471204 0.344480 2.264115,
        -1.416172 0.413488 2.264115,
        -1.351470 0.473522 2.264115,
        -1.278543 0.523243 2.264115,
        -1.199020 0.561540 2.264115,
        -1.114678 0.587556 2.264115,
        -1.027400 0.600711 2.264115,
        -0.939136 0.600711 2.264115,
        -0.851858 0.587556 2.264115,
        -0.767515 0.561540 2.264115,
        -0.687992 0.523243 2.264115,
        -0.615065 0.473522 2.264115,
        -0.550363 0.413488 2.264115,
        -0.495331 0.344480 2.264115,
        -1.542614 -0.177615 2.255949,
        -1.534449 -0.200203 2.264115,
        -1.515336 -0.244420 2.264115,
        -0.393082 -0.008972 2.225110,
        -0.398878 -0.073272 2.230906,
        -0.399467 -0.076175 2.231495,
        -0.411943 -0.137648 2.243970,
        -0.419781 -0.161991 2.251809,
        -1.546947 -0.162080 2.251616,
        -1.570341 -0.052184 2.228222,
        -1.566412 -0.076073 2.232152,
        -1.559907 -0.115615 2.238656,
        -0.432087 -0.200203 2.264115,
        -0.451200 -0.244420 2.264115,
        -0.495331 -0.320858 2.264115,
        -0.550363 -0.389866 2.264115,
        -0.615065 -0.449900 2.264115,
        -0.687992 -0.499621 2.264115,
        -0.767515 -0.537918 2.264115,
        -0.851858 -0.563934 2.264115,
        -0.939136 -0.577089 2.264115,
        -1.027400 -0.577089 2.264115,
        -1.114678 -0.563934 2.264115,
        -1.199020 -0.537918 2.264115,
        -1.278543 -0.499621 2.264115,
        -1.351470 -0.449900 2.264115,
        -1.416172 -0.389866 2.264115,
        -1.471204 -0.320858 2.264115,
        -1.534449 0.897638 2.264115,
        -0.432087 0.897638 2.264115,
        -1.731299 -0.874016 2.067264,
        -1.731299 0.897638 2.067264,
        -1.731299 -0.874016 0.649606,
        -1.731299 0.897638 0.649606,
        -1.534449 -0.874016 0.452756,
        -1.534449 0.897638 0.452756,
        -0.432087 -0.874016 0.452756,
        -0.432087 0.897638 0.452756,
        -0.235236 0.897638 2.067264,
        -0.235236 -0.874016 2.067264,
        -0.235236 0.897638 0.649606,
        -0.235236 -0.874016 0.649606,
        -1.534449 -0.874016 2.264115,
        -0.432087 -0.874016 2.264115,
        -1.492780 0.521324 3.460928,
        -1.495569 0.524112 3.445186,
        -1.538794 0.477953 3.445357,
        -1.497446 0.525990 3.434584,
        -1.498287 0.526830 3.417323,
        -1.541213 0.479983 3.417323,
        -1.577307 0.427762 3.445357,
        -1.563078 0.451490 3.417323,
        -1.579894 0.429573 3.417323,
        -1.614034 0.375984 3.417323,
        -1.611299 0.374405 3.445357,
        -1.617860 0.368636 3.417323,
        -1.640511 0.318289 3.445357,
        -1.643374 0.319624 3.417323,
        -1.664721 0.259840 3.445357,
        -1.660291 0.278783 3.417323,
        -1.667689 0.260920 3.417323,
        -1.686796 0.200321 3.417323,
        -1.683745 0.199504 3.445357,
        -1.690383 0.184142 3.417323,
        -1.697438 0.137739 3.445357,
        -1.711614 0.011811 3.417323,
        -1.709679 0.011811 3.434500,
        -1.708843 0.075291 3.417323,
        -1.705696 0.075015 3.445357,
        -1.707401 0.086243 3.417323,
        -1.700549 0.138287 3.417323,
        -1.531656 0.471963 3.471985,
        -1.489006 0.517549 3.471663,
        -1.569674 0.422417 3.471985,
        -1.603230 0.369746 3.471985,
        -1.632067 0.314351 3.471985,
        -1.655965 0.256653 3.471985,
        -1.674745 0.197092 3.471985,
        -1.688262 0.136120 3.471985,
        -1.696414 0.074203 3.471985,
        -1.472194 0.500737 3.506407,
        -1.478447 0.506991 3.495413,
        -1.520158 0.462316 3.495873,
        -1.484230 0.512774 3.485246,
        -1.708456 0.011811 3.445357,
        -1.703096 0.011811 3.460672,
        -1.699138 0.011811 3.471985,
        -1.691069 0.011811 3.484827,
        -1.681461 0.072895 3.495873,
        -1.673481 0.133514 3.495873,
        -1.660247 0.193207 3.495873,
        -1.641861 0.251520 3.495873,
        -1.618463 0.308007 3.495873,
        -1.590231 0.362241 3.495873,
        -1.557379 0.413808 3.495873,
        -1.504877 0.449493 3.515821,
        -1.464420 0.492964 3.515250,
        -1.541038 0.402366 3.515821,
        -1.572955 0.352267 3.515821,
        -1.600383 0.299577 3.515821,
        -1.623116 0.244697 3.515821,
        -1.640978 0.188044 3.515821,
        -1.653835 0.130050 3.515821,
        -1.661589 0.071156 3.515821,
        -1.440036 0.468579 3.535520,
        -1.447626 0.476170 3.530183,
        -1.486578 0.434138 3.530831,
        -1.457231 0.485774 3.523429,
        -1.684128 0.011811 3.495873,
        -1.674154 0.011811 3.505847,
        -1.664180 0.011811 3.515821,
        -1.653133 0.011811 3.522762,
        -1.637793 0.069074 3.530831,
        -1.630311 0.125902 3.530831,
        -1.617905 0.181861 3.530831,
        -1.600669 0.236527 3.530831,
        -1.578734 0.289481 3.530831,
        -1.552268 0.340323 3.530831,
        -1.521471 0.388665 3.530831,
        -1.421408 0.449951 3.542119,
        -1.428904 0.457447 3.539463,
        -1.466179 0.417022 3.540148,
        -1.499658 0.373391 3.540148,
        -1.529207 0.327009 3.540148,
        -1.554601 0.278228 3.540148,
        -1.575646 0.227419 3.540148,
        -1.592184 0.174970 3.540148,
        -1.604087 0.121278 3.540148,
        -1.611265 0.066754 3.540148,
        -1.444704 0.399002 3.543307,
        -1.409202 0.437745 3.543307,
        -1.640293 0.011811 3.530831,
        -1.628980 0.011811 3.534789,
        -1.613664 0.011811 3.540148,
        -1.602807 0.011811 3.541372,
        -1.476694 0.357312 3.543307,
        -1.504929 0.312992 3.543307,
        -1.529193 0.266380 3.543307,
        -1.549303 0.217831 3.543307,
        -1.565105 0.167714 3.543307,
        -1.576479 0.116410 3.543307,
        -1.583338 0.064310 3.543307,
        -1.585630 0.011811 3.543307,
        -0.576091 0.613860 3.436685,
        -0.575970 0.613981 3.434570,
        -0.586408 0.621123 3.434584,
        -1.459299 0.513302 3.506407,
        -1.444730 0.497954 3.523429,
        -1.427989 0.480317 3.535520,
        -0.663557 0.526393 3.543261,
        -0.653563 0.536387 3.541857,
        -0.696133 0.560890 3.542119,
        -0.704132 0.545593 3.543307,
        -0.666064 0.523887 3.543307,
        -0.749785 0.585762 3.542119,
        -0.756290 0.569773 3.543307,
        -0.805564 0.605406 3.542119,
        -0.810515 0.588870 3.543307,
        -0.862961 0.619643 3.542119,
        -0.866313 0.602710 3.543307,
        -0.921455 0.628344 3.542119,
        -0.923177 0.611169 3.543307,
        -0.980511 0.631428 3.542119,
        -0.980588 0.614167 3.543307,
        -1.039592 0.628869 3.542119,
        -1.038023 0.611680 3.543307,
        -1.098161 0.620689 3.542119,
        -1.094960 0.603728 3.543307,
        -1.155682 0.606964 3.542119,
        -1.150879 0.590384 3.543307,
        -1.211633 0.587817 3.542119,
        -1.205272 0.571770 3.543307,
        -1.265505 0.563423 3.542119,
        -1.257642 0.548056 3.543307,
        -1.316805 0.534005 3.542119,
        -1.307513 0.519457 3.543307,
        -1.365067 0.499830 3.542119,
        -1.354431 0.486235 3.543307,
        -1.409852 0.461210 3.542119,
        -1.397968 0.448691 3.543307,
        -1.471018 0.525647 3.485246,
        -1.479342 0.534417 3.460928,
        -1.483885 0.539202 3.434584,
        -1.484703 0.540064 3.417323,
        -1.431328 0.584525 3.434584,
        -1.432060 0.585461 3.417323,
        -1.251266 0.687781 3.434584,
        -1.315028 0.660212 3.417323,
        -1.314487 0.659154 3.434584,
        -1.339838 0.645985 3.417323,
        -1.374690 0.624631 3.434584,
        -1.375330 0.625632 3.417323,
        -1.423106 0.591801 3.417323,
        -1.155524 0.718650 3.417323,
        -1.185935 0.711393 3.417323,
        -1.185605 0.710252 3.434584,
        -1.250444 0.689317 3.417323,
        -1.251704 0.688886 3.417323,
        -1.118320 0.727527 3.417323,
        -1.118100 0.726359 3.434584,
        -1.057703 0.735993 3.417323,
        -1.049367 0.735959 3.434584,
        -1.049475 0.737142 3.417323,
        -0.980032 0.738962 3.434584,
        -0.980027 0.740150 3.417323,
        -0.763089 0.705584 3.417323,
        -0.774383 0.709561 3.417323,
        -0.774724 0.708423 3.434584,
        -0.841852 0.726297 3.417323,
        -0.842082 0.725131 3.434584,
        -0.859607 0.728938 3.417323,
        -0.910727 0.735342 3.434584,
        -0.910609 0.736524 3.417323,
        -0.958438 0.739022 3.417323,
        -0.708817 0.686470 3.417323,
        -0.709265 0.685370 3.434584,
        -0.670789 0.668841 3.417323,
        -0.646302 0.656181 3.434584,
        -0.645751 0.657234 3.417323,
        -0.585759 0.622119 3.417323,
        -0.583814 0.620827 3.417323,
        -0.574986 0.614965 3.417323,
        -0.584265 0.605686 3.472629,
        -0.580910 0.609041 3.460762,
        -0.590009 0.615594 3.460928,
        -0.579014 0.610937 3.454056,
        -0.610898 0.579053 3.517674,
        -0.601681 0.588270 3.506307,
        -0.605898 0.591199 3.506407,
        -0.600450 0.589501 3.504789,
        -0.591415 0.598536 3.489549,
        -0.617050 0.572900 3.523093,
        -0.617652 0.573243 3.523041,
        -0.618563 0.571387 3.524426,
        -0.672657 0.605783 3.523429,
        -0.622803 0.567148 3.528159,
        -0.634536 0.555415 3.535308,
        -0.683926 0.584234 3.535520,
        -0.636144 0.553806 3.536287,
        -0.650057 0.539893 3.541366,
        -1.427262 0.579328 3.460928,
        -1.371138 0.619069 3.460928,
        -1.311481 0.653280 3.460928,
        -1.248834 0.681647 3.460928,
        -1.183769 0.703913 3.460928,
        -1.116876 0.719875 3.460928,
        -1.048767 0.729387 3.460928,
        -0.980062 0.732363 3.460928,
        -0.911385 0.728776 3.460928,
        -0.843364 0.718658 3.460928,
        -0.776616 0.702102 3.460928,
        -0.711751 0.679257 3.460928,
        -0.649359 0.650334 3.460928,
        -1.419812 0.569804 3.485246,
        -1.364630 0.608880 3.485246,
        -1.305973 0.642516 3.485246,
        -1.244378 0.670407 3.485246,
        -1.180404 0.692300 3.485246,
        -1.114635 0.707994 3.485246,
        -1.047668 0.717346 3.485246,
        -0.980115 0.720272 3.485246,
        -0.912591 0.716745 3.485246,
        -0.845711 0.706797 3.485246,
        -0.780084 0.690519 3.485246,
        -0.716307 0.668057 3.485246,
        -0.654963 0.639619 3.485246,
        -0.596608 0.605462 3.485246,
        -0.589529 0.600422 3.485086,
        -1.409323 0.556398 3.506407,
        -1.355467 0.594534 3.506407,
        -1.298220 0.627362 3.506407,
        -1.238104 0.654583 3.506407,
        -1.175668 0.675950 3.506407,
        -1.111478 0.691267 3.506407,
        -1.046121 0.700395 3.506407,
        -0.980191 0.703251 3.506407,
        -0.914290 0.699808 3.506407,
        -0.849016 0.690099 3.506407,
        -0.784966 0.674212 3.506407,
        -0.722722 0.652291 3.506407,
        -0.662850 0.624535 3.506407,
        -1.396284 0.539731 3.523429,
        -1.344076 0.576700 3.523429,
        -1.288581 0.608524 3.523429,
        -1.230305 0.634912 3.523429,
        -1.169779 0.655624 3.523429,
        -1.107554 0.670472 3.523429,
        -1.044197 0.679321 3.523429,
        -0.980285 0.682089 3.523429,
        -0.916401 0.678752 3.523429,
        -0.853125 0.669341 3.523429,
        -0.791035 0.653939 3.523429,
        -0.730695 0.632689 3.523429,
        -1.381300 0.520579 3.535520,
        -1.330986 0.556206 3.535520,
        -1.277504 0.586875 3.535520,
        -1.221343 0.612306 3.535520,
        -1.163013 0.632267 3.535520,
        -1.103045 0.646577 3.535520,
        -1.041987 0.655104 3.535520,
        -0.980394 0.657772 3.535520,
        -0.918826 0.654556 3.535520,
        -0.857846 0.645486 3.535520,
        -0.798009 0.630643 3.535520,
        -0.739859 0.610164 3.535520,
        -1.302978 -0.502771 3.543261,
        -1.312972 -0.512765 3.541857,
        -1.270402 -0.537268 3.542119,
        -1.390444 -0.590238 3.436685,
        -1.390565 -0.590359 3.434570,
        -1.380128 -0.597501 3.434584,
        -0.468249 -0.503208 3.417323,
        -0.469089 -0.502368 3.434584,
        -0.482650 -0.515580 3.434584,
        -0.481833 -0.516442 3.417323,
        -0.535207 -0.560903 3.434584,
        -0.534475 -0.561839 3.417323,
        -0.715269 -0.664159 3.434584,
        -0.651508 -0.636590 3.417323,
        -0.652049 -0.635532 3.434584,
        -0.626698 -0.622363 3.417323,
        -0.591845 -0.601009 3.434584,
        -0.591206 -0.602010 3.417323,
        -0.543429 -0.568179 3.417323,
        -0.811012 -0.695028 3.417323,
        -0.780600 -0.687770 3.417323,
        -0.780931 -0.686630 3.434584,
        -0.716091 -0.665695 3.417323,
        -0.714831 -0.665264 3.417323,
        -0.848215 -0.703905 3.417323,
        -0.848435 -0.702737 3.434584,
        -0.908832 -0.712371 3.417323,
        -0.917168 -0.712337 3.434584,
        -0.917060 -0.713520 3.417323,
        -0.986503 -0.715340 3.434584,
        -0.986508 -0.716528 3.417323,
        -1.203446 -0.681962 3.417323,
        -1.192152 -0.685939 3.417323,
        -1.191811 -0.684801 3.434584,
        -1.124684 -0.702675 3.417323,
        -1.124453 -0.701509 3.434584,
        -1.106928 -0.705316 3.417323,
        -1.055808 -0.711720 3.434584,
        -1.055927 -0.712902 3.417323,
        -1.008097 -0.715400 3.417323,
        -1.257719 -0.662848 3.417323,
        -1.257270 -0.661748 3.434584,
        -1.295746 -0.645219 3.417323,
        -1.320234 -0.632559 3.434584,
        -1.320784 -0.633612 3.417323,
        -1.380776 -0.598497 3.417323,
        -1.382721 -0.597205 3.417323,
        -1.391550 -0.591343 3.417323,
        -1.382270 -0.582064 3.472629,
        -1.385626 -0.585419 3.460762,
        -1.376526 -0.591972 3.460928,
        -1.387522 -0.587315 3.454056,
        -1.355638 -0.555431 3.517674,
        -1.364855 -0.564648 3.506307,
        -1.360637 -0.567577 3.506407,
        -1.366086 -0.565879 3.504789,
        -1.375121 -0.574914 3.489549,
        -1.349485 -0.549278 3.523093,
        -1.348883 -0.549621 3.523041,
        -1.347972 -0.547765 3.524426,
        -1.293879 -0.582161 3.523429,
        -1.343733 -0.543526 3.528159,
        -1.331999 -0.531793 3.535308,
        -1.282610 -0.560612 3.535520,
        -1.330391 -0.530184 3.536287,
        -1.316478 -0.516271 3.541366,
        -1.262403 -0.521971 3.543307,
        -1.300472 -0.500265 3.543307,
        -1.216750 -0.562140 3.542119,
        -1.210246 -0.546151 3.543307,
        -1.160971 -0.581784 3.542119,
        -1.156021 -0.565248 3.543307,
        -1.103574 -0.596021 3.542119,
        -1.100222 -0.579088 3.543307,
        -1.045081 -0.604722 3.542119,
        -1.043359 -0.587546 3.543307,
        -0.986025 -0.607806 3.542119,
        -0.985948 -0.590545 3.543307,
        -0.926943 -0.605247 3.542119,
        -0.928512 -0.588057 3.543307,
        -0.868375 -0.597067 3.542119,
        -0.871576 -0.580106 3.543307,
        -0.810853 -0.583342 3.542119,
        -0.815656 -0.566762 3.543307,
        -0.754902 -0.564194 3.542119,
        -0.761264 -0.548148 3.543307,
        -0.701031 -0.539801 3.542119,
        -0.708893 -0.524434 3.543307,
        -0.649730 -0.510383 3.542119,
        -0.659022 -0.495835 3.543307,
        -0.601468 -0.476208 3.542119,
        -0.612104 -0.462613 3.543307,
        -0.556683 -0.437588 3.542119,
        -0.568567 -0.425069 3.543307,
        -0.557333 -0.414123 3.543307,
        -0.545128 -0.426329 3.542119,
        -0.526500 -0.444957 3.535520,
        -0.509305 -0.462152 3.523429,
        -0.538547 -0.456694 3.535520,
        -0.494341 -0.477115 3.506407,
        -0.521806 -0.474331 3.523429,
        -0.482305 -0.489152 3.485246,
        -0.507237 -0.489680 3.506407,
        -0.473755 -0.497702 3.460928,
        -0.495518 -0.502025 3.485246,
        -0.487194 -0.510794 3.460928,
        -0.539273 -0.555706 3.460928,
        -0.595398 -0.595447 3.460928,
        -0.655055 -0.629658 3.460928,
        -0.717701 -0.658025 3.460928,
        -0.782767 -0.680291 3.460928,
        -0.849659 -0.696253 3.460928,
        -0.917768 -0.705765 3.460928,
        -0.986474 -0.708741 3.460928,
        -1.055150 -0.705154 3.460928,
        -1.123172 -0.695036 3.460928,
        -1.189919 -0.678480 3.460928,
        -1.254784 -0.655635 3.460928,
        -1.317176 -0.626712 3.460928,
        -0.546724 -0.546182 3.485246,
        -0.601906 -0.585257 3.485246,
        -0.660562 -0.618894 3.485246,
        -0.722157 -0.646785 3.485246,
        -0.786131 -0.668678 3.485246,
        -0.851901 -0.684372 3.485246,
        -0.918867 -0.693724 3.485246,
        -0.986420 -0.696650 3.485246,
        -1.053944 -0.693123 3.485246,
        -1.120824 -0.683175 3.485246,
        -1.186452 -0.666896 3.485246,
        -1.250228 -0.644435 3.485246,
        -1.311573 -0.615997 3.485246,
        -1.369927 -0.581840 3.485246,
        -1.377007 -0.576800 3.485086,
        -0.557212 -0.532776 3.506407,
        -0.611069 -0.570912 3.506407,
        -0.668315 -0.603740 3.506407,
        -0.728431 -0.630961 3.506407,
        -0.790868 -0.652328 3.506407,
        -0.855057 -0.667645 3.506407,
        -0.920415 -0.676773 3.506407,
        -0.986344 -0.679629 3.506407,
        -1.052246 -0.676186 3.506407,
        -1.117519 -0.666477 3.506407,
        -1.181570 -0.650590 3.506407,
        -1.243814 -0.628669 3.506407,
        -1.303685 -0.600913 3.506407,
        -0.570252 -0.516109 3.523429,
        -0.622460 -0.553078 3.523429,
        -0.677954 -0.584902 3.523429,
        -0.736230 -0.611290 3.523429,
        -0.796756 -0.632002 3.523429,
        -0.858981 -0.646850 3.523429,
        -0.922338 -0.655699 3.523429,
        -0.986250 -0.658467 3.523429,
        -1.050135 -0.655130 3.523429,
        -1.113411 -0.645719 3.523429,
        -1.175501 -0.630317 3.523429,
        -1.235840 -0.609067 3.523429,
        -0.585235 -0.496956 3.535520,
        -0.635550 -0.532584 3.535520,
        -0.689031 -0.563253 3.535520,
        -0.745193 -0.588684 3.535520,
        -0.803523 -0.608645 3.535520,
        -0.863490 -0.622955 3.535520,
        -0.924548 -0.631482 3.535520,
        -0.986142 -0.634150 3.535520,
        -1.047709 -0.630934 3.535520,
        -1.108689 -0.621864 3.535520,
        -1.168527 -0.607021 3.535520,
        -1.226677 -0.586542 3.535520,
        -0.456980 0.343227 3.541746,
        -0.458681 0.341526 3.541933,
        -0.434189 0.298945 3.542119,
        -0.533869 -0.414773 3.542119,
        -0.374252 0.411265 3.417323,
        -0.373956 0.408671 3.434584,
        -0.372960 0.409319 3.417323,
        -0.338897 0.348777 3.434584,
        -0.337844 0.349328 3.417323,
        -0.326237 0.324289 3.417323,
        -0.308608 0.286261 3.417323,
        -0.309709 0.285814 3.434584,
        -0.289494 0.231989 3.417323,
        -0.286656 0.220355 3.434584,
        -0.285517 0.220696 3.417323,
        -0.269947 0.152996 3.434584,
        -0.268782 0.153227 3.417323,
        -0.259120 -0.054289 3.434584,
        -0.254928 0.015052 3.417323,
        -0.256117 0.015046 3.434584,
        -0.256056 0.036641 3.417323,
        -0.259737 0.084352 3.434584,
        -0.258555 0.084470 3.417323,
        -0.266141 0.135471 3.417323,
        -0.268719 -0.123021 3.434584,
        -0.259086 -0.062624 3.417323,
        -0.257937 -0.054396 3.417323,
        -0.284827 -0.190526 3.434584,
        -0.276429 -0.160445 3.417323,
        -0.267552 -0.123242 3.417323,
        -0.349094 -0.344759 3.417323,
        -0.334867 -0.319949 3.417323,
        -0.335924 -0.319408 3.434584,
        -0.306193 -0.256625 3.417323,
        -0.307297 -0.256187 3.434584,
        -0.305762 -0.255366 3.417323,
        -0.283686 -0.190856 3.417323,
        -0.369447 -0.380251 3.417323,
        -0.370448 -0.379611 3.434584,
        -0.403278 -0.428028 3.417323,
        -0.410554 -0.436249 3.434584,
        -0.409618 -0.436981 3.417323,
        -0.455876 -0.488806 3.434584,
        -0.455015 -0.489624 3.417323,
        -0.546388 -0.402889 3.543307,
        -0.495249 -0.369989 3.542119,
        -0.508844 -0.359352 3.543307,
        -0.461074 -0.321726 3.542119,
        -0.475621 -0.312435 3.543307,
        -0.431656 -0.270426 3.542119,
        -0.447022 -0.262563 3.543307,
        -0.407262 -0.216555 3.542119,
        -0.423308 -0.210193 3.543307,
        -0.388115 -0.160604 3.542119,
        -0.404695 -0.155800 3.543307,
        -0.374389 -0.103082 3.542119,
        -0.391351 -0.099881 3.543307,
        -0.366209 -0.044513 3.542119,
        -0.383399 -0.042944 3.543307,
        -0.363650 0.014568 3.542119,
        -0.380911 0.014491 3.543307,
        -0.366735 0.073624 3.542119,
        -0.383910 0.071902 3.543307,
        -0.375436 0.132117 3.542119,
        -0.392369 0.128766 3.543307,
        -0.389673 0.189515 3.542119,
        -0.406209 0.184564 3.543307,
        -0.409317 0.245293 3.542119,
        -0.425306 0.238789 3.543307,
        -0.449485 0.290946 3.543307,
        -0.471192 0.329015 3.543307,
        -0.429547 0.370659 3.529391,
        -0.439699 0.360508 3.535181,
        -0.410844 0.311153 3.535520,
        -0.442994 0.357213 3.537060,
        -0.389296 0.322422 3.523429,
        -0.423672 0.376534 3.524389,
        -0.421832 0.377441 3.523049,
        -0.422167 0.378040 3.523107,
        -0.417363 0.382844 3.519017,
        -0.397302 0.402905 3.491063,
        -0.406454 0.393753 3.506056,
        -0.403880 0.389181 3.506407,
        -0.389994 0.410213 3.474226,
        -0.394693 0.405515 3.485052,
        -0.389617 0.398470 3.485246,
        -0.381181 0.419026 3.436630,
        -0.384425 0.415782 3.455514,
        -0.379485 0.405070 3.460928,
        -0.385992 0.414215 3.460780,
        -0.381067 0.419140 3.434574,
        -0.380114 0.420093 3.417323,
        -0.344745 0.345719 3.460928,
        -0.315821 0.283328 3.460928,
        -0.292977 0.218463 3.460928,
        -0.276420 0.151715 3.460928,
        -0.266303 0.083693 3.460928,
        -0.262715 0.015017 3.460928,
        -0.265691 -0.053689 3.460928,
        -0.275204 -0.121798 3.460928,
        -0.291165 -0.188690 3.460928,
        -0.313431 -0.253756 3.460928,
        -0.341799 -0.316402 3.460928,
        -0.376009 -0.376059 3.460928,
        -0.415751 -0.432183 3.460928,
        -0.460662 -0.484263 3.460928,
        -0.355459 0.340116 3.485246,
        -0.327021 0.278771 3.485246,
        -0.304560 0.214995 3.485246,
        -0.288281 0.149367 3.485246,
        -0.278333 0.082487 3.485246,
        -0.274806 0.014963 3.485246,
        -0.277733 -0.052589 3.485246,
        -0.287085 -0.119556 3.485246,
        -0.302779 -0.185325 3.485246,
        -0.324672 -0.249299 3.485246,
        -0.352563 -0.310894 3.485246,
        -0.386199 -0.369551 3.485246,
        -0.425274 -0.424733 3.485246,
        -0.469432 -0.475939 3.485246,
        -0.370543 0.332228 3.506407,
        -0.342788 0.272357 3.506407,
        -0.320867 0.210113 3.506407,
        -0.304980 0.146063 3.506407,
        -0.295270 0.080789 3.506407,
        -0.291828 0.014887 3.506407,
        -0.294684 -0.051042 3.506407,
        -0.303812 -0.116400 3.506407,
        -0.319129 -0.180589 3.506407,
        -0.340495 -0.243026 3.506407,
        -0.367717 -0.303141 3.506407,
        -0.400544 -0.360388 3.506407,
        -0.438681 -0.414244 3.506407,
        -0.481777 -0.464220 3.506407,
        -0.362390 0.264383 3.523429,
        -0.341139 0.204044 3.523429,
        -0.325738 0.141954 3.523429,
        -0.316326 0.078678 3.523429,
        -0.312989 0.014793 3.523429,
        -0.315757 -0.049119 3.523429,
        -0.324606 -0.112476 3.523429,
        -0.339454 -0.174700 3.523429,
        -0.360167 -0.235226 3.523429,
        -0.386555 -0.293502 3.523429,
        -0.418379 -0.348997 3.523429,
        -0.455348 -0.401205 3.523429,
        -0.497125 -0.449652 3.523429,
        -0.384915 0.255220 3.535520,
        -0.364435 0.197070 3.535520,
        -0.349593 0.137232 3.535520,
        -0.340522 0.076252 3.535520,
        -0.337307 0.014685 3.535520,
        -0.339974 -0.046908 3.535520,
        -0.348502 -0.107967 3.535520,
        -0.362812 -0.167934 3.535520,
        -0.382773 -0.226264 3.535520,
        -0.408204 -0.282426 3.535520,
        -0.438872 -0.335907 3.535520,
        -0.474500 -0.386221 3.535520,
        -0.514762 -0.432910 3.535520,
        -1.400850 0.429394 1.633858,
        -1.400850 0.429394 3.031496,
        -1.333949 0.486967 3.031496,
        -1.333949 0.486967 1.633858,
        -1.259214 0.533926 3.031496,
        -1.259214 0.533926 1.633858,
        -1.178314 0.569222 3.031496,
        -1.178314 0.569222 1.633858,
        -1.093058 0.592067 3.031496,
        -1.093058 0.592067 1.633858,
        -1.005349 0.601949 3.031496,
        -1.005349 0.601949 1.633858,
        -0.917147 0.598649 3.031496,
        -0.917147 0.598649 1.633858,
        -0.830422 0.582240 3.031496,
        -0.830422 0.582240 1.633858,
        -0.747111 0.553088 3.031496,
        -0.747111 0.553088 1.633858,
        -0.669076 0.511845 3.031496,
        -0.669076 0.511845 1.633858,
        -0.598059 0.459432 3.031496,
        -0.598059 0.459432 1.633858,
        -0.535646 0.397020 3.031496,
        -0.535646 0.397020 1.633858,
        -0.483234 0.326003 3.031496,
        -0.483234 0.326003 1.633858,
        -0.441991 0.247968 3.031496,
        -0.441991 0.247968 1.633858,
        -0.412839 0.164657 3.031496,
        -0.412839 0.164657 1.633858,
        -0.396430 0.077932 3.031496,
        -0.396430 0.077932 1.633858,
        -0.393130 -0.010270 3.031496,
        -0.393130 -0.010270 1.633858,
        -0.403012 -0.097979 3.031496,
        -0.403012 -0.097979 1.633858,
        -0.425856 -0.183236 3.031496,
        -0.425856 -0.183236 1.633858,
        -0.461152 -0.264135 3.031496,
        -0.461152 -0.264135 1.633858,
        -0.508111 -0.338870 3.031496,
        -0.508111 -0.338870 1.633858,
        -0.565685 -0.405772 3.031496,
        -0.565685 -0.405772 1.633858,
        -0.574986 0.614965 3.188976,
        -1.586421 -0.396471 3.188976,
        -0.504596 0.560775 3.188976,
        -1.532232 -0.466861 3.188976,
        -0.434304 0.490483 3.188976,
        -1.461940 -0.537153 3.188976,
        -0.380114 0.420093 3.188976,
        -1.391550 -0.591343 3.188976,
        -1.576542 -0.386591 3.474226,
        -1.580544 -0.390593 3.460780,
        -1.507854 -0.317904 3.541933,
        -1.582111 -0.392160 3.455514,
        -1.585355 -0.395404 3.436630,
        -1.585469 -0.395518 3.434574,
        -1.586421 -0.396471 3.417323,
        -1.495344 -0.305393 3.543307,
        -1.523542 -0.333591 3.537060,
        -1.526836 -0.336886 3.535181,
        -1.571843 -0.381893 3.485052,
        -1.536988 -0.347037 3.529391,
        -1.544369 -0.354418 3.523107,
        -1.549172 -0.359222 3.519017,
        -1.560081 -0.370131 3.506056,
        -1.569234 -0.379283 3.491063,
        -1.509556 -0.319605 3.541746,
        -1.458424 0.362492 1.633858,
        -1.553696 -0.141035 1.633858,
        -1.570106 -0.054310 1.633858,
        -1.573406 0.033893 1.633858,
        -1.563524 0.121601 1.633858,
        -1.540679 0.206858 1.633858,
        -1.505383 0.287757 1.633858,
        -0.632587 -0.463345 1.633858,
        -1.483302 -0.302381 1.633858,
        -1.524544 -0.224346 1.633858,
        -0.707322 -0.510304 1.633858,
        -0.788221 -0.545600 1.633858,
        -0.873477 -0.568445 1.633858,
        -0.961186 -0.578327 1.633858,
        -1.049389 -0.575027 1.633858,
        -1.430889 -0.373398 1.633858,
        -1.368477 -0.435810 1.633858,
        -1.297460 -0.488223 1.633858,
        -1.136114 -0.558618 1.633858,
        -1.219424 -0.529466 1.633858,
        -1.501617 -0.295035 3.543307,
        -1.528148 -0.244989 3.543307,
        -1.584391 -0.026798 3.543307,
        -1.578107 -0.083092 3.543307,
        -1.566563 -0.138546 3.543307,
        -1.549860 -0.192672 3.543307,
        -0.961186 -0.578327 3.031496,
        -1.008134 -0.716111 3.031496,
        -1.049389 -0.575027 3.031496,
        -1.107021 -0.705945 3.031496,
        -1.136114 -0.558618 3.031496,
        -1.203603 -0.682409 3.031496,
        -1.219424 -0.529466 3.031496,
        -1.296080 -0.645940 3.031496,
        -1.297460 -0.488223 3.031496,
        -1.382731 -0.597219 3.031496,
        -1.368477 -0.435810 3.031496,
        -1.461940 -0.537153 3.031496,
        -1.430889 -0.373398 3.031496,
        -1.532232 -0.466861 3.031496,
        -1.483302 -0.302381 3.031496,
        -1.592298 -0.387652 3.031496,
        -1.524544 -0.224346 3.031496,
        -1.641019 -0.301002 3.031496,
        -1.553696 -0.141035 3.031496,
        -1.677487 -0.208524 3.031496,
        -1.570106 -0.054310 3.031496,
        -1.701024 -0.111943 3.031496,
        -1.711189 -0.013056 3.031496,
        -1.573406 0.033893 3.031496,
        -1.707796 0.086295 3.031496,
        -1.563524 0.121601 3.031496,
        -1.690905 0.184257 3.031496,
        -1.540679 0.206858 3.031496,
        -1.660833 0.279008 3.031496,
        -1.505383 0.287757 3.031496,
        -1.618139 0.368781 3.031496,
        -1.458424 0.362492 3.031496,
        -1.563618 0.451904 3.031496,
        -1.498287 0.526830 3.031496,
        -1.423361 0.592161 3.031496,
        -1.340238 0.646682 3.031496,
        -1.250465 0.689376 3.031496,
        -1.155714 0.719448 3.031496,
        -0.255346 0.036678 3.031496,
        -0.258740 -0.062673 3.031496,
        -0.275630 -0.160635 3.031496,
        -0.305703 -0.255386 3.031496,
        -0.348397 -0.345159 3.031496,
        -0.402918 -0.428282 3.031496,
        -0.468249 -0.503208 3.031496,
        -0.632587 -0.463345 3.031496,
        -0.543174 -0.568539 3.031496,
        -0.707322 -0.510304 3.031496,
        -0.626298 -0.623060 3.031496,
        -0.788221 -0.545600 3.031496,
        -0.716071 -0.665754 3.031496,
        -0.873477 -0.568445 3.031496,
        -0.810821 -0.695826 3.031496,
        -0.908784 -0.712717 3.031496,
        -1.057752 0.736339 3.031496,
        -0.958401 0.739733 3.031496,
        -0.859514 0.729567 3.031496,
        -0.762932 0.706031 3.031496,
        -0.670455 0.669562 3.031496,
        -0.583805 0.620841 3.031496,
        -0.504596 0.560775 3.031496,
        -0.434304 0.490483 3.031496,
        -0.374237 0.411274 3.031496,
        -0.325517 0.324624 3.031496,
        -0.289048 0.232146 3.031496,
        -0.265512 0.135565 3.031496,
        -1.640917 -0.300948 3.417323,
        -1.610030 -0.359212 3.417323,
        -1.592092 -0.387521 3.417323,
        -1.642109 -0.298699 3.417323,
        -1.668363 -0.235439 3.417323,
        -1.700659 -0.111867 3.417323,
        -1.688559 -0.169994 3.417323,
        -1.676740 -0.208294 3.417323,
        -1.710817 -0.013044 3.417323,
        -1.710117 -0.034872 3.417323,
        -1.702518 -0.102941 3.417323,
        -1.708931 -0.034796 3.434584,
        -1.667246 -0.235036 3.434584,
        -1.609007 -0.358607 3.434584,
        -1.516470 -0.303828 3.542119,
        -1.539140 -0.317248 3.535520,
        -1.560066 -0.329635 3.523429,
        -1.578276 -0.340415 3.506407,
        -1.592924 -0.349086 3.485246,
        -1.603329 -0.355246 3.460928,
        -1.702346 -0.034373 3.460928,
        -1.690280 -0.033598 3.485246,
        -1.673293 -0.032507 3.506407,
        -1.652175 -0.031151 3.523429,
        -1.627907 -0.029593 3.535520,
        -1.601617 -0.027904 3.542119,
        -1.701344 -0.102753 3.434584,
        -1.694828 -0.101714 3.460928,
        -1.682888 -0.099809 3.485246,
        -1.666079 -0.097127 3.506407,
        -1.645181 -0.093793 3.523429,
        -1.621168 -0.089962 3.535520,
        -1.595153 -0.085811 3.542119,
        -1.687408 -0.169697 3.434584,
        -1.681019 -0.168050 3.460928,
        -1.669310 -0.165032 3.485246,
        -1.652827 -0.160783 3.506407,
        -1.632335 -0.155501 3.523429,
        -1.608787 -0.149431 3.535520,
        -1.583278 -0.142855 3.542119,
        -1.661039 -0.232796 3.460928,
        -1.649665 -0.228691 3.485246,
        -1.633654 -0.222913 3.506407,
        -1.613750 -0.215730 3.523429,
        -1.590876 -0.207474 3.535520,
        -1.566096 -0.198531 3.542119,
        -1.641035 -0.298192 3.434584,
        -1.635065 -0.295379 3.460928,
        -1.624128 -0.290224 3.485246,
        -1.608731 -0.282967 3.506407,
        -1.589589 -0.273946 3.523429,
        -1.567592 -0.263579 3.535520,
        -1.543762 -0.252348 3.542119,
        0.475724 0.521324 3.460928,
        0.472935 0.524112 3.445186,
        0.429710 0.477953 3.445357,
        0.471057 0.525990 3.434584,
        0.470217 0.526830 3.417323,
        0.427291 0.479983 3.417323,
        0.391197 0.427762 3.445357,
        0.405427 0.451490 3.417323,
        0.388610 0.429573 3.417323,
        0.354470 0.375984 3.417323,
        0.357205 0.374405 3.445357,
        0.350644 0.368636 3.417323,
        0.327993 0.318289 3.445357,
        0.325130 0.319624 3.417323,
        0.303783 0.259840 3.445357,
        0.308214 0.278783 3.417323,
        0.300815 0.260920 3.417323,
        0.281707 0.200321 3.417323,
        0.284759 0.199504 3.445357,
        0.278121 0.184142 3.417323,
        0.271066 0.137739 3.445357,
        0.256890 0.011811 3.417323,
        0.258825 0.011811 3.434500,
        0.259661 0.075291 3.417323,
        0.262808 0.075015 3.445357,
        0.261103 0.086243 3.417323,
        0.267955 0.138287 3.417323,
        0.436848 0.471963 3.471985,
        0.479498 0.517549 3.471663,
        0.398830 0.422417 3.471985,
        0.365274 0.369746 3.471985,
        0.336437 0.314351 3.471985,
        0.312539 0.256653 3.471985,
        0.293759 0.197092 3.471985,
        0.280242 0.136120 3.471985,
        0.272090 0.074203 3.471985,
        0.496310 0.500737 3.506407,
        0.490057 0.506991 3.495413,
        0.448346 0.462316 3.495873,
        0.484274 0.512774 3.485246,
        0.260048 0.011811 3.445357,
        0.265407 0.011811 3.460672,
        0.269366 0.011811 3.471985,
        0.277435 0.011811 3.484827,
        0.287043 0.072895 3.495873,
        0.295023 0.133514 3.495873,
        0.308257 0.193207 3.495873,
        0.326643 0.251520 3.495873,
        0.350041 0.308007 3.495873,
        0.378273 0.362241 3.495873,
        0.411125 0.413808 3.495873,
        0.463627 0.449493 3.515821,
        0.504083 0.492964 3.515250,
        0.427466 0.402366 3.515821,
        0.395549 0.352267 3.515821,
        0.368120 0.299577 3.515821,
        0.345388 0.244697 3.515821,
        0.327526 0.188044 3.515821,
        0.314669 0.130050 3.515821,
        0.306915 0.071156 3.515821,
        0.528468 0.468579 3.535520,
        0.520878 0.476170 3.530183,
        0.481926 0.434138 3.530831,
        0.511273 0.485774 3.523429,
        0.284376 0.011811 3.495873,
        0.294350 0.011811 3.505847,
        0.304324 0.011811 3.515821,
        0.315370 0.011811 3.522762,
        0.330712 0.069074 3.530831,
        0.338193 0.125902 3.530831,
        0.350599 0.181861 3.530831,
        0.367835 0.236527 3.530831,
        0.389770 0.289481 3.530831,
        0.416236 0.340323 3.530831,
        0.447033 0.388665 3.530831,
        0.547096 0.449951 3.542119,
        0.539600 0.457447 3.539463,
        0.502324 0.417022 3.540148,
        0.468846 0.373391 3.540148,
        0.439297 0.327009 3.540148,
        0.413903 0.278228 3.540148,
        0.392857 0.227419 3.540148,
        0.376320 0.174970 3.540148,
        0.364417 0.121278 3.540148,
        0.357239 0.066754 3.540148,
        0.523800 0.399002 3.543307,
        0.559302 0.437745 3.543307,
        0.328211 0.011811 3.530831,
        0.339524 0.011811 3.534789,
        0.354840 0.011811 3.540148,
        0.365697 0.011811 3.541372,
        0.491810 0.357312 3.543307,
        0.463575 0.312992 3.543307,
        0.439311 0.266380 3.543307,
        0.419201 0.217831 3.543307,
        0.403399 0.167714 3.543307,
        0.392025 0.116410 3.543307,
        0.385166 0.064310 3.543307,
        0.382874 0.011811 3.543307,
        1.392413 0.613860 3.436685,
        1.392534 0.613981 3.434570,
        1.382096 0.621123 3.434584,
        0.509205 0.513302 3.506407,
        0.523774 0.497954 3.523429,
        0.540515 0.480317 3.535520,
        1.304946 0.526393 3.543261,
        1.314941 0.536387 3.541857,
        1.272370 0.560890 3.542119,
        1.264372 0.545593 3.543307,
        1.302440 0.523887 3.543307,
        1.218719 0.585762 3.542119,
        1.212214 0.569773 3.543307,
        1.162940 0.605406 3.542119,
        1.157989 0.588870 3.543307,
        1.105543 0.619643 3.542119,
        1.102191 0.602710 3.543307,
        1.047049 0.628344 3.542119,
        1.045328 0.611169 3.543307,
        0.987993 0.631428 3.542119,
        0.987916 0.614167 3.543307,
        0.928912 0.628869 3.542119,
        0.930481 0.611680 3.543307,
        0.870343 0.620689 3.542119,
        0.873544 0.603728 3.543307,
        0.812822 0.606964 3.542119,
        0.817625 0.590384 3.543307,
        0.756870 0.587817 3.542119,
        0.763232 0.571770 3.543307,
        0.702999 0.563423 3.542119,
        0.710862 0.548056 3.543307,
        0.651699 0.534005 3.542119,
        0.660991 0.519457 3.543307,
        0.603437 0.499830 3.542119,
        0.614073 0.486235 3.543307,
        0.558652 0.461210 3.542119,
        0.570536 0.448691 3.543307,
        0.497486 0.525647 3.485246,
        0.489162 0.534417 3.460928,
        0.484619 0.539202 3.434584,
        0.483801 0.540064 3.417323,
        0.537176 0.584525 3.434584,
        0.536444 0.585461 3.417323,
        0.717238 0.687781 3.434584,
        0.653476 0.660212 3.417323,
        0.654017 0.659154 3.434584,
        0.628666 0.645985 3.417323,
        0.593814 0.624631 3.434584,
        0.593174 0.625632 3.417323,
        0.545398 0.591801 3.417323,
        0.812980 0.718650 3.417323,
        0.782569 0.711393 3.417323,
        0.782899 0.710252 3.434584,
        0.718059 0.689317 3.417323,
        0.716800 0.688886 3.417323,
        0.850184 0.727527 3.417323,
        0.850404 0.726359 3.434584,
        0.910801 0.735993 3.417323,
        0.919137 0.735959 3.434584,
        0.919029 0.737142 3.417323,
        0.988472 0.738962 3.434584,
        0.988477 0.740150 3.417323,
        1.205415 0.705584 3.417323,
        1.194121 0.709561 3.417323,
        1.193780 0.708423 3.434584,
        1.126652 0.726297 3.417323,
        1.126422 0.725131 3.434584,
        1.108896 0.728938 3.417323,
        1.057777 0.735342 3.434584,
        1.057895 0.736524 3.417323,
        1.010066 0.739022 3.417323,
        1.259687 0.686470 3.417323,
        1.259239 0.685370 3.434584,
        1.297715 0.668841 3.417323,
        1.322202 0.656181 3.434584,
        1.322753 0.657234 3.417323,
        1.382744 0.622119 3.417323,
        1.384690 0.620827 3.417323,
        1.393518 0.614965 3.417323,
        1.384239 0.605686 3.472629,
        1.387594 0.609041 3.460762,
        1.378495 0.615594 3.460928,
        1.389490 0.610937 3.454056,
        1.357606 0.579053 3.517674,
        1.366823 0.588270 3.506307,
        1.362606 0.591199 3.506407,
        1.368054 0.589501 3.504789,
        1.377089 0.598536 3.489549,
        1.351454 0.572900 3.523093,
        1.350852 0.573243 3.523041,
        1.349941 0.571387 3.524426,
        1.295847 0.605783 3.523429,
        1.345701 0.567148 3.528159,
        1.333968 0.555415 3.535308,
        1.284578 0.584234 3.535520,
        1.332360 0.553806 3.536287,
        1.318446 0.539893 3.541366,
        0.541242 0.579328 3.460928,
        0.597366 0.619069 3.460928,
        0.657023 0.653280 3.460928,
        0.719670 0.681647 3.460928,
        0.784735 0.703913 3.460928,
        0.851628 0.719875 3.460928,
        0.919737 0.729387 3.460928,
        0.988442 0.732363 3.460928,
        1.057119 0.728776 3.460928,
        1.125140 0.718658 3.460928,
        1.191887 0.702102 3.460928,
        1.256753 0.679257 3.460928,
        1.319144 0.650334 3.460928,
        0.548692 0.569804 3.485246,
        0.603874 0.608880 3.485246,
        0.662531 0.642516 3.485246,
        0.724126 0.670407 3.485246,
        0.788100 0.692300 3.485246,
        0.853870 0.707994 3.485246,
        0.920836 0.717346 3.485246,
        0.988388 0.720272 3.485246,
        1.055912 0.716745 3.485246,
        1.122793 0.706797 3.485246,
        1.188420 0.690519 3.485246,
        1.252196 0.668057 3.485246,
        1.313541 0.639619 3.485246,
        1.371896 0.605462 3.485246,
        1.378975 0.600422 3.485086,
        0.559181 0.556398 3.506407,
        0.613037 0.594534 3.506407,
        0.670284 0.627362 3.506407,
        0.730400 0.654583 3.506407,
        0.792836 0.675950 3.506407,
        0.857026 0.691267 3.506407,
        0.922383 0.700395 3.506407,
        0.988313 0.703251 3.506407,
        1.054214 0.699808 3.506407,
        1.119488 0.690099 3.506407,
        1.183538 0.674212 3.506407,
        1.245782 0.652291 3.506407,
        1.305654 0.624535 3.506407,
        0.572220 0.539731 3.523429,
        0.624428 0.576700 3.523429,
        0.679923 0.608524 3.523429,
        0.738199 0.634912 3.523429,
        0.798725 0.655624 3.523429,
        0.860950 0.670472 3.523429,
        0.924307 0.679321 3.523429,
        0.988219 0.682089 3.523429,
        1.052103 0.678752 3.523429,
        1.115379 0.669341 3.523429,
        1.177469 0.653939 3.523429,
        1.237809 0.632689 3.523429,
        0.587204 0.520579 3.535520,
        0.637518 0.556206 3.535520,
        0.691000 0.586875 3.535520,
        0.747161 0.612306 3.535520,
        0.805491 0.632267 3.535520,
        0.865459 0.646577 3.535520,
        0.926517 0.655104 3.535520,
        0.988110 0.657772 3.535520,
        1.049677 0.654556 3.535520,
        1.110657 0.645486 3.535520,
        1.170495 0.630643 3.535520,
        1.228645 0.610164 3.535520,
        0.665526 -0.502771 3.543261,
        0.655532 -0.512765 3.541857,
        0.698102 -0.537268 3.542119,
        0.578059 -0.590238 3.436685,
        0.577939 -0.590359 3.434570,
        0.588376 -0.597501 3.434584,
        1.500255 -0.503208 3.417323,
        1.499415 -0.502368 3.434584,
        1.485854 -0.515580 3.434584,
        1.486671 -0.516442 3.417323,
        1.433296 -0.560903 3.434584,
        1.434029 -0.561839 3.417323,
        1.253235 -0.664159 3.434584,
        1.316996 -0.636590 3.417323,
        1.316455 -0.635532 3.434584,
        1.341806 -0.622363 3.417323,
        1.376658 -0.601009 3.434584,
        1.377298 -0.602010 3.417323,
        1.425074 -0.568179 3.417323,
        1.157492 -0.695028 3.417323,
        1.187904 -0.687770 3.417323,
        1.187573 -0.686630 3.434584,
        1.252413 -0.665695 3.417323,
        1.253672 -0.665264 3.417323,
        1.120289 -0.703905 3.417323,
        1.120069 -0.702737 3.434584,
        1.059672 -0.712371 3.417323,
        1.051336 -0.712337 3.434584,
        1.051444 -0.713520 3.417323,
        0.982001 -0.715340 3.434584,
        0.981996 -0.716528 3.417323,
        0.765058 -0.681962 3.417323,
        0.776352 -0.685939 3.417323,
        0.776692 -0.684801 3.434584,
        0.843820 -0.702675 3.417323,
        0.844051 -0.701509 3.434584,
        0.861576 -0.705316 3.417323,
        0.912696 -0.711720 3.434584,
        0.912577 -0.712902 3.417323,
        0.960407 -0.715400 3.417323,
        0.710786 -0.662848 3.417323,
        0.711233 -0.661748 3.434584,
        0.672757 -0.645219 3.417323,
        0.648270 -0.632559 3.434584,
        0.647720 -0.633612 3.417323,
        0.587728 -0.598497 3.417323,
        0.585783 -0.597205 3.417323,
        0.576954 -0.591343 3.417323,
        0.586233 -0.582064 3.472629,
        0.582878 -0.585419 3.460762,
        0.591978 -0.591972 3.460928,
        0.580982 -0.587315 3.454056,
        0.612866 -0.555431 3.517674,
        0.603649 -0.564648 3.506307,
        0.607867 -0.567577 3.506407,
        0.602418 -0.565879 3.504789,
        0.593383 -0.574914 3.489549,
        0.619019 -0.549278 3.523093,
        0.619621 -0.549621 3.523041,
        0.620532 -0.547765 3.524426,
        0.674625 -0.582161 3.523429,
        0.624771 -0.543526 3.528159,
        0.636505 -0.531793 3.535308,
        0.685894 -0.560612 3.535520,
        0.638113 -0.530184 3.536287,
        0.652026 -0.516271 3.541366,
        0.706101 -0.521971 3.543307,
        0.668032 -0.500265 3.543307,
        0.751754 -0.562140 3.542119,
        0.758258 -0.546151 3.543307,
        0.807533 -0.581784 3.542119,
        0.812483 -0.565248 3.543307,
        0.864930 -0.596021 3.542119,
        0.868281 -0.579088 3.543307,
        0.923423 -0.604722 3.542119,
        0.925145 -0.587546 3.543307,
        0.982479 -0.607806 3.542119,
        0.982556 -0.590545 3.543307,
        1.041561 -0.605247 3.542119,
        1.039992 -0.588057 3.543307,
        1.100129 -0.597067 3.542119,
        1.096928 -0.580106 3.543307,
        1.157651 -0.583342 3.542119,
        1.152848 -0.566762 3.543307,
        1.213602 -0.564194 3.542119,
        1.207240 -0.548148 3.543307,
        1.267473 -0.539801 3.542119,
        1.259611 -0.524434 3.543307,
        1.318774 -0.510383 3.542119,
        1.309482 -0.495835 3.543307,
        1.367036 -0.476208 3.542119,
        1.356400 -0.462613 3.543307,
        1.411820 -0.437588 3.542119,
        1.399937 -0.425069 3.543307,
        1.411170 -0.414123 3.543307,
        1.423376 -0.426329 3.542119,
        1.442004 -0.444957 3.535520,
        1.459200 -0.462152 3.523429,
        1.429957 -0.456694 3.535520,
        1.474163 -0.477115 3.506407,
        1.446698 -0.474331 3.523429,
        1.486199 -0.489152 3.485246,
        1.461267 -0.489680 3.506407,
        1.494749 -0.497702 3.460928,
        1.472986 -0.502025 3.485246,
        1.481310 -0.510794 3.460928,
        1.429231 -0.555706 3.460928,
        1.373106 -0.595447 3.460928,
        1.313449 -0.629658 3.460928,
        1.250803 -0.658025 3.460928,
        1.185737 -0.680291 3.460928,
        1.118845 -0.696253 3.460928,
        1.050736 -0.705765 3.460928,
        0.982030 -0.708741 3.460928,
        0.913354 -0.705154 3.460928,
        0.845332 -0.695036 3.460928,
        0.778585 -0.678480 3.460928,
        0.713720 -0.655635 3.460928,
        0.651328 -0.626712 3.460928,
        1.421780 -0.546182 3.485246,
        1.366598 -0.585257 3.485246,
        1.307942 -0.618894 3.485246,
        1.246346 -0.646785 3.485246,
        1.182372 -0.668678 3.485246,
        1.116603 -0.684372 3.485246,
        1.049637 -0.693724 3.485246,
        0.982084 -0.696650 3.485246,
        0.914560 -0.693123 3.485246,
        0.847680 -0.683175 3.485246,
        0.782052 -0.666896 3.485246,
        0.718276 -0.644435 3.485246,
        0.656931 -0.615997 3.485246,
        0.598577 -0.581840 3.485246,
        0.591497 -0.576800 3.485086,
        1.411292 -0.532776 3.506407,
        1.357435 -0.570912 3.506407,
        1.300189 -0.603740 3.506407,
        1.240073 -0.630961 3.506407,
        1.177636 -0.652328 3.506407,
        1.113447 -0.667645 3.506407,
        1.048089 -0.676773 3.506407,
        0.982160 -0.679629 3.506407,
        0.916258 -0.676186 3.506407,
        0.850985 -0.666477 3.506407,
        0.786934 -0.650590 3.506407,
        0.724690 -0.628669 3.506407,
        0.664819 -0.600913 3.506407,
        1.398252 -0.516109 3.523429,
        1.346044 -0.553078 3.523429,
        1.290550 -0.584902 3.523429,
        1.232274 -0.611290 3.523429,
        1.171748 -0.632002 3.523429,
        1.109523 -0.646850 3.523429,
        1.046166 -0.655699 3.523429,
        0.982254 -0.658467 3.523429,
        0.918369 -0.655130 3.523429,
        0.855093 -0.645719 3.523429,
        0.793003 -0.630317 3.523429,
        0.732664 -0.609067 3.523429,
        1.383269 -0.496956 3.535520,
        1.332954 -0.532584 3.535520,
        1.279473 -0.563253 3.535520,
        1.223311 -0.588684 3.535520,
        1.164981 -0.608645 3.535520,
        1.105014 -0.622955 3.535520,
        1.043956 -0.631482 3.535520,
        0.982362 -0.634150 3.535520,
        0.920795 -0.630934 3.535520,
        0.859815 -0.621864 3.535520,
        0.799977 -0.607021 3.535520,
        0.741827 -0.586542 3.535520,
        1.511524 0.343227 3.541746,
        1.509822 0.341526 3.541933,
        1.534315 0.298945 3.542119,
        1.434635 -0.414773 3.542119,
        1.594252 0.411265 3.417323,
        1.594548 0.408671 3.434584,
        1.595544 0.409319 3.417323,
        1.629607 0.348777 3.434584,
        1.630659 0.349328 3.417323,
        1.642267 0.324289 3.417323,
        1.659896 0.286261 3.417323,
        1.658795 0.285814 3.434584,
        1.679009 0.231989 3.417323,
        1.681848 0.220355 3.434584,
        1.682987 0.220696 3.417323,
        1.698556 0.152996 3.434584,
        1.699722 0.153227 3.417323,
        1.709384 -0.054289 3.434584,
        1.713575 0.015052 3.417323,
        1.712387 0.015046 3.434584,
        1.712448 0.036641 3.417323,
        1.708767 0.084352 3.434584,
        1.709950 0.084470 3.417323,
        1.702363 0.135471 3.417323,
        1.699785 -0.123021 3.434584,
        1.709418 -0.062624 3.417323,
        1.710567 -0.054396 3.417323,
        1.683677 -0.190526 3.434584,
        1.692075 -0.160445 3.417323,
        1.700952 -0.123242 3.417323,
        1.619410 -0.344759 3.417323,
        1.633637 -0.319949 3.417323,
        1.632580 -0.319408 3.434584,
        1.662311 -0.256625 3.417323,
        1.661207 -0.256187 3.434584,
        1.662742 -0.255366 3.417323,
        1.684818 -0.190856 3.417323,
        1.599057 -0.380251 3.417323,
        1.598056 -0.379611 3.434584,
        1.565226 -0.428028 3.417323,
        1.557950 -0.436249 3.434584,
        1.558886 -0.436981 3.417323,
        1.512628 -0.488806 3.434584,
        1.513489 -0.489624 3.417323,
        1.422116 -0.402889 3.543307,
        1.473255 -0.369989 3.542119,
        1.459660 -0.359352 3.543307,
        1.507430 -0.321726 3.542119,
        1.492883 -0.312435 3.543307,
        1.536848 -0.270426 3.542119,
        1.521481 -0.262563 3.543307,
        1.561242 -0.216555 3.542119,
        1.545196 -0.210193 3.543307,
        1.580389 -0.160604 3.542119,
        1.563809 -0.155800 3.543307,
        1.594115 -0.103082 3.542119,
        1.577153 -0.099881 3.543307,
        1.602294 -0.044513 3.542119,
        1.585104 -0.042944 3.543307,
        1.604854 0.014568 3.542119,
        1.587593 0.014491 3.543307,
        1.601769 0.073624 3.542119,
        1.584594 0.071902 3.543307,
        1.593068 0.132117 3.542119,
        1.576135 0.128766 3.543307,
        1.578831 0.189515 3.542119,
        1.562295 0.184564 3.543307,
        1.559187 0.245293 3.542119,
        1.543198 0.238789 3.543307,
        1.519019 0.290946 3.543307,
        1.497312 0.329015 3.543307,
        1.538957 0.370659 3.529391,
        1.528805 0.360508 3.535181,
        1.557659 0.311153 3.535520,
        1.525510 0.357213 3.537060,
        1.579208 0.322422 3.523429,
        1.544831 0.376534 3.524389,
        1.546672 0.377441 3.523049,
        1.546337 0.378040 3.523107,
        1.551141 0.382844 3.519017,
        1.571202 0.402905 3.491063,
        1.562050 0.393753 3.506056,
        1.564624 0.389181 3.506407,
        1.578510 0.410213 3.474226,
        1.573811 0.405515 3.485052,
        1.578887 0.398470 3.485246,
        1.587323 0.419026 3.436630,
        1.584079 0.415782 3.455514,
        1.589019 0.405070 3.460928,
        1.582512 0.414215 3.460780,
        1.587437 0.419140 3.434574,
        1.588390 0.420093 3.417323,
        1.623759 0.345719 3.460928,
        1.652683 0.283328 3.460928,
        1.675527 0.218463 3.460928,
        1.692083 0.151715 3.460928,
        1.702202 0.083693 3.460928,
        1.705789 0.015017 3.460928,
        1.702813 -0.053689 3.460928,
        1.693300 -0.121798 3.460928,
        1.677339 -0.188690 3.460928,
        1.655072 -0.253756 3.460928,
        1.626705 -0.316402 3.460928,
        1.592495 -0.376059 3.460928,
        1.552753 -0.432183 3.460928,
        1.507842 -0.484263 3.460928,
        1.613044 0.340116 3.485246,
        1.641483 0.278771 3.485246,
        1.663944 0.214995 3.485246,
        1.680222 0.149367 3.485246,
        1.690170 0.082487 3.485246,
        1.693698 0.014963 3.485246,
        1.690771 -0.052589 3.485246,
        1.681419 -0.119556 3.485246,
        1.665725 -0.185325 3.485246,
        1.643832 -0.249299 3.485246,
        1.615941 -0.310894 3.485246,
        1.582304 -0.369551 3.485246,
        1.543230 -0.424733 3.485246,
        1.499072 -0.475939 3.485246,
        1.597961 0.332228 3.506407,
        1.625716 0.272357 3.506407,
        1.647637 0.210113 3.506407,
        1.663524 0.146063 3.506407,
        1.673233 0.080789 3.506407,
        1.676676 0.014887 3.506407,
        1.673820 -0.051042 3.506407,
        1.664692 -0.116400 3.506407,
        1.649375 -0.180589 3.506407,
        1.628009 -0.243026 3.506407,
        1.600787 -0.303141 3.506407,
        1.567959 -0.360388 3.506407,
        1.529823 -0.414244 3.506407,
        1.486727 -0.464220 3.506407,
        1.606114 0.264383 3.523429,
        1.627365 0.204044 3.523429,
        1.642766 0.141954 3.523429,
        1.652178 0.078678 3.523429,
        1.655515 0.014793 3.523429,
        1.652746 -0.049119 3.523429,
        1.643898 -0.112476 3.523429,
        1.629050 -0.174700 3.523429,
        1.608337 -0.235226 3.523429,
        1.581949 -0.293502 3.523429,
        1.550126 -0.348997 3.523429,
        1.513156 -0.401205 3.523429,
        1.471379 -0.449652 3.523429,
        1.583589 0.255220 3.535520,
        1.604069 0.197070 3.535520,
        1.618911 0.137232 3.535520,
        1.627981 0.076252 3.535520,
        1.631197 0.014685 3.535520,
        1.628530 -0.046908 3.535520,
        1.620002 -0.107967 3.535520,
        1.605692 -0.167934 3.535520,
        1.585731 -0.226264 3.535520,
        1.560300 -0.282426 3.535520,
        1.529631 -0.335907 3.535520,
        1.494004 -0.386221 3.535520,
        1.453742 -0.432910 3.535520,
        0.567654 0.429394 1.633858,
        0.567654 0.429394 3.031496,
        0.634555 0.486967 3.031496,
        0.634555 0.486967 1.633858,
        0.709290 0.533926 3.031496,
        0.709290 0.533926 1.633858,
        0.790190 0.569222 3.031496,
        0.790190 0.569222 1.633858,
        0.875446 0.592067 3.031496,
        0.875446 0.592067 1.633858,
        0.963155 0.601949 3.031496,
        0.963155 0.601949 1.633858,
        1.051357 0.598649 3.031496,
        1.051357 0.598649 1.633858,
        1.138082 0.582240 3.031496,
        1.138082 0.582240 1.633858,
        1.221393 0.553088 3.031496,
        1.221393 0.553088 1.633858,
        1.299428 0.511845 3.031496,
        1.299428 0.511845 1.633858,
        1.370445 0.459432 3.031496,
        1.370445 0.459432 1.633858,
        1.432857 0.397020 3.031496,
        1.432857 0.397020 1.633858,
        1.485270 0.326003 3.031496,
        1.485270 0.326003 1.633858,
        1.526513 0.247968 3.031496,
        1.526513 0.247968 1.633858,
        1.555665 0.164657 3.031496,
        1.555665 0.164657 1.633858,
        1.572074 0.077932 3.031496,
        1.572074 0.077932 1.633858,
        1.575374 -0.010270 3.031496,
        1.575374 -0.010270 1.633858,
        1.565492 -0.097979 3.031496,
        1.565492 -0.097979 1.633858,
        1.542648 -0.183236 3.031496,
        1.542648 -0.183236 1.633858,
        1.507352 -0.264135 3.031496,
        1.507352 -0.264135 1.633858,
        1.460393 -0.338870 3.031496,
        1.460393 -0.338870 1.633858,
        1.402819 -0.405772 3.031496,
        1.402819 -0.405772 1.633858,
        0.576954 -0.591343 3.188976,
        1.588390 0.420093 3.188976,
        1.534200 0.490483 3.188976,
        0.506564 -0.537153 3.188976,
        1.463908 0.560775 3.188976,
        0.436272 -0.466861 3.188976,
        1.393518 0.614965 3.188976,
        0.382082 -0.396471 3.188976,
        0.431516 -0.347037 3.529391,
        0.424135 -0.354418 3.523107,
        0.419331 -0.359222 3.519017,
        0.458948 -0.319605 3.541746,
        0.444963 -0.333591 3.537060,
        0.441668 -0.336886 3.535181,
        0.408422 -0.370131 3.506056,
        0.399270 -0.379283 3.491063,
        0.396661 -0.381893 3.485052,
        0.383149 -0.395404 3.436630,
        0.383035 -0.395518 3.434574,
        0.386393 -0.392160 3.455514,
        0.387960 -0.390593 3.460780,
        0.391962 -0.386591 3.474226,
        0.382082 -0.396471 3.417323,
        0.473160 -0.305393 3.543307,
        0.460650 -0.317904 3.541933,
        0.510080 0.362492 1.633858,
        0.398398 -0.054310 1.633858,
        1.261182 -0.510304 1.633858,
        0.414807 -0.141035 1.633858,
        1.180283 -0.545600 1.633858,
        1.095026 -0.568445 1.633858,
        0.395098 0.033893 1.633858,
        0.404980 0.121601 1.633858,
        0.427825 0.206858 1.633858,
        1.335917 -0.463345 1.633858,
        0.463121 0.287757 1.633858,
        0.671044 -0.488223 1.633858,
        0.919115 -0.575027 1.633858,
        0.749080 -0.529466 1.633858,
        0.832390 -0.558618 1.633858,
        0.600027 -0.435810 1.633858,
        0.537615 -0.373398 1.633858,
        0.485202 -0.302381 1.633858,
        1.007318 -0.578327 1.633858,
        0.443959 -0.224346 1.633858,
        0.384113 -0.026798 3.543307,
        0.390397 -0.083092 3.543307,
        0.401941 -0.138546 3.543307,
        0.418644 -0.192672 3.543307,
        0.440356 -0.244989 3.543307,
        0.466887 -0.295035 3.543307,
        1.713158 0.036678 3.031496,
        1.709764 -0.062673 3.031496,
        1.692874 -0.160635 3.031496,
        1.662802 -0.255386 3.031496,
        1.620107 -0.345159 3.031496,
        1.565586 -0.428282 3.031496,
        1.500255 -0.503208 3.031496,
        1.335917 -0.463345 3.031496,
        1.425330 -0.568539 3.031496,
        1.261182 -0.510304 3.031496,
        1.342206 -0.623060 3.031496,
        1.180283 -0.545600 3.031496,
        1.252433 -0.665754 3.031496,
        1.095026 -0.568445 3.031496,
        1.157683 -0.695826 3.031496,
        1.007318 -0.578327 3.031496,
        0.398398 -0.054310 3.031496,
        0.257315 -0.013056 3.031496,
        0.395098 0.033893 3.031496,
        0.260708 0.086295 3.031496,
        0.404980 0.121601 3.031496,
        0.277599 0.184257 3.031496,
        0.427825 0.206858 3.031496,
        0.307671 0.279008 3.031496,
        0.463121 0.287757 3.031496,
        0.350365 0.368781 3.031496,
        0.510080 0.362492 3.031496,
        0.404886 0.451904 3.031496,
        0.470217 0.526830 3.031496,
        0.545143 0.592161 3.031496,
        0.628266 0.646682 3.031496,
        0.718039 0.689376 3.031496,
        0.812790 0.719448 3.031496,
        1.059720 -0.712717 3.031496,
        0.960370 -0.716111 3.031496,
        0.919115 -0.575027 3.031496,
        0.861483 -0.705945 3.031496,
        0.832390 -0.558618 3.031496,
        0.764901 -0.682409 3.031496,
        0.749080 -0.529466 3.031496,
        0.672424 -0.645940 3.031496,
        0.671044 -0.488223 3.031496,
        0.585773 -0.597219 3.031496,
        0.600027 -0.435810 3.031496,
        0.506564 -0.537153 3.031496,
        0.537615 -0.373398 3.031496,
        0.436272 -0.466861 3.031496,
        0.485202 -0.302381 3.031496,
        0.376206 -0.387652 3.031496,
        0.443959 -0.224346 3.031496,
        0.327485 -0.301002 3.031496,
        0.414807 -0.141035 3.031496,
        0.291017 -0.208524 3.031496,
        0.267480 -0.111943 3.031496,
        0.910752 0.736339 3.031496,
        1.010103 0.739733 3.031496,
        1.108990 0.729567 3.031496,
        1.205572 0.706031 3.031496,
        1.298049 0.669562 3.031496,
        1.384699 0.620841 3.031496,
        1.463908 0.560775 3.031496,
        1.534200 0.490483 3.031496,
        1.594267 0.411274 3.031496,
        1.642988 0.324624 3.031496,
        1.679456 0.232146 3.031496,
        1.702992 0.135565 3.031496,
        0.327587 -0.300948 3.417323,
        0.358474 -0.359212 3.417323,
        0.376412 -0.387521 3.417323,
        0.326394 -0.298699 3.417323,
        0.300141 -0.235439 3.417323,
        0.267844 -0.111867 3.417323,
        0.279945 -0.169994 3.417323,
        0.291764 -0.208294 3.417323,
        0.257687 -0.013044 3.417323,
        0.258387 -0.034872 3.417323,
        0.265986 -0.102941 3.417323,
        0.259573 -0.034796 3.434584,
        0.301258 -0.235036 3.434584,
        0.359497 -0.358607 3.434584,
        0.452033 -0.303828 3.542119,
        0.429364 -0.317248 3.535520,
        0.408438 -0.329635 3.523429,
        0.390228 -0.340415 3.506407,
        0.375580 -0.349086 3.485246,
        0.365175 -0.355246 3.460928,
        0.266158 -0.034373 3.460928,
        0.278225 -0.033598 3.485246,
        0.295211 -0.032507 3.506407,
        0.316330 -0.031151 3.523429,
        0.340597 -0.029593 3.535520,
        0.366887 -0.027904 3.542119,
        0.267159 -0.102753 3.434584,
        0.273676 -0.101714 3.460928,
        0.285616 -0.099809 3.485246,
        0.302425 -0.097127 3.506407,
        0.323322 -0.093793 3.523429,
        0.347336 -0.089962 3.535520,
        0.373351 -0.085811 3.542119,
        0.281096 -0.169697 3.434584,
        0.287485 -0.168050 3.460928,
        0.299194 -0.165032 3.485246,
        0.315677 -0.160783 3.506407,
        0.336169 -0.155501 3.523429,
        0.359717 -0.149431 3.535520,
        0.385226 -0.142855 3.542119,
        0.307465 -0.232796 3.460928,
        0.318839 -0.228691 3.485246,
        0.334850 -0.222913 3.506407,
        0.354754 -0.215730 3.523429,
        0.377628 -0.207474 3.535520,
        0.402407 -0.198531 3.542119,
        0.327469 -0.298192 3.434584,
        0.333439 -0.295379 3.460928,
        0.344376 -0.290224 3.485246,
        0.359773 -0.282967 3.506407,
        0.378915 -0.273946 3.523429,
        0.400912 -0.263579 3.535520,
        0.424742 -0.252348 3.542119,
        1.477362 -0.874016 0.787402,
        1.477362 -0.874016 1.634193,
        1.477362 -0.314628 1.634193,
        1.477362 0.897638 0.787402,
        1.477362 0.338250 1.634193,
        1.477362 0.897638 1.634193,
        0.552331 -0.389866 1.634193,
        0.493110 -0.874016 1.634193,
        0.497300 -0.320858 1.634193,
        0.493110 -0.314628 1.634193,
        1.473172 -0.320858 1.634193,
        1.418141 -0.389866 1.634193,
        0.617033 -0.449900 1.634193,
        0.689961 -0.499621 1.634193,
        0.769484 -0.537918 1.634193,
        1.116646 -0.563934 1.634193,
        1.200989 -0.537918 1.634193,
        1.280512 -0.499621 1.634193,
        1.353439 -0.449900 1.634193,
        0.853826 -0.563934 1.634193,
        0.941104 -0.577089 1.634193,
        1.029368 -0.577089 1.634193,
        1.418141 0.413488 1.634193,
        1.473172 0.344480 1.634193,
        0.853826 0.587556 1.634193,
        0.769484 0.561540 1.634193,
        0.493110 0.897638 1.634193,
        0.689961 0.523243 1.634193,
        0.617033 0.473522 1.634193,
        0.552331 0.413488 1.634193,
        0.497300 0.344480 1.634193,
        0.493110 0.338250 1.634193,
        1.353439 0.473522 1.634193,
        1.280512 0.523243 1.634193,
        1.200989 0.561540 1.634193,
        1.116646 0.587556 1.634193,
        1.029368 0.600711 1.634193,
        0.941104 0.600711 1.634193,
        0.493110 0.897638 0.787402,
        0.493110 -0.874016 0.787402,
        0.401281 -0.076206 1.634193,
        0.420922 0.185879 1.634193,
        0.394685 0.011811 1.634193,
        0.401281 0.099828 1.634193,
        0.420922 -0.162257 1.634193,
        0.453168 -0.244420 1.634193,
        0.453168 0.268042 1.634193,
        1.517304 0.268042 1.634193,
        1.517304 -0.244420 1.634193,
        1.569191 -0.076206 1.634193,
        1.575787 0.011811 1.634193,
        1.549551 -0.162257 1.634193,
        1.569191 0.099828 1.634193,
        1.549551 0.185879 1.634193,
        1.544583 0.201237 2.255949,
        1.536417 0.223825 2.264115,
        1.517304 0.268042 2.264115,
        0.394685 0.011811 2.224744,
        0.395051 0.032594 2.225110,
        0.400846 0.096894 2.230906,
        0.401435 0.099797 2.231495,
        0.413911 0.161270 2.243970,
        0.421750 0.185613 2.251809,
        1.548916 0.185702 2.251616,
        1.575787 0.011811 2.224744,
        1.572310 0.075806 2.228222,
        1.568380 0.099695 2.232152,
        1.561876 0.139237 2.238656,
        0.434055 0.223825 2.264115,
        0.453168 0.268042 2.264115,
        0.497300 0.344480 2.264115,
        0.552331 0.413488 2.264115,
        0.617033 0.473522 2.264115,
        0.689961 0.523243 2.264115,
        0.769484 0.561540 2.264115,
        0.853826 0.587556 2.264115,
        0.941104 0.600711 2.264115,
        1.029368 0.600711 2.264115,
        1.116646 0.587556 2.264115,
        1.200989 0.561540 2.264115,
        1.280512 0.523243 2.264115,
        1.353439 0.473522 2.264115,
        1.418141 0.413488 2.264115,
        1.473172 0.344480 2.264115,
        0.425890 -0.177615 2.255949,
        0.434055 -0.200203 2.264115,
        0.453168 -0.244420 2.264115,
        1.575422 -0.008972 2.225110,
        1.569626 -0.073272 2.230906,
        1.569037 -0.076175 2.231495,
        1.556561 -0.137648 2.243970,
        1.548723 -0.161991 2.251809,
        0.421557 -0.162080 2.251616,
        0.398163 -0.052184 2.228222,
        0.402092 -0.076073 2.232152,
        0.408596 -0.115615 2.238656,
        1.536417 -0.200203 2.264115,
        1.517304 -0.244420 2.264115,
        1.473172 -0.320858 2.264115,
        1.418141 -0.389866 2.264115,
        1.353439 -0.449900 2.264115,
        1.280512 -0.499621 2.264115,
        1.200989 -0.537918 2.264115,
        1.116646 -0.563934 2.264115,
        1.029368 -0.577089 2.264115,
        0.941104 -0.577089 2.264115,
        0.853826 -0.563934 2.264115,
        0.769484 -0.537918 2.264115,
        0.689961 -0.499621 2.264115,
        0.617033 -0.449900 2.264115,
        0.552331 -0.389866 2.264115,
        0.497300 -0.320858 2.264115,
        1.536417 0.897638 2.264115,
        0.434055 0.897638 2.264115,
        0.237205 -0.874016 2.067264,
        0.237205 0.897638 2.067264,
        0.237205 -0.874016 0.649606,
        0.237205 0.897638 0.649606,
        0.434055 -0.874016 0.452756,
        0.434055 0.897638 0.452756,
        1.536417 -0.874016 0.452756,
        1.536417 0.897638 0.452756,
        1.733268 0.897638 2.067264,
        1.733268 -0.874016 2.067264,
        1.733268 0.897638 0.649606,
        1.733268 -0.874016 0.649606,
        0.434055 -0.874016 2.264115,
        1.536417 -0.874016 2.264115,
        -1.180118 0.216535 0.236220,
        -0.786417 0.216535 0.236220,
        -1.180118 0.216535 0.039370,
        -0.786417 0.216535 0.039370,
        -0.786417 0.059055 0.236220,
        -1.180118 0.059055 0.236220,
        -1.180118 0.020805 0.232469,
        -0.786417 0.020805 0.232469,
        -1.180118 -0.015988 0.221356,
        -0.786417 -0.015988 0.221356,
        -1.180118 -0.049919 0.203305,
        -0.786417 -0.049919 0.203305,
        -1.180118 -0.079697 0.179005,
        -0.786417 -0.079697 0.179005,
        -1.180118 -0.104185 0.149382,
        -0.786417 -0.104185 0.149382,
        -1.180118 -0.122450 0.115566,
        -0.786417 -0.122450 0.115566,
        -1.180118 -0.133797 0.078845,
        -0.786417 -0.133797 0.078845,
        -1.180118 -0.137791 0.040619,
        -0.786417 -0.137791 0.040619,
        -1.180118 0.177165 0.039370,
        -0.786417 0.177165 0.039370,
        -1.092837 -0.137795 -1.496063,
        -0.873699 -0.137795 -1.496063,
        -1.180118 -0.137795 -1.102362,
        -0.786417 -0.137795 -1.102362,
        -1.180118 -0.137795 0.039370,
        -0.786417 -0.137795 0.039370,
        -1.180118 0.118110 0.023546,
        -1.180118 0.093649 0.004776,
        -1.180118 0.074879 -0.019685,
        -1.180118 0.059055 -1.102362,
        -1.180118 0.059055 -0.078740,
        -1.180118 0.063080 -0.048171,
        -1.180118 0.146596 0.035346,
        -0.786417 0.059055 -1.102362,
        -0.786417 0.074879 -0.019685,
        -0.786417 0.093649 0.004776,
        -0.786417 0.118110 0.023546,
        -0.786417 0.146596 0.035346,
        -0.786417 0.059055 -0.078740,
        -0.786417 0.063080 -0.048171,
        -0.873699 0.059055 -1.496063,
        -1.092837 0.059055 -1.496063,
        0.788386 0.216535 0.236220,
        1.182087 0.216535 0.236220,
        0.788386 0.216535 0.039370,
        1.182087 0.216535 0.039370,
        1.182087 0.059055 0.236220,
        0.788386 0.059055 0.236220,
        0.788386 0.020805 0.232469,
        1.182087 0.020805 0.232469,
        0.788386 -0.015988 0.221356,
        1.182087 -0.015988 0.221356,
        0.788386 -0.049919 0.203305,
        1.182087 -0.049919 0.203305,
        0.788386 -0.079697 0.179005,
        1.182087 -0.079697 0.179005,
        0.788386 -0.104185 0.149382,
        1.182087 -0.104185 0.149382,
        0.788386 -0.122450 0.115566,
        1.182087 -0.122450 0.115566,
        0.788386 -0.133797 0.078845,
        1.182087 -0.133797 0.078845,
        0.788386 -0.137791 0.040619,
        1.182087 -0.137791 0.040619,
        0.788386 0.177165 0.039370,
        1.182087 0.177165 0.039370,
        1.182087 -0.137795 0.039370,
        0.788386 -0.137795 0.039370,
        1.182087 -0.137795 -1.102362,
        0.788386 -0.137795 -1.102362,
        1.094805 -0.137795 -1.496063,
        0.875667 -0.137795 -1.496063,
        0.788386 0.118110 0.023546,
        0.788386 0.093649 0.004776,
        0.788386 0.074879 -0.019685,
        0.788386 0.059055 -1.102362,
        0.788386 0.059055 -0.078740,
        0.788386 0.063080 -0.048171,
        0.788386 0.146596 0.035346,
        1.182087 0.059055 -1.102362,
        1.182087 0.074879 -0.019685,
        1.182087 0.093649 0.004776,
        1.182087 0.118110 0.023546,
        1.182087 0.146596 0.035346,
        1.182087 0.059055 -0.078740,
        1.182087 0.063080 -0.048171,
        1.094805 0.059055 -1.496063,
        0.875667 0.059055 -1.496063,
        -0.786417 0.255906 0.039370,
        -0.668307 0.255906 0.039370,
        -0.786417 0.255906 0.236220,
        -0.668307 0.255906 0.236220,
        -1.180118 0.255906 0.236220,
        -1.298228 0.255906 0.236220,
        -1.180118 0.255906 0.039370,
        -1.298228 0.255906 0.039370,
        -1.426181 1.082677 1.574803,
        -1.426181 -0.807087 1.574803,
        -0.540354 1.082677 1.574803,
        -0.540354 -0.807087 1.574803,
        -1.426181 1.358268 1.299213,
        -1.426181 1.161417 1.299213,
        -1.426181 1.351413 1.360294,
        -1.426181 1.158756 1.319512,
        -1.426181 1.331192 1.418337,
        -1.426181 1.150951 1.338439,
        -1.426181 1.298609 1.470454,
        -1.426181 1.138531 1.354713,
        -1.426181 -0.807087 1.377953,
        -1.426181 1.082677 1.377953,
        -1.426181 1.083177 1.377951,
        -1.426181 1.084426 1.574798,
        -1.426181 1.103458 1.375161,
        -1.426181 1.145462 1.567556,
        -1.426181 1.122335 1.367236,
        -1.426181 1.203375 1.546967,
        -1.426181 1.255285 1.514054,
        -0.540354 -0.807087 1.377953,
        -0.540354 1.150951 1.338439,
        -0.540354 1.298609 1.470454,
        -0.540354 1.138531 1.354713,
        -0.540354 1.255285 1.514054,
        -0.540354 1.122335 1.367236,
        -0.540354 1.203375 1.546967,
        -0.540354 1.103458 1.375161,
        -0.540354 1.145462 1.567556,
        -0.540354 1.083177 1.377951,
        -0.540354 1.084426 1.574798,
        -0.540354 1.082677 1.377953,
        -0.540354 1.161417 1.299213,
        -0.540354 1.358268 1.299213,
        -0.540354 1.158756 1.319512,
        -0.540354 1.351413 1.360294,
        -0.540354 1.331192 1.418337,
        -0.687992 1.456693 0.930659,
        -0.687992 1.456693 0.826772,
        -1.278543 1.456693 0.930659,
        -1.278543 1.456693 0.826772,
        -1.278543 1.358268 1.141732,
        -0.687992 1.358268 1.141732,
        -0.687992 1.358268 0.826772,
        -1.278543 1.358268 0.826772,
        -0.235236 1.161417 0.511811,
        -0.235236 1.358268 0.511811,
        -0.235236 1.161417 1.299213,
        -0.235236 1.358268 1.299213,
        -1.731299 1.358268 1.299213,
        -1.731299 1.358268 0.511811,
        -1.731299 1.161417 1.299213,
        -1.731299 1.161417 0.511811,
        -0.668307 1.161417 0.511811,
        -0.668307 1.358268 0.511811,
        -0.668307 1.138178 0.259107,
        -0.668307 1.121903 0.246687,
        -0.668307 1.203375 0.067206,
        -0.668307 1.358268 0.314961,
        -0.668307 1.145462 0.046617,
        -0.668307 1.102976 0.238882,
        -0.668307 1.084426 0.039376,
        -0.668307 1.082677 0.236220,
        -0.668307 1.082677 0.039370,
        -0.668307 1.161417 0.314961,
        -0.668307 1.161416 0.314461,
        -0.668307 1.351413 0.253880,
        -0.668307 1.158626 0.294180,
        -0.668307 1.331192 0.195837,
        -0.668307 1.150701 0.275302,
        -0.668307 1.298609 0.143719,
        -0.668307 1.255285 0.100120,
        -1.298228 1.358268 0.314961,
        -1.298228 1.351413 0.253880,
        -1.298228 1.331192 0.195837,
        -1.298228 1.298609 0.143719,
        -1.298228 1.255285 0.100120,
        -1.298228 1.203375 0.067206,
        -1.298228 1.145462 0.046617,
        -1.298228 1.084426 0.039376,
        -1.298228 1.358268 0.511811,
        -1.298228 1.161417 0.511811,
        -1.298228 1.161417 0.314961,
        -1.298228 1.161416 0.314461,
        -1.298228 1.158626 0.294180,
        -1.298228 1.150701 0.275302,
        -1.298228 1.138178 0.259107,
        -1.298228 1.121903 0.246687,
        -1.298228 1.102976 0.238882,
        -1.298228 1.082677 0.236220,
        -1.298228 1.082677 0.039370,
        1.182087 0.255906 0.039370,
        1.300197 0.255906 0.039370,
        1.182087 0.255906 0.236220,
        1.300197 0.255906 0.236220,
        0.788386 0.255906 0.236220,
        0.670276 0.255906 0.236220,
        0.788386 0.255906 0.039370,
        0.670276 0.255906 0.039370,
        0.542323 1.082677 1.574803,
        0.542323 -0.807087 1.574803,
        1.428150 1.082677 1.574803,
        1.428150 -0.807087 1.574803,
        0.542323 1.358268 1.299213,
        0.542323 1.161417 1.299213,
        0.542323 1.351413 1.360294,
        0.542323 1.158756 1.319512,
        0.542323 1.331192 1.418337,
        0.542323 1.150951 1.338439,
        0.542323 1.298609 1.470454,
        0.542323 1.138531 1.354713,
        0.542323 -0.807087 1.377953,
        0.542323 1.082677 1.377953,
        0.542323 1.083177 1.377951,
        0.542323 1.084426 1.574798,
        0.542323 1.103458 1.375161,
        0.542323 1.145462 1.567556,
        0.542323 1.122335 1.367236,
        0.542323 1.203375 1.546967,
        0.542323 1.255285 1.514054,
        1.428150 -0.807087 1.377953,
        1.428150 1.150951 1.338439,
        1.428150 1.298609 1.470454,
        1.428150 1.138531 1.354713,
        1.428150 1.255285 1.514054,
        1.428150 1.122335 1.367236,
        1.428150 1.203375 1.546967,
        1.428150 1.103458 1.375161,
        1.428150 1.145462 1.567556,
        1.428150 1.083177 1.377951,
        1.428150 1.084426 1.574798,
        1.428150 1.082677 1.377953,
        1.428150 1.161417 1.299213,
        1.428150 1.358268 1.299213,
        1.428150 1.158756 1.319512,
        1.428150 1.351413 1.360294,
        1.428150 1.331192 1.418337,
        1.280512 1.456693 0.930659,
        1.280512 1.456693 0.826772,
        0.689961 1.456693 0.930659,
        0.689961 1.456693 0.826772,
        0.689961 1.358268 1.141732,
        1.280512 1.358268 1.141732,
        1.280512 1.358268 0.826772,
        0.689961 1.358268 0.826772,
        1.733268 1.161417 0.511811,
        1.733268 1.358268 0.511811,
        1.733268 1.161417 1.299213,
        1.733268 1.358268 1.299213,
        0.237205 1.358268 1.299213,
        0.237205 1.358268 0.511811,
        0.237205 1.161417 1.299213,
        0.237205 1.161417 0.511811,
        1.300197 1.161417 0.511811,
        1.300197 1.358268 0.511811,
        1.300197 1.138178 0.259107,
        1.300197 1.121903 0.246687,
        1.300197 1.203375 0.067206,
        1.300197 1.358268 0.314961,
        1.300197 1.145462 0.046617,
        1.300197 1.102976 0.238882,
        1.300197 1.084426 0.039376,
        1.300197 1.082677 0.236220,
        1.300197 1.082677 0.039370,
        1.300197 1.161417 0.314961,
        1.300197 1.161416 0.314461,
        1.300197 1.351413 0.253880,
        1.300197 1.158626 0.294180,
        1.300197 1.331192 0.195837,
        1.300197 1.150701 0.275302,
        1.300197 1.298609 0.143719,
        1.300197 1.255285 0.100120,
        0.670276 1.358268 0.314961,
        0.670276 1.351413 0.253880,
        0.670276 1.331192 0.195837,
        0.670276 1.298609 0.143719,
        0.670276 1.255285 0.100120,
        0.670276 1.203375 0.067206,
        0.670276 1.145462 0.046617,
        0.670276 1.084426 0.039376,
        0.670276 1.358268 0.511811,
        0.670276 1.161417 0.511811,
        0.670276 1.161417 0.314961,
        0.670276 1.161416 0.314461,
        0.670276 1.158626 0.294180,
        0.670276 1.150701 0.275302,
        0.670276 1.138178 0.259107,
        0.670276 1.121903 0.246687,
        0.670276 1.102976 0.238882,
        0.670276 1.082677 0.236220,
        0.670276 1.082677 0.039370,
      ]
    }
    coordIndex [
      0, 1, 2, -1,
      0, 2, 3, -1,
      3, 2, 4, -1,
      3, 4, 5, -1,
      6, 7, 8, -1,
      8, 7, 9, -1,
      6, 10, 7, -1,
      7, 10, 11, -1,
      7, 11, 12, -1,
      13, 14, 1, -1,
      1, 14, 15, -1,
      1, 15, 16, -1,
      12, 17, 7, -1,
      7, 17, 18, -1,
      7, 18, 1, -1,
      1, 18, 19, -1,
      1, 19, 13, -1,
      16, 20, 1, -1,
      1, 20, 21, -1,
      1, 21, 2, -1,
      22, 5, 23, -1,
      23, 5, 4, -1,
      24, 25, 26, -1,
      26, 25, 27, -1,
      26, 27, 28, -1,
      28, 29, 26, -1,
      26, 29, 30, -1,
      26, 30, 31, -1,
      22, 32, 5, -1,
      5, 32, 33, -1,
      5, 33, 34, -1,
      34, 35, 5, -1,
      5, 35, 36, -1,
      5, 36, 26, -1,
      26, 36, 37, -1,
      26, 37, 24, -1,
      38, 26, 31, -1,
      38, 31, 39, -1,
      39, 31, 9, -1,
      39, 9, 7, -1,
      3, 38, 0, -1,
      0, 38, 39, -1,
      9, 31, 40, -1,
      9, 40, 41, -1,
      41, 40, 42, -1,
      41, 42, 43, -1,
      43, 44, 41, -1,
      41, 44, 45, -1,
      41, 45, 46, -1,
      4, 2, 47, -1,
      47, 2, 48, -1,
      47, 48, 49, -1,
      50, 51, 52, -1,
      49, 48, 52, -1,
      52, 48, 53, -1,
      52, 53, 50, -1,
      54, 55, 56, -1,
      57, 44, 58, -1,
      58, 44, 59, -1,
      59, 44, 60, -1,
      60, 44, 43, -1,
      60, 43, 61, -1,
      61, 43, 42, -1,
      61, 42, 62, -1,
      47, 49, 63, -1,
      52, 51, 64, -1,
      64, 65, 52, -1,
      52, 65, 66, -1,
      52, 66, 49, -1,
      49, 66, 67, -1,
      49, 67, 63, -1,
      62, 42, 68, -1,
      68, 42, 40, -1,
      68, 40, 69, -1,
      69, 40, 31, -1,
      69, 31, 70, -1,
      70, 31, 30, -1,
      70, 30, 71, -1,
      71, 30, 29, -1,
      71, 29, 72, -1,
      72, 29, 28, -1,
      72, 28, 73, -1,
      73, 28, 27, -1,
      73, 27, 74, -1,
      74, 27, 25, -1,
      74, 25, 75, -1,
      75, 25, 24, -1,
      75, 24, 76, -1,
      76, 24, 37, -1,
      76, 37, 77, -1,
      77, 37, 36, -1,
      77, 36, 78, -1,
      78, 36, 35, -1,
      78, 35, 79, -1,
      79, 35, 34, -1,
      79, 34, 80, -1,
      80, 34, 33, -1,
      80, 33, 81, -1,
      81, 33, 32, -1,
      81, 32, 82, -1,
      82, 32, 22, -1,
      82, 22, 83, -1,
      63, 54, 47, -1,
      47, 54, 56, -1,
      47, 56, 4, -1,
      4, 56, 83, -1,
      4, 83, 23, -1,
      23, 83, 22, -1,
      84, 85, 86, -1,
      64, 51, 87, -1,
      87, 51, 88, -1,
      88, 51, 89, -1,
      89, 51, 50, -1,
      89, 50, 90, -1,
      90, 50, 53, -1,
      90, 53, 91, -1,
      41, 46, 92, -1,
      45, 44, 57, -1,
      57, 93, 45, -1,
      45, 93, 94, -1,
      45, 94, 46, -1,
      46, 94, 95, -1,
      46, 95, 92, -1,
      91, 53, 96, -1,
      96, 53, 48, -1,
      96, 48, 97, -1,
      97, 48, 2, -1,
      97, 2, 98, -1,
      98, 2, 21, -1,
      98, 21, 99, -1,
      99, 21, 20, -1,
      99, 20, 100, -1,
      100, 20, 16, -1,
      100, 16, 101, -1,
      101, 16, 15, -1,
      101, 15, 102, -1,
      102, 15, 14, -1,
      102, 14, 103, -1,
      103, 14, 13, -1,
      103, 13, 104, -1,
      104, 13, 19, -1,
      104, 19, 105, -1,
      105, 19, 18, -1,
      105, 18, 106, -1,
      106, 18, 17, -1,
      106, 17, 107, -1,
      107, 17, 12, -1,
      107, 12, 108, -1,
      108, 12, 11, -1,
      108, 11, 109, -1,
      109, 11, 10, -1,
      109, 10, 110, -1,
      110, 10, 6, -1,
      110, 6, 111, -1,
      92, 84, 41, -1,
      41, 84, 86, -1,
      41, 86, 9, -1,
      9, 86, 111, -1,
      9, 111, 8, -1,
      8, 111, 6, -1,
      68, 69, 112, -1,
      112, 69, 70, -1,
      112, 70, 71, -1,
      71, 72, 112, -1,
      112, 72, 73, -1,
      112, 73, 74, -1,
      113, 78, 79, -1,
      79, 80, 113, -1,
      113, 80, 81, -1,
      113, 81, 82, -1,
      82, 83, 113, -1,
      113, 83, 56, -1,
      113, 56, 55, -1,
      74, 75, 112, -1,
      112, 75, 76, -1,
      112, 76, 113, -1,
      113, 76, 77, -1,
      113, 77, 78, -1,
      114, 115, 116, -1,
      116, 115, 117, -1,
      118, 119, 120, -1,
      120, 119, 121, -1,
      122, 123, 124, -1,
      124, 123, 125, -1,
      115, 59, 60, -1,
      68, 112, 62, -1,
      62, 112, 115, -1,
      62, 115, 61, -1,
      61, 115, 60, -1,
      126, 85, 114, -1,
      114, 85, 84, -1,
      84, 92, 114, -1,
      114, 92, 95, -1,
      114, 95, 94, -1,
      94, 93, 114, -1,
      114, 93, 57, -1,
      114, 57, 115, -1,
      115, 57, 58, -1,
      115, 58, 59, -1,
      119, 118, 117, -1,
      117, 118, 116, -1,
      124, 125, 121, -1,
      121, 125, 120, -1,
      123, 88, 89, -1,
      96, 127, 91, -1,
      91, 127, 123, -1,
      91, 123, 90, -1,
      90, 123, 89, -1,
      113, 55, 122, -1,
      122, 55, 54, -1,
      54, 63, 122, -1,
      122, 63, 67, -1,
      122, 67, 66, -1,
      66, 65, 122, -1,
      122, 65, 64, -1,
      122, 64, 123, -1,
      123, 64, 87, -1,
      123, 87, 88, -1,
      126, 109, 110, -1,
      110, 111, 126, -1,
      126, 111, 86, -1,
      126, 86, 85, -1,
      106, 107, 126, -1,
      126, 107, 108, -1,
      126, 108, 109, -1,
      96, 97, 127, -1,
      127, 97, 98, -1,
      127, 98, 99, -1,
      99, 100, 127, -1,
      127, 100, 101, -1,
      127, 101, 102, -1,
      102, 103, 127, -1,
      127, 103, 104, -1,
      127, 104, 126, -1,
      126, 104, 105, -1,
      126, 105, 106, -1,
      115, 26, 117, -1,
      117, 26, 38, -1,
      117, 38, 119, -1,
      119, 38, 3, -1,
      119, 3, 121, -1,
      115, 112, 26, -1,
      26, 112, 113, -1,
      26, 113, 5, -1,
      5, 113, 122, -1,
      5, 122, 3, -1,
      3, 122, 124, -1,
      3, 124, 121, -1,
      116, 39, 114, -1,
      114, 39, 7, -1,
      114, 7, 126, -1,
      126, 7, 1, -1,
      126, 1, 127, -1,
      116, 118, 39, -1,
      39, 118, 120, -1,
      39, 120, 0, -1,
      0, 120, 125, -1,
      0, 125, 1, -1,
      1, 125, 123, -1,
      1, 123, 127, -1,
      128, 129, 130, -1,
      131, 132, 133, -1,
      129, 131, 130, -1,
      130, 131, 133, -1,
      130, 133, 134, -1,
      134, 133, 135, -1,
      135, 136, 134, -1,
      134, 136, 137, -1,
      134, 137, 138, -1,
      138, 137, 139, -1,
      138, 139, 140, -1,
      140, 139, 141, -1,
      140, 141, 142, -1,
      142, 141, 143, -1,
      143, 144, 142, -1,
      142, 144, 145, -1,
      142, 145, 146, -1,
      146, 145, 147, -1,
      146, 147, 148, -1,
      149, 150, 151, -1,
      151, 150, 152, -1,
      151, 152, 153, -1,
      153, 152, 148, -1,
      153, 148, 154, -1,
      154, 148, 147, -1,
      155, 156, 128, -1,
      128, 130, 155, -1,
      155, 130, 134, -1,
      155, 134, 157, -1,
      157, 134, 138, -1,
      157, 138, 158, -1,
      158, 138, 140, -1,
      158, 140, 159, -1,
      159, 140, 142, -1,
      159, 142, 160, -1,
      160, 142, 146, -1,
      160, 146, 161, -1,
      161, 146, 148, -1,
      161, 148, 162, -1,
      162, 148, 152, -1,
      162, 152, 163, -1,
      164, 165, 166, -1,
      166, 165, 167, -1,
      150, 168, 152, -1,
      152, 168, 169, -1,
      152, 169, 163, -1,
      163, 169, 170, -1,
      163, 170, 171, -1,
      171, 172, 163, -1,
      163, 172, 173, -1,
      163, 173, 162, -1,
      162, 173, 174, -1,
      162, 174, 161, -1,
      161, 174, 175, -1,
      161, 175, 160, -1,
      160, 175, 176, -1,
      160, 176, 159, -1,
      159, 176, 177, -1,
      159, 177, 158, -1,
      158, 177, 178, -1,
      158, 178, 157, -1,
      157, 178, 166, -1,
      157, 166, 155, -1,
      155, 166, 167, -1,
      155, 167, 156, -1,
      179, 180, 164, -1,
      164, 166, 179, -1,
      179, 166, 178, -1,
      179, 178, 181, -1,
      181, 178, 177, -1,
      181, 177, 182, -1,
      182, 177, 176, -1,
      182, 176, 183, -1,
      183, 176, 175, -1,
      183, 175, 184, -1,
      184, 175, 174, -1,
      184, 174, 185, -1,
      185, 174, 173, -1,
      185, 173, 186, -1,
      186, 173, 172, -1,
      186, 172, 187, -1,
      188, 189, 190, -1,
      190, 189, 191, -1,
      171, 192, 172, -1,
      172, 192, 193, -1,
      172, 193, 187, -1,
      187, 193, 194, -1,
      187, 194, 195, -1,
      195, 196, 187, -1,
      187, 196, 197, -1,
      187, 197, 186, -1,
      186, 197, 198, -1,
      186, 198, 185, -1,
      185, 198, 199, -1,
      185, 199, 184, -1,
      184, 199, 200, -1,
      184, 200, 183, -1,
      183, 200, 201, -1,
      183, 201, 182, -1,
      182, 201, 202, -1,
      182, 202, 181, -1,
      181, 202, 190, -1,
      181, 190, 179, -1,
      179, 190, 191, -1,
      179, 191, 180, -1,
      203, 204, 205, -1,
      205, 204, 188, -1,
      188, 190, 205, -1,
      205, 190, 202, -1,
      205, 202, 206, -1,
      206, 202, 201, -1,
      206, 201, 207, -1,
      207, 201, 200, -1,
      207, 200, 208, -1,
      208, 200, 199, -1,
      208, 199, 209, -1,
      209, 199, 198, -1,
      209, 198, 210, -1,
      210, 198, 197, -1,
      210, 197, 211, -1,
      211, 197, 196, -1,
      211, 196, 212, -1,
      213, 214, 203, -1,
      195, 215, 196, -1,
      196, 215, 216, -1,
      196, 216, 212, -1,
      212, 216, 217, -1,
      212, 217, 218, -1,
      203, 205, 213, -1,
      213, 205, 206, -1,
      213, 206, 219, -1,
      219, 206, 207, -1,
      219, 207, 220, -1,
      220, 207, 208, -1,
      220, 208, 221, -1,
      221, 208, 209, -1,
      221, 209, 222, -1,
      222, 209, 210, -1,
      222, 210, 223, -1,
      223, 210, 211, -1,
      223, 211, 224, -1,
      224, 211, 212, -1,
      224, 212, 225, -1,
      225, 212, 218, -1,
      225, 218, 226, -1,
      227, 228, 229, -1,
      165, 164, 230, -1,
      180, 191, 231, -1,
      189, 188, 232, -1,
      233, 234, 235, -1,
      236, 237, 233, -1,
      233, 235, 236, -1,
      236, 235, 238, -1,
      236, 238, 239, -1,
      239, 238, 240, -1,
      239, 240, 241, -1,
      241, 240, 242, -1,
      241, 242, 243, -1,
      243, 242, 244, -1,
      243, 244, 245, -1,
      245, 244, 246, -1,
      245, 246, 247, -1,
      247, 246, 248, -1,
      247, 248, 249, -1,
      249, 248, 250, -1,
      249, 250, 251, -1,
      251, 250, 252, -1,
      251, 252, 253, -1,
      253, 252, 254, -1,
      253, 254, 255, -1,
      255, 254, 256, -1,
      255, 256, 257, -1,
      257, 256, 258, -1,
      257, 258, 259, -1,
      259, 258, 260, -1,
      259, 260, 261, -1,
      261, 260, 262, -1,
      261, 262, 263, -1,
      214, 263, 203, -1,
      203, 263, 262, -1,
      203, 262, 204, -1,
      204, 262, 188, -1,
      189, 232, 191, -1,
      180, 231, 164, -1,
      156, 167, 264, -1,
      264, 167, 165, -1,
      129, 128, 265, -1,
      265, 128, 156, -1,
      266, 131, 129, -1,
      131, 266, 132, -1,
      132, 266, 267, -1,
      267, 266, 268, -1,
      267, 268, 269, -1,
      270, 271, 272, -1,
      272, 271, 273, -1,
      272, 273, 274, -1,
      274, 273, 275, -1,
      274, 275, 268, -1,
      268, 275, 276, -1,
      268, 276, 269, -1,
      277, 278, 279, -1,
      279, 278, 280, -1,
      279, 280, 270, -1,
      270, 280, 281, -1,
      270, 281, 271, -1,
      277, 279, 282, -1,
      282, 279, 283, -1,
      282, 283, 284, -1,
      284, 283, 285, -1,
      284, 285, 286, -1,
      286, 285, 287, -1,
      286, 287, 288, -1,
      289, 290, 291, -1,
      291, 290, 292, -1,
      291, 292, 293, -1,
      293, 292, 294, -1,
      293, 294, 295, -1,
      295, 294, 296, -1,
      295, 296, 287, -1,
      287, 296, 297, -1,
      287, 297, 288, -1,
      289, 291, 298, -1,
      298, 291, 299, -1,
      298, 299, 300, -1,
      300, 299, 301, -1,
      300, 301, 302, -1,
      302, 301, 229, -1,
      302, 229, 303, -1,
      303, 229, 304, -1,
      304, 229, 228, -1,
      304, 228, 305, -1,
      306, 307, 308, -1,
      308, 307, 309, -1,
      310, 311, 312, -1,
      312, 311, 313, -1,
      312, 313, 314, -1,
      315, 316, 317, -1,
      317, 316, 318, -1,
      317, 318, 319, -1,
      320, 321, 322, -1,
      322, 321, 323, -1,
      129, 265, 266, -1,
      266, 265, 324, -1,
      266, 324, 268, -1,
      268, 324, 325, -1,
      268, 325, 274, -1,
      274, 325, 326, -1,
      274, 326, 272, -1,
      272, 326, 327, -1,
      272, 327, 270, -1,
      270, 327, 328, -1,
      270, 328, 279, -1,
      279, 328, 329, -1,
      279, 329, 283, -1,
      283, 329, 330, -1,
      283, 330, 285, -1,
      285, 330, 331, -1,
      285, 331, 287, -1,
      287, 331, 332, -1,
      287, 332, 295, -1,
      295, 332, 333, -1,
      295, 333, 293, -1,
      293, 333, 334, -1,
      293, 334, 291, -1,
      291, 334, 335, -1,
      291, 335, 299, -1,
      299, 335, 336, -1,
      299, 336, 301, -1,
      301, 336, 308, -1,
      301, 308, 229, -1,
      229, 308, 309, -1,
      229, 309, 227, -1,
      156, 264, 265, -1,
      265, 264, 337, -1,
      265, 337, 324, -1,
      324, 337, 338, -1,
      324, 338, 325, -1,
      325, 338, 339, -1,
      325, 339, 326, -1,
      326, 339, 340, -1,
      326, 340, 327, -1,
      327, 340, 341, -1,
      327, 341, 328, -1,
      328, 341, 342, -1,
      328, 342, 329, -1,
      329, 342, 343, -1,
      329, 343, 330, -1,
      330, 343, 344, -1,
      330, 344, 331, -1,
      331, 344, 345, -1,
      331, 345, 332, -1,
      332, 345, 346, -1,
      332, 346, 333, -1,
      333, 346, 347, -1,
      333, 347, 334, -1,
      334, 347, 348, -1,
      334, 348, 335, -1,
      335, 348, 349, -1,
      335, 349, 336, -1,
      336, 349, 350, -1,
      336, 350, 308, -1,
      308, 350, 351, -1,
      308, 351, 306, -1,
      165, 230, 264, -1,
      264, 230, 352, -1,
      264, 352, 337, -1,
      337, 352, 353, -1,
      337, 353, 338, -1,
      338, 353, 354, -1,
      338, 354, 339, -1,
      339, 354, 355, -1,
      339, 355, 340, -1,
      340, 355, 356, -1,
      340, 356, 341, -1,
      341, 356, 357, -1,
      341, 357, 342, -1,
      342, 357, 358, -1,
      342, 358, 343, -1,
      343, 358, 359, -1,
      343, 359, 344, -1,
      344, 359, 360, -1,
      344, 360, 345, -1,
      345, 360, 361, -1,
      345, 361, 346, -1,
      346, 361, 362, -1,
      346, 362, 347, -1,
      347, 362, 363, -1,
      347, 363, 348, -1,
      348, 363, 364, -1,
      348, 364, 349, -1,
      349, 364, 312, -1,
      349, 312, 350, -1,
      350, 312, 314, -1,
      350, 314, 351, -1,
      164, 231, 230, -1,
      230, 231, 365, -1,
      230, 365, 352, -1,
      352, 365, 366, -1,
      352, 366, 353, -1,
      353, 366, 367, -1,
      353, 367, 354, -1,
      354, 367, 368, -1,
      354, 368, 355, -1,
      355, 368, 369, -1,
      355, 369, 356, -1,
      356, 369, 370, -1,
      356, 370, 357, -1,
      357, 370, 371, -1,
      357, 371, 358, -1,
      358, 371, 372, -1,
      358, 372, 359, -1,
      359, 372, 373, -1,
      359, 373, 360, -1,
      360, 373, 374, -1,
      360, 374, 361, -1,
      361, 374, 375, -1,
      361, 375, 362, -1,
      362, 375, 376, -1,
      362, 376, 363, -1,
      363, 376, 318, -1,
      363, 318, 364, -1,
      364, 318, 316, -1,
      364, 316, 312, -1,
      312, 316, 315, -1,
      312, 315, 310, -1,
      191, 232, 231, -1,
      231, 232, 377, -1,
      231, 377, 365, -1,
      365, 377, 378, -1,
      365, 378, 366, -1,
      366, 378, 379, -1,
      366, 379, 367, -1,
      367, 379, 380, -1,
      367, 380, 368, -1,
      368, 380, 381, -1,
      368, 381, 369, -1,
      369, 381, 382, -1,
      369, 382, 370, -1,
      370, 382, 383, -1,
      370, 383, 371, -1,
      371, 383, 384, -1,
      371, 384, 372, -1,
      372, 384, 385, -1,
      372, 385, 373, -1,
      373, 385, 386, -1,
      373, 386, 374, -1,
      374, 386, 387, -1,
      374, 387, 375, -1,
      375, 387, 388, -1,
      375, 388, 376, -1,
      376, 388, 321, -1,
      376, 321, 318, -1,
      318, 321, 320, -1,
      318, 320, 319, -1,
      188, 262, 232, -1,
      232, 262, 260, -1,
      232, 260, 377, -1,
      377, 260, 258, -1,
      377, 258, 378, -1,
      378, 258, 256, -1,
      378, 256, 379, -1,
      379, 256, 254, -1,
      379, 254, 380, -1,
      380, 254, 252, -1,
      380, 252, 381, -1,
      381, 252, 250, -1,
      381, 250, 382, -1,
      382, 250, 248, -1,
      382, 248, 383, -1,
      383, 248, 246, -1,
      383, 246, 384, -1,
      384, 246, 244, -1,
      384, 244, 385, -1,
      385, 244, 242, -1,
      385, 242, 386, -1,
      386, 242, 240, -1,
      386, 240, 387, -1,
      387, 240, 238, -1,
      387, 238, 388, -1,
      388, 238, 235, -1,
      388, 235, 321, -1,
      321, 235, 234, -1,
      321, 234, 323, -1,
      389, 390, 391, -1,
      392, 393, 394, -1,
      395, 396, 397, -1,
      395, 397, 398, -1,
      398, 397, 399, -1,
      398, 399, 400, -1,
      401, 402, 403, -1,
      403, 402, 404, -1,
      403, 404, 405, -1,
      405, 404, 406, -1,
      405, 406, 399, -1,
      399, 406, 407, -1,
      399, 407, 400, -1,
      408, 409, 410, -1,
      410, 409, 411, -1,
      410, 411, 401, -1,
      401, 411, 412, -1,
      401, 412, 402, -1,
      408, 410, 413, -1,
      413, 410, 414, -1,
      413, 414, 415, -1,
      415, 414, 416, -1,
      415, 416, 417, -1,
      417, 416, 418, -1,
      417, 418, 419, -1,
      420, 421, 422, -1,
      422, 421, 423, -1,
      422, 423, 424, -1,
      424, 423, 425, -1,
      424, 425, 426, -1,
      426, 425, 427, -1,
      426, 427, 418, -1,
      418, 427, 428, -1,
      418, 428, 419, -1,
      420, 422, 429, -1,
      429, 422, 430, -1,
      429, 430, 431, -1,
      431, 430, 432, -1,
      431, 432, 433, -1,
      433, 432, 394, -1,
      433, 394, 434, -1,
      434, 394, 435, -1,
      435, 394, 393, -1,
      435, 393, 436, -1,
      437, 438, 439, -1,
      439, 438, 440, -1,
      441, 442, 443, -1,
      443, 442, 444, -1,
      443, 444, 445, -1,
      446, 447, 448, -1,
      448, 447, 449, -1,
      448, 449, 450, -1,
      451, 452, 453, -1,
      453, 452, 454, -1,
      455, 456, 389, -1,
      389, 391, 455, -1,
      455, 391, 457, -1,
      455, 457, 458, -1,
      458, 457, 459, -1,
      458, 459, 460, -1,
      460, 459, 461, -1,
      460, 461, 462, -1,
      462, 461, 463, -1,
      462, 463, 464, -1,
      464, 463, 465, -1,
      464, 465, 466, -1,
      466, 465, 467, -1,
      466, 467, 468, -1,
      468, 467, 469, -1,
      468, 469, 470, -1,
      470, 469, 471, -1,
      470, 471, 472, -1,
      472, 471, 473, -1,
      472, 473, 474, -1,
      474, 473, 475, -1,
      474, 475, 476, -1,
      476, 475, 477, -1,
      476, 477, 478, -1,
      478, 477, 479, -1,
      478, 479, 480, -1,
      480, 479, 481, -1,
      480, 481, 482, -1,
      483, 482, 484, -1,
      484, 482, 481, -1,
      484, 481, 485, -1,
      486, 485, 487, -1,
      488, 486, 489, -1,
      490, 488, 491, -1,
      492, 490, 493, -1,
      396, 492, 494, -1,
      396, 494, 397, -1,
      397, 494, 495, -1,
      397, 495, 399, -1,
      399, 495, 496, -1,
      399, 496, 405, -1,
      405, 496, 497, -1,
      405, 497, 403, -1,
      403, 497, 498, -1,
      403, 498, 401, -1,
      401, 498, 499, -1,
      401, 499, 410, -1,
      410, 499, 500, -1,
      410, 500, 414, -1,
      414, 500, 501, -1,
      414, 501, 416, -1,
      416, 501, 502, -1,
      416, 502, 418, -1,
      418, 502, 503, -1,
      418, 503, 426, -1,
      426, 503, 504, -1,
      426, 504, 424, -1,
      424, 504, 505, -1,
      424, 505, 422, -1,
      422, 505, 506, -1,
      422, 506, 430, -1,
      430, 506, 507, -1,
      430, 507, 432, -1,
      432, 507, 439, -1,
      432, 439, 394, -1,
      394, 439, 440, -1,
      394, 440, 392, -1,
      492, 493, 494, -1,
      494, 493, 508, -1,
      494, 508, 495, -1,
      495, 508, 509, -1,
      495, 509, 496, -1,
      496, 509, 510, -1,
      496, 510, 497, -1,
      497, 510, 511, -1,
      497, 511, 498, -1,
      498, 511, 512, -1,
      498, 512, 499, -1,
      499, 512, 513, -1,
      499, 513, 500, -1,
      500, 513, 514, -1,
      500, 514, 501, -1,
      501, 514, 515, -1,
      501, 515, 502, -1,
      502, 515, 516, -1,
      502, 516, 503, -1,
      503, 516, 517, -1,
      503, 517, 504, -1,
      504, 517, 518, -1,
      504, 518, 505, -1,
      505, 518, 519, -1,
      505, 519, 506, -1,
      506, 519, 520, -1,
      506, 520, 507, -1,
      507, 520, 521, -1,
      507, 521, 439, -1,
      439, 521, 522, -1,
      439, 522, 437, -1,
      490, 491, 493, -1,
      493, 491, 523, -1,
      493, 523, 508, -1,
      508, 523, 524, -1,
      508, 524, 509, -1,
      509, 524, 525, -1,
      509, 525, 510, -1,
      510, 525, 526, -1,
      510, 526, 511, -1,
      511, 526, 527, -1,
      511, 527, 512, -1,
      512, 527, 528, -1,
      512, 528, 513, -1,
      513, 528, 529, -1,
      513, 529, 514, -1,
      514, 529, 530, -1,
      514, 530, 515, -1,
      515, 530, 531, -1,
      515, 531, 516, -1,
      516, 531, 532, -1,
      516, 532, 517, -1,
      517, 532, 533, -1,
      517, 533, 518, -1,
      518, 533, 534, -1,
      518, 534, 519, -1,
      519, 534, 535, -1,
      519, 535, 520, -1,
      520, 535, 443, -1,
      520, 443, 521, -1,
      521, 443, 445, -1,
      521, 445, 522, -1,
      488, 489, 491, -1,
      491, 489, 536, -1,
      491, 536, 523, -1,
      523, 536, 537, -1,
      523, 537, 524, -1,
      524, 537, 538, -1,
      524, 538, 525, -1,
      525, 538, 539, -1,
      525, 539, 526, -1,
      526, 539, 540, -1,
      526, 540, 527, -1,
      527, 540, 541, -1,
      527, 541, 528, -1,
      528, 541, 542, -1,
      528, 542, 529, -1,
      529, 542, 543, -1,
      529, 543, 530, -1,
      530, 543, 544, -1,
      530, 544, 531, -1,
      531, 544, 545, -1,
      531, 545, 532, -1,
      532, 545, 546, -1,
      532, 546, 533, -1,
      533, 546, 547, -1,
      533, 547, 534, -1,
      534, 547, 449, -1,
      534, 449, 535, -1,
      535, 449, 447, -1,
      535, 447, 443, -1,
      443, 447, 446, -1,
      443, 446, 441, -1,
      486, 487, 489, -1,
      489, 487, 548, -1,
      489, 548, 536, -1,
      536, 548, 549, -1,
      536, 549, 537, -1,
      537, 549, 550, -1,
      537, 550, 538, -1,
      538, 550, 551, -1,
      538, 551, 539, -1,
      539, 551, 552, -1,
      539, 552, 540, -1,
      540, 552, 553, -1,
      540, 553, 541, -1,
      541, 553, 554, -1,
      541, 554, 542, -1,
      542, 554, 555, -1,
      542, 555, 543, -1,
      543, 555, 556, -1,
      543, 556, 544, -1,
      544, 556, 557, -1,
      544, 557, 545, -1,
      545, 557, 558, -1,
      545, 558, 546, -1,
      546, 558, 559, -1,
      546, 559, 547, -1,
      547, 559, 452, -1,
      547, 452, 449, -1,
      449, 452, 451, -1,
      449, 451, 450, -1,
      485, 481, 487, -1,
      487, 481, 479, -1,
      487, 479, 548, -1,
      548, 479, 477, -1,
      548, 477, 549, -1,
      549, 477, 475, -1,
      549, 475, 550, -1,
      550, 475, 473, -1,
      550, 473, 551, -1,
      551, 473, 471, -1,
      551, 471, 552, -1,
      552, 471, 469, -1,
      552, 469, 553, -1,
      553, 469, 467, -1,
      553, 467, 554, -1,
      554, 467, 465, -1,
      554, 465, 555, -1,
      555, 465, 463, -1,
      555, 463, 556, -1,
      556, 463, 461, -1,
      556, 461, 557, -1,
      557, 461, 459, -1,
      557, 459, 558, -1,
      558, 459, 457, -1,
      558, 457, 559, -1,
      559, 457, 391, -1,
      559, 391, 452, -1,
      452, 391, 390, -1,
      452, 390, 454, -1,
      560, 561, 562, -1,
      483, 484, 563, -1,
      564, 565, 566, -1,
      566, 565, 567, -1,
      566, 567, 568, -1,
      568, 567, 569, -1,
      569, 567, 570, -1,
      570, 567, 571, -1,
      570, 571, 572, -1,
      572, 571, 573, -1,
      572, 573, 574, -1,
      574, 573, 575, -1,
      574, 575, 576, -1,
      577, 578, 579, -1,
      579, 578, 580, -1,
      579, 580, 581, -1,
      581, 580, 582, -1,
      581, 582, 575, -1,
      575, 582, 583, -1,
      575, 583, 576, -1,
      584, 585, 577, -1,
      577, 585, 586, -1,
      577, 586, 578, -1,
      587, 588, 584, -1,
      584, 588, 589, -1,
      584, 589, 585, -1,
      590, 591, 592, -1,
      592, 591, 593, -1,
      592, 593, 594, -1,
      594, 593, 595, -1,
      594, 595, 587, -1,
      587, 595, 596, -1,
      587, 596, 588, -1,
      590, 592, 597, -1,
      597, 592, 598, -1,
      597, 598, 599, -1,
      599, 598, 600, -1,
      599, 600, 601, -1,
      601, 600, 602, -1,
      601, 602, 603, -1,
      603, 602, 396, -1,
      603, 396, 395, -1,
      483, 563, 604, -1,
      604, 563, 605, -1,
      604, 605, 606, -1,
      606, 605, 607, -1,
      606, 607, 608, -1,
      608, 607, 609, -1,
      608, 609, 610, -1,
      610, 609, 611, -1,
      610, 611, 612, -1,
      612, 611, 613, -1,
      612, 613, 614, -1,
      614, 613, 615, -1,
      614, 615, 616, -1,
      616, 615, 617, -1,
      616, 617, 618, -1,
      618, 617, 619, -1,
      618, 619, 620, -1,
      620, 619, 621, -1,
      620, 621, 622, -1,
      622, 621, 623, -1,
      622, 623, 624, -1,
      624, 623, 625, -1,
      624, 625, 626, -1,
      626, 625, 627, -1,
      626, 627, 628, -1,
      628, 627, 562, -1,
      628, 562, 629, -1,
      629, 562, 561, -1,
      629, 561, 630, -1,
      631, 632, 633, -1,
      633, 632, 634, -1,
      633, 634, 560, -1,
      631, 635, 636, -1,
      636, 635, 637, -1,
      636, 637, 638, -1,
      638, 637, 639, -1,
      640, 641, 642, -1,
      642, 641, 639, -1,
      643, 644, 645, -1,
      645, 644, 640, -1,
      646, 647, 648, -1,
      648, 647, 649, -1,
      648, 649, 643, -1,
      646, 565, 650, -1,
      650, 565, 564, -1,
      650, 564, 651, -1,
      646, 648, 565, -1,
      565, 648, 652, -1,
      565, 652, 567, -1,
      567, 652, 653, -1,
      567, 653, 571, -1,
      571, 653, 654, -1,
      571, 654, 573, -1,
      573, 654, 655, -1,
      573, 655, 575, -1,
      575, 655, 656, -1,
      575, 656, 581, -1,
      581, 656, 657, -1,
      581, 657, 579, -1,
      579, 657, 658, -1,
      579, 658, 577, -1,
      577, 658, 659, -1,
      577, 659, 584, -1,
      584, 659, 660, -1,
      584, 660, 587, -1,
      587, 660, 661, -1,
      587, 661, 594, -1,
      594, 661, 662, -1,
      594, 662, 592, -1,
      592, 662, 663, -1,
      592, 663, 598, -1,
      598, 663, 664, -1,
      598, 664, 600, -1,
      600, 664, 665, -1,
      600, 665, 602, -1,
      602, 665, 492, -1,
      602, 492, 396, -1,
      643, 645, 648, -1,
      648, 645, 666, -1,
      648, 666, 652, -1,
      652, 666, 667, -1,
      652, 667, 653, -1,
      653, 667, 668, -1,
      653, 668, 654, -1,
      654, 668, 669, -1,
      654, 669, 655, -1,
      655, 669, 670, -1,
      655, 670, 656, -1,
      656, 670, 671, -1,
      656, 671, 657, -1,
      657, 671, 672, -1,
      657, 672, 658, -1,
      658, 672, 673, -1,
      658, 673, 659, -1,
      659, 673, 674, -1,
      659, 674, 660, -1,
      660, 674, 675, -1,
      660, 675, 661, -1,
      661, 675, 676, -1,
      661, 676, 662, -1,
      662, 676, 677, -1,
      662, 677, 663, -1,
      663, 677, 678, -1,
      663, 678, 664, -1,
      664, 678, 679, -1,
      664, 679, 665, -1,
      665, 679, 490, -1,
      665, 490, 492, -1,
      640, 642, 645, -1,
      645, 642, 680, -1,
      645, 680, 666, -1,
      666, 680, 681, -1,
      666, 681, 667, -1,
      667, 681, 682, -1,
      667, 682, 668, -1,
      668, 682, 683, -1,
      668, 683, 669, -1,
      669, 683, 684, -1,
      669, 684, 670, -1,
      670, 684, 685, -1,
      670, 685, 671, -1,
      671, 685, 686, -1,
      671, 686, 672, -1,
      672, 686, 687, -1,
      672, 687, 673, -1,
      673, 687, 688, -1,
      673, 688, 674, -1,
      674, 688, 689, -1,
      674, 689, 675, -1,
      675, 689, 690, -1,
      675, 690, 676, -1,
      676, 690, 691, -1,
      676, 691, 677, -1,
      677, 691, 692, -1,
      677, 692, 678, -1,
      678, 692, 693, -1,
      678, 693, 679, -1,
      679, 693, 488, -1,
      679, 488, 490, -1,
      639, 637, 642, -1,
      642, 637, 635, -1,
      642, 635, 680, -1,
      680, 635, 694, -1,
      680, 694, 681, -1,
      681, 694, 695, -1,
      681, 695, 682, -1,
      682, 695, 696, -1,
      682, 696, 683, -1,
      683, 696, 697, -1,
      683, 697, 684, -1,
      684, 697, 698, -1,
      684, 698, 685, -1,
      685, 698, 699, -1,
      685, 699, 686, -1,
      686, 699, 700, -1,
      686, 700, 687, -1,
      687, 700, 701, -1,
      687, 701, 688, -1,
      688, 701, 702, -1,
      688, 702, 689, -1,
      689, 702, 703, -1,
      689, 703, 690, -1,
      690, 703, 704, -1,
      690, 704, 691, -1,
      691, 704, 705, -1,
      691, 705, 692, -1,
      692, 705, 706, -1,
      692, 706, 693, -1,
      693, 706, 486, -1,
      693, 486, 488, -1,
      631, 633, 635, -1,
      635, 633, 707, -1,
      635, 707, 694, -1,
      694, 707, 708, -1,
      694, 708, 695, -1,
      695, 708, 709, -1,
      695, 709, 696, -1,
      696, 709, 710, -1,
      696, 710, 697, -1,
      697, 710, 711, -1,
      697, 711, 698, -1,
      698, 711, 712, -1,
      698, 712, 699, -1,
      699, 712, 713, -1,
      699, 713, 700, -1,
      700, 713, 714, -1,
      700, 714, 701, -1,
      701, 714, 715, -1,
      701, 715, 702, -1,
      702, 715, 716, -1,
      702, 716, 703, -1,
      703, 716, 717, -1,
      703, 717, 704, -1,
      704, 717, 718, -1,
      704, 718, 705, -1,
      705, 718, 719, -1,
      705, 719, 706, -1,
      706, 719, 485, -1,
      706, 485, 486, -1,
      560, 562, 633, -1,
      633, 562, 627, -1,
      633, 627, 707, -1,
      707, 627, 625, -1,
      707, 625, 708, -1,
      708, 625, 623, -1,
      708, 623, 709, -1,
      709, 623, 621, -1,
      709, 621, 710, -1,
      710, 621, 619, -1,
      710, 619, 711, -1,
      711, 619, 617, -1,
      711, 617, 712, -1,
      712, 617, 615, -1,
      712, 615, 713, -1,
      713, 615, 613, -1,
      713, 613, 714, -1,
      714, 613, 611, -1,
      714, 611, 715, -1,
      715, 611, 609, -1,
      715, 609, 716, -1,
      716, 609, 607, -1,
      716, 607, 717, -1,
      717, 607, 605, -1,
      717, 605, 718, -1,
      718, 605, 563, -1,
      718, 563, 719, -1,
      719, 563, 484, -1,
      719, 484, 485, -1,
      720, 721, 722, -1,
      720, 722, 723, -1,
      723, 722, 724, -1,
      723, 724, 725, -1,
      725, 724, 726, -1,
      725, 726, 727, -1,
      727, 726, 728, -1,
      727, 728, 729, -1,
      729, 728, 730, -1,
      729, 730, 731, -1,
      731, 730, 732, -1,
      731, 732, 733, -1,
      733, 732, 734, -1,
      733, 734, 735, -1,
      735, 734, 736, -1,
      735, 736, 737, -1,
      737, 736, 738, -1,
      737, 738, 739, -1,
      739, 738, 740, -1,
      739, 740, 741, -1,
      741, 740, 742, -1,
      741, 742, 743, -1,
      743, 742, 744, -1,
      743, 744, 745, -1,
      745, 744, 746, -1,
      745, 746, 747, -1,
      747, 746, 748, -1,
      747, 748, 749, -1,
      749, 748, 750, -1,
      749, 750, 751, -1,
      751, 750, 752, -1,
      751, 752, 753, -1,
      753, 752, 754, -1,
      753, 754, 755, -1,
      755, 754, 756, -1,
      755, 756, 757, -1,
      757, 756, 758, -1,
      757, 758, 759, -1,
      759, 758, 760, -1,
      759, 760, 761, -1,
      761, 760, 762, -1,
      761, 762, 763, -1,
      764, 765, 766, -1,
      766, 765, 767, -1,
      766, 767, 768, -1,
      768, 767, 769, -1,
      768, 769, 770, -1,
      770, 769, 771, -1,
      772, 773, 774, -1,
      351, 765, 306, -1,
      306, 765, 307, -1,
      351, 314, 765, -1,
      765, 314, 313, -1,
      765, 313, 311, -1,
      317, 319, 320, -1,
      773, 775, 774, -1,
      774, 775, 776, -1,
      774, 776, 777, -1,
      228, 765, 305, -1,
      305, 765, 764, -1,
      311, 310, 765, -1,
      765, 310, 315, -1,
      765, 315, 317, -1,
      228, 227, 765, -1,
      765, 227, 309, -1,
      765, 309, 307, -1,
      317, 320, 765, -1,
      765, 320, 322, -1,
      765, 322, 323, -1,
      323, 234, 765, -1,
      765, 234, 233, -1,
      765, 233, 237, -1,
      777, 778, 774, -1,
      774, 778, 765, -1,
      774, 765, 779, -1,
      779, 765, 237, -1,
      780, 781, 782, -1,
      782, 781, 783, -1,
      782, 783, 784, -1,
      784, 785, 782, -1,
      782, 785, 786, -1,
      782, 786, 787, -1,
      772, 774, 782, -1,
      782, 774, 788, -1,
      782, 788, 780, -1,
      757, 759, 741, -1,
      789, 720, 763, -1,
      763, 720, 723, -1,
      763, 723, 761, -1,
      761, 723, 759, -1,
      790, 791, 763, -1,
      763, 791, 792, -1,
      763, 792, 793, -1,
      793, 794, 763, -1,
      763, 794, 795, -1,
      763, 795, 789, -1,
      723, 725, 759, -1,
      759, 725, 727, -1,
      759, 727, 729, -1,
      741, 743, 745, -1,
      796, 797, 763, -1,
      763, 797, 798, -1,
      763, 798, 790, -1,
      796, 799, 797, -1,
      797, 799, 800, -1,
      797, 800, 801, -1,
      745, 747, 741, -1,
      741, 747, 749, -1,
      741, 749, 751, -1,
      751, 753, 741, -1,
      741, 753, 755, -1,
      741, 755, 757, -1,
      801, 802, 797, -1,
      797, 802, 803, -1,
      797, 803, 804, -1,
      804, 803, 805, -1,
      729, 731, 759, -1,
      759, 731, 733, -1,
      759, 733, 735, -1,
      735, 737, 759, -1,
      759, 737, 739, -1,
      759, 739, 741, -1,
      805, 803, 806, -1,
      806, 803, 807, -1,
      806, 807, 808, -1,
      809, 779, 237, -1,
      809, 237, 810, -1,
      236, 239, 263, -1,
      263, 239, 241, -1,
      263, 241, 243, -1,
      219, 220, 237, -1,
      226, 811, 237, -1,
      237, 811, 812, -1,
      219, 237, 213, -1,
      220, 221, 237, -1,
      237, 221, 222, -1,
      237, 222, 223, -1,
      223, 224, 237, -1,
      237, 224, 225, -1,
      237, 225, 226, -1,
      812, 813, 237, -1,
      237, 813, 814, -1,
      237, 814, 810, -1,
      243, 245, 263, -1,
      263, 245, 247, -1,
      263, 247, 249, -1,
      263, 255, 261, -1,
      261, 255, 257, -1,
      261, 257, 259, -1,
      236, 263, 237, -1,
      237, 263, 214, -1,
      237, 214, 213, -1,
      249, 251, 263, -1,
      263, 251, 253, -1,
      263, 253, 255, -1,
      480, 482, 630, -1,
      630, 456, 455, -1,
      608, 610, 629, -1,
      610, 612, 629, -1,
      629, 612, 614, -1,
      629, 614, 616, -1,
      474, 476, 630, -1,
      630, 476, 478, -1,
      630, 478, 480, -1,
      618, 626, 616, -1,
      616, 626, 628, -1,
      616, 628, 629, -1,
      618, 620, 626, -1,
      626, 620, 622, -1,
      626, 622, 624, -1,
      455, 458, 630, -1,
      630, 458, 460, -1,
      630, 460, 462, -1,
      462, 464, 630, -1,
      630, 464, 466, -1,
      630, 466, 468, -1,
      468, 470, 630, -1,
      630, 470, 472, -1,
      630, 472, 474, -1,
      482, 483, 630, -1,
      630, 483, 604, -1,
      630, 604, 629, -1,
      629, 604, 606, -1,
      629, 606, 608, -1,
      815, 816, 817, -1,
      817, 816, 818, -1,
      817, 818, 819, -1,
      819, 818, 820, -1,
      819, 820, 821, -1,
      821, 820, 822, -1,
      821, 822, 823, -1,
      823, 822, 824, -1,
      823, 824, 825, -1,
      825, 824, 826, -1,
      825, 826, 827, -1,
      827, 826, 828, -1,
      827, 828, 829, -1,
      829, 828, 830, -1,
      829, 830, 831, -1,
      831, 830, 832, -1,
      831, 832, 833, -1,
      833, 832, 834, -1,
      833, 834, 835, -1,
      834, 836, 835, -1,
      835, 836, 837, -1,
      835, 837, 838, -1,
      838, 837, 839, -1,
      838, 839, 840, -1,
      840, 839, 841, -1,
      840, 841, 842, -1,
      842, 841, 843, -1,
      842, 843, 844, -1,
      844, 843, 845, -1,
      844, 845, 846, -1,
      846, 845, 847, -1,
      846, 847, 721, -1,
      721, 847, 848, -1,
      721, 848, 722, -1,
      722, 848, 849, -1,
      722, 849, 724, -1,
      724, 849, 850, -1,
      724, 850, 726, -1,
      726, 850, 851, -1,
      726, 851, 728, -1,
      728, 851, 852, -1,
      728, 852, 730, -1,
      750, 853, 752, -1,
      752, 853, 854, -1,
      752, 854, 754, -1,
      754, 854, 855, -1,
      754, 855, 756, -1,
      756, 855, 856, -1,
      756, 856, 758, -1,
      758, 856, 857, -1,
      758, 857, 760, -1,
      760, 857, 858, -1,
      760, 858, 762, -1,
      762, 858, 859, -1,
      762, 859, 860, -1,
      860, 859, 861, -1,
      860, 861, 862, -1,
      862, 861, 863, -1,
      862, 863, 864, -1,
      864, 863, 865, -1,
      864, 865, 866, -1,
      866, 865, 867, -1,
      866, 867, 815, -1,
      815, 867, 868, -1,
      815, 868, 816, -1,
      852, 869, 730, -1,
      730, 869, 870, -1,
      730, 870, 732, -1,
      732, 870, 871, -1,
      732, 871, 734, -1,
      734, 871, 872, -1,
      734, 872, 736, -1,
      736, 872, 873, -1,
      736, 873, 738, -1,
      738, 873, 874, -1,
      738, 874, 740, -1,
      740, 874, 875, -1,
      740, 875, 742, -1,
      742, 875, 876, -1,
      742, 876, 744, -1,
      744, 876, 877, -1,
      744, 877, 746, -1,
      746, 877, 878, -1,
      746, 878, 748, -1,
      748, 878, 879, -1,
      748, 879, 750, -1,
      750, 879, 880, -1,
      750, 880, 853, -1,
      651, 564, 770, -1,
      770, 564, 877, -1,
      770, 877, 768, -1,
      768, 877, 876, -1,
      768, 876, 875, -1,
      874, 764, 875, -1,
      875, 764, 766, -1,
      875, 766, 768, -1,
      132, 267, 848, -1,
      848, 267, 269, -1,
      848, 269, 849, -1,
      273, 850, 275, -1,
      275, 850, 849, -1,
      275, 849, 276, -1,
      276, 849, 269, -1,
      273, 271, 850, -1,
      850, 271, 281, -1,
      850, 281, 851, -1,
      281, 280, 851, -1,
      851, 280, 278, -1,
      851, 278, 852, -1,
      284, 869, 282, -1,
      282, 869, 852, -1,
      282, 852, 277, -1,
      277, 852, 278, -1,
      284, 286, 869, -1,
      869, 286, 288, -1,
      869, 288, 870, -1,
      294, 871, 296, -1,
      296, 871, 870, -1,
      296, 870, 297, -1,
      297, 870, 288, -1,
      294, 292, 871, -1,
      871, 292, 290, -1,
      871, 290, 872, -1,
      300, 873, 298, -1,
      298, 873, 872, -1,
      298, 872, 289, -1,
      289, 872, 290, -1,
      305, 764, 304, -1,
      304, 764, 874, -1,
      304, 874, 303, -1,
      303, 874, 873, -1,
      303, 873, 302, -1,
      302, 873, 300, -1,
      564, 566, 877, -1,
      877, 566, 568, -1,
      877, 568, 878, -1,
      572, 879, 570, -1,
      570, 879, 878, -1,
      570, 878, 569, -1,
      569, 878, 568, -1,
      572, 574, 879, -1,
      879, 574, 576, -1,
      879, 576, 880, -1,
      580, 853, 582, -1,
      582, 853, 880, -1,
      582, 880, 583, -1,
      583, 880, 576, -1,
      580, 578, 853, -1,
      853, 578, 586, -1,
      853, 586, 854, -1,
      586, 585, 854, -1,
      854, 585, 589, -1,
      854, 589, 855, -1,
      589, 588, 855, -1,
      855, 588, 596, -1,
      855, 596, 856, -1,
      856, 596, 595, -1,
      856, 595, 857, -1,
      857, 595, 593, -1,
      857, 593, 591, -1,
      599, 858, 597, -1,
      597, 858, 857, -1,
      597, 857, 590, -1,
      590, 857, 591, -1,
      395, 859, 603, -1,
      603, 859, 858, -1,
      603, 858, 601, -1,
      601, 858, 599, -1,
      643, 649, 770, -1,
      631, 636, 770, -1,
      647, 646, 650, -1,
      647, 650, 649, -1,
      649, 650, 651, -1,
      649, 651, 770, -1,
      522, 770, 437, -1,
      437, 770, 438, -1,
      636, 638, 770, -1,
      770, 638, 639, -1,
      770, 639, 641, -1,
      393, 770, 436, -1,
      436, 770, 771, -1,
      560, 634, 770, -1,
      770, 634, 632, -1,
      770, 632, 631, -1,
      641, 640, 770, -1,
      770, 640, 644, -1,
      770, 644, 643, -1,
      393, 392, 770, -1,
      770, 392, 440, -1,
      770, 440, 438, -1,
      522, 445, 770, -1,
      770, 445, 444, -1,
      770, 444, 442, -1,
      448, 450, 451, -1,
      442, 441, 770, -1,
      770, 441, 446, -1,
      770, 446, 448, -1,
      448, 451, 770, -1,
      770, 451, 453, -1,
      770, 453, 454, -1,
      454, 390, 770, -1,
      770, 390, 389, -1,
      770, 389, 456, -1,
      456, 630, 770, -1,
      770, 630, 561, -1,
      770, 561, 560, -1,
      763, 762, 860, -1,
      763, 860, 796, -1,
      796, 860, 862, -1,
      796, 862, 799, -1,
      799, 862, 864, -1,
      799, 864, 800, -1,
      800, 864, 866, -1,
      800, 866, 801, -1,
      801, 866, 815, -1,
      801, 815, 802, -1,
      802, 815, 817, -1,
      802, 817, 803, -1,
      803, 817, 819, -1,
      803, 819, 807, -1,
      807, 819, 821, -1,
      807, 821, 808, -1,
      808, 821, 823, -1,
      808, 823, 806, -1,
      806, 823, 825, -1,
      806, 825, 805, -1,
      805, 825, 827, -1,
      805, 827, 804, -1,
      804, 827, 829, -1,
      804, 829, 797, -1,
      797, 829, 831, -1,
      797, 831, 798, -1,
      798, 831, 833, -1,
      798, 833, 790, -1,
      790, 833, 835, -1,
      790, 835, 791, -1,
      791, 835, 838, -1,
      791, 838, 792, -1,
      792, 838, 840, -1,
      792, 840, 793, -1,
      793, 840, 842, -1,
      793, 842, 794, -1,
      794, 842, 844, -1,
      794, 844, 795, -1,
      795, 844, 846, -1,
      795, 846, 789, -1,
      789, 846, 721, -1,
      789, 721, 720, -1,
      765, 830, 767, -1,
      767, 830, 828, -1,
      767, 828, 826, -1,
      824, 771, 826, -1,
      826, 771, 769, -1,
      826, 769, 767, -1,
      395, 398, 859, -1,
      859, 398, 400, -1,
      859, 400, 861, -1,
      404, 863, 406, -1,
      406, 863, 861, -1,
      406, 861, 407, -1,
      407, 861, 400, -1,
      404, 402, 863, -1,
      863, 402, 412, -1,
      863, 412, 865, -1,
      412, 411, 865, -1,
      865, 411, 409, -1,
      865, 409, 867, -1,
      415, 868, 413, -1,
      413, 868, 867, -1,
      413, 867, 408, -1,
      408, 867, 409, -1,
      415, 417, 868, -1,
      868, 417, 419, -1,
      868, 419, 816, -1,
      425, 818, 427, -1,
      427, 818, 816, -1,
      427, 816, 428, -1,
      428, 816, 419, -1,
      425, 423, 818, -1,
      818, 423, 421, -1,
      818, 421, 820, -1,
      431, 822, 429, -1,
      429, 822, 820, -1,
      429, 820, 420, -1,
      420, 820, 421, -1,
      436, 771, 435, -1,
      435, 771, 824, -1,
      435, 824, 434, -1,
      434, 824, 822, -1,
      434, 822, 433, -1,
      433, 822, 431, -1,
      881, 832, 882, -1,
      882, 832, 830, -1,
      882, 830, 883, -1,
      883, 830, 765, -1,
      883, 765, 778, -1,
      881, 884, 832, -1,
      832, 884, 885, -1,
      832, 885, 834, -1,
      886, 836, 887, -1,
      887, 836, 834, -1,
      887, 834, 888, -1,
      888, 834, 885, -1,
      889, 837, 890, -1,
      890, 837, 836, -1,
      890, 836, 891, -1,
      891, 836, 886, -1,
      889, 149, 837, -1,
      837, 149, 151, -1,
      837, 151, 839, -1,
      147, 841, 154, -1,
      154, 841, 839, -1,
      154, 839, 153, -1,
      153, 839, 151, -1,
      147, 145, 841, -1,
      841, 145, 144, -1,
      841, 144, 843, -1,
      139, 845, 141, -1,
      141, 845, 843, -1,
      141, 843, 143, -1,
      143, 843, 144, -1,
      139, 137, 845, -1,
      845, 137, 136, -1,
      845, 136, 847, -1,
      132, 848, 133, -1,
      133, 848, 847, -1,
      133, 847, 135, -1,
      135, 847, 136, -1,
      889, 890, 892, -1,
      888, 885, 893, -1,
      881, 882, 894, -1,
      883, 778, 777, -1,
      809, 895, 779, -1,
      779, 895, 774, -1,
      774, 895, 788, -1,
      788, 895, 896, -1,
      788, 896, 780, -1,
      897, 783, 896, -1,
      896, 783, 781, -1,
      896, 781, 780, -1,
      898, 785, 897, -1,
      897, 785, 784, -1,
      897, 784, 783, -1,
      899, 787, 898, -1,
      898, 787, 786, -1,
      898, 786, 785, -1,
      775, 773, 900, -1,
      900, 773, 772, -1,
      900, 772, 899, -1,
      899, 772, 782, -1,
      899, 782, 787, -1,
      775, 900, 776, -1,
      776, 900, 894, -1,
      776, 894, 777, -1,
      777, 894, 882, -1,
      777, 882, 883, -1,
      888, 893, 887, -1,
      889, 892, 149, -1,
      901, 168, 892, -1,
      892, 168, 150, -1,
      892, 150, 149, -1,
      902, 170, 901, -1,
      901, 170, 169, -1,
      901, 169, 168, -1,
      903, 192, 902, -1,
      902, 192, 171, -1,
      902, 171, 170, -1,
      904, 194, 903, -1,
      903, 194, 193, -1,
      903, 193, 192, -1,
      905, 215, 904, -1,
      904, 215, 195, -1,
      904, 195, 194, -1,
      906, 217, 905, -1,
      905, 217, 216, -1,
      905, 216, 215, -1,
      811, 226, 906, -1,
      906, 226, 218, -1,
      906, 218, 217, -1,
      890, 891, 892, -1,
      892, 891, 907, -1,
      892, 907, 901, -1,
      901, 907, 908, -1,
      901, 908, 902, -1,
      902, 908, 909, -1,
      902, 909, 903, -1,
      903, 909, 910, -1,
      903, 910, 904, -1,
      904, 910, 911, -1,
      904, 911, 905, -1,
      905, 911, 912, -1,
      905, 912, 906, -1,
      906, 912, 913, -1,
      906, 913, 811, -1,
      811, 913, 812, -1,
      891, 886, 907, -1,
      907, 886, 914, -1,
      907, 914, 908, -1,
      908, 914, 915, -1,
      908, 915, 909, -1,
      909, 915, 916, -1,
      909, 916, 910, -1,
      910, 916, 917, -1,
      910, 917, 911, -1,
      911, 917, 918, -1,
      911, 918, 912, -1,
      912, 918, 919, -1,
      912, 919, 913, -1,
      913, 919, 920, -1,
      913, 920, 812, -1,
      812, 920, 813, -1,
      886, 887, 914, -1,
      914, 887, 893, -1,
      914, 893, 915, -1,
      915, 893, 921, -1,
      915, 921, 916, -1,
      916, 921, 922, -1,
      916, 922, 917, -1,
      917, 922, 923, -1,
      917, 923, 918, -1,
      918, 923, 924, -1,
      918, 924, 919, -1,
      919, 924, 925, -1,
      919, 925, 920, -1,
      920, 925, 926, -1,
      920, 926, 813, -1,
      813, 926, 814, -1,
      885, 884, 893, -1,
      893, 884, 927, -1,
      893, 927, 921, -1,
      921, 927, 928, -1,
      921, 928, 922, -1,
      922, 928, 929, -1,
      922, 929, 923, -1,
      923, 929, 930, -1,
      923, 930, 924, -1,
      924, 930, 931, -1,
      924, 931, 925, -1,
      925, 931, 932, -1,
      925, 932, 926, -1,
      926, 932, 933, -1,
      926, 933, 814, -1,
      814, 933, 810, -1,
      884, 881, 927, -1,
      927, 881, 894, -1,
      927, 894, 928, -1,
      928, 894, 900, -1,
      928, 900, 929, -1,
      929, 900, 899, -1,
      929, 899, 930, -1,
      930, 899, 898, -1,
      930, 898, 931, -1,
      931, 898, 897, -1,
      931, 897, 932, -1,
      932, 897, 896, -1,
      932, 896, 933, -1,
      933, 896, 895, -1,
      933, 895, 810, -1,
      810, 895, 809, -1,
      934, 935, 936, -1,
      937, 938, 939, -1,
      935, 937, 936, -1,
      936, 937, 939, -1,
      936, 939, 940, -1,
      940, 939, 941, -1,
      941, 942, 940, -1,
      940, 942, 943, -1,
      940, 943, 944, -1,
      944, 943, 945, -1,
      944, 945, 946, -1,
      946, 945, 947, -1,
      946, 947, 948, -1,
      948, 947, 949, -1,
      949, 950, 948, -1,
      948, 950, 951, -1,
      948, 951, 952, -1,
      952, 951, 953, -1,
      952, 953, 954, -1,
      955, 956, 957, -1,
      957, 956, 958, -1,
      957, 958, 959, -1,
      959, 958, 954, -1,
      959, 954, 960, -1,
      960, 954, 953, -1,
      961, 962, 934, -1,
      934, 936, 961, -1,
      961, 936, 940, -1,
      961, 940, 963, -1,
      963, 940, 944, -1,
      963, 944, 964, -1,
      964, 944, 946, -1,
      964, 946, 965, -1,
      965, 946, 948, -1,
      965, 948, 966, -1,
      966, 948, 952, -1,
      966, 952, 967, -1,
      967, 952, 954, -1,
      967, 954, 968, -1,
      968, 954, 958, -1,
      968, 958, 969, -1,
      970, 971, 972, -1,
      972, 971, 973, -1,
      956, 974, 958, -1,
      958, 974, 975, -1,
      958, 975, 969, -1,
      969, 975, 976, -1,
      969, 976, 977, -1,
      977, 978, 969, -1,
      969, 978, 979, -1,
      969, 979, 968, -1,
      968, 979, 980, -1,
      968, 980, 967, -1,
      967, 980, 981, -1,
      967, 981, 966, -1,
      966, 981, 982, -1,
      966, 982, 965, -1,
      965, 982, 983, -1,
      965, 983, 964, -1,
      964, 983, 984, -1,
      964, 984, 963, -1,
      963, 984, 972, -1,
      963, 972, 961, -1,
      961, 972, 973, -1,
      961, 973, 962, -1,
      985, 986, 970, -1,
      970, 972, 985, -1,
      985, 972, 984, -1,
      985, 984, 987, -1,
      987, 984, 983, -1,
      987, 983, 988, -1,
      988, 983, 982, -1,
      988, 982, 989, -1,
      989, 982, 981, -1,
      989, 981, 990, -1,
      990, 981, 980, -1,
      990, 980, 991, -1,
      991, 980, 979, -1,
      991, 979, 992, -1,
      992, 979, 978, -1,
      992, 978, 993, -1,
      994, 995, 996, -1,
      996, 995, 997, -1,
      977, 998, 978, -1,
      978, 998, 999, -1,
      978, 999, 993, -1,
      993, 999, 1000, -1,
      993, 1000, 1001, -1,
      1001, 1002, 993, -1,
      993, 1002, 1003, -1,
      993, 1003, 992, -1,
      992, 1003, 1004, -1,
      992, 1004, 991, -1,
      991, 1004, 1005, -1,
      991, 1005, 990, -1,
      990, 1005, 1006, -1,
      990, 1006, 989, -1,
      989, 1006, 1007, -1,
      989, 1007, 988, -1,
      988, 1007, 1008, -1,
      988, 1008, 987, -1,
      987, 1008, 996, -1,
      987, 996, 985, -1,
      985, 996, 997, -1,
      985, 997, 986, -1,
      1009, 1010, 1011, -1,
      1011, 1010, 994, -1,
      994, 996, 1011, -1,
      1011, 996, 1008, -1,
      1011, 1008, 1012, -1,
      1012, 1008, 1007, -1,
      1012, 1007, 1013, -1,
      1013, 1007, 1006, -1,
      1013, 1006, 1014, -1,
      1014, 1006, 1005, -1,
      1014, 1005, 1015, -1,
      1015, 1005, 1004, -1,
      1015, 1004, 1016, -1,
      1016, 1004, 1003, -1,
      1016, 1003, 1017, -1,
      1017, 1003, 1002, -1,
      1017, 1002, 1018, -1,
      1019, 1020, 1009, -1,
      1001, 1021, 1002, -1,
      1002, 1021, 1022, -1,
      1002, 1022, 1018, -1,
      1018, 1022, 1023, -1,
      1018, 1023, 1024, -1,
      1009, 1011, 1019, -1,
      1019, 1011, 1012, -1,
      1019, 1012, 1025, -1,
      1025, 1012, 1013, -1,
      1025, 1013, 1026, -1,
      1026, 1013, 1014, -1,
      1026, 1014, 1027, -1,
      1027, 1014, 1015, -1,
      1027, 1015, 1028, -1,
      1028, 1015, 1016, -1,
      1028, 1016, 1029, -1,
      1029, 1016, 1017, -1,
      1029, 1017, 1030, -1,
      1030, 1017, 1018, -1,
      1030, 1018, 1031, -1,
      1031, 1018, 1024, -1,
      1031, 1024, 1032, -1,
      1033, 1034, 1035, -1,
      971, 970, 1036, -1,
      986, 997, 1037, -1,
      995, 994, 1038, -1,
      1039, 1040, 1041, -1,
      1042, 1043, 1039, -1,
      1039, 1041, 1042, -1,
      1042, 1041, 1044, -1,
      1042, 1044, 1045, -1,
      1045, 1044, 1046, -1,
      1045, 1046, 1047, -1,
      1047, 1046, 1048, -1,
      1047, 1048, 1049, -1,
      1049, 1048, 1050, -1,
      1049, 1050, 1051, -1,
      1051, 1050, 1052, -1,
      1051, 1052, 1053, -1,
      1053, 1052, 1054, -1,
      1053, 1054, 1055, -1,
      1055, 1054, 1056, -1,
      1055, 1056, 1057, -1,
      1057, 1056, 1058, -1,
      1057, 1058, 1059, -1,
      1059, 1058, 1060, -1,
      1059, 1060, 1061, -1,
      1061, 1060, 1062, -1,
      1061, 1062, 1063, -1,
      1063, 1062, 1064, -1,
      1063, 1064, 1065, -1,
      1065, 1064, 1066, -1,
      1065, 1066, 1067, -1,
      1067, 1066, 1068, -1,
      1067, 1068, 1069, -1,
      1020, 1069, 1009, -1,
      1009, 1069, 1068, -1,
      1009, 1068, 1010, -1,
      1010, 1068, 994, -1,
      995, 1038, 997, -1,
      986, 1037, 970, -1,
      962, 973, 1070, -1,
      1070, 973, 971, -1,
      935, 934, 1071, -1,
      1071, 934, 962, -1,
      1072, 937, 935, -1,
      937, 1072, 938, -1,
      938, 1072, 1073, -1,
      1073, 1072, 1074, -1,
      1073, 1074, 1075, -1,
      1076, 1077, 1078, -1,
      1078, 1077, 1079, -1,
      1078, 1079, 1080, -1,
      1080, 1079, 1081, -1,
      1080, 1081, 1074, -1,
      1074, 1081, 1082, -1,
      1074, 1082, 1075, -1,
      1083, 1084, 1085, -1,
      1085, 1084, 1086, -1,
      1085, 1086, 1076, -1,
      1076, 1086, 1087, -1,
      1076, 1087, 1077, -1,
      1083, 1085, 1088, -1,
      1088, 1085, 1089, -1,
      1088, 1089, 1090, -1,
      1090, 1089, 1091, -1,
      1090, 1091, 1092, -1,
      1092, 1091, 1093, -1,
      1092, 1093, 1094, -1,
      1095, 1096, 1097, -1,
      1097, 1096, 1098, -1,
      1097, 1098, 1099, -1,
      1099, 1098, 1100, -1,
      1099, 1100, 1101, -1,
      1101, 1100, 1102, -1,
      1101, 1102, 1093, -1,
      1093, 1102, 1103, -1,
      1093, 1103, 1094, -1,
      1095, 1097, 1104, -1,
      1104, 1097, 1105, -1,
      1104, 1105, 1106, -1,
      1106, 1105, 1107, -1,
      1106, 1107, 1108, -1,
      1108, 1107, 1035, -1,
      1108, 1035, 1109, -1,
      1109, 1035, 1110, -1,
      1110, 1035, 1034, -1,
      1110, 1034, 1111, -1,
      1112, 1113, 1114, -1,
      1114, 1113, 1115, -1,
      1116, 1117, 1118, -1,
      1118, 1117, 1119, -1,
      1118, 1119, 1120, -1,
      1121, 1122, 1123, -1,
      1123, 1122, 1124, -1,
      1123, 1124, 1125, -1,
      1126, 1127, 1128, -1,
      1128, 1127, 1129, -1,
      935, 1071, 1072, -1,
      1072, 1071, 1130, -1,
      1072, 1130, 1074, -1,
      1074, 1130, 1131, -1,
      1074, 1131, 1080, -1,
      1080, 1131, 1132, -1,
      1080, 1132, 1078, -1,
      1078, 1132, 1133, -1,
      1078, 1133, 1076, -1,
      1076, 1133, 1134, -1,
      1076, 1134, 1085, -1,
      1085, 1134, 1135, -1,
      1085, 1135, 1089, -1,
      1089, 1135, 1136, -1,
      1089, 1136, 1091, -1,
      1091, 1136, 1137, -1,
      1091, 1137, 1093, -1,
      1093, 1137, 1138, -1,
      1093, 1138, 1101, -1,
      1101, 1138, 1139, -1,
      1101, 1139, 1099, -1,
      1099, 1139, 1140, -1,
      1099, 1140, 1097, -1,
      1097, 1140, 1141, -1,
      1097, 1141, 1105, -1,
      1105, 1141, 1142, -1,
      1105, 1142, 1107, -1,
      1107, 1142, 1114, -1,
      1107, 1114, 1035, -1,
      1035, 1114, 1115, -1,
      1035, 1115, 1033, -1,
      962, 1070, 1071, -1,
      1071, 1070, 1143, -1,
      1071, 1143, 1130, -1,
      1130, 1143, 1144, -1,
      1130, 1144, 1131, -1,
      1131, 1144, 1145, -1,
      1131, 1145, 1132, -1,
      1132, 1145, 1146, -1,
      1132, 1146, 1133, -1,
      1133, 1146, 1147, -1,
      1133, 1147, 1134, -1,
      1134, 1147, 1148, -1,
      1134, 1148, 1135, -1,
      1135, 1148, 1149, -1,
      1135, 1149, 1136, -1,
      1136, 1149, 1150, -1,
      1136, 1150, 1137, -1,
      1137, 1150, 1151, -1,
      1137, 1151, 1138, -1,
      1138, 1151, 1152, -1,
      1138, 1152, 1139, -1,
      1139, 1152, 1153, -1,
      1139, 1153, 1140, -1,
      1140, 1153, 1154, -1,
      1140, 1154, 1141, -1,
      1141, 1154, 1155, -1,
      1141, 1155, 1142, -1,
      1142, 1155, 1156, -1,
      1142, 1156, 1114, -1,
      1114, 1156, 1157, -1,
      1114, 1157, 1112, -1,
      971, 1036, 1070, -1,
      1070, 1036, 1158, -1,
      1070, 1158, 1143, -1,
      1143, 1158, 1159, -1,
      1143, 1159, 1144, -1,
      1144, 1159, 1160, -1,
      1144, 1160, 1145, -1,
      1145, 1160, 1161, -1,
      1145, 1161, 1146, -1,
      1146, 1161, 1162, -1,
      1146, 1162, 1147, -1,
      1147, 1162, 1163, -1,
      1147, 1163, 1148, -1,
      1148, 1163, 1164, -1,
      1148, 1164, 1149, -1,
      1149, 1164, 1165, -1,
      1149, 1165, 1150, -1,
      1150, 1165, 1166, -1,
      1150, 1166, 1151, -1,
      1151, 1166, 1167, -1,
      1151, 1167, 1152, -1,
      1152, 1167, 1168, -1,
      1152, 1168, 1153, -1,
      1153, 1168, 1169, -1,
      1153, 1169, 1154, -1,
      1154, 1169, 1170, -1,
      1154, 1170, 1155, -1,
      1155, 1170, 1118, -1,
      1155, 1118, 1156, -1,
      1156, 1118, 1120, -1,
      1156, 1120, 1157, -1,
      970, 1037, 1036, -1,
      1036, 1037, 1171, -1,
      1036, 1171, 1158, -1,
      1158, 1171, 1172, -1,
      1158, 1172, 1159, -1,
      1159, 1172, 1173, -1,
      1159, 1173, 1160, -1,
      1160, 1173, 1174, -1,
      1160, 1174, 1161, -1,
      1161, 1174, 1175, -1,
      1161, 1175, 1162, -1,
      1162, 1175, 1176, -1,
      1162, 1176, 1163, -1,
      1163, 1176, 1177, -1,
      1163, 1177, 1164, -1,
      1164, 1177, 1178, -1,
      1164, 1178, 1165, -1,
      1165, 1178, 1179, -1,
      1165, 1179, 1166, -1,
      1166, 1179, 1180, -1,
      1166, 1180, 1167, -1,
      1167, 1180, 1181, -1,
      1167, 1181, 1168, -1,
      1168, 1181, 1182, -1,
      1168, 1182, 1169, -1,
      1169, 1182, 1124, -1,
      1169, 1124, 1170, -1,
      1170, 1124, 1122, -1,
      1170, 1122, 1118, -1,
      1118, 1122, 1121, -1,
      1118, 1121, 1116, -1,
      997, 1038, 1037, -1,
      1037, 1038, 1183, -1,
      1037, 1183, 1171, -1,
      1171, 1183, 1184, -1,
      1171, 1184, 1172, -1,
      1172, 1184, 1185, -1,
      1172, 1185, 1173, -1,
      1173, 1185, 1186, -1,
      1173, 1186, 1174, -1,
      1174, 1186, 1187, -1,
      1174, 1187, 1175, -1,
      1175, 1187, 1188, -1,
      1175, 1188, 1176, -1,
      1176, 1188, 1189, -1,
      1176, 1189, 1177, -1,
      1177, 1189, 1190, -1,
      1177, 1190, 1178, -1,
      1178, 1190, 1191, -1,
      1178, 1191, 1179, -1,
      1179, 1191, 1192, -1,
      1179, 1192, 1180, -1,
      1180, 1192, 1193, -1,
      1180, 1193, 1181, -1,
      1181, 1193, 1194, -1,
      1181, 1194, 1182, -1,
      1182, 1194, 1127, -1,
      1182, 1127, 1124, -1,
      1124, 1127, 1126, -1,
      1124, 1126, 1125, -1,
      994, 1068, 1038, -1,
      1038, 1068, 1066, -1,
      1038, 1066, 1183, -1,
      1183, 1066, 1064, -1,
      1183, 1064, 1184, -1,
      1184, 1064, 1062, -1,
      1184, 1062, 1185, -1,
      1185, 1062, 1060, -1,
      1185, 1060, 1186, -1,
      1186, 1060, 1058, -1,
      1186, 1058, 1187, -1,
      1187, 1058, 1056, -1,
      1187, 1056, 1188, -1,
      1188, 1056, 1054, -1,
      1188, 1054, 1189, -1,
      1189, 1054, 1052, -1,
      1189, 1052, 1190, -1,
      1190, 1052, 1050, -1,
      1190, 1050, 1191, -1,
      1191, 1050, 1048, -1,
      1191, 1048, 1192, -1,
      1192, 1048, 1046, -1,
      1192, 1046, 1193, -1,
      1193, 1046, 1044, -1,
      1193, 1044, 1194, -1,
      1194, 1044, 1041, -1,
      1194, 1041, 1127, -1,
      1127, 1041, 1040, -1,
      1127, 1040, 1129, -1,
      1195, 1196, 1197, -1,
      1198, 1199, 1200, -1,
      1201, 1202, 1203, -1,
      1201, 1203, 1204, -1,
      1204, 1203, 1205, -1,
      1204, 1205, 1206, -1,
      1207, 1208, 1209, -1,
      1209, 1208, 1210, -1,
      1209, 1210, 1211, -1,
      1211, 1210, 1212, -1,
      1211, 1212, 1205, -1,
      1205, 1212, 1213, -1,
      1205, 1213, 1206, -1,
      1214, 1215, 1216, -1,
      1216, 1215, 1217, -1,
      1216, 1217, 1207, -1,
      1207, 1217, 1218, -1,
      1207, 1218, 1208, -1,
      1214, 1216, 1219, -1,
      1219, 1216, 1220, -1,
      1219, 1220, 1221, -1,
      1221, 1220, 1222, -1,
      1221, 1222, 1223, -1,
      1223, 1222, 1224, -1,
      1223, 1224, 1225, -1,
      1226, 1227, 1228, -1,
      1228, 1227, 1229, -1,
      1228, 1229, 1230, -1,
      1230, 1229, 1231, -1,
      1230, 1231, 1232, -1,
      1232, 1231, 1233, -1,
      1232, 1233, 1224, -1,
      1224, 1233, 1234, -1,
      1224, 1234, 1225, -1,
      1226, 1228, 1235, -1,
      1235, 1228, 1236, -1,
      1235, 1236, 1237, -1,
      1237, 1236, 1238, -1,
      1237, 1238, 1239, -1,
      1239, 1238, 1200, -1,
      1239, 1200, 1240, -1,
      1240, 1200, 1241, -1,
      1241, 1200, 1199, -1,
      1241, 1199, 1242, -1,
      1243, 1244, 1245, -1,
      1245, 1244, 1246, -1,
      1247, 1248, 1249, -1,
      1249, 1248, 1250, -1,
      1249, 1250, 1251, -1,
      1252, 1253, 1254, -1,
      1254, 1253, 1255, -1,
      1254, 1255, 1256, -1,
      1257, 1258, 1259, -1,
      1259, 1258, 1260, -1,
      1261, 1262, 1195, -1,
      1195, 1197, 1261, -1,
      1261, 1197, 1263, -1,
      1261, 1263, 1264, -1,
      1264, 1263, 1265, -1,
      1264, 1265, 1266, -1,
      1266, 1265, 1267, -1,
      1266, 1267, 1268, -1,
      1268, 1267, 1269, -1,
      1268, 1269, 1270, -1,
      1270, 1269, 1271, -1,
      1270, 1271, 1272, -1,
      1272, 1271, 1273, -1,
      1272, 1273, 1274, -1,
      1274, 1273, 1275, -1,
      1274, 1275, 1276, -1,
      1276, 1275, 1277, -1,
      1276, 1277, 1278, -1,
      1278, 1277, 1279, -1,
      1278, 1279, 1280, -1,
      1280, 1279, 1281, -1,
      1280, 1281, 1282, -1,
      1282, 1281, 1283, -1,
      1282, 1283, 1284, -1,
      1284, 1283, 1285, -1,
      1284, 1285, 1286, -1,
      1286, 1285, 1287, -1,
      1286, 1287, 1288, -1,
      1289, 1288, 1290, -1,
      1290, 1288, 1287, -1,
      1290, 1287, 1291, -1,
      1292, 1291, 1293, -1,
      1294, 1292, 1295, -1,
      1296, 1294, 1297, -1,
      1298, 1296, 1299, -1,
      1202, 1298, 1300, -1,
      1202, 1300, 1203, -1,
      1203, 1300, 1301, -1,
      1203, 1301, 1205, -1,
      1205, 1301, 1302, -1,
      1205, 1302, 1211, -1,
      1211, 1302, 1303, -1,
      1211, 1303, 1209, -1,
      1209, 1303, 1304, -1,
      1209, 1304, 1207, -1,
      1207, 1304, 1305, -1,
      1207, 1305, 1216, -1,
      1216, 1305, 1306, -1,
      1216, 1306, 1220, -1,
      1220, 1306, 1307, -1,
      1220, 1307, 1222, -1,
      1222, 1307, 1308, -1,
      1222, 1308, 1224, -1,
      1224, 1308, 1309, -1,
      1224, 1309, 1232, -1,
      1232, 1309, 1310, -1,
      1232, 1310, 1230, -1,
      1230, 1310, 1311, -1,
      1230, 1311, 1228, -1,
      1228, 1311, 1312, -1,
      1228, 1312, 1236, -1,
      1236, 1312, 1313, -1,
      1236, 1313, 1238, -1,
      1238, 1313, 1245, -1,
      1238, 1245, 1200, -1,
      1200, 1245, 1246, -1,
      1200, 1246, 1198, -1,
      1298, 1299, 1300, -1,
      1300, 1299, 1314, -1,
      1300, 1314, 1301, -1,
      1301, 1314, 1315, -1,
      1301, 1315, 1302, -1,
      1302, 1315, 1316, -1,
      1302, 1316, 1303, -1,
      1303, 1316, 1317, -1,
      1303, 1317, 1304, -1,
      1304, 1317, 1318, -1,
      1304, 1318, 1305, -1,
      1305, 1318, 1319, -1,
      1305, 1319, 1306, -1,
      1306, 1319, 1320, -1,
      1306, 1320, 1307, -1,
      1307, 1320, 1321, -1,
      1307, 1321, 1308, -1,
      1308, 1321, 1322, -1,
      1308, 1322, 1309, -1,
      1309, 1322, 1323, -1,
      1309, 1323, 1310, -1,
      1310, 1323, 1324, -1,
      1310, 1324, 1311, -1,
      1311, 1324, 1325, -1,
      1311, 1325, 1312, -1,
      1312, 1325, 1326, -1,
      1312, 1326, 1313, -1,
      1313, 1326, 1327, -1,
      1313, 1327, 1245, -1,
      1245, 1327, 1328, -1,
      1245, 1328, 1243, -1,
      1296, 1297, 1299, -1,
      1299, 1297, 1329, -1,
      1299, 1329, 1314, -1,
      1314, 1329, 1330, -1,
      1314, 1330, 1315, -1,
      1315, 1330, 1331, -1,
      1315, 1331, 1316, -1,
      1316, 1331, 1332, -1,
      1316, 1332, 1317, -1,
      1317, 1332, 1333, -1,
      1317, 1333, 1318, -1,
      1318, 1333, 1334, -1,
      1318, 1334, 1319, -1,
      1319, 1334, 1335, -1,
      1319, 1335, 1320, -1,
      1320, 1335, 1336, -1,
      1320, 1336, 1321, -1,
      1321, 1336, 1337, -1,
      1321, 1337, 1322, -1,
      1322, 1337, 1338, -1,
      1322, 1338, 1323, -1,
      1323, 1338, 1339, -1,
      1323, 1339, 1324, -1,
      1324, 1339, 1340, -1,
      1324, 1340, 1325, -1,
      1325, 1340, 1341, -1,
      1325, 1341, 1326, -1,
      1326, 1341, 1249, -1,
      1326, 1249, 1327, -1,
      1327, 1249, 1251, -1,
      1327, 1251, 1328, -1,
      1294, 1295, 1297, -1,
      1297, 1295, 1342, -1,
      1297, 1342, 1329, -1,
      1329, 1342, 1343, -1,
      1329, 1343, 1330, -1,
      1330, 1343, 1344, -1,
      1330, 1344, 1331, -1,
      1331, 1344, 1345, -1,
      1331, 1345, 1332, -1,
      1332, 1345, 1346, -1,
      1332, 1346, 1333, -1,
      1333, 1346, 1347, -1,
      1333, 1347, 1334, -1,
      1334, 1347, 1348, -1,
      1334, 1348, 1335, -1,
      1335, 1348, 1349, -1,
      1335, 1349, 1336, -1,
      1336, 1349, 1350, -1,
      1336, 1350, 1337, -1,
      1337, 1350, 1351, -1,
      1337, 1351, 1338, -1,
      1338, 1351, 1352, -1,
      1338, 1352, 1339, -1,
      1339, 1352, 1353, -1,
      1339, 1353, 1340, -1,
      1340, 1353, 1255, -1,
      1340, 1255, 1341, -1,
      1341, 1255, 1253, -1,
      1341, 1253, 1249, -1,
      1249, 1253, 1252, -1,
      1249, 1252, 1247, -1,
      1292, 1293, 1295, -1,
      1295, 1293, 1354, -1,
      1295, 1354, 1342, -1,
      1342, 1354, 1355, -1,
      1342, 1355, 1343, -1,
      1343, 1355, 1356, -1,
      1343, 1356, 1344, -1,
      1344, 1356, 1357, -1,
      1344, 1357, 1345, -1,
      1345, 1357, 1358, -1,
      1345, 1358, 1346, -1,
      1346, 1358, 1359, -1,
      1346, 1359, 1347, -1,
      1347, 1359, 1360, -1,
      1347, 1360, 1348, -1,
      1348, 1360, 1361, -1,
      1348, 1361, 1349, -1,
      1349, 1361, 1362, -1,
      1349, 1362, 1350, -1,
      1350, 1362, 1363, -1,
      1350, 1363, 1351, -1,
      1351, 1363, 1364, -1,
      1351, 1364, 1352, -1,
      1352, 1364, 1365, -1,
      1352, 1365, 1353, -1,
      1353, 1365, 1258, -1,
      1353, 1258, 1255, -1,
      1255, 1258, 1257, -1,
      1255, 1257, 1256, -1,
      1291, 1287, 1293, -1,
      1293, 1287, 1285, -1,
      1293, 1285, 1354, -1,
      1354, 1285, 1283, -1,
      1354, 1283, 1355, -1,
      1355, 1283, 1281, -1,
      1355, 1281, 1356, -1,
      1356, 1281, 1279, -1,
      1356, 1279, 1357, -1,
      1357, 1279, 1277, -1,
      1357, 1277, 1358, -1,
      1358, 1277, 1275, -1,
      1358, 1275, 1359, -1,
      1359, 1275, 1273, -1,
      1359, 1273, 1360, -1,
      1360, 1273, 1271, -1,
      1360, 1271, 1361, -1,
      1361, 1271, 1269, -1,
      1361, 1269, 1362, -1,
      1362, 1269, 1267, -1,
      1362, 1267, 1363, -1,
      1363, 1267, 1265, -1,
      1363, 1265, 1364, -1,
      1364, 1265, 1263, -1,
      1364, 1263, 1365, -1,
      1365, 1263, 1197, -1,
      1365, 1197, 1258, -1,
      1258, 1197, 1196, -1,
      1258, 1196, 1260, -1,
      1366, 1367, 1368, -1,
      1289, 1290, 1369, -1,
      1370, 1371, 1372, -1,
      1372, 1371, 1373, -1,
      1372, 1373, 1374, -1,
      1374, 1373, 1375, -1,
      1375, 1373, 1376, -1,
      1376, 1373, 1377, -1,
      1376, 1377, 1378, -1,
      1378, 1377, 1379, -1,
      1378, 1379, 1380, -1,
      1380, 1379, 1381, -1,
      1380, 1381, 1382, -1,
      1383, 1384, 1385, -1,
      1385, 1384, 1386, -1,
      1385, 1386, 1387, -1,
      1387, 1386, 1388, -1,
      1387, 1388, 1381, -1,
      1381, 1388, 1389, -1,
      1381, 1389, 1382, -1,
      1390, 1391, 1383, -1,
      1383, 1391, 1392, -1,
      1383, 1392, 1384, -1,
      1393, 1394, 1390, -1,
      1390, 1394, 1395, -1,
      1390, 1395, 1391, -1,
      1396, 1397, 1398, -1,
      1398, 1397, 1399, -1,
      1398, 1399, 1400, -1,
      1400, 1399, 1401, -1,
      1400, 1401, 1393, -1,
      1393, 1401, 1402, -1,
      1393, 1402, 1394, -1,
      1396, 1398, 1403, -1,
      1403, 1398, 1404, -1,
      1403, 1404, 1405, -1,
      1405, 1404, 1406, -1,
      1405, 1406, 1407, -1,
      1407, 1406, 1408, -1,
      1407, 1408, 1409, -1,
      1409, 1408, 1202, -1,
      1409, 1202, 1201, -1,
      1289, 1369, 1410, -1,
      1410, 1369, 1411, -1,
      1410, 1411, 1412, -1,
      1412, 1411, 1413, -1,
      1412, 1413, 1414, -1,
      1414, 1413, 1415, -1,
      1414, 1415, 1416, -1,
      1416, 1415, 1417, -1,
      1416, 1417, 1418, -1,
      1418, 1417, 1419, -1,
      1418, 1419, 1420, -1,
      1420, 1419, 1421, -1,
      1420, 1421, 1422, -1,
      1422, 1421, 1423, -1,
      1422, 1423, 1424, -1,
      1424, 1423, 1425, -1,
      1424, 1425, 1426, -1,
      1426, 1425, 1427, -1,
      1426, 1427, 1428, -1,
      1428, 1427, 1429, -1,
      1428, 1429, 1430, -1,
      1430, 1429, 1431, -1,
      1430, 1431, 1432, -1,
      1432, 1431, 1433, -1,
      1432, 1433, 1434, -1,
      1434, 1433, 1368, -1,
      1434, 1368, 1435, -1,
      1435, 1368, 1367, -1,
      1435, 1367, 1436, -1,
      1437, 1438, 1439, -1,
      1439, 1438, 1440, -1,
      1439, 1440, 1366, -1,
      1437, 1441, 1442, -1,
      1442, 1441, 1443, -1,
      1442, 1443, 1444, -1,
      1444, 1443, 1445, -1,
      1446, 1447, 1448, -1,
      1448, 1447, 1445, -1,
      1449, 1450, 1451, -1,
      1451, 1450, 1446, -1,
      1452, 1453, 1454, -1,
      1454, 1453, 1455, -1,
      1454, 1455, 1449, -1,
      1452, 1371, 1456, -1,
      1456, 1371, 1370, -1,
      1456, 1370, 1457, -1,
      1452, 1454, 1371, -1,
      1371, 1454, 1458, -1,
      1371, 1458, 1373, -1,
      1373, 1458, 1459, -1,
      1373, 1459, 1377, -1,
      1377, 1459, 1460, -1,
      1377, 1460, 1379, -1,
      1379, 1460, 1461, -1,
      1379, 1461, 1381, -1,
      1381, 1461, 1462, -1,
      1381, 1462, 1387, -1,
      1387, 1462, 1463, -1,
      1387, 1463, 1385, -1,
      1385, 1463, 1464, -1,
      1385, 1464, 1383, -1,
      1383, 1464, 1465, -1,
      1383, 1465, 1390, -1,
      1390, 1465, 1466, -1,
      1390, 1466, 1393, -1,
      1393, 1466, 1467, -1,
      1393, 1467, 1400, -1,
      1400, 1467, 1468, -1,
      1400, 1468, 1398, -1,
      1398, 1468, 1469, -1,
      1398, 1469, 1404, -1,
      1404, 1469, 1470, -1,
      1404, 1470, 1406, -1,
      1406, 1470, 1471, -1,
      1406, 1471, 1408, -1,
      1408, 1471, 1298, -1,
      1408, 1298, 1202, -1,
      1449, 1451, 1454, -1,
      1454, 1451, 1472, -1,
      1454, 1472, 1458, -1,
      1458, 1472, 1473, -1,
      1458, 1473, 1459, -1,
      1459, 1473, 1474, -1,
      1459, 1474, 1460, -1,
      1460, 1474, 1475, -1,
      1460, 1475, 1461, -1,
      1461, 1475, 1476, -1,
      1461, 1476, 1462, -1,
      1462, 1476, 1477, -1,
      1462, 1477, 1463, -1,
      1463, 1477, 1478, -1,
      1463, 1478, 1464, -1,
      1464, 1478, 1479, -1,
      1464, 1479, 1465, -1,
      1465, 1479, 1480, -1,
      1465, 1480, 1466, -1,
      1466, 1480, 1481, -1,
      1466, 1481, 1467, -1,
      1467, 1481, 1482, -1,
      1467, 1482, 1468, -1,
      1468, 1482, 1483, -1,
      1468, 1483, 1469, -1,
      1469, 1483, 1484, -1,
      1469, 1484, 1470, -1,
      1470, 1484, 1485, -1,
      1470, 1485, 1471, -1,
      1471, 1485, 1296, -1,
      1471, 1296, 1298, -1,
      1446, 1448, 1451, -1,
      1451, 1448, 1486, -1,
      1451, 1486, 1472, -1,
      1472, 1486, 1487, -1,
      1472, 1487, 1473, -1,
      1473, 1487, 1488, -1,
      1473, 1488, 1474, -1,
      1474, 1488, 1489, -1,
      1474, 1489, 1475, -1,
      1475, 1489, 1490, -1,
      1475, 1490, 1476, -1,
      1476, 1490, 1491, -1,
      1476, 1491, 1477, -1,
      1477, 1491, 1492, -1,
      1477, 1492, 1478, -1,
      1478, 1492, 1493, -1,
      1478, 1493, 1479, -1,
      1479, 1493, 1494, -1,
      1479, 1494, 1480, -1,
      1480, 1494, 1495, -1,
      1480, 1495, 1481, -1,
      1481, 1495, 1496, -1,
      1481, 1496, 1482, -1,
      1482, 1496, 1497, -1,
      1482, 1497, 1483, -1,
      1483, 1497, 1498, -1,
      1483, 1498, 1484, -1,
      1484, 1498, 1499, -1,
      1484, 1499, 1485, -1,
      1485, 1499, 1294, -1,
      1485, 1294, 1296, -1,
      1445, 1443, 1448, -1,
      1448, 1443, 1441, -1,
      1448, 1441, 1486, -1,
      1486, 1441, 1500, -1,
      1486, 1500, 1487, -1,
      1487, 1500, 1501, -1,
      1487, 1501, 1488, -1,
      1488, 1501, 1502, -1,
      1488, 1502, 1489, -1,
      1489, 1502, 1503, -1,
      1489, 1503, 1490, -1,
      1490, 1503, 1504, -1,
      1490, 1504, 1491, -1,
      1491, 1504, 1505, -1,
      1491, 1505, 1492, -1,
      1492, 1505, 1506, -1,
      1492, 1506, 1493, -1,
      1493, 1506, 1507, -1,
      1493, 1507, 1494, -1,
      1494, 1507, 1508, -1,
      1494, 1508, 1495, -1,
      1495, 1508, 1509, -1,
      1495, 1509, 1496, -1,
      1496, 1509, 1510, -1,
      1496, 1510, 1497, -1,
      1497, 1510, 1511, -1,
      1497, 1511, 1498, -1,
      1498, 1511, 1512, -1,
      1498, 1512, 1499, -1,
      1499, 1512, 1292, -1,
      1499, 1292, 1294, -1,
      1437, 1439, 1441, -1,
      1441, 1439, 1513, -1,
      1441, 1513, 1500, -1,
      1500, 1513, 1514, -1,
      1500, 1514, 1501, -1,
      1501, 1514, 1515, -1,
      1501, 1515, 1502, -1,
      1502, 1515, 1516, -1,
      1502, 1516, 1503, -1,
      1503, 1516, 1517, -1,
      1503, 1517, 1504, -1,
      1504, 1517, 1518, -1,
      1504, 1518, 1505, -1,
      1505, 1518, 1519, -1,
      1505, 1519, 1506, -1,
      1506, 1519, 1520, -1,
      1506, 1520, 1507, -1,
      1507, 1520, 1521, -1,
      1507, 1521, 1508, -1,
      1508, 1521, 1522, -1,
      1508, 1522, 1509, -1,
      1509, 1522, 1523, -1,
      1509, 1523, 1510, -1,
      1510, 1523, 1524, -1,
      1510, 1524, 1511, -1,
      1511, 1524, 1525, -1,
      1511, 1525, 1512, -1,
      1512, 1525, 1291, -1,
      1512, 1291, 1292, -1,
      1366, 1368, 1439, -1,
      1439, 1368, 1433, -1,
      1439, 1433, 1513, -1,
      1513, 1433, 1431, -1,
      1513, 1431, 1514, -1,
      1514, 1431, 1429, -1,
      1514, 1429, 1515, -1,
      1515, 1429, 1427, -1,
      1515, 1427, 1516, -1,
      1516, 1427, 1425, -1,
      1516, 1425, 1517, -1,
      1517, 1425, 1423, -1,
      1517, 1423, 1518, -1,
      1518, 1423, 1421, -1,
      1518, 1421, 1519, -1,
      1519, 1421, 1419, -1,
      1519, 1419, 1520, -1,
      1520, 1419, 1417, -1,
      1520, 1417, 1521, -1,
      1521, 1417, 1415, -1,
      1521, 1415, 1522, -1,
      1522, 1415, 1413, -1,
      1522, 1413, 1523, -1,
      1523, 1413, 1411, -1,
      1523, 1411, 1524, -1,
      1524, 1411, 1369, -1,
      1524, 1369, 1525, -1,
      1525, 1369, 1290, -1,
      1525, 1290, 1291, -1,
      1526, 1527, 1528, -1,
      1526, 1528, 1529, -1,
      1529, 1528, 1530, -1,
      1529, 1530, 1531, -1,
      1531, 1530, 1532, -1,
      1531, 1532, 1533, -1,
      1533, 1532, 1534, -1,
      1533, 1534, 1535, -1,
      1535, 1534, 1536, -1,
      1535, 1536, 1537, -1,
      1537, 1536, 1538, -1,
      1537, 1538, 1539, -1,
      1539, 1538, 1540, -1,
      1539, 1540, 1541, -1,
      1541, 1540, 1542, -1,
      1541, 1542, 1543, -1,
      1543, 1542, 1544, -1,
      1543, 1544, 1545, -1,
      1545, 1544, 1546, -1,
      1545, 1546, 1547, -1,
      1547, 1546, 1548, -1,
      1547, 1548, 1549, -1,
      1549, 1548, 1550, -1,
      1549, 1550, 1551, -1,
      1551, 1550, 1552, -1,
      1551, 1552, 1553, -1,
      1553, 1552, 1554, -1,
      1553, 1554, 1555, -1,
      1555, 1554, 1556, -1,
      1555, 1556, 1557, -1,
      1557, 1556, 1558, -1,
      1557, 1558, 1559, -1,
      1559, 1558, 1560, -1,
      1559, 1560, 1561, -1,
      1561, 1560, 1562, -1,
      1561, 1562, 1563, -1,
      1563, 1562, 1564, -1,
      1563, 1564, 1565, -1,
      1565, 1564, 1566, -1,
      1565, 1566, 1567, -1,
      1567, 1566, 1568, -1,
      1567, 1568, 1569, -1,
      1570, 1571, 1572, -1,
      1570, 1572, 1573, -1,
      1573, 1572, 1574, -1,
      1573, 1574, 1575, -1,
      1575, 1574, 1576, -1,
      1575, 1576, 1577, -1,
      1119, 1117, 1576, -1,
      1111, 1034, 1157, -1,
      1578, 1579, 1577, -1,
      1577, 1579, 1580, -1,
      1111, 1157, 1576, -1,
      1576, 1157, 1120, -1,
      1576, 1120, 1119, -1,
      1581, 1582, 1577, -1,
      1577, 1582, 1583, -1,
      1577, 1583, 1578, -1,
      1112, 1157, 1113, -1,
      1113, 1157, 1034, -1,
      1113, 1034, 1115, -1,
      1115, 1034, 1033, -1,
      1117, 1116, 1576, -1,
      1576, 1116, 1121, -1,
      1576, 1121, 1123, -1,
      1580, 1584, 1577, -1,
      1577, 1584, 1585, -1,
      1577, 1585, 1586, -1,
      1587, 1588, 1589, -1,
      1589, 1588, 1590, -1,
      1586, 1591, 1577, -1,
      1577, 1591, 1590, -1,
      1577, 1590, 1592, -1,
      1592, 1590, 1588, -1,
      1123, 1125, 1576, -1,
      1576, 1125, 1126, -1,
      1576, 1126, 1128, -1,
      1128, 1129, 1576, -1,
      1576, 1129, 1040, -1,
      1576, 1040, 1039, -1,
      1039, 1043, 1576, -1,
      1576, 1043, 1593, -1,
      1576, 1593, 1577, -1,
      1577, 1593, 1594, -1,
      1577, 1594, 1581, -1,
      1529, 1563, 1565, -1,
      1595, 1526, 1569, -1,
      1569, 1526, 1529, -1,
      1569, 1529, 1567, -1,
      1567, 1529, 1565, -1,
      1533, 1535, 1561, -1,
      1535, 1537, 1561, -1,
      1561, 1537, 1539, -1,
      1561, 1539, 1541, -1,
      1541, 1543, 1561, -1,
      1561, 1543, 1545, -1,
      1561, 1545, 1547, -1,
      1596, 1597, 1598, -1,
      1598, 1597, 1599, -1,
      1598, 1599, 1600, -1,
      1596, 1601, 1597, -1,
      1597, 1601, 1602, -1,
      1597, 1602, 1603, -1,
      1569, 1604, 1595, -1,
      1595, 1604, 1597, -1,
      1595, 1597, 1605, -1,
      1605, 1597, 1603, -1,
      1563, 1529, 1561, -1,
      1561, 1529, 1531, -1,
      1561, 1531, 1533, -1,
      1553, 1555, 1561, -1,
      1561, 1555, 1557, -1,
      1561, 1557, 1559, -1,
      1547, 1549, 1561, -1,
      1561, 1549, 1551, -1,
      1561, 1551, 1553, -1,
      1606, 1607, 1608, -1,
      1608, 1607, 1609, -1,
      1606, 1610, 1607, -1,
      1607, 1610, 1611, -1,
      1607, 1611, 1612, -1,
      1600, 1613, 1598, -1,
      1598, 1613, 1607, -1,
      1598, 1607, 1614, -1,
      1614, 1607, 1612, -1,
      1069, 1020, 1043, -1,
      1043, 1032, 1615, -1,
      1615, 1616, 1043, -1,
      1043, 1616, 1617, -1,
      1043, 1617, 1618, -1,
      1059, 1061, 1045, -1,
      1045, 1061, 1063, -1,
      1045, 1063, 1065, -1,
      1618, 1619, 1043, -1,
      1043, 1619, 1620, -1,
      1043, 1620, 1593, -1,
      1045, 1047, 1059, -1,
      1059, 1047, 1049, -1,
      1059, 1049, 1051, -1,
      1051, 1053, 1059, -1,
      1059, 1053, 1055, -1,
      1059, 1055, 1057, -1,
      1043, 1042, 1069, -1,
      1069, 1042, 1045, -1,
      1069, 1045, 1067, -1,
      1067, 1045, 1065, -1,
      1020, 1019, 1043, -1,
      1043, 1019, 1025, -1,
      1043, 1025, 1026, -1,
      1026, 1027, 1043, -1,
      1043, 1027, 1028, -1,
      1043, 1028, 1029, -1,
      1029, 1030, 1043, -1,
      1043, 1030, 1031, -1,
      1043, 1031, 1032, -1,
      1261, 1288, 1262, -1,
      1262, 1288, 1289, -1,
      1262, 1289, 1410, -1,
      1274, 1276, 1288, -1,
      1261, 1264, 1288, -1,
      1288, 1264, 1266, -1,
      1288, 1266, 1268, -1,
      1428, 1430, 1262, -1,
      1262, 1430, 1432, -1,
      1286, 1288, 1284, -1,
      1284, 1288, 1282, -1,
      1410, 1412, 1262, -1,
      1262, 1412, 1414, -1,
      1262, 1414, 1416, -1,
      1416, 1418, 1262, -1,
      1262, 1418, 1420, -1,
      1262, 1420, 1422, -1,
      1422, 1424, 1262, -1,
      1262, 1424, 1426, -1,
      1262, 1426, 1428, -1,
      1432, 1434, 1262, -1,
      1262, 1434, 1435, -1,
      1262, 1435, 1436, -1,
      1268, 1270, 1288, -1,
      1288, 1270, 1272, -1,
      1288, 1272, 1274, -1,
      1276, 1278, 1288, -1,
      1288, 1278, 1280, -1,
      1288, 1280, 1282, -1,
      1556, 1621, 1558, -1,
      1558, 1621, 1622, -1,
      1558, 1622, 1560, -1,
      1560, 1622, 1623, -1,
      1560, 1623, 1562, -1,
      1562, 1623, 1624, -1,
      1562, 1624, 1564, -1,
      1564, 1624, 1625, -1,
      1564, 1625, 1566, -1,
      1566, 1625, 1626, -1,
      1566, 1626, 1568, -1,
      1568, 1626, 1627, -1,
      1568, 1627, 1628, -1,
      1628, 1627, 1629, -1,
      1628, 1629, 1630, -1,
      1630, 1629, 1631, -1,
      1630, 1631, 1632, -1,
      1632, 1631, 1633, -1,
      1632, 1633, 1634, -1,
      1634, 1633, 1635, -1,
      1634, 1635, 1636, -1,
      1637, 1638, 1639, -1,
      1639, 1638, 1640, -1,
      1639, 1640, 1641, -1,
      1641, 1640, 1642, -1,
      1641, 1642, 1643, -1,
      1643, 1642, 1644, -1,
      1643, 1644, 1645, -1,
      1645, 1644, 1646, -1,
      1645, 1646, 1647, -1,
      1647, 1646, 1648, -1,
      1647, 1648, 1527, -1,
      1527, 1648, 1649, -1,
      1527, 1649, 1528, -1,
      1528, 1649, 1650, -1,
      1528, 1650, 1530, -1,
      1530, 1650, 1651, -1,
      1530, 1651, 1532, -1,
      1532, 1651, 1652, -1,
      1532, 1652, 1534, -1,
      1534, 1652, 1653, -1,
      1534, 1653, 1536, -1,
      1635, 1654, 1636, -1,
      1636, 1654, 1655, -1,
      1636, 1655, 1656, -1,
      1656, 1655, 1657, -1,
      1656, 1657, 1658, -1,
      1658, 1657, 1659, -1,
      1658, 1659, 1660, -1,
      1660, 1659, 1661, -1,
      1660, 1661, 1662, -1,
      1662, 1661, 1663, -1,
      1662, 1663, 1664, -1,
      1664, 1663, 1665, -1,
      1664, 1665, 1666, -1,
      1666, 1665, 1667, -1,
      1666, 1667, 1668, -1,
      1668, 1667, 1669, -1,
      1668, 1669, 1670, -1,
      1670, 1669, 1671, -1,
      1670, 1671, 1672, -1,
      1672, 1671, 1673, -1,
      1672, 1673, 1637, -1,
      1637, 1673, 1674, -1,
      1637, 1674, 1638, -1,
      1653, 1675, 1536, -1,
      1536, 1675, 1676, -1,
      1536, 1676, 1538, -1,
      1538, 1676, 1677, -1,
      1538, 1677, 1540, -1,
      1540, 1677, 1678, -1,
      1540, 1678, 1542, -1,
      1542, 1678, 1679, -1,
      1542, 1679, 1544, -1,
      1544, 1679, 1680, -1,
      1544, 1680, 1546, -1,
      1546, 1680, 1681, -1,
      1546, 1681, 1548, -1,
      1548, 1681, 1682, -1,
      1548, 1682, 1550, -1,
      1550, 1682, 1683, -1,
      1550, 1683, 1552, -1,
      1552, 1683, 1684, -1,
      1552, 1684, 1554, -1,
      1554, 1684, 1685, -1,
      1554, 1685, 1556, -1,
      1556, 1685, 1686, -1,
      1556, 1686, 1621, -1,
      1457, 1370, 1571, -1,
      1571, 1370, 1683, -1,
      1571, 1683, 1572, -1,
      1572, 1683, 1682, -1,
      1572, 1682, 1681, -1,
      1680, 1576, 1681, -1,
      1681, 1576, 1574, -1,
      1681, 1574, 1572, -1,
      938, 1073, 1649, -1,
      1649, 1073, 1075, -1,
      1649, 1075, 1650, -1,
      1079, 1651, 1081, -1,
      1081, 1651, 1650, -1,
      1081, 1650, 1082, -1,
      1082, 1650, 1075, -1,
      1079, 1077, 1651, -1,
      1651, 1077, 1087, -1,
      1651, 1087, 1652, -1,
      1087, 1086, 1652, -1,
      1652, 1086, 1084, -1,
      1652, 1084, 1653, -1,
      1090, 1675, 1088, -1,
      1088, 1675, 1653, -1,
      1088, 1653, 1083, -1,
      1083, 1653, 1084, -1,
      1090, 1092, 1675, -1,
      1675, 1092, 1094, -1,
      1675, 1094, 1676, -1,
      1100, 1677, 1102, -1,
      1102, 1677, 1676, -1,
      1102, 1676, 1103, -1,
      1103, 1676, 1094, -1,
      1100, 1098, 1677, -1,
      1677, 1098, 1096, -1,
      1677, 1096, 1678, -1,
      1106, 1679, 1104, -1,
      1104, 1679, 1678, -1,
      1104, 1678, 1095, -1,
      1095, 1678, 1096, -1,
      1111, 1576, 1110, -1,
      1110, 1576, 1680, -1,
      1110, 1680, 1109, -1,
      1109, 1680, 1679, -1,
      1109, 1679, 1108, -1,
      1108, 1679, 1106, -1,
      1370, 1372, 1683, -1,
      1683, 1372, 1374, -1,
      1683, 1374, 1684, -1,
      1378, 1685, 1376, -1,
      1376, 1685, 1684, -1,
      1376, 1684, 1375, -1,
      1375, 1684, 1374, -1,
      1378, 1380, 1685, -1,
      1685, 1380, 1382, -1,
      1685, 1382, 1686, -1,
      1386, 1621, 1388, -1,
      1388, 1621, 1686, -1,
      1388, 1686, 1389, -1,
      1389, 1686, 1382, -1,
      1386, 1384, 1621, -1,
      1621, 1384, 1392, -1,
      1621, 1392, 1622, -1,
      1392, 1391, 1622, -1,
      1622, 1391, 1395, -1,
      1622, 1395, 1623, -1,
      1395, 1394, 1623, -1,
      1623, 1394, 1402, -1,
      1623, 1402, 1624, -1,
      1624, 1402, 1401, -1,
      1624, 1401, 1625, -1,
      1625, 1401, 1399, -1,
      1625, 1399, 1397, -1,
      1405, 1626, 1403, -1,
      1403, 1626, 1625, -1,
      1403, 1625, 1396, -1,
      1396, 1625, 1397, -1,
      1201, 1627, 1409, -1,
      1409, 1627, 1626, -1,
      1409, 1626, 1407, -1,
      1407, 1626, 1405, -1,
      1248, 1247, 1570, -1,
      1570, 1247, 1252, -1,
      1570, 1252, 1254, -1,
      1449, 1455, 1571, -1,
      1198, 1246, 1199, -1,
      1199, 1246, 1244, -1,
      1199, 1244, 1242, -1,
      1242, 1244, 1570, -1,
      1570, 1244, 1243, -1,
      1570, 1243, 1328, -1,
      1453, 1452, 1456, -1,
      1328, 1251, 1570, -1,
      1570, 1251, 1250, -1,
      1570, 1250, 1248, -1,
      1366, 1440, 1571, -1,
      1453, 1456, 1455, -1,
      1455, 1456, 1457, -1,
      1455, 1457, 1571, -1,
      1254, 1256, 1570, -1,
      1570, 1256, 1257, -1,
      1570, 1257, 1259, -1,
      1259, 1260, 1570, -1,
      1570, 1260, 1196, -1,
      1570, 1196, 1195, -1,
      1195, 1262, 1570, -1,
      1570, 1262, 1436, -1,
      1570, 1436, 1571, -1,
      1571, 1436, 1367, -1,
      1571, 1367, 1366, -1,
      1440, 1438, 1571, -1,
      1571, 1438, 1437, -1,
      1571, 1437, 1442, -1,
      1442, 1444, 1571, -1,
      1571, 1444, 1445, -1,
      1571, 1445, 1447, -1,
      1447, 1446, 1571, -1,
      1571, 1446, 1450, -1,
      1571, 1450, 1449, -1,
      1569, 1568, 1628, -1,
      1569, 1628, 1604, -1,
      1604, 1628, 1630, -1,
      1604, 1630, 1597, -1,
      1597, 1630, 1632, -1,
      1597, 1632, 1599, -1,
      1599, 1632, 1634, -1,
      1599, 1634, 1600, -1,
      1600, 1634, 1636, -1,
      1600, 1636, 1613, -1,
      1613, 1636, 1656, -1,
      1613, 1656, 1607, -1,
      1607, 1656, 1658, -1,
      1607, 1658, 1609, -1,
      1609, 1658, 1660, -1,
      1609, 1660, 1608, -1,
      1608, 1660, 1662, -1,
      1608, 1662, 1606, -1,
      1606, 1662, 1664, -1,
      1606, 1664, 1610, -1,
      1610, 1664, 1666, -1,
      1610, 1666, 1611, -1,
      1611, 1666, 1668, -1,
      1611, 1668, 1612, -1,
      1612, 1668, 1670, -1,
      1612, 1670, 1614, -1,
      1614, 1670, 1672, -1,
      1614, 1672, 1598, -1,
      1598, 1672, 1637, -1,
      1598, 1637, 1596, -1,
      1596, 1637, 1639, -1,
      1596, 1639, 1601, -1,
      1601, 1639, 1641, -1,
      1601, 1641, 1602, -1,
      1602, 1641, 1643, -1,
      1602, 1643, 1603, -1,
      1603, 1643, 1645, -1,
      1603, 1645, 1605, -1,
      1605, 1645, 1647, -1,
      1605, 1647, 1595, -1,
      1595, 1647, 1527, -1,
      1595, 1527, 1526, -1,
      1577, 1669, 1575, -1,
      1575, 1669, 1667, -1,
      1575, 1667, 1665, -1,
      1663, 1570, 1665, -1,
      1665, 1570, 1573, -1,
      1665, 1573, 1575, -1,
      1201, 1204, 1627, -1,
      1627, 1204, 1206, -1,
      1627, 1206, 1629, -1,
      1210, 1631, 1212, -1,
      1212, 1631, 1629, -1,
      1212, 1629, 1213, -1,
      1213, 1629, 1206, -1,
      1210, 1208, 1631, -1,
      1631, 1208, 1218, -1,
      1631, 1218, 1633, -1,
      1218, 1217, 1633, -1,
      1633, 1217, 1215, -1,
      1633, 1215, 1635, -1,
      1221, 1654, 1219, -1,
      1219, 1654, 1635, -1,
      1219, 1635, 1214, -1,
      1214, 1635, 1215, -1,
      1221, 1223, 1654, -1,
      1654, 1223, 1225, -1,
      1654, 1225, 1655, -1,
      1231, 1657, 1233, -1,
      1233, 1657, 1655, -1,
      1233, 1655, 1234, -1,
      1234, 1655, 1225, -1,
      1231, 1229, 1657, -1,
      1657, 1229, 1227, -1,
      1657, 1227, 1659, -1,
      1237, 1661, 1235, -1,
      1235, 1661, 1659, -1,
      1235, 1659, 1226, -1,
      1226, 1659, 1227, -1,
      1242, 1570, 1241, -1,
      1241, 1570, 1663, -1,
      1241, 1663, 1240, -1,
      1240, 1663, 1661, -1,
      1240, 1661, 1239, -1,
      1239, 1661, 1237, -1,
      1687, 1671, 1688, -1,
      1688, 1671, 1669, -1,
      1688, 1669, 1689, -1,
      1689, 1669, 1577, -1,
      1689, 1577, 1592, -1,
      1687, 1690, 1671, -1,
      1671, 1690, 1691, -1,
      1671, 1691, 1673, -1,
      1692, 1674, 1693, -1,
      1693, 1674, 1673, -1,
      1693, 1673, 1694, -1,
      1694, 1673, 1691, -1,
      1695, 1638, 1696, -1,
      1696, 1638, 1674, -1,
      1696, 1674, 1697, -1,
      1697, 1674, 1692, -1,
      1695, 955, 1638, -1,
      1638, 955, 957, -1,
      1638, 957, 1640, -1,
      953, 1642, 960, -1,
      960, 1642, 1640, -1,
      960, 1640, 959, -1,
      959, 1640, 957, -1,
      953, 951, 1642, -1,
      1642, 951, 950, -1,
      1642, 950, 1644, -1,
      945, 1646, 947, -1,
      947, 1646, 1644, -1,
      947, 1644, 949, -1,
      949, 1644, 950, -1,
      945, 943, 1646, -1,
      1646, 943, 942, -1,
      1646, 942, 1648, -1,
      938, 1649, 939, -1,
      939, 1649, 1648, -1,
      939, 1648, 941, -1,
      941, 1648, 942, -1,
      1695, 1696, 1698, -1,
      1694, 1691, 1699, -1,
      1687, 1688, 1700, -1,
      1689, 1592, 1588, -1,
      1620, 1701, 1593, -1,
      1593, 1701, 1594, -1,
      1594, 1701, 1581, -1,
      1581, 1701, 1702, -1,
      1581, 1702, 1582, -1,
      1703, 1578, 1702, -1,
      1702, 1578, 1583, -1,
      1702, 1583, 1582, -1,
      1704, 1580, 1703, -1,
      1703, 1580, 1579, -1,
      1703, 1579, 1578, -1,
      1705, 1585, 1704, -1,
      1704, 1585, 1584, -1,
      1704, 1584, 1580, -1,
      1589, 1590, 1706, -1,
      1706, 1590, 1591, -1,
      1706, 1591, 1705, -1,
      1705, 1591, 1586, -1,
      1705, 1586, 1585, -1,
      1589, 1706, 1587, -1,
      1587, 1706, 1700, -1,
      1587, 1700, 1588, -1,
      1588, 1700, 1688, -1,
      1588, 1688, 1689, -1,
      1694, 1699, 1693, -1,
      1695, 1698, 955, -1,
      1707, 974, 1698, -1,
      1698, 974, 956, -1,
      1698, 956, 955, -1,
      1708, 976, 1707, -1,
      1707, 976, 975, -1,
      1707, 975, 974, -1,
      1709, 998, 1708, -1,
      1708, 998, 977, -1,
      1708, 977, 976, -1,
      1710, 1000, 1709, -1,
      1709, 1000, 999, -1,
      1709, 999, 998, -1,
      1711, 1021, 1710, -1,
      1710, 1021, 1001, -1,
      1710, 1001, 1000, -1,
      1712, 1023, 1711, -1,
      1711, 1023, 1022, -1,
      1711, 1022, 1021, -1,
      1615, 1032, 1712, -1,
      1712, 1032, 1024, -1,
      1712, 1024, 1023, -1,
      1696, 1697, 1698, -1,
      1698, 1697, 1713, -1,
      1698, 1713, 1707, -1,
      1707, 1713, 1714, -1,
      1707, 1714, 1708, -1,
      1708, 1714, 1715, -1,
      1708, 1715, 1709, -1,
      1709, 1715, 1716, -1,
      1709, 1716, 1710, -1,
      1710, 1716, 1717, -1,
      1710, 1717, 1711, -1,
      1711, 1717, 1718, -1,
      1711, 1718, 1712, -1,
      1712, 1718, 1719, -1,
      1712, 1719, 1615, -1,
      1615, 1719, 1616, -1,
      1697, 1692, 1713, -1,
      1713, 1692, 1720, -1,
      1713, 1720, 1714, -1,
      1714, 1720, 1721, -1,
      1714, 1721, 1715, -1,
      1715, 1721, 1722, -1,
      1715, 1722, 1716, -1,
      1716, 1722, 1723, -1,
      1716, 1723, 1717, -1,
      1717, 1723, 1724, -1,
      1717, 1724, 1718, -1,
      1718, 1724, 1725, -1,
      1718, 1725, 1719, -1,
      1719, 1725, 1726, -1,
      1719, 1726, 1616, -1,
      1616, 1726, 1617, -1,
      1692, 1693, 1720, -1,
      1720, 1693, 1699, -1,
      1720, 1699, 1721, -1,
      1721, 1699, 1727, -1,
      1721, 1727, 1722, -1,
      1722, 1727, 1728, -1,
      1722, 1728, 1723, -1,
      1723, 1728, 1729, -1,
      1723, 1729, 1724, -1,
      1724, 1729, 1730, -1,
      1724, 1730, 1725, -1,
      1725, 1730, 1731, -1,
      1725, 1731, 1726, -1,
      1726, 1731, 1732, -1,
      1726, 1732, 1617, -1,
      1617, 1732, 1618, -1,
      1691, 1690, 1699, -1,
      1699, 1690, 1733, -1,
      1699, 1733, 1727, -1,
      1727, 1733, 1734, -1,
      1727, 1734, 1728, -1,
      1728, 1734, 1735, -1,
      1728, 1735, 1729, -1,
      1729, 1735, 1736, -1,
      1729, 1736, 1730, -1,
      1730, 1736, 1737, -1,
      1730, 1737, 1731, -1,
      1731, 1737, 1738, -1,
      1731, 1738, 1732, -1,
      1732, 1738, 1739, -1,
      1732, 1739, 1618, -1,
      1618, 1739, 1619, -1,
      1690, 1687, 1733, -1,
      1733, 1687, 1700, -1,
      1733, 1700, 1734, -1,
      1734, 1700, 1706, -1,
      1734, 1706, 1735, -1,
      1735, 1706, 1705, -1,
      1735, 1705, 1736, -1,
      1736, 1705, 1704, -1,
      1736, 1704, 1737, -1,
      1737, 1704, 1703, -1,
      1737, 1703, 1738, -1,
      1738, 1703, 1702, -1,
      1738, 1702, 1739, -1,
      1739, 1702, 1701, -1,
      1739, 1701, 1619, -1,
      1619, 1701, 1620, -1,
      1740, 1741, 1742, -1,
      1740, 1742, 1743, -1,
      1743, 1742, 1744, -1,
      1743, 1744, 1745, -1,
      1746, 1747, 1748, -1,
      1748, 1747, 1749, -1,
      1742, 1741, 1750, -1,
      1750, 1741, 1751, -1,
      1746, 1752, 1747, -1,
      1747, 1752, 1753, -1,
      1747, 1753, 1754, -1,
      1741, 1755, 1756, -1,
      1756, 1757, 1741, -1,
      1741, 1757, 1758, -1,
      1741, 1758, 1751, -1,
      1754, 1759, 1747, -1,
      1747, 1759, 1760, -1,
      1747, 1760, 1741, -1,
      1741, 1760, 1761, -1,
      1741, 1761, 1755, -1,
      1762, 1745, 1763, -1,
      1763, 1745, 1744, -1,
      1764, 1765, 1766, -1,
      1766, 1765, 1767, -1,
      1766, 1767, 1768, -1,
      1768, 1769, 1766, -1,
      1766, 1769, 1770, -1,
      1766, 1770, 1771, -1,
      1762, 1772, 1745, -1,
      1745, 1772, 1773, -1,
      1745, 1773, 1774, -1,
      1774, 1775, 1745, -1,
      1745, 1775, 1776, -1,
      1745, 1776, 1766, -1,
      1766, 1776, 1777, -1,
      1766, 1777, 1764, -1,
      1778, 1766, 1771, -1,
      1778, 1771, 1779, -1,
      1779, 1771, 1749, -1,
      1779, 1749, 1747, -1,
      1743, 1778, 1740, -1,
      1740, 1778, 1779, -1,
      1780, 1781, 1782, -1,
      1782, 1781, 1783, -1,
      1780, 1784, 1781, -1,
      1781, 1784, 1785, -1,
      1781, 1785, 1786, -1,
      1786, 1785, 1749, -1,
      1786, 1749, 1771, -1,
      1744, 1742, 1787, -1,
      1787, 1742, 1788, -1,
      1789, 1790, 1791, -1,
      1791, 1790, 1792, -1,
      1791, 1792, 1788, -1,
      1788, 1792, 1793, -1,
      1788, 1793, 1787, -1,
      1794, 1795, 1796, -1,
      1797, 1782, 1798, -1,
      1798, 1782, 1799, -1,
      1799, 1782, 1800, -1,
      1800, 1782, 1783, -1,
      1800, 1783, 1801, -1,
      1801, 1783, 1781, -1,
      1801, 1781, 1802, -1,
      1787, 1793, 1803, -1,
      1792, 1790, 1804, -1,
      1804, 1805, 1792, -1,
      1792, 1805, 1806, -1,
      1792, 1806, 1793, -1,
      1793, 1806, 1807, -1,
      1793, 1807, 1803, -1,
      1802, 1781, 1808, -1,
      1808, 1781, 1786, -1,
      1808, 1786, 1809, -1,
      1809, 1786, 1771, -1,
      1809, 1771, 1810, -1,
      1810, 1771, 1770, -1,
      1810, 1770, 1811, -1,
      1811, 1770, 1769, -1,
      1811, 1769, 1812, -1,
      1812, 1769, 1768, -1,
      1812, 1768, 1813, -1,
      1813, 1768, 1767, -1,
      1813, 1767, 1814, -1,
      1814, 1767, 1765, -1,
      1814, 1765, 1815, -1,
      1815, 1765, 1764, -1,
      1815, 1764, 1816, -1,
      1816, 1764, 1777, -1,
      1816, 1777, 1817, -1,
      1817, 1777, 1776, -1,
      1817, 1776, 1818, -1,
      1818, 1776, 1775, -1,
      1818, 1775, 1819, -1,
      1819, 1775, 1774, -1,
      1819, 1774, 1820, -1,
      1820, 1774, 1773, -1,
      1820, 1773, 1821, -1,
      1821, 1773, 1772, -1,
      1821, 1772, 1822, -1,
      1822, 1772, 1762, -1,
      1822, 1762, 1823, -1,
      1803, 1794, 1787, -1,
      1787, 1794, 1796, -1,
      1787, 1796, 1744, -1,
      1744, 1796, 1823, -1,
      1744, 1823, 1763, -1,
      1763, 1823, 1762, -1,
      1824, 1825, 1826, -1,
      1804, 1790, 1827, -1,
      1827, 1790, 1828, -1,
      1828, 1790, 1829, -1,
      1829, 1790, 1789, -1,
      1829, 1789, 1830, -1,
      1830, 1789, 1791, -1,
      1830, 1791, 1831, -1,
      1785, 1784, 1832, -1,
      1780, 1782, 1797, -1,
      1797, 1833, 1780, -1,
      1780, 1833, 1834, -1,
      1780, 1834, 1784, -1,
      1784, 1834, 1835, -1,
      1784, 1835, 1832, -1,
      1831, 1791, 1836, -1,
      1836, 1791, 1788, -1,
      1836, 1788, 1837, -1,
      1837, 1788, 1742, -1,
      1837, 1742, 1838, -1,
      1838, 1742, 1750, -1,
      1838, 1750, 1839, -1,
      1839, 1750, 1751, -1,
      1839, 1751, 1840, -1,
      1840, 1751, 1758, -1,
      1840, 1758, 1841, -1,
      1841, 1758, 1757, -1,
      1841, 1757, 1842, -1,
      1842, 1757, 1756, -1,
      1842, 1756, 1843, -1,
      1843, 1756, 1755, -1,
      1843, 1755, 1844, -1,
      1844, 1755, 1761, -1,
      1844, 1761, 1845, -1,
      1845, 1761, 1760, -1,
      1845, 1760, 1846, -1,
      1846, 1760, 1759, -1,
      1846, 1759, 1847, -1,
      1847, 1759, 1754, -1,
      1847, 1754, 1848, -1,
      1848, 1754, 1753, -1,
      1848, 1753, 1849, -1,
      1849, 1753, 1752, -1,
      1849, 1752, 1850, -1,
      1850, 1752, 1746, -1,
      1850, 1746, 1851, -1,
      1832, 1824, 1785, -1,
      1785, 1824, 1826, -1,
      1785, 1826, 1749, -1,
      1749, 1826, 1851, -1,
      1749, 1851, 1748, -1,
      1748, 1851, 1746, -1,
      1796, 1795, 1852, -1,
      1811, 1812, 1853, -1,
      1853, 1812, 1813, -1,
      1853, 1813, 1814, -1,
      1808, 1809, 1853, -1,
      1853, 1809, 1810, -1,
      1853, 1810, 1811, -1,
      1818, 1819, 1852, -1,
      1852, 1819, 1820, -1,
      1852, 1820, 1821, -1,
      1821, 1822, 1852, -1,
      1852, 1822, 1823, -1,
      1852, 1823, 1796, -1,
      1814, 1815, 1853, -1,
      1853, 1815, 1816, -1,
      1853, 1816, 1852, -1,
      1852, 1816, 1817, -1,
      1852, 1817, 1818, -1,
      1854, 1855, 1856, -1,
      1856, 1855, 1857, -1,
      1858, 1859, 1860, -1,
      1860, 1859, 1861, -1,
      1862, 1863, 1864, -1,
      1864, 1863, 1865, -1,
      1855, 1799, 1800, -1,
      1808, 1853, 1802, -1,
      1802, 1853, 1855, -1,
      1802, 1855, 1801, -1,
      1801, 1855, 1800, -1,
      1866, 1825, 1854, -1,
      1854, 1825, 1824, -1,
      1824, 1832, 1854, -1,
      1854, 1832, 1835, -1,
      1854, 1835, 1834, -1,
      1834, 1833, 1854, -1,
      1854, 1833, 1797, -1,
      1854, 1797, 1855, -1,
      1855, 1797, 1798, -1,
      1855, 1798, 1799, -1,
      1859, 1858, 1857, -1,
      1857, 1858, 1856, -1,
      1864, 1865, 1861, -1,
      1861, 1865, 1860, -1,
      1863, 1828, 1829, -1,
      1836, 1867, 1831, -1,
      1831, 1867, 1863, -1,
      1831, 1863, 1830, -1,
      1830, 1863, 1829, -1,
      1852, 1795, 1862, -1,
      1862, 1795, 1794, -1,
      1794, 1803, 1862, -1,
      1862, 1803, 1807, -1,
      1862, 1807, 1806, -1,
      1806, 1805, 1862, -1,
      1862, 1805, 1804, -1,
      1862, 1804, 1863, -1,
      1863, 1804, 1827, -1,
      1863, 1827, 1828, -1,
      1836, 1837, 1867, -1,
      1867, 1837, 1838, -1,
      1867, 1838, 1839, -1,
      1850, 1851, 1866, -1,
      1866, 1851, 1826, -1,
      1866, 1826, 1825, -1,
      1866, 1846, 1847, -1,
      1839, 1840, 1867, -1,
      1867, 1840, 1841, -1,
      1867, 1841, 1842, -1,
      1847, 1848, 1866, -1,
      1866, 1848, 1849, -1,
      1866, 1849, 1850, -1,
      1842, 1843, 1867, -1,
      1867, 1843, 1844, -1,
      1867, 1844, 1866, -1,
      1866, 1844, 1845, -1,
      1866, 1845, 1846, -1,
      1766, 1778, 1857, -1,
      1743, 1745, 1862, -1,
      1862, 1864, 1743, -1,
      1743, 1864, 1861, -1,
      1743, 1861, 1778, -1,
      1778, 1861, 1859, -1,
      1778, 1859, 1857, -1,
      1857, 1855, 1766, -1,
      1766, 1855, 1853, -1,
      1766, 1853, 1745, -1,
      1745, 1853, 1852, -1,
      1745, 1852, 1862, -1,
      1856, 1779, 1854, -1,
      1854, 1779, 1747, -1,
      1854, 1747, 1866, -1,
      1866, 1747, 1741, -1,
      1866, 1741, 1867, -1,
      1856, 1858, 1779, -1,
      1779, 1858, 1860, -1,
      1779, 1860, 1740, -1,
      1740, 1860, 1865, -1,
      1740, 1865, 1741, -1,
      1741, 1865, 1863, -1,
      1741, 1863, 1867, -1,
      1868, 1869, 1870, -1,
      1870, 1869, 1871, -1,
      1872, 1873, 1874, -1,
      1872, 1874, 1875, -1,
      1875, 1874, 1876, -1,
      1875, 1876, 1877, -1,
      1877, 1876, 1878, -1,
      1877, 1878, 1879, -1,
      1879, 1878, 1880, -1,
      1879, 1880, 1881, -1,
      1881, 1880, 1882, -1,
      1881, 1882, 1883, -1,
      1883, 1882, 1884, -1,
      1883, 1884, 1885, -1,
      1885, 1884, 1886, -1,
      1885, 1886, 1887, -1,
      1887, 1886, 1888, -1,
      1887, 1888, 1889, -1,
      1890, 1870, 1891, -1,
      1891, 1870, 1871, -1,
      1892, 1893, 1894, -1,
      1894, 1893, 1895, -1,
      1894, 1895, 1896, -1,
      1896, 1895, 1897, -1,
      1898, 1899, 1878, -1,
      1886, 1884, 1900, -1,
      1900, 1884, 1882, -1,
      1900, 1882, 1899, -1,
      1899, 1882, 1880, -1,
      1899, 1880, 1878, -1,
      1901, 1894, 1902, -1,
      1902, 1894, 1896, -1,
      1902, 1896, 1903, -1,
      1878, 1876, 1898, -1,
      1898, 1876, 1874, -1,
      1898, 1874, 1904, -1,
      1904, 1874, 1873, -1,
      1904, 1873, 1890, -1,
      1890, 1873, 1868, -1,
      1890, 1868, 1870, -1,
      1903, 1896, 1900, -1,
      1900, 1896, 1888, -1,
      1900, 1888, 1886, -1,
      1897, 1895, 1905, -1,
      1885, 1906, 1883, -1,
      1883, 1906, 1907, -1,
      1883, 1907, 1881, -1,
      1881, 1907, 1879, -1,
      1879, 1907, 1908, -1,
      1879, 1908, 1877, -1,
      1877, 1908, 1875, -1,
      1875, 1908, 1909, -1,
      1875, 1909, 1872, -1,
      1872, 1909, 1869, -1,
      1869, 1909, 1891, -1,
      1869, 1891, 1871, -1,
      1905, 1910, 1897, -1,
      1897, 1910, 1911, -1,
      1897, 1911, 1889, -1,
      1889, 1911, 1906, -1,
      1889, 1906, 1887, -1,
      1887, 1906, 1885, -1,
      1912, 1893, 1913, -1,
      1913, 1893, 1892, -1,
      1888, 1896, 1889, -1,
      1889, 1896, 1897, -1,
      1912, 1905, 1893, -1,
      1893, 1905, 1895, -1,
      1901, 1913, 1894, -1,
      1894, 1913, 1892, -1,
      1873, 1872, 1868, -1,
      1868, 1872, 1869, -1,
      1902, 1910, 1901, -1,
      1901, 1910, 1905, -1,
      1901, 1905, 1913, -1,
      1913, 1905, 1912, -1,
      1890, 1891, 1904, -1,
      1904, 1891, 1909, -1,
      1904, 1909, 1898, -1,
      1898, 1909, 1908, -1,
      1898, 1908, 1899, -1,
      1899, 1908, 1907, -1,
      1899, 1907, 1900, -1,
      1900, 1907, 1906, -1,
      1900, 1906, 1903, -1,
      1903, 1906, 1911, -1,
      1903, 1911, 1902, -1,
      1902, 1911, 1910, -1,
      1914, 1915, 1916, -1,
      1916, 1915, 1917, -1,
      1918, 1919, 1920, -1,
      1918, 1920, 1921, -1,
      1921, 1920, 1922, -1,
      1921, 1922, 1923, -1,
      1923, 1922, 1924, -1,
      1923, 1924, 1925, -1,
      1925, 1924, 1926, -1,
      1925, 1926, 1927, -1,
      1927, 1926, 1928, -1,
      1927, 1928, 1929, -1,
      1929, 1928, 1930, -1,
      1929, 1930, 1931, -1,
      1931, 1930, 1932, -1,
      1931, 1932, 1933, -1,
      1933, 1932, 1934, -1,
      1933, 1934, 1935, -1,
      1936, 1916, 1937, -1,
      1937, 1916, 1917, -1,
      1938, 1939, 1940, -1,
      1940, 1939, 1941, -1,
      1940, 1941, 1942, -1,
      1942, 1941, 1943, -1,
      1944, 1945, 1924, -1,
      1932, 1930, 1946, -1,
      1946, 1930, 1928, -1,
      1946, 1928, 1945, -1,
      1945, 1928, 1926, -1,
      1945, 1926, 1924, -1,
      1947, 1941, 1948, -1,
      1948, 1941, 1939, -1,
      1948, 1939, 1949, -1,
      1924, 1922, 1944, -1,
      1944, 1922, 1920, -1,
      1944, 1920, 1950, -1,
      1950, 1920, 1919, -1,
      1950, 1919, 1936, -1,
      1936, 1919, 1914, -1,
      1936, 1914, 1916, -1,
      1949, 1939, 1946, -1,
      1946, 1939, 1934, -1,
      1946, 1934, 1932, -1,
      1938, 1940, 1951, -1,
      1931, 1952, 1929, -1,
      1929, 1952, 1953, -1,
      1929, 1953, 1927, -1,
      1927, 1953, 1925, -1,
      1925, 1953, 1954, -1,
      1925, 1954, 1923, -1,
      1923, 1954, 1921, -1,
      1921, 1954, 1955, -1,
      1921, 1955, 1918, -1,
      1918, 1955, 1915, -1,
      1915, 1955, 1937, -1,
      1915, 1937, 1917, -1,
      1951, 1956, 1938, -1,
      1938, 1956, 1957, -1,
      1938, 1957, 1935, -1,
      1935, 1957, 1952, -1,
      1935, 1952, 1933, -1,
      1933, 1952, 1931, -1,
      1958, 1942, 1959, -1,
      1959, 1942, 1943, -1,
      1934, 1939, 1935, -1,
      1935, 1939, 1938, -1,
      1958, 1951, 1942, -1,
      1942, 1951, 1940, -1,
      1947, 1959, 1941, -1,
      1941, 1959, 1943, -1,
      1919, 1918, 1914, -1,
      1914, 1918, 1915, -1,
      1958, 1959, 1951, -1,
      1951, 1959, 1947, -1,
      1951, 1947, 1956, -1,
      1956, 1947, 1948, -1,
      1936, 1937, 1950, -1,
      1950, 1937, 1955, -1,
      1950, 1955, 1944, -1,
      1944, 1955, 1954, -1,
      1944, 1954, 1945, -1,
      1945, 1954, 1953, -1,
      1945, 1953, 1946, -1,
      1946, 1953, 1952, -1,
      1946, 1952, 1949, -1,
      1949, 1952, 1957, -1,
      1949, 1957, 1948, -1,
      1948, 1957, 1956, -1,
      1960, 1961, 1962, -1,
      1962, 1961, 1963, -1,
      1964, 1965, 1966, -1,
      1966, 1965, 1967, -1,
      1968, 1969, 1970, -1,
      1970, 1969, 1971, -1,
      1972, 1973, 1974, -1,
      1974, 1973, 1975, -1,
      1974, 1975, 1976, -1,
      1976, 1975, 1977, -1,
      1976, 1977, 1978, -1,
      1978, 1977, 1979, -1,
      1980, 1969, 1981, -1,
      1981, 1969, 1968, -1,
      1981, 1968, 1982, -1,
      1982, 1968, 1983, -1,
      1982, 1983, 1984, -1,
      1984, 1983, 1985, -1,
      1984, 1985, 1986, -1,
      1986, 1985, 1987, -1,
      1986, 1987, 1979, -1,
      1979, 1987, 1988, -1,
      1979, 1988, 1978, -1,
      1969, 1980, 1971, -1,
      1971, 1980, 1989, -1,
      1990, 1991, 1992, -1,
      1992, 1991, 1993, -1,
      1992, 1993, 1994, -1,
      1994, 1993, 1995, -1,
      1994, 1995, 1996, -1,
      1996, 1995, 1997, -1,
      1996, 1997, 1998, -1,
      1998, 1997, 1999, -1,
      1998, 1999, 2000, -1,
      2000, 1999, 1970, -1,
      2000, 1970, 1989, -1,
      1989, 1970, 1971, -1,
      2001, 2002, 2003, -1,
      2003, 2002, 2004, -1,
      2003, 2004, 1990, -1,
      1990, 2004, 2005, -1,
      1990, 2005, 1991, -1,
      2000, 1989, 1981, -1,
      1981, 1989, 1980, -1,
      2006, 2007, 2008, -1,
      2008, 2007, 2009, -1,
      2008, 2010, 2006, -1,
      2006, 2010, 2011, -1,
      2011, 2012, 2006, -1,
      2006, 2012, 2007, -1,
      2007, 2012, 2009, -1,
      2009, 2012, 2013, -1,
      2008, 2009, 2010, -1,
      2010, 2009, 2013, -1,
      2014, 2015, 2016, -1,
      2016, 2015, 2017, -1,
      2018, 2019, 2020, -1,
      2020, 2019, 2021, -1,
      2014, 2022, 2015, -1,
      2015, 2022, 2023, -1,
      2024, 2025, 2026, -1,
      2027, 2023, 2022, -1,
      2026, 2025, 2028, -1,
      2028, 2025, 2029, -1,
      2028, 2029, 2030, -1,
      2030, 2029, 2031, -1,
      2030, 2031, 2032, -1,
      2032, 2031, 1963, -1,
      2032, 1963, 1961, -1,
      2022, 2033, 2027, -1,
      2027, 2033, 2034, -1,
      2027, 2034, 2035, -1,
      2035, 2034, 2036, -1,
      2035, 2036, 2037, -1,
      2037, 2036, 2038, -1,
      2037, 2038, 2039, -1,
      2039, 2038, 2024, -1,
      2039, 2024, 2040, -1,
      2040, 2024, 2026, -1,
      2041, 2027, 2035, -1,
      2041, 2035, 2042, -1,
      2042, 2035, 2037, -1,
      2042, 2037, 2043, -1,
      2043, 2037, 2039, -1,
      2043, 2039, 2044, -1,
      2044, 2039, 2040, -1,
      2044, 2040, 2045, -1,
      2045, 2040, 2026, -1,
      2045, 2026, 2046, -1,
      2046, 2026, 2028, -1,
      2046, 2028, 2047, -1,
      2047, 2028, 2030, -1,
      2047, 2030, 2048, -1,
      2013, 2012, 2015, -1,
      2015, 2012, 2011, -1,
      2015, 2011, 2017, -1,
      2041, 2049, 2027, -1,
      2027, 2049, 2023, -1,
      2010, 1972, 2011, -1,
      2011, 1972, 2002, -1,
      2011, 2002, 2017, -1,
      2018, 1972, 2019, -1,
      2019, 1972, 2010, -1,
      2019, 2010, 2049, -1,
      2049, 2010, 2013, -1,
      2049, 2013, 2023, -1,
      2023, 2013, 2015, -1,
      2050, 2021, 2049, -1,
      2049, 2021, 2019, -1,
      2051, 2033, 2050, -1,
      2050, 2033, 2022, -1,
      2014, 2016, 2022, -1,
      2022, 2016, 2001, -1,
      2022, 2001, 2050, -1,
      2050, 2001, 1973, -1,
      2050, 1973, 2021, -1,
      2021, 1973, 2020, -1,
      2033, 2051, 2034, -1,
      2034, 2051, 2052, -1,
      2034, 2052, 2036, -1,
      2036, 2052, 2053, -1,
      2036, 2053, 2038, -1,
      2038, 2053, 2054, -1,
      2038, 2054, 2024, -1,
      2024, 2054, 2055, -1,
      2024, 2055, 2025, -1,
      2025, 2055, 2056, -1,
      2025, 2056, 2029, -1,
      2029, 2056, 2057, -1,
      2029, 2057, 2031, -1,
      2031, 2057, 2058, -1,
      2058, 1965, 2031, -1,
      2031, 1965, 1964, -1,
      1963, 2031, 1962, -1,
      1962, 2031, 1964, -1,
      1962, 1964, 1869, -1,
      1869, 1964, 1868, -1,
      2032, 1961, 2059, -1,
      2059, 1961, 1960, -1,
      1967, 2059, 1966, -1,
      1966, 2059, 1960, -1,
      1966, 1960, 1870, -1,
      1870, 1960, 1871, -1,
      2030, 2032, 2048, -1,
      2048, 2032, 2059, -1,
      2054, 2053, 2042, -1,
      2042, 2053, 2041, -1,
      2041, 2053, 2052, -1,
      2041, 2052, 2049, -1,
      2049, 2052, 2051, -1,
      2049, 2051, 2050, -1,
      2042, 2043, 2054, -1,
      2054, 2043, 2044, -1,
      2054, 2044, 2055, -1,
      2055, 2044, 2045, -1,
      2055, 2045, 2056, -1,
      2056, 2045, 2046, -1,
      2056, 2046, 2057, -1,
      2057, 2046, 2047, -1,
      2057, 2047, 2058, -1,
      1967, 1965, 2059, -1,
      2059, 1965, 2058, -1,
      2059, 2058, 2048, -1,
      2048, 2058, 2047, -1,
      2017, 2002, 2016, -1,
      2016, 2002, 2001, -1,
      1998, 1982, 1996, -1,
      1996, 1982, 1984, -1,
      1996, 1984, 1994, -1,
      1994, 1984, 1986, -1,
      1994, 1986, 1992, -1,
      1992, 1986, 1979, -1,
      1992, 1979, 1990, -1,
      1990, 1979, 1977, -1,
      1990, 1977, 2003, -1,
      2003, 1977, 1975, -1,
      2003, 1975, 2001, -1,
      2001, 1975, 1973, -1,
      1973, 1972, 2020, -1,
      2020, 1972, 2018, -1,
      2002, 1972, 1974, -1,
      2002, 1974, 2004, -1,
      2004, 1974, 1976, -1,
      2004, 1976, 2005, -1,
      2005, 1976, 1978, -1,
      2005, 1978, 1991, -1,
      1991, 1978, 1988, -1,
      1991, 1988, 1993, -1,
      1993, 1988, 1987, -1,
      1993, 1987, 1995, -1,
      1995, 1987, 1985, -1,
      1995, 1985, 1997, -1,
      1997, 1985, 1983, -1,
      1997, 1983, 1999, -1,
      1983, 1968, 1999, -1,
      1999, 1968, 1970, -1,
      2000, 1981, 1998, -1,
      1998, 1981, 1982, -1,
      1869, 1871, 1962, -1,
      1962, 1871, 1960, -1,
      1870, 1868, 1966, -1,
      1966, 1868, 1964, -1,
      1868, 1870, 1869, -1,
      1869, 1870, 1871, -1,
      2060, 2061, 2062, -1,
      2062, 2061, 2063, -1,
      2064, 2065, 2066, -1,
      2066, 2065, 2067, -1,
      2068, 2069, 2070, -1,
      2070, 2069, 2071, -1,
      2072, 2073, 2074, -1,
      2074, 2073, 2075, -1,
      2074, 2075, 2076, -1,
      2076, 2075, 2077, -1,
      2076, 2077, 2078, -1,
      2078, 2077, 2079, -1,
      2080, 2069, 2081, -1,
      2081, 2069, 2068, -1,
      2081, 2068, 2082, -1,
      2082, 2068, 2083, -1,
      2082, 2083, 2084, -1,
      2084, 2083, 2085, -1,
      2084, 2085, 2086, -1,
      2086, 2085, 2087, -1,
      2086, 2087, 2079, -1,
      2079, 2087, 2088, -1,
      2079, 2088, 2078, -1,
      2069, 2080, 2071, -1,
      2071, 2080, 2089, -1,
      2090, 2091, 2092, -1,
      2092, 2091, 2093, -1,
      2092, 2093, 2094, -1,
      2094, 2093, 2095, -1,
      2094, 2095, 2096, -1,
      2096, 2095, 2097, -1,
      2096, 2097, 2098, -1,
      2098, 2097, 2099, -1,
      2098, 2099, 2100, -1,
      2100, 2099, 2070, -1,
      2100, 2070, 2089, -1,
      2089, 2070, 2071, -1,
      2101, 2102, 2103, -1,
      2103, 2102, 2104, -1,
      2103, 2104, 2090, -1,
      2090, 2104, 2105, -1,
      2090, 2105, 2091, -1,
      2100, 2089, 2081, -1,
      2081, 2089, 2080, -1,
      2106, 2107, 2108, -1,
      2108, 2107, 2109, -1,
      2108, 2110, 2106, -1,
      2106, 2110, 2111, -1,
      2111, 2112, 2106, -1,
      2106, 2112, 2107, -1,
      2107, 2112, 2109, -1,
      2109, 2112, 2113, -1,
      2108, 2109, 2110, -1,
      2110, 2109, 2113, -1,
      2114, 2115, 2116, -1,
      2116, 2115, 2117, -1,
      2118, 2119, 2120, -1,
      2120, 2119, 2121, -1,
      2114, 2122, 2115, -1,
      2115, 2122, 2123, -1,
      2124, 2125, 2126, -1,
      2127, 2123, 2122, -1,
      2126, 2125, 2128, -1,
      2128, 2125, 2129, -1,
      2128, 2129, 2130, -1,
      2130, 2129, 2131, -1,
      2130, 2131, 2132, -1,
      2132, 2131, 2063, -1,
      2132, 2063, 2061, -1,
      2122, 2133, 2127, -1,
      2127, 2133, 2134, -1,
      2127, 2134, 2135, -1,
      2135, 2134, 2136, -1,
      2135, 2136, 2137, -1,
      2137, 2136, 2138, -1,
      2137, 2138, 2139, -1,
      2139, 2138, 2124, -1,
      2139, 2124, 2140, -1,
      2140, 2124, 2126, -1,
      2141, 2127, 2135, -1,
      2141, 2135, 2142, -1,
      2142, 2135, 2137, -1,
      2142, 2137, 2143, -1,
      2143, 2137, 2139, -1,
      2143, 2139, 2144, -1,
      2144, 2139, 2140, -1,
      2144, 2140, 2145, -1,
      2145, 2140, 2126, -1,
      2145, 2126, 2146, -1,
      2146, 2126, 2128, -1,
      2146, 2128, 2147, -1,
      2147, 2128, 2130, -1,
      2147, 2130, 2148, -1,
      2113, 2112, 2115, -1,
      2115, 2112, 2111, -1,
      2115, 2111, 2117, -1,
      2141, 2149, 2127, -1,
      2127, 2149, 2123, -1,
      2110, 2072, 2111, -1,
      2111, 2072, 2102, -1,
      2111, 2102, 2117, -1,
      2118, 2072, 2119, -1,
      2119, 2072, 2110, -1,
      2119, 2110, 2149, -1,
      2149, 2110, 2113, -1,
      2149, 2113, 2123, -1,
      2123, 2113, 2115, -1,
      2150, 2121, 2149, -1,
      2149, 2121, 2119, -1,
      2151, 2133, 2150, -1,
      2150, 2133, 2122, -1,
      2114, 2116, 2122, -1,
      2122, 2116, 2101, -1,
      2122, 2101, 2150, -1,
      2150, 2101, 2073, -1,
      2150, 2073, 2121, -1,
      2121, 2073, 2120, -1,
      2133, 2151, 2134, -1,
      2134, 2151, 2152, -1,
      2134, 2152, 2136, -1,
      2136, 2152, 2153, -1,
      2136, 2153, 2138, -1,
      2138, 2153, 2154, -1,
      2138, 2154, 2124, -1,
      2124, 2154, 2155, -1,
      2124, 2155, 2125, -1,
      2125, 2155, 2156, -1,
      2125, 2156, 2129, -1,
      2129, 2156, 2157, -1,
      2129, 2157, 2131, -1,
      2131, 2157, 2158, -1,
      2158, 2065, 2131, -1,
      2131, 2065, 2064, -1,
      2063, 2131, 2062, -1,
      2062, 2131, 2064, -1,
      2062, 2064, 1915, -1,
      1915, 2064, 1914, -1,
      2132, 2061, 2159, -1,
      2159, 2061, 2060, -1,
      2067, 2159, 2066, -1,
      2066, 2159, 2060, -1,
      2066, 2060, 1916, -1,
      1916, 2060, 1917, -1,
      2130, 2132, 2148, -1,
      2148, 2132, 2159, -1,
      2154, 2153, 2142, -1,
      2142, 2153, 2141, -1,
      2141, 2153, 2152, -1,
      2141, 2152, 2149, -1,
      2149, 2152, 2151, -1,
      2149, 2151, 2150, -1,
      2142, 2143, 2154, -1,
      2154, 2143, 2144, -1,
      2154, 2144, 2155, -1,
      2155, 2144, 2145, -1,
      2155, 2145, 2156, -1,
      2156, 2145, 2146, -1,
      2156, 2146, 2157, -1,
      2157, 2146, 2147, -1,
      2157, 2147, 2158, -1,
      2067, 2065, 2159, -1,
      2159, 2065, 2158, -1,
      2159, 2158, 2148, -1,
      2148, 2158, 2147, -1,
      2117, 2102, 2116, -1,
      2116, 2102, 2101, -1,
      2098, 2082, 2096, -1,
      2096, 2082, 2084, -1,
      2096, 2084, 2094, -1,
      2094, 2084, 2086, -1,
      2094, 2086, 2092, -1,
      2092, 2086, 2079, -1,
      2092, 2079, 2090, -1,
      2090, 2079, 2077, -1,
      2090, 2077, 2103, -1,
      2103, 2077, 2075, -1,
      2103, 2075, 2101, -1,
      2101, 2075, 2073, -1,
      2073, 2072, 2120, -1,
      2120, 2072, 2118, -1,
      2102, 2072, 2074, -1,
      2102, 2074, 2104, -1,
      2104, 2074, 2076, -1,
      2104, 2076, 2105, -1,
      2105, 2076, 2078, -1,
      2105, 2078, 2091, -1,
      2091, 2078, 2088, -1,
      2091, 2088, 2093, -1,
      2093, 2088, 2087, -1,
      2093, 2087, 2095, -1,
      2095, 2087, 2085, -1,
      2095, 2085, 2097, -1,
      2097, 2085, 2083, -1,
      2097, 2083, 2099, -1,
      2083, 2068, 2099, -1,
      2099, 2068, 2070, -1,
      2100, 2081, 2098, -1,
      2098, 2081, 2082, -1,
      1915, 1917, 2062, -1,
      2062, 1917, 2060, -1,
      1916, 1914, 2066, -1,
      2066, 1914, 2064, -1,
      1914, 1916, 1915, -1,
      1915, 1916, 1917, -1,
    ]
  }
}

Shape {
  appearance Appearance {
    material Material {
      diffuseColor 0.0588 1.0000 0.7216
      specularColor 0.0314 0.5020 0.3608
      ambientIntensity 0.2
      transparency 0.0000
      shininess 0.5
    }
  }
  geometry IndexedFaceSet {
    ccw TRUE
    solid FALSE
    coord DEF co Coordinate {
      point [
        1.968504 0.091878 0.700942,
        1.968504 0.086902 0.700354,
        1.968504 0.116913 0.700354,
        1.968504 -0.000919 1.011914,
        1.968504 0.008152 1.013018,
        1.968504 -0.039619 1.013018,
        1.968504 -0.266502 0.918320,
        1.968504 -0.243349 0.898722,
        1.968504 -0.162422 1.013018,
        1.968504 -0.162422 0.890887,
        1.968504 -0.380347 1.025435,
        1.968504 -0.361878 1.013018,
        1.968504 -0.342255 0.999826,
        1.968504 -0.311754 0.963711,
        1.968504 -0.296143 0.932365,
        1.968504 -0.291911 0.930941,
        1.968504 -1.165607 2.656341,
        1.968504 -0.162422 3.976378,
        1.968504 -0.961531 3.813710,
        1.968504 -0.767672 3.976378,
        1.968504 -0.948423 3.857496,
        1.968504 -0.856018 3.955440,
        1.968504 -0.894205 3.930324,
        1.968504 -0.925570 3.897079,
        1.968504 -0.534881 1.026459,
        1.968504 -0.495148 1.040311,
        1.968504 -0.458389 1.044230,
        1.968504 -0.423200 1.040534,
        1.968504 -0.813069 3.971072,
        1.968504 -1.106299 1.811024,
        1.968504 -0.557363 1.013018,
        1.968504 -1.106299 1.013018,
        1.968504 -0.560861 1.010927,
        1.968504 -1.106299 0.890887,
        1.968504 -0.744298 0.890887,
        1.968504 -0.736431 0.908379,
        1.968504 -0.716276 0.934073,
        1.968504 -0.650808 0.971130,
        1.968504 -0.618074 0.975062,
        1.968504 -0.580928 0.993741,
        1.968504 -0.608254 0.974528,
        1.968504 -0.598434 0.973354,
        1.968504 -0.709790 0.940171,
        1.968504 -0.682503 0.959075,
        1.968504 -0.695028 0.721672,
        1.968504 -0.720546 0.743647,
        1.968504 -1.106299 0.700354,
        1.968504 -0.664331 0.706341,
        1.968504 -0.740482 0.772313,
        1.968504 -0.752495 0.804154,
        1.968504 -1.106299 0.855673,
        1.968504 -0.756411 0.836725,
        1.968504 -0.756124 0.845661,
        1.968504 -0.754279 0.855673,
        1.968504 -0.750214 0.877732,
        1.968504 -0.652231 0.702658,
        1.968504 -0.651155 0.700354,
        1.968504 -0.643677 0.684350,
        1.968504 -1.106299 0.652777,
        1.968504 -0.630980 0.668676,
        1.968504 -0.614278 0.656082,
        1.968504 -1.106299 0.000000,
        1.968504 -0.594578 0.647801,
        1.968504 -0.606416 0.652777,
        1.968504 -0.535750 0.652777,
        1.968504 -0.550454 0.647133,
        1.968504 -0.162422 0.000000,
        1.968504 -0.571108 0.644591,
        1.968504 -0.574417 0.644653,
        1.968504 -0.491086 0.700354,
        1.968504 -0.491152 0.700073,
        1.968504 -0.162422 0.652777,
        1.968504 -0.501243 0.681033,
        1.968504 -0.514398 0.666277,
        1.968504 -0.531408 0.654444,
        1.968504 -0.215500 0.848341,
        1.968504 -0.211604 0.820500,
        1.968504 -0.162422 0.855673,
        1.968504 -0.382057 0.750730,
        1.968504 -0.376198 0.753045,
        1.968504 -0.366165 0.801714,
        1.968504 -0.243199 0.739377,
        1.968504 -0.266448 0.719700,
        1.968504 -0.162422 0.700354,
        1.968504 -0.507063 0.787197,
        1.968504 -0.392637 0.846972,
        1.968504 -0.521974 0.800777,
        1.968504 -0.540092 0.810491,
        1.968504 -0.387308 0.747009,
        1.968504 -0.226263 0.762963,
        1.968504 -0.264960 0.827083,
        1.968504 -0.268959 0.843487,
        1.968504 -0.275517 0.855673,
        1.968504 -0.700491 0.855673,
        1.968504 -0.215530 0.789994,
        1.968504 -0.369581 0.753894,
        1.968504 -0.368750 0.753834,
        1.968504 -0.366188 0.753267,
        1.968504 -0.695492 0.804426,
        1.968504 -0.685285 0.787047,
        1.968504 -0.641925 0.778250,
        1.968504 -0.669972 0.771322,
        1.968504 -0.651378 0.759872,
        1.968504 -0.610340 0.806514,
        1.968504 -0.627803 0.794388,
        1.968504 -0.702613 0.838433,
        1.968504 -0.701601 0.825332,
        1.968504 -0.591476 0.813724,
        1.968504 -0.571108 0.816231,
        1.968504 -0.560703 0.815613,
        1.968504 -0.396052 0.727422,
        1.968504 -0.395836 0.730792,
        1.968504 -0.485715 0.738523,
        1.968504 -0.394121 0.737291,
        1.968504 -0.390837 0.743117,
        1.968504 -0.281872 0.774490,
        1.968504 -0.272479 0.787811,
        1.968504 -0.266595 0.803030,
        1.968504 -0.264547 0.819646,
        1.968504 -0.376099 0.701726,
        1.968504 -0.381748 0.703949,
        1.968504 -0.387286 0.707887,
        1.968504 -0.389271 0.709907,
        1.968504 -0.392993 0.715271,
        1.968504 -0.395242 0.721062,
        1.968504 -0.486171 0.721157,
        1.968504 -0.485715 0.729984,
        1.968504 -0.292504 0.706954,
        1.968504 -0.320907 0.700950,
        1.968504 -0.371289 0.700950,
        1.968504 -0.364457 0.753040,
        1.968504 -0.326030 0.753040,
        1.968504 -0.310740 0.755965,
        1.968504 -0.295668 0.762936,
        1.968504 -0.283036 0.773240,
        1.968504 -0.337985 0.886253,
        1.968504 -0.692760 0.878133,
        1.968504 -0.700071 0.859087,
        1.968504 -0.331154 0.886253,
        1.968504 -0.276891 0.858226,
        1.968504 -0.286776 0.869270,
        1.968504 -0.300022 0.878516,
        1.968504 -0.314926 0.884253,
        1.968504 -0.356355 0.937495,
        1.968504 -0.375604 0.960516,
        1.968504 -0.571962 0.911017,
        1.968504 -0.377826 0.962540,
        1.968504 -0.401821 0.979185,
        1.968504 -0.558928 0.938012,
        1.968504 -0.683888 0.890887,
        1.968504 -0.578127 0.914384,
        1.968504 -0.339003 0.890887,
        1.968504 -0.343193 0.909974,
        1.968504 -0.597276 0.921365,
        1.968504 -0.617220 0.923826,
        1.968504 -0.626047 0.923370,
        1.968504 -0.539779 0.960896,
        1.968504 -0.428601 0.989440,
        1.968504 -0.516851 0.977648,
        1.968504 -0.457535 0.992994,
        1.968504 -0.488952 0.988950,
        1.968504 -0.647131 0.918389,
        1.968504 -0.666171 0.908298,
        1.968504 -0.680927 0.895143,
        1.968504 -0.237732 0.890887,
        1.968504 -0.225929 0.874423,
        1.968504 -0.218432 0.855673,
        1.968504 0.295320 0.924751,
        1.968504 0.289379 0.924751,
        1.968504 0.295320 0.890887,
        1.968504 0.277835 0.891900,
        1.968504 0.257373 0.890887,
        1.968504 0.260704 0.891900,
        1.968504 0.257373 1.013018,
        1.968504 0.295320 0.982785,
        1.968504 0.295320 1.013018,
        1.968504 0.306449 1.012005,
        1.968504 0.323028 1.012005,
        1.968504 0.116913 0.945996,
        1.968504 0.084477 0.945996,
        1.968504 0.116913 0.905593,
        1.968504 0.084477 0.905593,
        1.968504 0.144913 1.013018,
        1.968504 0.116913 1.013018,
        1.968504 0.130836 1.012005,
        1.968504 0.116913 1.012005,
        1.968504 0.127428 0.945996,
        1.968504 0.133569 0.905593,
        1.968504 0.127428 0.959751,
        1.968504 0.130836 0.998189,
        1.968504 0.116913 0.959751,
        1.968504 0.116913 0.998189,
        1.968504 0.084477 0.998189,
        1.968504 0.084477 0.959751,
        1.968504 0.068973 0.891900,
        1.968504 0.062019 0.890887,
        1.968504 0.116913 0.890887,
        1.968504 0.144913 0.890887,
        1.968504 0.133569 0.891900,
        1.968504 0.116913 0.891900,
        1.968504 0.068973 1.012005,
        1.968504 0.062019 1.013018,
        1.968504 0.029362 1.013018,
        1.968504 0.032207 1.012794,
        1.968504 0.044933 1.009119,
        1.968504 0.044933 0.992908,
        1.968504 0.044933 0.911734,
        1.968504 0.044933 0.896874,
        1.968504 0.042885 0.895853,
        1.968504 0.029989 0.891624,
        1.968504 0.022282 0.890887,
        1.968504 0.031413 0.998266,
        1.968504 0.016627 1.000031,
        1.968504 0.043596 0.993630,
        1.968504 0.010461 0.999699,
        1.968504 0.000219 0.997395,
        1.968504 -0.009078 0.992702,
        1.968504 -0.016101 0.986707,
        1.968504 -0.016884 0.985850,
        1.968504 -0.022698 0.977511,
        1.968504 -0.026728 0.967150,
        1.968504 -0.028719 0.950602,
        1.968504 -0.028474 0.944572,
        1.968504 -0.026308 0.932917,
        1.968504 0.019537 0.903899,
        1.968504 0.033121 0.906428,
        1.968504 -0.006678 0.908432,
        1.968504 0.001888 0.905134,
        1.968504 0.013925 0.903690,
        1.968504 -0.022204 0.923444,
        1.968504 -0.016930 0.916339,
        1.968504 -0.014534 0.913972,
        1.968504 -0.039619 3.976378,
        1.968504 0.016473 1.014031,
        1.968504 0.062019 3.976378,
        1.968504 0.016481 1.014031,
        1.968504 -0.036352 0.984972,
        1.968504 -0.027645 0.996347,
        1.968504 -0.024705 0.999155,
        1.968504 -0.013465 1.007037,
        1.968504 -0.039619 0.922433,
        1.968504 -0.042609 0.930079,
        1.968504 -0.046818 0.890887,
        1.968504 -0.044991 0.949681,
        1.968504 -0.044780 0.955951,
        1.968504 -0.046818 1.013018,
        1.968504 -0.042056 0.971631,
        1.968504 -0.039619 0.977332,
        1.968504 -0.008590 0.892899,
        1.968504 -0.019924 0.898245,
        1.968504 -0.039619 0.890887,
        1.968504 -0.029579 0.906269,
        1.968504 -0.030536 0.907312,
        1.968504 -0.037711 0.917557,
        1.968504 0.001174 0.890887,
        1.968504 -0.039619 0.855673,
        1.968504 0.004425 0.890217,
        1.968504 0.011684 0.889874,
        1.968504 0.062019 0.855673,
        1.968504 0.339392 0.924751,
        1.968504 0.351642 0.891900,
        1.968504 0.368773 0.891900,
        1.968504 0.907591 0.890887,
        1.968504 0.907591 1.013018,
        1.968504 0.907591 1.377953,
        1.968504 0.848472 3.971711,
        1.968504 0.805866 3.976378,
        1.968504 0.996009 3.830476,
        1.968504 0.295320 3.976378,
        1.968504 1.151686 1.377953,
        1.968504 0.980475 3.870423,
        1.968504 0.956663 3.906060,
        1.968504 0.925701 3.935699,
        1.968504 0.889059 3.957935,
        1.968504 0.428242 0.701367,
        1.968504 0.411111 0.701367,
        1.968504 0.295320 0.700354,
        1.968504 0.502048 0.701367,
        1.968504 0.489798 0.734218,
        1.968504 0.439786 0.734218,
        1.968504 0.519180 0.701367,
        1.968504 0.907591 0.700354,
        1.968504 0.473435 0.821471,
        1.968504 0.401179 0.741246,
        1.968504 0.404088 0.755308,
        1.968504 0.456856 0.821471,
        1.968504 0.404448 0.762954,
        1.968504 0.402440 0.779532,
        1.968504 0.395265 0.728824,
        1.968504 0.386334 0.718191,
        1.968504 0.373819 0.709213,
        1.968504 0.306664 0.821471,
        1.968504 0.295320 0.855673,
        1.968504 0.306664 0.701367,
        1.968504 0.339699 0.701367,
        1.968504 0.360134 0.703860,
        1.968504 0.907591 0.855673,
        1.968504 0.386334 0.805568,
        1.968504 0.390550 0.801446,
        1.968504 0.397991 0.790981,
        1.968504 0.340927 0.821471,
        1.968504 0.359265 0.819446,
        1.968504 0.373760 0.814151,
        1.968504 -1.165607 1.811024,
        1.968504 -1.229272 2.295276,
        1.968504 -1.350394 1.811024,
        1.968504 -1.456693 2.295276,
        1.968504 -1.487262 2.291251,
        1.968504 -1.515748 2.279452,
        1.968504 -1.540209 2.260682,
        1.968504 -1.558980 2.236220,
        1.968504 -1.570779 2.207735,
        1.968504 -1.574803 2.177165,
        1.968504 -1.350394 1.013018,
        1.968504 -1.574803 1.013018,
        1.968504 -1.350394 0.890887,
        1.968504 -1.574803 0.890887,
        1.968504 -1.350394 0.855673,
        1.968504 -1.574803 0.855673,
        1.968504 -1.350394 0.700354,
        1.968504 -1.574803 0.700354,
        1.968504 -1.350394 0.652777,
        1.968504 -1.574803 0.652777,
        1.968504 -1.350394 0.000000,
        1.968504 -1.574803 0.000000,
        1.968504 1.151686 0.000000,
        1.968504 1.614173 0.000000,
        1.968504 1.151686 0.652777,
        1.968504 1.614173 0.652777,
        1.968504 1.151686 0.700354,
        1.968504 1.614173 0.700354,
        1.968504 1.151686 0.855673,
        1.968504 1.614173 0.855673,
        1.968504 1.151686 0.890887,
        1.968504 1.614173 0.890887,
        1.968504 1.151686 1.013018,
        1.968504 1.614173 1.013018,
        1.968504 1.614173 1.523457,
        1.968504 0.250772 0.931780,
        1.968504 0.244859 0.919357,
        1.968504 0.211274 1.013018,
        1.968504 0.211274 1.009097,
        1.968504 0.223353 1.004685,
        1.968504 0.211274 0.894998,
        1.968504 0.211274 0.890887,
        1.968504 0.223412 0.899746,
        1.968504 0.235928 0.908725,
        1.968504 0.235928 0.996101,
        1.968504 0.240144 0.991980,
        1.968504 0.247584 0.981514,
        1.968504 0.252033 0.970065,
        1.968504 0.254042 0.953488,
        1.968504 0.253681 0.945842,
        1.968504 0.190520 1.012005,
        1.968504 0.208858 1.009980,
        1.968504 0.209728 0.894393,
        1.968504 0.189292 0.891900,
        1.968504 0.156257 0.891900,
        1.968504 0.156257 1.012005,
        1.968504 0.007169 0.702586,
        1.968504 0.001274 0.700354,
        1.968504 0.019635 0.701367,
        1.968504 -0.028630 0.741727,
        1.968504 -0.025864 0.766515,
        1.968504 -0.031736 0.736839,
        1.968504 -0.033556 0.731328,
        1.968504 0.007361 0.776357,
        1.968504 0.002258 0.776893,
        1.968504 -0.005785 0.752331,
        1.968504 0.011193 0.705175,
        1.968504 -0.016043 0.700386,
        1.968504 -0.021811 0.702560,
        1.968504 -0.039619 0.700354,
        1.968504 -0.024225 0.745791,
        1.968504 -0.018169 0.749125,
        1.968504 -0.015500 0.773033,
        1.968504 -0.006078 0.776089,
        1.968504 -0.025864 0.781130,
        1.968504 -0.022770 0.782922,
        1.968504 -0.026877 0.706095,
        1.968504 -0.028523 0.707759,
        1.968504 -0.031658 0.712368,
        1.968504 0.019635 0.714630,
        1.968504 0.019236 0.714630,
        1.968504 0.016054 0.709981,
        1.968504 -0.033489 0.717443,
        1.968504 -0.034246 0.724331,
        1.968504 0.059425 0.750428,
        1.968504 0.057467 0.753556,
        1.968504 0.034679 0.756568,
        1.968504 0.055806 0.758148,
        1.968504 0.033224 0.769155,
        1.968504 0.055157 0.763998,
        1.968504 0.019635 0.755893,
        1.968504 0.019114 0.762536,
        1.968504 0.017559 0.767896,
        1.968504 0.015792 0.770995,
        1.968504 0.019986 0.785957,
        1.968504 0.024788 0.782957,
        1.968504 0.060326 0.778274,
        1.968504 0.061886 0.747854,
        1.968504 0.055065 0.719911,
        1.968504 0.062019 0.747766,
        1.968504 0.061503 0.715989,
        1.968504 0.062019 0.715804,
        1.968504 -0.011586 0.787259,
        1.968504 0.003671 0.789112,
        1.968504 0.013932 0.788036,
        1.968504 0.055748 0.769363,
        1.968504 0.057535 0.774207,
        1.968504 0.030754 0.775620,
        1.968504 0.027577 0.780275,
        1.968504 0.013519 0.773416,
        1.968504 0.010849 0.775137,
        1.968504 0.001142 0.700304,
        1.968504 0.062019 0.652777,
        1.968504 -0.039619 0.652777,
        1.968504 -0.007044 0.699341,
        1.968504 -0.015769 0.700354,
        1.968504 0.055065 0.704376,
        1.968504 0.034679 0.701367,
        1.968504 0.062019 0.701935,
        1.968504 0.062019 0.700354,
        1.968504 0.065662 0.700656,
        1.968504 0.068573 0.700354,
        1.968504 0.078337 0.699341,
        1.968504 0.108885 0.785305,
        1.968504 0.108885 0.770691,
        1.968504 0.064797 0.782296,
        1.968504 0.068523 0.784583,
        1.968504 0.104377 0.742085,
        1.968504 0.107964 0.738884,
        1.968504 0.062019 0.779796,
        1.968504 0.112283 0.718657,
        1.968504 0.110437 0.713889,
        1.968504 0.107633 0.709922,
        1.968504 0.076592 0.787685,
        1.968504 0.088560 0.789112,
        1.968504 0.116913 0.855673,
        1.968504 0.099114 0.788176,
        1.968504 0.110771 0.734741,
        1.968504 0.112376 0.730306,
        1.968504 0.112999 0.724700,
        1.968504 0.075601 0.756122,
        1.968504 0.088560 0.749998,
        1.968504 0.087087 0.776893,
        1.968504 0.103328 0.706156,
        1.968504 0.099801 0.703990,
        1.968504 0.094385 0.747641,
        1.968504 0.104841 0.772961,
        1.968504 0.096292 0.775924,
        1.968504 0.082633 0.776559,
        1.968504 0.078609 0.775493,
        1.968504 0.070661 0.765349,
        1.968504 0.075236 0.773700,
        1.968504 0.070798 0.763348,
        1.968504 0.071395 0.761011,
        1.968504 0.072479 0.758981,
        1.968504 0.073946 0.757367,
        1.968504 0.072966 0.771694,
        1.968504 0.071676 0.769779,
        1.968504 0.070933 0.767748,
        1.968504 0.070963 0.712588,
        1.968504 0.077938 0.739069,
        1.968504 0.068970 0.743178,
        1.968504 0.079811 0.711621,
        1.968504 0.080475 0.711625,
        1.968504 0.087816 0.734931,
        1.968504 0.088187 0.712490,
        1.968504 0.097556 0.723226,
        1.968504 0.097409 0.725098,
        1.968504 0.092069 0.713910,
        1.968504 0.093440 0.714743,
        1.968504 0.095167 0.716275,
        1.968504 0.096480 0.718217,
        1.968504 0.097244 0.720356,
        1.968504 0.096725 0.727447,
        1.968504 0.095562 0.729441,
        1.968504 0.093687 0.731393,
        1.968504 0.187573 0.787147,
        1.968504 0.203169 0.787147,
        1.968504 0.211274 0.855673,
        1.968504 0.160064 0.722674,
        1.968504 0.161906 0.715612,
        1.968504 0.162306 0.715612,
        1.968504 0.144913 0.855673,
        1.968504 0.144913 0.766259,
        1.968504 0.164148 0.722551,
        1.968504 0.162996 0.718552,
        1.968504 0.144913 0.700354,
        1.968504 0.144913 0.725879,
        1.968504 0.120828 0.787147,
        1.968504 0.137652 0.787147,
        1.968504 0.154476 0.701551,
        1.968504 0.153970 0.700354,
        1.968504 0.147876 0.685955,
        1.968504 0.116913 0.652777,
        1.968504 0.123928 0.662192,
        1.968504 0.123928 0.675578,
        1.968504 0.142054 0.677348,
        1.968504 0.144857 0.680450,
        1.968504 0.144913 0.680551,
        1.968504 0.127006 0.674569,
        1.968504 0.132463 0.673858,
        1.968504 0.144913 0.663646,
        1.968504 0.139708 0.661663,
        1.968504 0.144913 0.652777,
        1.968504 0.133630 0.660964,
        1.968504 0.130309 0.661083,
        1.968504 0.136363 0.674334,
        1.968504 0.139627 0.675639,
        1.968504 0.164240 0.688411,
        1.968504 0.157428 0.675146,
        1.968504 0.211274 0.652777,
        1.968504 0.168948 0.700354,
        1.968504 0.151924 0.668535,
        1.968504 0.150899 0.667596,
        1.968504 0.145644 0.663924,
        1.968504 0.257373 0.755463,
        1.968504 0.234884 0.755463,
        1.968504 0.257373 0.715060,
        1.968504 0.234884 0.715060,
        1.968504 0.281243 0.821471,
        1.968504 0.281243 0.807656,
        1.968504 0.283976 0.715060,
        1.968504 0.283976 0.701367,
        1.968504 0.257373 0.700354,
        1.968504 0.277835 0.755463,
        1.968504 0.277835 0.769217,
        1.968504 0.257373 0.769217,
        1.968504 0.257373 0.807656,
        1.968504 0.234884 0.807656,
        1.968504 0.234884 0.769217,
        1.968504 0.257373 0.701367,
        1.968504 0.219380 0.701367,
        1.968504 0.211274 0.700354,
        1.968504 0.219380 0.821471,
        1.968504 0.257373 0.821471,
        1.968504 0.257373 0.855673,
        1.968504 0.116913 3.976378,
        1.968504 0.144913 3.976378,
        1.968504 0.211274 3.976378,
        1.968504 0.257373 3.976378,
        1.968504 -0.046818 3.976378,
        1.968504 -0.049904 0.905593,
        1.968504 -0.049904 0.891900,
        1.968504 -0.113241 0.891900,
        1.968504 -0.113241 1.012005,
        1.968504 -0.097736 1.012005,
        1.968504 -0.097736 0.905593,
        1.968504 -0.046818 0.855673,
        1.968504 -0.046818 0.700354,
        1.968504 -0.113241 0.701367,
        1.968504 -0.048645 0.701367,
        1.968504 -0.048645 0.715060,
        1.968504 -0.051377 0.807656,
        1.968504 -0.113241 0.821471,
        1.968504 -0.051377 0.821471,
        1.968504 -0.097736 0.755463,
        1.968504 -0.097736 0.715060,
        1.968504 -0.054785 0.755463,
        1.968504 -0.054785 0.769217,
        1.968504 -0.097736 0.769217,
        1.968504 -0.097736 0.807656,
        1.968504 0.257373 0.652777,
        1.968504 0.295320 0.652777,
        1.968504 0.907591 0.652777,
        1.968504 -0.046818 0.652777,
        1.968504 -0.046818 0.000000,
        1.968504 -0.039619 0.000000,
        1.968504 0.062019 0.000000,
        1.968504 0.116913 0.000000,
        1.968504 0.144913 0.000000,
        1.968504 0.211274 0.000000,
        1.968504 0.257373 0.000000,
        1.968504 0.295320 0.000000,
        1.968504 0.907591 0.000000,
        -2.019170 -1.309843 1.771654,
        -2.106957 -1.383661 1.771654,
        -2.019170 -1.309843 0.000000,
        -2.106957 -1.383661 0.000000,
        -2.192913 -1.383661 1.771654,
        -2.192913 -1.383661 0.000000,
        -2.192913 -1.073031 1.771654,
        -2.192913 -1.073031 0.000000,
        -2.106957 -1.073031 1.771654,
        -2.106957 -1.073031 0.000000,
        -2.019170 -1.146850 1.771654,
        -2.019170 -1.146850 0.000000,
        -1.968504 -1.309843 1.771654,
        -1.968504 -1.146850 1.771654,
        -1.968504 -1.146850 0.000000,
        -1.968504 -1.309843 0.000000,
        -0.235236 1.358268 0.000000,
        -1.731299 1.358268 0.000000,
        -1.968504 1.614173 0.000000,
        -1.731299 0.897860 0.000000,
        -1.968504 -1.574803 0.000000,
        -2.019170 1.056607 0.000000,
        -1.968504 1.056607 0.000000,
        -1.968504 0.893615 0.000000,
        -1.731299 -0.873794 0.000000,
        -0.235236 -0.873794 0.000000,
        -2.019170 0.893615 0.000000,
        -2.106957 0.819796 0.000000,
        -2.106957 1.130426 0.000000,
        -2.192913 0.819796 0.000000,
        -2.192913 1.130426 0.000000,
        -1.475394 1.161417 0.000000,
        -1.475394 0.897860 0.000000,
        -1.731299 1.161417 0.000000,
        0.237205 0.897860 0.000000,
        -0.235236 0.897860 0.000000,
        -0.491142 0.897860 0.000000,
        -0.491142 1.161417 0.000000,
        -0.235236 1.161417 0.000000,
        0.237205 1.161417 0.000000,
        0.493110 1.161417 0.000000,
        0.493110 0.897860 0.000000,
        0.237205 1.358268 0.000000,
        1.731299 -0.873794 0.000000,
        1.913429 -1.106299 0.000000,
        1.809012 -1.018504 0.000000,
        1.739173 -1.018504 0.000000,
        0.237205 -0.873794 0.000000,
        1.739173 -1.438189 0.000000,
        1.913429 -1.350394 0.000000,
        1.809012 -1.438189 0.000000,
        1.475394 0.897860 0.000000,
        1.475394 1.161417 0.000000,
        1.731299 0.897860 0.000000,
        1.731299 1.161417 0.000000,
        1.913429 0.907591 0.000000,
        1.809012 0.819796 0.000000,
        1.739173 0.819796 0.000000,
        1.913429 1.151686 0.000000,
        1.809012 1.239481 0.000000,
        1.731299 1.358268 0.000000,
        1.739173 1.239481 0.000000,
        -1.968504 1.614173 1.523457,
        -1.968504 1.056607 1.771654,
        -1.968504 -0.767672 3.976378,
        -1.968504 0.805866 3.976378,
        -1.968504 0.893615 1.771654,
        -1.968504 -0.813069 3.971072,
        -1.968504 -1.574803 2.177165,
        -1.968504 -0.948423 3.857496,
        -1.968504 -0.925570 3.897079,
        -1.968504 -0.961531 3.813710,
        -1.968504 0.848472 3.971711,
        -1.968504 0.889059 3.957935,
        -1.968504 0.925701 3.935699,
        -1.968504 0.956663 3.906060,
        -1.968504 0.980475 3.870423,
        -1.968504 0.996009 3.830476,
        -1.968504 -1.456693 2.295276,
        -1.968504 -1.229272 2.295276,
        -1.968504 -0.894205 3.930324,
        -1.968504 -0.856018 3.955440,
        -1.968504 -1.570779 2.207735,
        -1.968504 -1.558980 2.236220,
        -1.968504 -1.540209 2.260682,
        -1.968504 -1.515748 2.279452,
        -1.968504 -1.487262 2.291251,
        -2.106957 1.130426 1.771654,
        -2.019170 1.056607 1.771654,
        -2.192913 1.130426 1.771654,
        -2.192913 0.819796 1.771654,
        -2.106957 0.819796 1.771654,
        -2.019170 0.893615 1.771654,
        -0.983268 -0.578518 3.031496,
        -0.983268 -0.578518 2.921260,
        -1.114678 -0.563712 3.031496,
        -1.114678 -0.563712 2.921260,
        -1.239498 -0.520035 3.031496,
        -1.239498 -0.520035 2.921260,
        -1.351470 -0.449678 3.031496,
        -1.351470 -0.449678 2.921260,
        -1.444979 -0.356170 3.031496,
        -1.444979 -0.356170 2.921260,
        -1.515336 -0.244198 3.031496,
        -1.515336 -0.244198 2.921260,
        -1.559013 -0.119377 3.031496,
        -1.559013 -0.119377 2.921260,
        -1.573819 0.012033 3.031496,
        -1.573819 0.012033 2.921260,
        -1.559013 0.143443 3.031496,
        -1.559013 0.143443 2.921260,
        -1.515336 0.268264 3.031496,
        -1.515336 0.268264 2.921260,
        -1.444979 0.380236 3.031496,
        -1.444979 0.380236 2.921260,
        -1.351470 0.473744 3.031496,
        -1.351470 0.473744 2.921260,
        -1.239498 0.544101 3.031496,
        -1.239498 0.544101 2.921260,
        -1.114678 0.587778 3.031496,
        -1.114678 0.587778 2.921260,
        -0.983268 0.602584 3.031496,
        -0.983268 0.602584 2.921260,
        -0.851858 0.587778 3.031496,
        -0.851858 0.587778 2.921260,
        -0.727037 0.544101 3.031496,
        -0.727037 0.544101 2.921260,
        -0.615065 0.473744 3.031496,
        -0.615065 0.473744 2.921260,
        -0.521556 0.380236 3.031496,
        -0.521556 0.380236 2.921260,
        -0.451200 0.268264 3.031496,
        -0.451200 0.268264 2.921260,
        -0.407523 0.143443 3.031496,
        -0.407523 0.143443 2.921260,
        -0.392717 0.012033 3.031496,
        -0.392717 0.012033 2.921260,
        -0.407523 -0.119377 3.031496,
        -0.407523 -0.119377 2.921260,
        -0.451200 -0.244198 3.031496,
        -0.451200 -0.244198 2.921260,
        -0.521556 -0.356170 3.031496,
        -0.521556 -0.356170 2.921260,
        -0.615065 -0.449678 3.031496,
        -0.615065 -0.449678 2.921260,
        -0.727037 -0.520035 3.031496,
        -0.727037 -0.520035 2.921260,
        -0.851858 -0.563712 3.031496,
        -0.851858 -0.563712 2.921260,
        -0.392452 -1.203951 1.938444,
        -1.574748 -1.205711 1.941085,
        -0.397765 -1.189868 1.901343,
        -1.574084 -1.203951 1.938444,
        -1.568770 -1.189868 1.901343,
        -0.391787 -1.205711 1.941085,
        -0.382819 -1.229478 1.976751,
        -1.583717 -1.229478 1.976751,
        -0.371007 -1.260778 2.005897,
        -1.595528 -1.260778 2.005897,
        -1.584280 -1.230970 1.978989,
        -0.382256 -1.230970 1.978989,
        -0.357180 -1.297419 2.027657,
        -1.609355 -1.297419 2.027657,
        -1.597985 -1.267289 2.011774,
        -0.368550 -1.267289 2.011774,
        -1.614318 -1.310571 2.034589,
        -0.352217 -1.310571 2.034589,
        -0.341960 -1.337752 2.041131,
        -0.326013 -1.380011 2.047244,
        -1.640522 -1.380011 2.047244,
        -0.334306 -1.358037 2.046014,
        -1.632230 -1.358037 2.046014,
        -1.624575 -1.337752 2.041131,
        -0.441929 -1.072835 1.464567,
        -1.524606 -1.072835 1.464567,
        -1.516381 -0.521081 3.031496,
        -1.402133 -0.614843 3.031496,
        -1.271787 -0.684514 3.031496,
        -1.130354 -0.727417 3.031496,
        -0.983268 -0.741904 3.031496,
        -0.836182 -0.727417 3.031496,
        -0.694748 -0.684514 3.031496,
        -0.564403 -0.614843 3.031496,
        -0.450154 -0.521081 3.031496,
        -0.356392 -0.406832 3.031496,
        -0.286721 -0.276486 3.031496,
        -0.243817 -0.135053 3.031496,
        -0.229331 0.012033 3.031496,
        -0.243817 0.159119 3.031496,
        -0.286721 0.300552 3.031496,
        -1.516381 0.545147 3.031496,
        -1.610143 0.430898 3.031496,
        -1.679815 0.300552 3.031496,
        -1.722718 0.159119 3.031496,
        -1.737205 0.012033 3.031496,
        -1.722718 -0.135053 3.031496,
        -1.679815 -0.276486 3.031496,
        -1.610143 -0.406832 3.031496,
        -0.356392 0.430898 3.031496,
        -0.450154 0.545147 3.031496,
        -0.564403 0.638909 3.031496,
        -0.694748 0.708580 3.031496,
        -0.836182 0.751483 3.031496,
        -0.983268 0.765970 3.031496,
        -1.130354 0.751483 3.031496,
        -1.271787 0.708580 3.031496,
        -1.402133 0.638909 3.031496,
        -1.524606 -1.072835 0.696850,
        -1.524606 -0.873794 1.464567,
        -1.524606 -0.873794 0.696850,
        -0.441929 -0.873794 1.464567,
        -0.441929 -1.072835 0.696850,
        -0.441929 -0.873794 0.696850,
        -1.731299 -0.873794 2.921260,
        -0.235236 -0.873794 2.921260,
        -0.235236 0.897860 2.921260,
        -1.731299 0.897860 2.921260,
        -1.731299 1.161417 1.574803,
        -1.731299 1.358268 1.574803,
        -1.475394 1.161417 1.574803,
        -1.337598 1.358268 1.574803,
        -0.491142 0.897860 1.574803,
        -1.475394 0.897860 1.574803,
        -0.491142 1.161417 1.574803,
        -0.628937 1.358268 1.574803,
        -0.235236 1.161417 1.574803,
        -0.235236 1.358268 1.574803,
        -1.337598 1.395669 1.574803,
        -0.628937 1.395669 1.574803,
        -0.252507 -1.574803 0.345368,
        -0.252507 -1.574803 2.047244,
        -1.714028 -1.574803 2.047244,
        -1.714028 -1.574803 0.345368,
        -0.983268 -0.741904 3.976378,
        -1.130354 -0.727417 3.976378,
        -1.271787 -0.684514 3.976378,
        -1.402133 -0.614843 3.976378,
        -1.516381 -0.521081 3.976378,
        -1.610143 -0.406832 3.976378,
        -1.679815 -0.276486 3.976378,
        -1.722718 -0.135053 3.976378,
        -1.737205 0.012033 3.976378,
        -1.722718 0.159119 3.976378,
        -1.679815 0.300552 3.976378,
        -1.610143 0.430898 3.976378,
        -1.516381 0.545147 3.976378,
        -1.402133 0.638909 3.976378,
        -1.271787 0.708580 3.976378,
        -1.130354 0.751483 3.976378,
        -0.983268 0.765970 3.976378,
        -0.836182 0.751483 3.976378,
        -0.694748 0.708580 3.976378,
        -0.564403 0.638909 3.976378,
        -0.450154 0.545147 3.976378,
        -0.356392 0.430898 3.976378,
        -0.286721 0.300552 3.976378,
        -0.243817 0.159119 3.976378,
        -0.229331 0.012033 3.976378,
        -0.243817 -0.135053 3.976378,
        -0.286721 -0.276486 3.976378,
        -0.356392 -0.406832 3.976378,
        -0.450154 -0.521081 3.976378,
        -0.564403 -0.614843 3.976378,
        -0.694748 -0.684514 3.976378,
        -0.836182 -0.727417 3.976378,
        -0.628937 1.395669 2.338924,
        -1.337598 1.395669 2.338924,
        -1.337598 1.358268 0.775591,
        -0.628937 1.358268 0.775591,
        -0.628937 1.614173 0.775591,
        -0.628937 1.614173 1.523457,
        -1.337598 1.614173 0.775591,
        -1.337598 1.614173 1.523457,
        1.337598 1.614173 1.523457,
        1.337598 1.614173 0.775591,
        0.630906 1.614173 1.523457,
        0.630906 1.614173 0.775591,
        1.337598 1.395669 2.338924,
        0.630906 1.395669 2.338924,
        1.131198 -0.727249 3.976378,
        0.984252 -0.741903 3.976378,
        1.272469 -0.684231 3.976378,
        1.131198 0.751315 3.976378,
        1.272469 0.708297 3.976378,
        1.402644 0.638567 3.976378,
        1.679909 -0.276259 3.976378,
        1.610348 -0.406525 3.976378,
        1.722742 0.158998 3.976378,
        1.516730 -0.520733 3.976378,
        1.402644 -0.614501 3.976378,
        1.737205 0.012033 3.976378,
        0.837306 0.751315 3.976378,
        0.984252 0.765969 3.976378,
        1.679909 0.300325 3.976378,
        1.610348 0.430591 3.976378,
        1.516730 0.544799 3.976378,
        0.837306 -0.727249 3.976378,
        1.722742 -0.134932 3.976378,
        0.696035 -0.684231 3.976378,
        0.565860 -0.614501 3.976378,
        0.358156 -0.406525 3.976378,
        0.288595 -0.276259 3.976378,
        0.696035 0.708297 3.976378,
        0.565860 0.638567 3.976378,
        0.451774 0.544799 3.976378,
        0.288595 0.300325 3.976378,
        0.358156 0.430591 3.976378,
        0.451774 -0.520733 3.976378,
        0.245762 -0.134932 3.976378,
        0.231299 0.012033 3.976378,
        0.245762 0.158998 3.976378,
        0.254476 -1.574803 2.047244,
        0.254476 -1.574803 0.345368,
        1.666673 -1.574803 0.345368,
        1.666673 -1.574803 2.047244,
        1.913429 1.151686 1.377953,
        1.913429 0.907591 1.377953,
        1.809012 1.239481 1.377953,
        1.809012 0.819796 1.377953,
        1.739173 1.239481 1.377953,
        1.739173 0.819796 1.377953,
        1.913429 -1.350394 1.811024,
        1.913429 -1.106299 1.811024,
        1.809012 -1.018504 1.811024,
        1.809012 -1.438189 1.811024,
        1.739173 -1.018504 1.811024,
        1.739173 -1.438189 1.811024,
        0.984252 0.602583 3.031496,
        0.984252 0.602583 2.921260,
        1.115500 0.587590 3.031496,
        1.115500 0.587590 2.921260,
        1.240131 0.543796 3.031496,
        1.240131 0.543796 2.921260,
        1.351910 0.473394 3.031496,
        1.351910 0.473394 2.921260,
        1.445242 0.379906 3.031496,
        1.445242 0.379906 2.921260,
        1.515458 0.268010 3.031496,
        1.515458 0.268010 2.921260,
        1.559044 0.143306 3.031496,
        1.559044 0.143306 2.921260,
        1.573819 0.012033 3.031496,
        1.573819 0.012033 2.921260,
        1.559044 -0.119240 3.031496,
        1.559044 -0.119240 2.921260,
        1.515458 -0.243944 3.031496,
        1.515458 -0.243944 2.921260,
        1.445242 -0.355840 3.031496,
        1.445242 -0.355840 2.921260,
        1.351910 -0.449328 3.031496,
        1.351910 -0.449328 2.921260,
        1.240131 -0.519730 3.031496,
        1.240131 -0.519730 2.921260,
        1.115500 -0.563524 3.031496,
        1.115500 -0.563524 2.921260,
        0.984252 -0.578517 3.031496,
        0.984252 -0.578517 2.921260,
        1.524606 -1.072835 0.696850,
        1.524606 -1.072835 1.464567,
        1.524606 -0.873794 0.696850,
        1.524606 -0.873794 1.464567,
        1.475394 0.897860 1.574803,
        1.475394 1.161417 1.574803,
        1.337598 1.358268 0.775591,
        1.337598 1.358268 1.574803,
        1.337598 1.395669 1.574803,
        0.984252 0.765969 3.031496,
        1.131198 0.751315 3.031496,
        1.272469 0.708297 3.031496,
        1.402644 0.638567 3.031496,
        1.516730 0.544799 3.031496,
        1.610348 0.430591 3.031496,
        1.679909 0.300325 3.031496,
        1.722742 0.158998 3.031496,
        1.737205 0.012033 3.031496,
        1.722742 -0.134932 3.031496,
        1.679909 -0.276259 3.031496,
        1.610348 -0.406525 3.031496,
        1.516730 -0.520733 3.031496,
        1.402644 -0.614501 3.031496,
        1.272469 -0.684231 3.031496,
        1.131198 -0.727249 3.031496,
        0.984252 -0.741903 3.031496,
        1.731299 -0.873794 2.921260,
        1.731299 0.897860 2.921260,
        1.731299 1.161417 1.574803,
        1.731299 1.358268 1.574803,
        1.611543 -1.380011 2.047244,
        1.579966 -1.268439 2.012572,
        1.569650 -1.231991 1.980163,
        1.561783 -1.204192 1.938925,
        1.557729 -1.189868 1.901343,
        1.605434 -1.358426 2.046057,
        1.592203 -1.311676 2.035002,
        0.630906 1.358268 1.574803,
        0.237205 1.358268 1.574803,
        0.630906 1.358268 0.775591,
        0.443898 -1.072835 0.696850,
        0.837306 -0.727249 3.031496,
        0.696035 -0.684231 3.031496,
        0.565860 -0.614501 3.031496,
        0.451774 -0.520733 3.031496,
        0.358156 -0.406525 3.031496,
        0.288595 -0.276259 3.031496,
        0.245762 -0.134932 3.031496,
        0.231299 0.012033 3.031496,
        0.245762 0.158998 3.031496,
        0.288595 0.300325 3.031496,
        0.358156 0.430591 3.031496,
        0.451774 0.544799 3.031496,
        0.565860 0.638567 3.031496,
        0.696035 0.708297 3.031496,
        0.837306 0.751315 3.031496,
        0.523262 -0.355840 3.031496,
        0.616594 -0.449328 3.031496,
        0.728372 -0.519730 3.031496,
        0.853004 -0.563524 3.031496,
        0.853004 0.587590 3.031496,
        0.728372 0.543796 3.031496,
        0.616594 0.473394 3.031496,
        0.523262 0.379906 3.031496,
        0.453046 0.268010 3.031496,
        0.409460 0.143306 3.031496,
        0.394685 0.012033 3.031496,
        0.409460 -0.119240 3.031496,
        0.453046 -0.243944 3.031496,
        0.399734 -1.189868 1.901343,
        0.443898 -1.072835 1.464567,
        0.493110 0.897860 1.574803,
        0.493110 1.161417 1.574803,
        0.630906 1.395669 1.574803,
        0.443898 -0.873794 1.464567,
        0.327982 -1.380011 2.047244,
        0.394420 -1.203951 1.938444,
        0.336274 -1.358037 2.046014,
        0.384224 -1.230970 1.978989,
        0.370519 -1.267289 2.011774,
        0.354186 -1.310571 2.034589,
        0.393756 -1.205711 1.941085,
        1.562200 -1.205666 1.941112,
        1.568980 -1.229623 1.976651,
        0.384787 -1.229478 1.976751,
        1.577816 -1.260841 2.005816,
        0.372976 -1.260778 2.005897,
        1.588172 -1.297433 2.027613,
        0.359149 -1.297419 2.027657,
        1.599579 -1.337739 2.041165,
        0.343929 -1.337752 2.041131,
        0.237205 1.161417 1.574803,
        0.443898 -0.873794 0.696850,
        0.237205 -0.873794 2.921260,
        0.853004 -0.563524 2.921260,
        0.728372 -0.519730 2.921260,
        0.616594 -0.449328 2.921260,
        0.523262 -0.355840 2.921260,
        0.453046 -0.243944 2.921260,
        0.409460 -0.119240 2.921260,
        0.394685 0.012033 2.921260,
        0.409460 0.143306 2.921260,
        0.453046 0.268010 2.921260,
        0.523262 0.379906 2.921260,
        0.616594 0.473394 2.921260,
        0.728372 0.543796 2.921260,
        0.853004 0.587590 2.921260,
        0.237205 0.897860 2.921260,
      ]
    }
    coordIndex [
      0, 1, 2, -1,
      3, 4, 5, -1,
      6, 7, 8, -1,
      8, 7, 9, -1,
      10, 11, 8, -1,
      8, 11, 12, -1,
      8, 12, 13, -1,
      13, 14, 8, -1,
      8, 14, 15, -1,
      8, 15, 6, -1,
      16, 17, 18, -1,
      18, 17, 19, -1,
      18, 19, 20, -1,
      21, 22, 23, -1,
      24, 25, 17, -1,
      17, 25, 26, -1,
      17, 26, 27, -1,
      20, 19, 23, -1,
      23, 19, 28, -1,
      23, 28, 21, -1,
      24, 29, 30, -1,
      30, 29, 31, -1,
      30, 31, 32, -1,
      33, 34, 31, -1,
      31, 34, 35, -1,
      31, 35, 36, -1,
      31, 37, 32, -1,
      32, 37, 38, -1,
      32, 38, 39, -1,
      39, 38, 40, -1,
      39, 40, 41, -1,
      36, 42, 31, -1,
      31, 42, 43, -1,
      31, 43, 37, -1,
      44, 45, 46, -1,
      44, 46, 47, -1,
      45, 48, 46, -1,
      46, 48, 49, -1,
      46, 49, 50, -1,
      50, 49, 51, -1,
      51, 52, 50, -1,
      50, 52, 53, -1,
      50, 53, 33, -1,
      33, 53, 54, -1,
      33, 54, 34, -1,
      55, 47, 56, -1,
      56, 47, 46, -1,
      56, 46, 57, -1,
      57, 46, 58, -1,
      57, 58, 59, -1,
      59, 58, 60, -1,
      61, 62, 58, -1,
      58, 62, 63, -1,
      58, 63, 60, -1,
      64, 65, 66, -1,
      66, 65, 67, -1,
      66, 67, 61, -1,
      61, 67, 68, -1,
      61, 68, 62, -1,
      69, 70, 71, -1,
      71, 70, 72, -1,
      72, 73, 71, -1,
      71, 73, 74, -1,
      71, 74, 64, -1,
      75, 76, 77, -1,
      78, 79, 80, -1,
      81, 82, 83, -1,
      84, 85, 86, -1,
      86, 85, 87, -1,
      78, 80, 88, -1,
      81, 83, 89, -1,
      90, 91, 85, -1,
      85, 91, 92, -1,
      85, 92, 93, -1,
      77, 76, 83, -1,
      83, 76, 94, -1,
      83, 94, 89, -1,
      79, 95, 80, -1,
      80, 95, 96, -1,
      80, 96, 97, -1,
      98, 99, 100, -1,
      100, 99, 101, -1,
      100, 101, 102, -1,
      103, 93, 104, -1,
      104, 93, 105, -1,
      104, 105, 100, -1,
      100, 105, 106, -1,
      100, 106, 98, -1,
      103, 107, 93, -1,
      93, 107, 108, -1,
      93, 108, 85, -1,
      85, 108, 109, -1,
      85, 109, 87, -1,
      110, 111, 112, -1,
      112, 111, 113, -1,
      112, 113, 80, -1,
      80, 113, 114, -1,
      80, 114, 88, -1,
      115, 116, 80, -1,
      80, 116, 117, -1,
      80, 117, 85, -1,
      85, 117, 118, -1,
      85, 118, 90, -1,
      119, 120, 69, -1,
      69, 120, 121, -1,
      69, 121, 122, -1,
      122, 123, 69, -1,
      69, 123, 124, -1,
      69, 124, 125, -1,
      125, 124, 110, -1,
      125, 110, 126, -1,
      126, 110, 112, -1,
      82, 127, 83, -1,
      83, 127, 128, -1,
      83, 128, 69, -1,
      69, 128, 129, -1,
      69, 129, 119, -1,
      97, 130, 80, -1,
      80, 130, 131, -1,
      80, 131, 132, -1,
      132, 133, 80, -1,
      80, 133, 134, -1,
      80, 134, 115, -1,
      135, 136, 137, -1,
      137, 93, 135, -1,
      135, 93, 92, -1,
      135, 92, 138, -1,
      138, 92, 139, -1,
      139, 140, 138, -1,
      138, 140, 141, -1,
      138, 141, 142, -1,
      143, 144, 145, -1,
      144, 146, 145, -1,
      145, 146, 147, -1,
      145, 147, 148, -1,
      149, 145, 150, -1,
      136, 135, 149, -1,
      149, 135, 151, -1,
      149, 151, 145, -1,
      145, 151, 152, -1,
      145, 152, 143, -1,
      150, 153, 149, -1,
      149, 153, 154, -1,
      149, 154, 155, -1,
      148, 147, 156, -1,
      156, 147, 157, -1,
      156, 157, 158, -1,
      158, 157, 159, -1,
      158, 159, 160, -1,
      161, 162, 155, -1,
      155, 162, 163, -1,
      155, 163, 149, -1,
      7, 164, 9, -1,
      9, 164, 165, -1,
      9, 165, 77, -1,
      77, 165, 166, -1,
      77, 166, 75, -1,
      167, 168, 169, -1,
      169, 168, 170, -1,
      169, 170, 171, -1,
      171, 170, 172, -1,
      171, 172, 173, -1,
      173, 172, 174, -1,
      173, 174, 175, -1,
      175, 174, 176, -1,
      175, 176, 177, -1,
      178, 179, 180, -1,
      180, 179, 181, -1,
      182, 183, 184, -1,
      184, 183, 185, -1,
      178, 180, 186, -1,
      186, 180, 187, -1,
      186, 187, 188, -1,
      188, 187, 189, -1,
      188, 189, 190, -1,
      189, 191, 190, -1,
      190, 191, 192, -1,
      190, 192, 193, -1,
      194, 195, 196, -1,
      184, 189, 182, -1,
      182, 189, 187, -1,
      182, 187, 197, -1,
      197, 187, 198, -1,
      197, 198, 196, -1,
      196, 198, 199, -1,
      196, 199, 194, -1,
      185, 183, 200, -1,
      200, 183, 201, -1,
      200, 201, 194, -1,
      202, 203, 201, -1,
      201, 203, 204, -1,
      201, 204, 205, -1,
      206, 207, 195, -1,
      207, 208, 195, -1,
      195, 208, 209, -1,
      195, 209, 210, -1,
      211, 212, 206, -1,
      194, 201, 195, -1,
      195, 201, 205, -1,
      195, 205, 206, -1,
      206, 205, 213, -1,
      206, 213, 211, -1,
      212, 214, 206, -1,
      206, 214, 215, -1,
      206, 215, 216, -1,
      216, 217, 206, -1,
      206, 217, 218, -1,
      206, 218, 219, -1,
      219, 220, 206, -1,
      206, 220, 221, -1,
      206, 221, 222, -1,
      223, 224, 222, -1,
      222, 224, 225, -1,
      222, 225, 206, -1,
      226, 227, 228, -1,
      223, 229, 224, -1,
      224, 229, 230, -1,
      224, 230, 228, -1,
      228, 230, 231, -1,
      228, 231, 226, -1,
      232, 233, 234, -1,
      234, 233, 235, -1,
      234, 235, 202, -1,
      5, 236, 237, -1,
      237, 238, 5, -1,
      5, 238, 239, -1,
      5, 239, 3, -1,
      240, 241, 242, -1,
      242, 241, 243, -1,
      243, 244, 245, -1,
      245, 244, 246, -1,
      245, 246, 5, -1,
      5, 246, 247, -1,
      5, 247, 236, -1,
      248, 249, 250, -1,
      249, 251, 250, -1,
      250, 251, 252, -1,
      250, 252, 253, -1,
      248, 250, 254, -1,
      254, 250, 255, -1,
      254, 255, 256, -1,
      256, 255, 257, -1,
      257, 255, 258, -1,
      257, 258, 210, -1,
      259, 167, 260, -1,
      260, 167, 169, -1,
      260, 169, 261, -1,
      261, 169, 262, -1,
      261, 262, 177, -1,
      177, 262, 263, -1,
      177, 263, 175, -1,
      175, 263, 264, -1,
      265, 266, 267, -1,
      267, 266, 268, -1,
      267, 268, 269, -1,
      267, 270, 271, -1,
      271, 272, 267, -1,
      267, 272, 273, -1,
      267, 273, 265, -1,
      274, 275, 276, -1,
      277, 278, 279, -1,
      279, 274, 277, -1,
      277, 274, 276, -1,
      277, 276, 280, -1,
      280, 276, 281, -1,
      280, 281, 282, -1,
      283, 275, 284, -1,
      284, 275, 285, -1,
      284, 285, 286, -1,
      286, 285, 287, -1,
      283, 288, 275, -1,
      275, 288, 289, -1,
      275, 289, 290, -1,
      291, 292, 293, -1,
      293, 292, 276, -1,
      293, 276, 294, -1,
      294, 276, 275, -1,
      294, 275, 295, -1,
      295, 275, 290, -1,
      281, 296, 282, -1,
      282, 296, 292, -1,
      282, 292, 285, -1,
      297, 298, 285, -1,
      285, 298, 299, -1,
      285, 299, 287, -1,
      291, 300, 292, -1,
      292, 300, 301, -1,
      292, 301, 285, -1,
      285, 301, 302, -1,
      285, 302, 297, -1,
      24, 17, 29, -1,
      29, 17, 16, -1,
      29, 16, 303, -1,
      303, 16, 304, -1,
      303, 304, 305, -1,
      305, 304, 306, -1,
      305, 306, 307, -1,
      307, 308, 305, -1,
      305, 308, 309, -1,
      305, 309, 310, -1,
      310, 311, 305, -1,
      305, 311, 312, -1,
      305, 312, 313, -1,
      313, 312, 314, -1,
      313, 314, 315, -1,
      315, 314, 316, -1,
      315, 316, 317, -1,
      317, 316, 318, -1,
      317, 318, 319, -1,
      319, 318, 320, -1,
      319, 320, 321, -1,
      321, 320, 322, -1,
      321, 322, 323, -1,
      323, 322, 324, -1,
      325, 326, 327, -1,
      327, 326, 328, -1,
      327, 328, 329, -1,
      329, 328, 330, -1,
      329, 330, 331, -1,
      331, 330, 332, -1,
      331, 332, 333, -1,
      333, 332, 334, -1,
      333, 334, 335, -1,
      335, 334, 336, -1,
      335, 336, 269, -1,
      269, 336, 337, -1,
      269, 337, 267, -1,
      338, 339, 171, -1,
      340, 341, 173, -1,
      173, 341, 342, -1,
      343, 344, 345, -1,
      345, 344, 171, -1,
      345, 171, 346, -1,
      346, 171, 339, -1,
      342, 347, 173, -1,
      173, 347, 348, -1,
      173, 348, 349, -1,
      349, 350, 173, -1,
      173, 350, 351, -1,
      173, 351, 171, -1,
      171, 351, 352, -1,
      171, 352, 338, -1,
      182, 353, 340, -1,
      340, 353, 354, -1,
      340, 354, 341, -1,
      343, 355, 344, -1,
      344, 355, 356, -1,
      344, 356, 197, -1,
      197, 356, 357, -1,
      197, 357, 182, -1,
      182, 357, 358, -1,
      182, 358, 353, -1,
      359, 360, 361, -1,
      362, 363, 364, -1,
      364, 363, 365, -1,
      366, 367, 368, -1,
      359, 361, 369, -1,
      370, 371, 372, -1,
      362, 373, 363, -1,
      363, 373, 374, -1,
      363, 374, 375, -1,
      375, 374, 368, -1,
      375, 368, 376, -1,
      376, 368, 367, -1,
      255, 377, 378, -1,
      371, 379, 372, -1,
      372, 379, 380, -1,
      372, 380, 381, -1,
      382, 383, 361, -1,
      361, 383, 384, -1,
      361, 384, 369, -1,
      381, 385, 372, -1,
      372, 385, 386, -1,
      372, 386, 255, -1,
      255, 386, 365, -1,
      255, 365, 377, -1,
      377, 365, 363, -1,
      387, 388, 389, -1,
      389, 388, 390, -1,
      389, 390, 391, -1,
      391, 390, 392, -1,
      393, 394, 368, -1,
      368, 394, 395, -1,
      368, 395, 396, -1,
      397, 398, 399, -1,
      400, 401, 402, -1,
      402, 401, 403, -1,
      402, 403, 404, -1,
      378, 405, 255, -1,
      255, 405, 406, -1,
      255, 406, 407, -1,
      392, 408, 391, -1,
      391, 408, 409, -1,
      391, 409, 410, -1,
      410, 409, 399, -1,
      410, 399, 411, -1,
      411, 399, 398, -1,
      396, 412, 368, -1,
      368, 412, 413, -1,
      368, 413, 366, -1,
      360, 414, 415, -1,
      415, 414, 416, -1,
      416, 414, 417, -1,
      416, 417, 418, -1,
      400, 387, 401, -1,
      401, 387, 389, -1,
      401, 389, 419, -1,
      419, 389, 420, -1,
      419, 420, 421, -1,
      421, 420, 422, -1,
      421, 422, 423, -1,
      423, 422, 424, -1,
      425, 424, 415, -1,
      415, 424, 422, -1,
      415, 422, 360, -1,
      360, 422, 420, -1,
      360, 420, 361, -1,
      426, 427, 2, -1,
      428, 429, 258, -1,
      430, 431, 427, -1,
      407, 397, 255, -1,
      255, 397, 399, -1,
      255, 399, 258, -1,
      258, 399, 432, -1,
      258, 432, 428, -1,
      433, 434, 2, -1,
      2, 434, 435, -1,
      429, 436, 258, -1,
      258, 436, 437, -1,
      258, 437, 438, -1,
      438, 437, 439, -1,
      438, 439, 426, -1,
      431, 440, 427, -1,
      427, 440, 441, -1,
      427, 441, 2, -1,
      2, 441, 442, -1,
      2, 442, 433, -1,
      443, 444, 445, -1,
      435, 446, 2, -1,
      2, 446, 447, -1,
      2, 447, 0, -1,
      430, 427, 448, -1,
      448, 427, 449, -1,
      448, 449, 444, -1,
      444, 449, 450, -1,
      444, 450, 445, -1,
      451, 452, 453, -1,
      453, 452, 454, -1,
      451, 453, 445, -1,
      445, 453, 455, -1,
      445, 455, 456, -1,
      456, 457, 445, -1,
      445, 457, 458, -1,
      445, 458, 443, -1,
      459, 460, 454, -1,
      454, 460, 461, -1,
      454, 461, 453, -1,
      462, 463, 404, -1,
      404, 463, 464, -1,
      404, 464, 402, -1,
      462, 465, 463, -1,
      463, 465, 466, -1,
      463, 466, 467, -1,
      467, 466, 468, -1,
      467, 469, 470, -1,
      468, 471, 467, -1,
      467, 471, 472, -1,
      467, 472, 473, -1,
      473, 474, 467, -1,
      467, 474, 475, -1,
      467, 475, 469, -1,
      470, 476, 467, -1,
      467, 476, 477, -1,
      467, 477, 478, -1,
      479, 480, 481, -1,
      482, 483, 484, -1,
      481, 485, 479, -1,
      479, 485, 486, -1,
      479, 486, 487, -1,
      487, 486, 482, -1,
      487, 482, 488, -1,
      488, 482, 484, -1,
      489, 490, 2, -1,
      2, 490, 491, -1,
      426, 2, 438, -1,
      438, 2, 491, -1,
      438, 491, 485, -1,
      485, 491, 492, -1,
      485, 492, 486, -1,
      493, 490, 494, -1,
      494, 490, 489, -1,
      494, 489, 495, -1,
      496, 497, 498, -1,
      499, 500, 489, -1,
      489, 500, 501, -1,
      489, 501, 495, -1,
      425, 415, 1, -1,
      1, 415, 496, -1,
      1, 496, 2, -1,
      2, 496, 498, -1,
      2, 498, 489, -1,
      489, 498, 502, -1,
      489, 502, 503, -1,
      504, 505, 506, -1,
      506, 505, 507, -1,
      506, 507, 496, -1,
      496, 507, 508, -1,
      496, 508, 497, -1,
      503, 509, 489, -1,
      489, 509, 510, -1,
      489, 510, 499, -1,
      511, 512, 513, -1,
      511, 513, 514, -1,
      512, 515, 513, -1,
      513, 515, 516, -1,
      513, 516, 506, -1,
      506, 516, 517, -1,
      506, 517, 504, -1,
      518, 519, 520, -1,
      520, 519, 521, -1,
      522, 523, 292, -1,
      292, 523, 524, -1,
      292, 524, 276, -1,
      276, 524, 525, -1,
      276, 525, 526, -1,
      518, 520, 527, -1,
      527, 520, 524, -1,
      527, 524, 528, -1,
      528, 524, 523, -1,
      528, 523, 529, -1,
      523, 530, 529, -1,
      529, 530, 531, -1,
      529, 531, 532, -1,
      525, 533, 526, -1,
      526, 533, 534, -1,
      526, 534, 535, -1,
      535, 534, 536, -1,
      522, 292, 537, -1,
      537, 292, 538, -1,
      537, 538, 536, -1,
      536, 538, 481, -1,
      536, 481, 535, -1,
      535, 481, 480, -1,
      535, 480, 514, -1,
      202, 201, 234, -1,
      234, 201, 183, -1,
      234, 183, 539, -1,
      539, 183, 182, -1,
      539, 182, 540, -1,
      540, 182, 340, -1,
      540, 340, 541, -1,
      541, 340, 173, -1,
      541, 173, 542, -1,
      542, 173, 175, -1,
      542, 175, 268, -1,
      268, 175, 264, -1,
      268, 264, 269, -1,
      17, 245, 543, -1,
      543, 245, 5, -1,
      543, 5, 232, -1,
      232, 5, 4, -1,
      232, 4, 233, -1,
      243, 245, 242, -1,
      242, 245, 544, -1,
      242, 544, 545, -1,
      9, 546, 8, -1,
      8, 546, 547, -1,
      8, 547, 548, -1,
      549, 544, 548, -1,
      548, 544, 245, -1,
      548, 245, 8, -1,
      8, 245, 17, -1,
      8, 17, 10, -1,
      10, 17, 27, -1,
      210, 258, 195, -1,
      195, 258, 438, -1,
      195, 438, 196, -1,
      196, 438, 485, -1,
      196, 485, 197, -1,
      197, 485, 481, -1,
      197, 481, 344, -1,
      344, 481, 538, -1,
      344, 538, 171, -1,
      171, 538, 292, -1,
      171, 292, 169, -1,
      169, 292, 296, -1,
      169, 296, 262, -1,
      545, 546, 242, -1,
      242, 546, 9, -1,
      242, 9, 550, -1,
      550, 9, 77, -1,
      253, 240, 250, -1,
      250, 240, 242, -1,
      250, 242, 255, -1,
      255, 242, 550, -1,
      255, 550, 372, -1,
      372, 550, 551, -1,
      83, 551, 552, -1,
      552, 551, 553, -1,
      553, 551, 554, -1,
      554, 551, 550, -1,
      554, 550, 555, -1,
      83, 552, 77, -1,
      77, 552, 556, -1,
      77, 556, 550, -1,
      550, 556, 557, -1,
      550, 557, 555, -1,
      558, 559, 560, -1,
      560, 559, 554, -1,
      560, 554, 561, -1,
      561, 554, 555, -1,
      561, 555, 562, -1,
      562, 555, 563, -1,
      514, 513, 535, -1,
      535, 513, 564, -1,
      535, 564, 526, -1,
      526, 564, 565, -1,
      526, 565, 276, -1,
      276, 565, 566, -1,
      276, 566, 281, -1,
      69, 71, 83, -1,
      83, 71, 567, -1,
      83, 567, 551, -1,
      551, 567, 416, -1,
      551, 416, 372, -1,
      372, 416, 418, -1,
      372, 418, 370, -1,
      64, 66, 71, -1,
      71, 66, 568, -1,
      71, 568, 567, -1,
      567, 568, 569, -1,
      567, 569, 416, -1,
      416, 569, 570, -1,
      416, 570, 415, -1,
      415, 570, 571, -1,
      415, 571, 496, -1,
      496, 571, 572, -1,
      496, 572, 506, -1,
      506, 572, 573, -1,
      506, 573, 513, -1,
      513, 573, 574, -1,
      513, 574, 564, -1,
      564, 574, 575, -1,
      564, 575, 565, -1,
      565, 575, 576, -1,
      565, 576, 566, -1,
      577, 578, 579, -1,
      579, 578, 580, -1,
      581, 582, 578, -1,
      578, 582, 580, -1,
      581, 583, 582, -1,
      582, 583, 584, -1,
      585, 586, 583, -1,
      583, 586, 584, -1,
      585, 587, 586, -1,
      586, 587, 588, -1,
      589, 590, 577, -1,
      577, 590, 587, -1,
      577, 587, 578, -1,
      578, 587, 585, -1,
      578, 585, 581, -1,
      581, 585, 583, -1,
      590, 591, 587, -1,
      587, 591, 588, -1,
      592, 589, 579, -1,
      579, 589, 577, -1,
      593, 594, 595, -1,
      596, 597, 592, -1,
      598, 599, 600, -1,
      596, 601, 597, -1,
      597, 601, 602, -1,
      597, 602, 324, -1,
      600, 603, 598, -1,
      598, 603, 604, -1,
      598, 604, 605, -1,
      605, 604, 606, -1,
      605, 606, 607, -1,
      608, 609, 610, -1,
      610, 609, 596, -1,
      588, 580, 586, -1,
      586, 580, 582, -1,
      586, 582, 584, -1,
      595, 594, 599, -1,
      599, 594, 610, -1,
      599, 610, 600, -1,
      600, 610, 596, -1,
      600, 596, 591, -1,
      591, 596, 592, -1,
      591, 592, 588, -1,
      588, 592, 579, -1,
      588, 579, 580, -1,
      611, 602, 612, -1,
      613, 614, 612, -1,
      612, 614, 615, -1,
      616, 617, 618, -1,
      618, 611, 616, -1,
      616, 611, 612, -1,
      616, 612, 619, -1,
      619, 612, 615, -1,
      619, 615, 593, -1,
      620, 61, 621, -1,
      621, 622, 620, -1,
      620, 622, 623, -1,
      620, 623, 624, -1,
      624, 623, 625, -1,
      626, 323, 627, -1,
      627, 323, 324, -1,
      627, 324, 625, -1,
      625, 324, 602, -1,
      625, 602, 624, -1,
      624, 602, 611, -1,
      628, 629, 630, -1,
      630, 629, 631, -1,
      632, 576, 633, -1,
      633, 576, 575, -1,
      633, 575, 634, -1,
      575, 574, 634, -1,
      634, 574, 573, -1,
      634, 573, 572, -1,
      325, 635, 326, -1,
      326, 635, 636, -1,
      593, 595, 619, -1,
      619, 595, 326, -1,
      619, 326, 637, -1,
      637, 326, 636, -1,
      637, 636, 638, -1,
      572, 571, 634, -1,
      634, 571, 570, -1,
      634, 570, 569, -1,
      569, 568, 634, -1,
      634, 568, 66, -1,
      634, 66, 61, -1,
      61, 620, 634, -1,
      634, 620, 630, -1,
      634, 630, 638, -1,
      638, 630, 631, -1,
      638, 631, 637, -1,
      595, 599, 639, -1,
      639, 599, 640, -1,
      641, 642, 643, -1,
      641, 643, 644, -1,
      592, 597, 589, -1,
      589, 597, 645, -1,
      646, 647, 643, -1,
      600, 591, 590, -1,
      600, 590, 643, -1,
      643, 590, 648, -1,
      643, 648, 646, -1,
      642, 649, 643, -1,
      643, 649, 650, -1,
      643, 650, 651, -1,
      651, 652, 643, -1,
      643, 652, 653, -1,
      643, 653, 640, -1,
      640, 653, 654, -1,
      640, 654, 639, -1,
      589, 655, 590, -1,
      590, 655, 656, -1,
      590, 656, 648, -1,
      647, 657, 643, -1,
      643, 657, 658, -1,
      643, 658, 644, -1,
      645, 659, 589, -1,
      589, 659, 660, -1,
      589, 660, 661, -1,
      661, 662, 589, -1,
      589, 662, 663, -1,
      589, 663, 655, -1,
      664, 665, 605, -1,
      605, 665, 598, -1,
      666, 664, 607, -1,
      607, 664, 605, -1,
      667, 666, 606, -1,
      606, 666, 607, -1,
      668, 667, 604, -1,
      604, 667, 606, -1,
      669, 668, 603, -1,
      603, 668, 604, -1,
      643, 669, 600, -1,
      600, 669, 603, -1,
      665, 640, 598, -1,
      598, 640, 599, -1,
      643, 640, 669, -1,
      669, 640, 665, -1,
      669, 665, 668, -1,
      668, 665, 664, -1,
      668, 664, 667, -1,
      667, 664, 666, -1,
      670, 671, 672, -1,
      672, 671, 673, -1,
      672, 673, 674, -1,
      674, 673, 675, -1,
      674, 675, 676, -1,
      676, 675, 677, -1,
      676, 677, 678, -1,
      678, 677, 679, -1,
      678, 679, 680, -1,
      680, 679, 681, -1,
      680, 681, 682, -1,
      682, 681, 683, -1,
      682, 683, 684, -1,
      684, 683, 685, -1,
      684, 685, 686, -1,
      686, 685, 687, -1,
      686, 687, 688, -1,
      688, 687, 689, -1,
      688, 689, 690, -1,
      690, 689, 691, -1,
      690, 691, 692, -1,
      692, 691, 693, -1,
      692, 693, 694, -1,
      694, 693, 695, -1,
      694, 695, 696, -1,
      696, 695, 697, -1,
      696, 697, 698, -1,
      698, 697, 699, -1,
      698, 699, 700, -1,
      700, 699, 701, -1,
      700, 701, 702, -1,
      702, 701, 703, -1,
      702, 703, 704, -1,
      704, 703, 705, -1,
      704, 705, 706, -1,
      706, 705, 707, -1,
      706, 707, 708, -1,
      708, 707, 709, -1,
      708, 709, 710, -1,
      710, 709, 711, -1,
      710, 711, 712, -1,
      712, 711, 713, -1,
      712, 713, 714, -1,
      714, 713, 715, -1,
      714, 715, 716, -1,
      716, 715, 717, -1,
      716, 717, 718, -1,
      718, 717, 719, -1,
      718, 719, 720, -1,
      720, 719, 721, -1,
      720, 721, 722, -1,
      722, 721, 723, -1,
      722, 723, 724, -1,
      724, 723, 725, -1,
      724, 725, 670, -1,
      670, 725, 671, -1,
      726, 727, 728, -1,
      728, 727, 729, -1,
      728, 729, 730, -1,
      726, 731, 727, -1,
      727, 731, 732, -1,
      727, 732, 733, -1,
      734, 735, 736, -1,
      733, 732, 736, -1,
      736, 732, 737, -1,
      736, 737, 734, -1,
      738, 739, 740, -1,
      735, 734, 740, -1,
      740, 734, 741, -1,
      740, 741, 738, -1,
      739, 738, 742, -1,
      742, 738, 743, -1,
      742, 743, 744, -1,
      745, 746, 747, -1,
      747, 746, 748, -1,
      747, 748, 744, -1,
      744, 748, 749, -1,
      744, 749, 742, -1,
      728, 730, 750, -1,
      750, 730, 751, -1,
      678, 752, 676, -1,
      676, 752, 753, -1,
      676, 753, 674, -1,
      674, 753, 754, -1,
      674, 754, 672, -1,
      672, 754, 755, -1,
      672, 755, 670, -1,
      670, 755, 756, -1,
      670, 756, 724, -1,
      724, 756, 757, -1,
      724, 757, 722, -1,
      722, 757, 758, -1,
      722, 758, 720, -1,
      758, 759, 720, -1,
      720, 759, 760, -1,
      720, 760, 718, -1,
      718, 760, 761, -1,
      718, 761, 716, -1,
      716, 761, 762, -1,
      716, 762, 714, -1,
      714, 762, 763, -1,
      714, 763, 712, -1,
      712, 763, 764, -1,
      712, 764, 710, -1,
      710, 764, 765, -1,
      710, 765, 708, -1,
      708, 765, 766, -1,
      708, 766, 706, -1,
      692, 767, 690, -1,
      690, 767, 768, -1,
      690, 768, 688, -1,
      688, 768, 769, -1,
      688, 769, 686, -1,
      686, 769, 770, -1,
      686, 770, 684, -1,
      684, 770, 771, -1,
      684, 771, 682, -1,
      682, 771, 772, -1,
      682, 772, 680, -1,
      680, 772, 773, -1,
      680, 773, 678, -1,
      678, 773, 774, -1,
      678, 774, 752, -1,
      766, 775, 706, -1,
      706, 775, 776, -1,
      706, 776, 704, -1,
      704, 776, 777, -1,
      704, 777, 702, -1,
      702, 777, 778, -1,
      702, 778, 700, -1,
      700, 778, 779, -1,
      700, 779, 698, -1,
      698, 779, 780, -1,
      698, 780, 696, -1,
      696, 780, 781, -1,
      696, 781, 694, -1,
      694, 781, 782, -1,
      694, 782, 692, -1,
      692, 782, 783, -1,
      692, 783, 767, -1,
      751, 784, 785, -1,
      785, 784, 786, -1,
      750, 751, 787, -1,
      787, 751, 785, -1,
      788, 750, 789, -1,
      789, 750, 787, -1,
      789, 786, 788, -1,
      788, 786, 784, -1,
      790, 683, 681, -1,
      681, 679, 790, -1,
      790, 679, 677, -1,
      790, 677, 675, -1,
      675, 673, 790, -1,
      790, 673, 671, -1,
      790, 671, 791, -1,
      791, 671, 725, -1,
      791, 725, 723, -1,
      723, 721, 791, -1,
      791, 721, 719, -1,
      791, 719, 717, -1,
      709, 707, 792, -1,
      792, 707, 705, -1,
      792, 705, 703, -1,
      683, 790, 685, -1,
      685, 790, 793, -1,
      685, 793, 687, -1,
      717, 715, 791, -1,
      791, 715, 713, -1,
      791, 713, 792, -1,
      792, 713, 711, -1,
      792, 711, 709, -1,
      703, 701, 792, -1,
      792, 701, 699, -1,
      792, 699, 793, -1,
      699, 697, 793, -1,
      793, 697, 695, -1,
      793, 695, 693, -1,
      693, 691, 793, -1,
      793, 691, 689, -1,
      793, 689, 687, -1,
      794, 795, 796, -1,
      796, 795, 797, -1,
      798, 799, 800, -1,
      800, 799, 801, -1,
      800, 801, 802, -1,
      802, 801, 803, -1,
      804, 805, 797, -1,
      797, 805, 801, -1,
      797, 801, 796, -1,
      796, 801, 799, -1,
      750, 788, 806, -1,
      806, 807, 745, -1,
      741, 737, 726, -1,
      750, 806, 728, -1,
      806, 745, 728, -1,
      728, 745, 747, -1,
      728, 747, 726, -1,
      726, 747, 743, -1,
      726, 743, 741, -1,
      807, 808, 745, -1,
      745, 808, 746, -1,
      746, 808, 809, -1,
      729, 748, 730, -1,
      730, 748, 746, -1,
      730, 746, 751, -1,
      751, 746, 809, -1,
      751, 809, 784, -1,
      736, 740, 729, -1,
      729, 740, 742, -1,
      729, 742, 748, -1,
      788, 784, 806, -1,
      806, 784, 809, -1,
      810, 756, 811, -1,
      811, 756, 755, -1,
      811, 755, 812, -1,
      812, 755, 754, -1,
      812, 754, 813, -1,
      813, 754, 753, -1,
      813, 753, 814, -1,
      814, 753, 752, -1,
      814, 752, 815, -1,
      815, 752, 774, -1,
      815, 774, 816, -1,
      816, 774, 773, -1,
      816, 773, 817, -1,
      817, 773, 772, -1,
      817, 772, 818, -1,
      818, 772, 771, -1,
      818, 771, 819, -1,
      819, 771, 770, -1,
      819, 770, 820, -1,
      820, 770, 769, -1,
      820, 769, 821, -1,
      821, 769, 768, -1,
      821, 768, 822, -1,
      822, 768, 767, -1,
      822, 767, 823, -1,
      823, 767, 783, -1,
      823, 783, 824, -1,
      824, 783, 782, -1,
      824, 782, 825, -1,
      825, 782, 781, -1,
      825, 781, 826, -1,
      826, 781, 780, -1,
      826, 780, 827, -1,
      827, 780, 779, -1,
      827, 779, 828, -1,
      828, 779, 778, -1,
      828, 778, 829, -1,
      829, 778, 777, -1,
      829, 777, 830, -1,
      830, 777, 776, -1,
      830, 776, 831, -1,
      831, 776, 775, -1,
      831, 775, 832, -1,
      832, 775, 766, -1,
      832, 766, 833, -1,
      833, 766, 765, -1,
      833, 765, 834, -1,
      834, 765, 764, -1,
      834, 764, 835, -1,
      835, 764, 763, -1,
      835, 763, 836, -1,
      836, 763, 762, -1,
      836, 762, 837, -1,
      837, 762, 761, -1,
      837, 761, 838, -1,
      838, 761, 760, -1,
      838, 760, 839, -1,
      839, 760, 759, -1,
      839, 759, 840, -1,
      840, 759, 758, -1,
      840, 758, 841, -1,
      841, 758, 757, -1,
      841, 757, 810, -1,
      810, 757, 756, -1,
      805, 804, 842, -1,
      842, 804, 843, -1,
      802, 803, 615, -1,
      615, 803, 593, -1,
      615, 614, 802, -1,
      802, 614, 800, -1,
      613, 798, 614, -1,
      614, 798, 800, -1,
      791, 792, 602, -1,
      602, 792, 612, -1,
      602, 789, 787, -1,
      789, 602, 786, -1,
      786, 602, 601, -1,
      786, 601, 785, -1,
      785, 601, 790, -1,
      785, 790, 787, -1,
      787, 790, 791, -1,
      787, 791, 602, -1,
      793, 790, 596, -1,
      596, 790, 601, -1,
      596, 609, 799, -1,
      613, 612, 798, -1,
      798, 612, 792, -1,
      798, 792, 799, -1,
      799, 792, 793, -1,
      799, 793, 596, -1,
      609, 608, 799, -1,
      799, 608, 796, -1,
      610, 794, 608, -1,
      608, 794, 796, -1,
      795, 794, 594, -1,
      594, 794, 610, -1,
      797, 795, 844, -1,
      844, 795, 594, -1,
      844, 594, 845, -1,
      845, 594, 593, -1,
      845, 593, 801, -1,
      801, 593, 803, -1,
      845, 801, 846, -1,
      846, 801, 805, -1,
      846, 805, 847, -1,
      847, 805, 842, -1,
      846, 848, 845, -1,
      845, 848, 844, -1,
      849, 843, 804, -1,
      797, 844, 804, -1,
      804, 844, 848, -1,
      804, 848, 849, -1,
      642, 266, 265, -1,
      642, 265, 649, -1,
      649, 265, 273, -1,
      649, 273, 650, -1,
      650, 273, 272, -1,
      650, 272, 651, -1,
      651, 272, 271, -1,
      651, 271, 652, -1,
      652, 271, 270, -1,
      652, 270, 653, -1,
      653, 270, 267, -1,
      653, 267, 654, -1,
      595, 639, 849, -1,
      849, 848, 595, -1,
      595, 848, 846, -1,
      595, 846, 326, -1,
      850, 337, 851, -1,
      851, 337, 336, -1,
      336, 334, 851, -1,
      851, 334, 332, -1,
      851, 332, 330, -1,
      847, 852, 846, -1,
      846, 852, 853, -1,
      846, 853, 326, -1,
      326, 853, 851, -1,
      326, 851, 328, -1,
      328, 851, 330, -1,
      337, 850, 267, -1,
      267, 850, 854, -1,
      267, 854, 654, -1,
      654, 854, 855, -1,
      849, 639, 843, -1,
      843, 639, 654, -1,
      843, 654, 842, -1,
      842, 654, 855, -1,
      842, 855, 847, -1,
      847, 855, 852, -1,
      856, 857, 19, -1,
      856, 19, 858, -1,
      859, 860, 266, -1,
      266, 860, 861, -1,
      862, 863, 19, -1,
      817, 818, 641, -1,
      864, 539, 540, -1,
      863, 865, 19, -1,
      19, 865, 866, -1,
      19, 866, 858, -1,
      641, 818, 642, -1,
      539, 864, 234, -1,
      234, 864, 867, -1,
      234, 867, 232, -1,
      814, 641, 813, -1,
      813, 641, 812, -1,
      814, 815, 641, -1,
      641, 815, 816, -1,
      641, 816, 817, -1,
      818, 819, 642, -1,
      642, 819, 820, -1,
      642, 820, 821, -1,
      821, 822, 642, -1,
      642, 822, 823, -1,
      642, 823, 824, -1,
      868, 869, 829, -1,
      540, 541, 864, -1,
      864, 541, 542, -1,
      864, 542, 870, -1,
      870, 542, 268, -1,
      870, 268, 871, -1,
      871, 268, 266, -1,
      871, 266, 872, -1,
      872, 266, 861, -1,
      838, 839, 873, -1,
      873, 839, 857, -1,
      862, 19, 874, -1,
      874, 19, 17, -1,
      874, 17, 867, -1,
      867, 17, 543, -1,
      867, 543, 232, -1,
      838, 873, 837, -1,
      837, 873, 875, -1,
      837, 875, 836, -1,
      836, 875, 876, -1,
      836, 876, 835, -1,
      839, 840, 857, -1,
      857, 840, 841, -1,
      857, 841, 19, -1,
      19, 841, 810, -1,
      19, 810, 641, -1,
      641, 810, 811, -1,
      641, 811, 812, -1,
      859, 266, 869, -1,
      869, 266, 828, -1,
      869, 828, 829, -1,
      877, 878, 834, -1,
      829, 830, 868, -1,
      868, 830, 831, -1,
      868, 831, 879, -1,
      879, 831, 832, -1,
      879, 832, 880, -1,
      880, 832, 881, -1,
      824, 825, 642, -1,
      642, 825, 826, -1,
      642, 826, 266, -1,
      266, 826, 827, -1,
      266, 827, 828, -1,
      833, 882, 832, -1,
      832, 882, 883, -1,
      832, 883, 881, -1,
      835, 876, 834, -1,
      834, 876, 884, -1,
      834, 884, 877, -1,
      878, 885, 834, -1,
      834, 885, 886, -1,
      834, 886, 833, -1,
      833, 886, 887, -1,
      833, 887, 882, -1,
      648, 18, 20, -1,
      648, 20, 646, -1,
      646, 20, 23, -1,
      646, 23, 647, -1,
      647, 23, 22, -1,
      647, 22, 657, -1,
      657, 22, 21, -1,
      657, 21, 658, -1,
      658, 21, 28, -1,
      658, 28, 644, -1,
      644, 28, 19, -1,
      644, 19, 641, -1,
      18, 648, 16, -1,
      16, 648, 656, -1,
      16, 656, 304, -1,
      655, 306, 656, -1,
      656, 306, 304, -1,
      306, 655, 663, -1,
      306, 663, 307, -1,
      307, 663, 662, -1,
      307, 662, 308, -1,
      308, 662, 661, -1,
      308, 661, 309, -1,
      309, 661, 660, -1,
      309, 660, 310, -1,
      310, 660, 659, -1,
      310, 659, 311, -1,
      311, 659, 645, -1,
      311, 645, 312, -1,
      888, 807, 889, -1,
      889, 807, 806, -1,
      808, 645, 809, -1,
      809, 645, 597, -1,
      809, 597, 806, -1,
      806, 597, 324, -1,
      806, 324, 889, -1,
      889, 324, 890, -1,
      324, 322, 890, -1,
      890, 322, 320, -1,
      890, 320, 318, -1,
      808, 807, 645, -1,
      645, 807, 888, -1,
      645, 888, 312, -1,
      312, 888, 891, -1,
      312, 891, 314, -1,
      314, 891, 890, -1,
      314, 890, 316, -1,
      316, 890, 318, -1,
      269, 264, 892, -1,
      892, 264, 893, -1,
      892, 893, 894, -1,
      894, 893, 895, -1,
      894, 895, 896, -1,
      896, 895, 897, -1,
      335, 269, 892, -1,
      335, 892, 333, -1,
      325, 327, 635, -1,
      635, 327, 329, -1,
      635, 329, 892, -1,
      892, 329, 331, -1,
      892, 331, 333, -1,
      264, 263, 893, -1,
      893, 263, 262, -1,
      262, 296, 893, -1,
      893, 296, 281, -1,
      893, 281, 632, -1,
      632, 281, 566, -1,
      632, 566, 576, -1,
      305, 313, 898, -1,
      898, 313, 315, -1,
      898, 315, 626, -1,
      626, 315, 317, -1,
      317, 319, 626, -1,
      626, 319, 321, -1,
      626, 321, 323, -1,
      61, 58, 621, -1,
      621, 58, 46, -1,
      46, 50, 621, -1,
      621, 50, 33, -1,
      621, 33, 899, -1,
      899, 33, 31, -1,
      899, 31, 29, -1,
      303, 305, 898, -1,
      29, 303, 899, -1,
      899, 303, 898, -1,
      899, 898, 900, -1,
      900, 898, 901, -1,
      900, 901, 902, -1,
      902, 901, 903, -1,
      895, 893, 633, -1,
      633, 893, 632, -1,
      897, 895, 634, -1,
      634, 895, 633, -1,
      896, 897, 638, -1,
      638, 897, 634, -1,
      894, 896, 636, -1,
      636, 896, 638, -1,
      892, 894, 635, -1,
      635, 894, 636, -1,
      904, 905, 906, -1,
      906, 905, 907, -1,
      906, 907, 908, -1,
      908, 907, 909, -1,
      908, 909, 910, -1,
      910, 909, 911, -1,
      910, 911, 912, -1,
      912, 911, 913, -1,
      912, 913, 914, -1,
      914, 913, 915, -1,
      914, 915, 916, -1,
      916, 915, 917, -1,
      916, 917, 918, -1,
      918, 917, 919, -1,
      918, 919, 920, -1,
      920, 919, 921, -1,
      920, 921, 922, -1,
      922, 921, 923, -1,
      922, 923, 924, -1,
      924, 923, 925, -1,
      924, 925, 926, -1,
      926, 925, 927, -1,
      926, 927, 928, -1,
      928, 927, 929, -1,
      928, 929, 930, -1,
      930, 929, 931, -1,
      930, 931, 932, -1,
      932, 931, 933, -1,
      934, 935, 936, -1,
      936, 935, 937, -1,
      628, 938, 629, -1,
      629, 938, 939, -1,
      940, 941, 851, -1,
      851, 941, 942, -1,
      851, 942, 850, -1,
      850, 942, 854, -1,
      900, 622, 899, -1,
      899, 622, 621, -1,
      869, 943, 859, -1,
      859, 943, 944, -1,
      859, 944, 860, -1,
      860, 944, 945, -1,
      860, 945, 861, -1,
      861, 945, 946, -1,
      861, 946, 872, -1,
      872, 946, 947, -1,
      872, 947, 871, -1,
      871, 947, 948, -1,
      871, 948, 870, -1,
      870, 948, 949, -1,
      870, 949, 864, -1,
      864, 949, 950, -1,
      864, 950, 867, -1,
      867, 950, 951, -1,
      867, 951, 874, -1,
      874, 951, 952, -1,
      874, 952, 862, -1,
      862, 952, 953, -1,
      862, 953, 863, -1,
      863, 953, 954, -1,
      863, 954, 865, -1,
      865, 954, 955, -1,
      865, 955, 866, -1,
      866, 955, 956, -1,
      866, 956, 858, -1,
      858, 956, 957, -1,
      858, 957, 856, -1,
      856, 957, 958, -1,
      856, 958, 857, -1,
      857, 958, 959, -1,
      901, 627, 903, -1,
      903, 627, 625, -1,
      960, 961, 620, -1,
      620, 961, 630, -1,
      962, 963, 631, -1,
      631, 963, 637, -1,
      902, 623, 900, -1,
      900, 623, 622, -1,
      935, 934, 890, -1,
      890, 891, 964, -1,
      965, 966, 967, -1,
      935, 890, 968, -1,
      890, 964, 968, -1,
      968, 964, 969, -1,
      968, 969, 967, -1,
      967, 969, 970, -1,
      967, 970, 965, -1,
      898, 626, 901, -1,
      901, 626, 627, -1,
      903, 625, 902, -1,
      902, 625, 623, -1,
      631, 629, 962, -1,
      962, 629, 939, -1,
      971, 972, 973, -1,
      973, 972, 619, -1,
      973, 619, 940, -1,
      940, 619, 637, -1,
      940, 637, 941, -1,
      941, 637, 963, -1,
      851, 853, 940, -1,
      940, 853, 973, -1,
      934, 974, 890, -1,
      890, 974, 889, -1,
      857, 959, 873, -1,
      873, 959, 975, -1,
      873, 975, 875, -1,
      875, 975, 976, -1,
      875, 976, 876, -1,
      876, 976, 977, -1,
      876, 977, 884, -1,
      884, 977, 978, -1,
      884, 978, 877, -1,
      877, 978, 979, -1,
      877, 979, 878, -1,
      878, 979, 980, -1,
      878, 980, 885, -1,
      885, 980, 981, -1,
      885, 981, 886, -1,
      886, 981, 982, -1,
      886, 982, 887, -1,
      887, 982, 983, -1,
      887, 983, 882, -1,
      882, 983, 984, -1,
      882, 984, 883, -1,
      883, 984, 985, -1,
      883, 985, 881, -1,
      881, 985, 986, -1,
      881, 986, 880, -1,
      880, 986, 987, -1,
      880, 987, 879, -1,
      879, 987, 988, -1,
      879, 988, 868, -1,
      868, 988, 989, -1,
      868, 989, 869, -1,
      869, 989, 943, -1,
      926, 955, 924, -1,
      924, 955, 954, -1,
      924, 954, 922, -1,
      922, 954, 953, -1,
      922, 953, 920, -1,
      920, 953, 952, -1,
      920, 952, 918, -1,
      918, 952, 951, -1,
      918, 951, 916, -1,
      916, 951, 950, -1,
      916, 950, 914, -1,
      914, 950, 949, -1,
      914, 949, 912, -1,
      990, 978, 991, -1,
      991, 978, 977, -1,
      991, 977, 992, -1,
      992, 977, 976, -1,
      992, 976, 993, -1,
      993, 976, 975, -1,
      993, 975, 932, -1,
      932, 975, 959, -1,
      932, 959, 930, -1,
      930, 959, 958, -1,
      930, 958, 928, -1,
      928, 958, 957, -1,
      928, 957, 926, -1,
      926, 957, 956, -1,
      926, 956, 955, -1,
      949, 948, 912, -1,
      912, 948, 947, -1,
      912, 947, 910, -1,
      910, 947, 946, -1,
      910, 946, 908, -1,
      908, 946, 945, -1,
      908, 945, 906, -1,
      906, 945, 944, -1,
      906, 944, 904, -1,
      904, 944, 943, -1,
      904, 943, 994, -1,
      994, 943, 989, -1,
      994, 989, 995, -1,
      995, 989, 988, -1,
      995, 988, 996, -1,
      988, 987, 996, -1,
      996, 987, 986, -1,
      996, 986, 997, -1,
      997, 986, 985, -1,
      997, 985, 998, -1,
      998, 985, 984, -1,
      998, 984, 999, -1,
      999, 984, 983, -1,
      999, 983, 1000, -1,
      1000, 983, 982, -1,
      1000, 982, 1001, -1,
      1001, 982, 981, -1,
      1001, 981, 1002, -1,
      1002, 981, 980, -1,
      1002, 980, 990, -1,
      990, 980, 979, -1,
      990, 979, 978, -1,
      968, 1003, 935, -1,
      935, 1003, 1004, -1,
      618, 617, 1005, -1,
      1005, 617, 1006, -1,
      852, 855, 1007, -1,
      971, 973, 1007, -1,
      1007, 973, 853, -1,
      1007, 853, 852, -1,
      935, 1004, 937, -1,
      937, 1004, 1008, -1,
      1009, 888, 889, -1,
      1010, 1011, 1003, -1,
      1003, 1011, 1009, -1,
      1003, 1009, 1004, -1,
      1004, 1009, 889, -1,
      1004, 889, 974, -1,
      1012, 1013, 1010, -1,
      1010, 1013, 1014, -1,
      1010, 1014, 1011, -1,
      891, 888, 964, -1,
      964, 888, 1009, -1,
      967, 1015, 968, -1,
      968, 1015, 1010, -1,
      968, 1010, 1003, -1,
      967, 1016, 1015, -1,
      1015, 1016, 1017, -1,
      1015, 1017, 1018, -1,
      1019, 1020, 1012, -1,
      1018, 1017, 1012, -1,
      1012, 1017, 966, -1,
      1012, 966, 1019, -1,
      1021, 1022, 1013, -1,
      1020, 1019, 1013, -1,
      1013, 1019, 965, -1,
      1013, 965, 1021, -1,
      1023, 1024, 1014, -1,
      1022, 1021, 1014, -1,
      1014, 1021, 970, -1,
      1014, 970, 1023, -1,
      964, 1009, 1011, -1,
      1024, 1023, 1011, -1,
      1011, 1023, 969, -1,
      1011, 969, 964, -1,
      1025, 616, 972, -1,
      972, 616, 619, -1,
      620, 936, 937, -1,
      936, 620, 1026, -1,
      1026, 620, 624, -1,
      1026, 624, 1008, -1,
      1008, 624, 1027, -1,
      1008, 1027, 937, -1,
      937, 1027, 960, -1,
      937, 960, 620, -1,
      932, 933, 993, -1,
      993, 933, 1028, -1,
      993, 1028, 992, -1,
      992, 1028, 1029, -1,
      992, 1029, 991, -1,
      991, 1029, 1030, -1,
      991, 1030, 990, -1,
      990, 1030, 1031, -1,
      990, 1031, 1002, -1,
      1002, 1031, 1032, -1,
      1002, 1032, 1001, -1,
      1001, 1032, 1033, -1,
      1001, 1033, 1000, -1,
      1000, 1033, 1034, -1,
      1000, 1034, 999, -1,
      999, 1034, 1035, -1,
      999, 1035, 998, -1,
      998, 1035, 1036, -1,
      998, 1036, 997, -1,
      997, 1036, 1037, -1,
      997, 1037, 996, -1,
      996, 1037, 1038, -1,
      996, 1038, 995, -1,
      995, 1038, 1039, -1,
      995, 1039, 994, -1,
      994, 1039, 1040, -1,
      994, 1040, 904, -1,
      904, 1040, 905, -1,
      1025, 972, 1006, -1,
      1006, 972, 971, -1,
      938, 1005, 939, -1,
      939, 1005, 941, -1,
      939, 941, 962, -1,
      962, 941, 963, -1,
      1007, 942, 971, -1,
      971, 942, 941, -1,
      971, 941, 1006, -1,
      1006, 941, 1005, -1,
      616, 1025, 617, -1,
      617, 1025, 1006, -1,
      942, 1007, 854, -1,
      854, 1007, 855, -1,
      936, 1026, 934, -1,
      934, 1026, 974, -1,
      1033, 1032, 1027, -1,
      1032, 1031, 1027, -1,
      1027, 1031, 1030, -1,
      1027, 1030, 1029, -1,
      1029, 1028, 1027, -1,
      1027, 1028, 933, -1,
      1027, 933, 960, -1,
      960, 933, 931, -1,
      960, 931, 929, -1,
      1041, 1039, 1038, -1,
      1033, 1027, 1034, -1,
      1034, 1027, 1041, -1,
      1034, 1041, 1035, -1,
      929, 927, 960, -1,
      960, 927, 925, -1,
      960, 925, 923, -1,
      915, 913, 961, -1,
      961, 913, 911, -1,
      961, 911, 909, -1,
      909, 907, 961, -1,
      961, 907, 905, -1,
      961, 905, 1041, -1,
      1041, 905, 1040, -1,
      1041, 1040, 1039, -1,
      1038, 1037, 1041, -1,
      1041, 1037, 1036, -1,
      1041, 1036, 1035, -1,
      923, 921, 960, -1,
      960, 921, 919, -1,
      960, 919, 961, -1,
      961, 919, 917, -1,
      961, 917, 915, -1,
      1004, 974, 1008, -1,
      1008, 974, 1026, -1,
      611, 618, 1005, -1,
      628, 630, 938, -1,
      938, 630, 961, -1,
      938, 961, 1005, -1,
      1005, 961, 1041, -1,
      1005, 1041, 611, -1,
      1041, 1027, 611, -1,
      611, 1027, 624, -1,
    ]
  }
}

Shape {
  appearance Appearance {
    material Material {
      diffuseColor 0.0000 0.0000 0.0000
      specularColor 0.0000 0.0000 0.0000
      ambientIntensity 0.2
      transparency 0.0000
      shininess 0.5
    }
  }
  geometry IndexedFaceSet {
    ccw TRUE
    solid FALSE
    coord DEF co Coordinate {
      point [
        1.968504 -0.000919 1.011914,
        1.968504 0.008152 1.013018,
        1.968504 0.116913 0.945996,
        1.968504 0.084477 0.945996,
        1.968504 0.116913 0.905593,
        1.968504 0.084477 0.905593,
        1.968504 0.130836 1.012005,
        1.968504 0.116913 1.012005,
        1.968504 0.127428 0.945996,
        1.968504 0.133569 0.905593,
        1.968504 0.127428 0.959751,
        1.968504 0.130836 0.998189,
        1.968504 0.116913 0.959751,
        1.968504 0.116913 0.998189,
        1.968504 0.084477 0.998189,
        1.968504 0.084477 0.959751,
        1.968504 0.068973 0.891900,
        1.968504 0.133569 0.891900,
        1.968504 0.116913 0.891900,
        1.968504 0.068973 1.012005,
        1.968504 0.029362 1.013018,
        1.968504 0.032207 1.012794,
        1.968504 0.044933 1.009119,
        1.968504 0.044933 0.992908,
        1.968504 0.044933 0.911734,
        1.968504 0.044933 0.896874,
        1.968504 0.042885 0.895853,
        1.968504 0.029989 0.891624,
        1.968504 0.022282 0.890887,
        1.968504 0.031413 0.998266,
        1.968504 0.016627 1.000031,
        1.968504 0.043596 0.993630,
        1.968504 0.010461 0.999699,
        1.968504 0.000219 0.997395,
        1.968504 -0.009078 0.992702,
        1.968504 -0.016101 0.986707,
        1.968504 -0.016884 0.985850,
        1.968504 -0.022698 0.977511,
        1.968504 -0.026728 0.967150,
        1.968504 -0.028719 0.950602,
        1.968504 -0.028474 0.944572,
        1.968504 -0.026308 0.932917,
        1.968504 0.019537 0.903899,
        1.968504 0.033121 0.906428,
        1.968504 -0.006678 0.908432,
        1.968504 0.001888 0.905134,
        1.968504 0.013925 0.903690,
        1.968504 -0.022204 0.923444,
        1.968504 -0.016930 0.916339,
        1.968504 -0.014534 0.913972,
        1.968504 0.016473 1.014031,
        1.968504 0.016481 1.014031,
        1.968504 -0.036352 0.984972,
        1.968504 -0.027645 0.996347,
        1.968504 -0.024705 0.999155,
        1.968504 -0.013465 1.007037,
        1.968504 -0.039619 0.922433,
        1.968504 -0.042609 0.930079,
        1.968504 -0.044991 0.949681,
        1.968504 -0.044780 0.955951,
        1.968504 -0.042056 0.971631,
        1.968504 -0.039619 0.977332,
        1.968504 -0.008590 0.892899,
        1.968504 -0.019924 0.898245,
        1.968504 -0.029579 0.906269,
        1.968504 -0.030536 0.907312,
        1.968504 -0.037711 0.917557,
        1.968504 0.001174 0.890887,
        1.968504 0.004425 0.890217,
        1.968504 0.011684 0.889874,
        1.968504 0.250772 0.931780,
        1.968504 0.244859 0.919357,
        1.968504 0.211274 1.009097,
        1.968504 0.223353 1.004685,
        1.968504 0.211274 0.894998,
        1.968504 0.223412 0.899746,
        1.968504 0.235928 0.908725,
        1.968504 0.235928 0.996101,
        1.968504 0.240144 0.991980,
        1.968504 0.247584 0.981514,
        1.968504 0.252033 0.970065,
        1.968504 0.254042 0.953488,
        1.968504 0.253681 0.945842,
        1.968504 0.190520 1.012005,
        1.968504 0.208858 1.009980,
        1.968504 0.209728 0.894393,
        1.968504 0.189292 0.891900,
        1.968504 0.156257 0.891900,
        1.968504 0.156257 1.012005,
        1.968504 -0.049904 0.905593,
        1.968504 -0.049904 0.891900,
        1.968504 -0.113241 0.891900,
        1.968504 -0.113241 1.012005,
        1.968504 -0.097736 1.012005,
        1.968504 -0.097736 0.905593,
        1.968543 -0.049904 0.905593,
        1.968543 -0.049904 0.891900,
        1.968543 -0.097736 0.905593,
        1.968543 -0.097736 1.012005,
        1.968543 -0.113241 1.012005,
        1.968543 -0.113241 0.891900,
        1.968543 0.029989 0.891624,
        1.968543 0.011684 0.889874,
        1.968543 0.042885 0.895853,
        1.968543 0.044933 0.896874,
        1.968543 0.044933 0.911734,
        1.968543 0.033121 0.906428,
        1.968543 0.019537 0.903899,
        1.968543 0.013925 0.903690,
        1.968543 0.001888 0.905134,
        1.968543 -0.006678 0.908432,
        1.968543 -0.014534 0.913972,
        1.968543 -0.016930 0.916339,
        1.968543 -0.022204 0.923444,
        1.968543 -0.026308 0.932917,
        1.968543 -0.028474 0.944572,
        1.968543 -0.028719 0.950602,
        1.968543 -0.026728 0.967150,
        1.968543 -0.022698 0.977511,
        1.968543 -0.016884 0.985850,
        1.968543 -0.016101 0.986707,
        1.968543 -0.009078 0.992702,
        1.968543 0.000219 0.997395,
        1.968543 0.010461 0.999699,
        1.968543 0.016627 1.000031,
        1.968543 0.031413 0.998266,
        1.968543 0.043596 0.993630,
        1.968543 0.044933 0.992908,
        1.968543 0.044933 1.009119,
        1.968543 0.016473 1.014031,
        1.968543 0.016481 1.014031,
        1.968543 0.032207 1.012794,
        1.968543 -0.000919 1.011914,
        1.968543 -0.013465 1.007037,
        1.968543 -0.024705 0.999155,
        1.968543 -0.027645 0.996347,
        1.968543 -0.036352 0.984972,
        1.968543 -0.042056 0.971631,
        1.968543 -0.044780 0.955951,
        1.968543 -0.044991 0.949681,
        1.968543 -0.042609 0.930079,
        1.968543 -0.037711 0.917557,
        1.968543 -0.030536 0.907312,
        1.968543 -0.029579 0.906269,
        1.968543 0.004425 0.890217,
        1.968543 -0.019924 0.898245,
        1.968543 -0.008590 0.892899,
        1.968543 0.133569 0.905593,
        1.968543 0.133569 0.891900,
        1.968543 0.084477 0.905593,
        1.968543 0.084477 0.945996,
        1.968543 0.127428 0.945996,
        1.968543 0.127428 0.959751,
        1.968543 0.084477 0.959751,
        1.968543 0.084477 0.998189,
        1.968543 0.130836 0.998189,
        1.968543 0.130836 1.012005,
        1.968543 0.068973 1.012005,
        1.968543 0.068973 0.891900,
        1.968543 0.235928 0.908725,
        1.968543 0.223537 0.916841,
        1.968543 0.223412 0.899746,
        1.968543 0.215799 0.911451,
        1.968543 0.209728 0.894393,
        1.968543 0.205894 0.907596,
        1.968543 0.189292 0.891900,
        1.968543 0.189200 0.905593,
        1.968543 0.156257 0.891900,
        1.968543 0.171761 0.905593,
        1.968543 0.156257 1.012005,
        1.968543 0.171761 0.998189,
        1.968543 0.190520 1.012005,
        1.968543 0.189906 0.998189,
        1.968543 0.194364 0.998063,
        1.968543 0.208858 1.009980,
        1.968543 0.206959 0.996074,
        1.968543 0.223353 1.004685,
        1.968543 0.217102 0.992039,
        1.968543 0.235928 0.996101,
        1.968543 0.224568 0.986891,
        1.968543 0.240144 0.991980,
        1.968543 0.227891 0.983620,
        1.968543 0.247584 0.981514,
        1.968543 0.232553 0.976895,
        1.968543 0.252033 0.970065,
        1.968543 0.235945 0.968139,
        1.968543 0.254042 0.953488,
        1.968543 0.237739 0.953058,
        1.968543 0.253681 0.945842,
        1.968543 0.237202 0.944275,
        1.968543 0.250772 0.931780,
        1.968543 0.234698 0.933533,
        1.968543 0.244859 0.919357,
        1.968543 0.230398 0.924774,
        1.968543 0.224906 0.918120,
        1.968504 0.189906 0.998189,
        1.968504 0.171761 0.998189,
        1.968504 0.171761 0.905593,
        1.968504 0.189200 0.905593,
        1.968504 0.224906 0.918120,
        1.968504 0.223537 0.916841,
        1.968504 0.215799 0.911451,
        1.968504 0.205894 0.907596,
        1.968504 0.237739 0.953058,
        1.968504 0.237202 0.944275,
        1.968504 0.234698 0.933533,
        1.968504 0.230398 0.924774,
        1.968504 0.224568 0.986891,
        1.968504 0.227891 0.983620,
        1.968504 0.232553 0.976895,
        1.968504 0.235945 0.968139,
        1.968504 0.194364 0.998063,
        1.968504 0.206959 0.996074,
        1.968504 0.217102 0.992039,
      ]
    }
    coordIndex [
      95, 96, 89, -1,
      89, 96, 90, -1,
      97, 95, 94, -1,
      94, 95, 89, -1,
      98, 97, 93, -1,
      93, 97, 94, -1,
      99, 98, 92, -1,
      92, 98, 93, -1,
      100, 99, 91, -1,
      91, 99, 92, -1,
      96, 100, 90, -1,
      90, 100, 91, -1,
      98, 99, 97, -1,
      97, 99, 100, -1,
      97, 100, 95, -1,
      95, 100, 96, -1,
      101, 102, 28, -1,
      28, 102, 69, -1,
      28, 27, 101, -1,
      101, 27, 26, -1,
      101, 26, 103, -1,
      103, 26, 25, -1,
      103, 25, 104, -1,
      105, 104, 24, -1,
      24, 104, 25, -1,
      105, 24, 43, -1,
      105, 43, 106, -1,
      106, 43, 42, -1,
      106, 42, 107, -1,
      107, 42, 46, -1,
      107, 46, 108, -1,
      108, 46, 45, -1,
      108, 45, 109, -1,
      109, 45, 44, -1,
      109, 44, 110, -1,
      110, 44, 49, -1,
      110, 49, 111, -1,
      111, 49, 48, -1,
      111, 48, 112, -1,
      112, 48, 47, -1,
      112, 47, 113, -1,
      113, 47, 41, -1,
      113, 41, 114, -1,
      114, 41, 40, -1,
      114, 40, 115, -1,
      115, 40, 39, -1,
      115, 39, 116, -1,
      116, 39, 38, -1,
      116, 38, 117, -1,
      117, 38, 37, -1,
      117, 37, 118, -1,
      118, 37, 36, -1,
      118, 36, 119, -1,
      119, 36, 35, -1,
      119, 35, 120, -1,
      120, 35, 34, -1,
      120, 34, 121, -1,
      121, 34, 33, -1,
      121, 33, 122, -1,
      122, 33, 32, -1,
      122, 32, 123, -1,
      123, 32, 30, -1,
      123, 30, 124, -1,
      124, 30, 29, -1,
      124, 29, 125, -1,
      125, 29, 31, -1,
      125, 31, 126, -1,
      126, 31, 23, -1,
      126, 23, 127, -1,
      128, 127, 22, -1,
      22, 127, 23, -1,
      50, 129, 130, -1,
      128, 22, 21, -1,
      128, 21, 131, -1,
      131, 21, 20, -1,
      131, 20, 130, -1,
      130, 20, 51, -1,
      130, 51, 50, -1,
      129, 50, 1, -1,
      129, 1, 132, -1,
      1, 0, 132, -1,
      132, 0, 55, -1,
      132, 55, 133, -1,
      133, 55, 54, -1,
      133, 54, 134, -1,
      134, 54, 53, -1,
      134, 53, 135, -1,
      135, 53, 52, -1,
      135, 52, 136, -1,
      136, 52, 61, -1,
      136, 61, 137, -1,
      61, 60, 137, -1,
      137, 60, 59, -1,
      137, 59, 138, -1,
      138, 59, 58, -1,
      138, 58, 139, -1,
      139, 58, 57, -1,
      139, 57, 140, -1,
      140, 57, 56, -1,
      140, 56, 141, -1,
      56, 66, 141, -1,
      141, 66, 65, -1,
      141, 65, 142, -1,
      142, 65, 64, -1,
      142, 64, 143, -1,
      69, 102, 144, -1,
      143, 64, 63, -1,
      143, 63, 145, -1,
      145, 63, 62, -1,
      145, 62, 146, -1,
      146, 62, 67, -1,
      146, 67, 144, -1,
      144, 67, 68, -1,
      144, 68, 69, -1,
      126, 127, 128, -1,
      117, 118, 136, -1,
      136, 118, 135, -1,
      126, 128, 125, -1,
      125, 128, 131, -1,
      125, 131, 124, -1,
      124, 131, 130, -1,
      124, 130, 123, -1,
      123, 130, 129, -1,
      123, 129, 122, -1,
      122, 129, 132, -1,
      122, 132, 121, -1,
      104, 105, 103, -1,
      103, 105, 106, -1,
      103, 106, 101, -1,
      101, 106, 107, -1,
      101, 107, 102, -1,
      102, 107, 108, -1,
      102, 108, 144, -1,
      144, 108, 109, -1,
      144, 109, 146, -1,
      146, 109, 110, -1,
      146, 110, 145, -1,
      145, 110, 111, -1,
      145, 111, 143, -1,
      143, 111, 112, -1,
      143, 112, 142, -1,
      142, 112, 113, -1,
      142, 113, 141, -1,
      139, 116, 138, -1,
      138, 116, 117, -1,
      138, 117, 137, -1,
      137, 117, 136, -1,
      118, 119, 135, -1,
      135, 119, 120, -1,
      135, 120, 134, -1,
      134, 120, 121, -1,
      134, 121, 133, -1,
      133, 121, 132, -1,
      141, 113, 140, -1,
      140, 113, 114, -1,
      140, 114, 139, -1,
      139, 114, 115, -1,
      139, 115, 116, -1,
      147, 148, 9, -1,
      9, 148, 17, -1,
      5, 149, 4, -1,
      4, 149, 147, -1,
      4, 147, 9, -1,
      150, 149, 3, -1,
      3, 149, 5, -1,
      8, 151, 2, -1,
      2, 151, 150, -1,
      2, 150, 3, -1,
      152, 151, 10, -1,
      10, 151, 8, -1,
      15, 153, 12, -1,
      12, 153, 152, -1,
      12, 152, 10, -1,
      154, 153, 14, -1,
      14, 153, 15, -1,
      11, 155, 13, -1,
      13, 155, 154, -1,
      13, 154, 14, -1,
      156, 155, 6, -1,
      6, 155, 11, -1,
      19, 157, 7, -1,
      7, 157, 156, -1,
      7, 156, 6, -1,
      158, 157, 16, -1,
      16, 157, 19, -1,
      17, 148, 18, -1,
      18, 148, 158, -1,
      18, 158, 16, -1,
      158, 148, 147, -1,
      147, 149, 158, -1,
      158, 149, 150, -1,
      158, 150, 157, -1,
      155, 156, 154, -1,
      154, 156, 157, -1,
      154, 157, 153, -1,
      153, 157, 150, -1,
      153, 150, 152, -1,
      152, 150, 151, -1,
      159, 160, 161, -1,
      161, 160, 162, -1,
      161, 162, 163, -1,
      163, 162, 164, -1,
      163, 164, 165, -1,
      165, 164, 166, -1,
      165, 166, 167, -1,
      167, 166, 168, -1,
      167, 168, 169, -1,
      169, 168, 170, -1,
      169, 170, 171, -1,
      170, 172, 171, -1,
      171, 172, 173, -1,
      171, 173, 174, -1,
      174, 173, 175, -1,
      174, 175, 176, -1,
      176, 175, 177, -1,
      176, 177, 178, -1,
      178, 177, 179, -1,
      178, 179, 180, -1,
      180, 179, 181, -1,
      180, 181, 182, -1,
      182, 181, 183, -1,
      182, 183, 184, -1,
      184, 183, 185, -1,
      184, 185, 186, -1,
      186, 185, 187, -1,
      186, 187, 188, -1,
      188, 187, 189, -1,
      188, 189, 190, -1,
      190, 189, 191, -1,
      190, 191, 192, -1,
      192, 191, 193, -1,
      192, 193, 159, -1,
      159, 193, 194, -1,
      159, 194, 160, -1,
      165, 167, 86, -1,
      86, 167, 87, -1,
      76, 159, 161, -1,
      165, 86, 85, -1,
      165, 85, 163, -1,
      163, 85, 74, -1,
      163, 74, 161, -1,
      161, 74, 75, -1,
      161, 75, 76, -1,
      159, 76, 71, -1,
      159, 71, 192, -1,
      192, 71, 70, -1,
      192, 70, 190, -1,
      190, 70, 82, -1,
      190, 82, 188, -1,
      188, 82, 81, -1,
      188, 81, 186, -1,
      186, 81, 80, -1,
      186, 80, 184, -1,
      184, 80, 79, -1,
      184, 79, 182, -1,
      182, 79, 78, -1,
      182, 78, 180, -1,
      180, 78, 77, -1,
      180, 77, 178, -1,
      83, 171, 174, -1,
      178, 77, 73, -1,
      178, 73, 176, -1,
      176, 73, 72, -1,
      176, 72, 174, -1,
      174, 72, 84, -1,
      174, 84, 83, -1,
      169, 171, 88, -1,
      88, 171, 83, -1,
      167, 169, 87, -1,
      87, 169, 88, -1,
      172, 170, 195, -1,
      195, 170, 196, -1,
      170, 168, 196, -1,
      196, 168, 197, -1,
      168, 166, 197, -1,
      197, 166, 198, -1,
      194, 199, 200, -1,
      194, 200, 160, -1,
      160, 200, 201, -1,
      160, 201, 162, -1,
      162, 201, 202, -1,
      162, 202, 164, -1,
      164, 202, 198, -1,
      164, 198, 166, -1,
      187, 203, 204, -1,
      187, 204, 189, -1,
      189, 204, 205, -1,
      189, 205, 191, -1,
      191, 205, 206, -1,
      191, 206, 193, -1,
      193, 206, 199, -1,
      193, 199, 194, -1,
      179, 207, 208, -1,
      179, 208, 181, -1,
      181, 208, 209, -1,
      181, 209, 183, -1,
      183, 209, 210, -1,
      183, 210, 185, -1,
      185, 210, 203, -1,
      185, 203, 187, -1,
      172, 195, 211, -1,
      172, 211, 173, -1,
      173, 211, 212, -1,
      173, 212, 175, -1,
      175, 212, 213, -1,
      175, 213, 177, -1,
      177, 213, 207, -1,
      177, 207, 179, -1,
    ]
  }
}

Shape {
  appearance Appearance {
    material Material {
      diffuseColor 0.0588 1.0000 0.7216
      specularColor 0.0314 0.5020 0.3608
      ambientIntensity 0.2
      transparency 0.0000
      shininess 0.5
    }
  }
  geometry IndexedFaceSet {
    ccw TRUE
    solid FALSE
    coord DEF co Coordinate {
      point [
        1.968504 0.189906 0.998189,
        1.968504 0.171761 0.998189,
        1.968504 0.171761 0.905593,
        1.968504 0.189200 0.905593,
        1.968504 0.224906 0.918120,
        1.968504 0.223537 0.916841,
        1.968504 0.215799 0.911451,
        1.968504 0.205894 0.907596,
        1.968504 0.237739 0.953058,
        1.968504 0.237202 0.944275,
        1.968504 0.234698 0.933533,
        1.968504 0.230398 0.924774,
        1.968504 0.224568 0.986891,
        1.968504 0.227891 0.983620,
        1.968504 0.232553 0.976895,
        1.968504 0.235945 0.968139,
        1.968504 0.194364 0.998063,
        1.968504 0.206959 0.996074,
        1.968504 0.217102 0.992039,
      ]
    }
    coordIndex [
      5, 4, 16, -1,
      5, 16, 6, -1,
      1, 2, 0, -1,
      0, 2, 3, -1,
      0, 3, 16, -1,
      16, 3, 7, -1,
      16, 7, 6, -1,
      4, 11, 16, -1,
      16, 11, 10, -1,
      16, 10, 9, -1,
      12, 9, 8, -1,
      12, 18, 9, -1,
      9, 18, 17, -1,
      9, 17, 16, -1,
      15, 14, 8, -1,
      8, 14, 13, -1,
      8, 13, 12, -1,
    ]
  }
}

Shape {
  appearance Appearance {
    material Material {
      diffuseColor 0.0000 0.0000 0.0000
      specularColor 0.0000 0.0000 0.0000
      ambientIntensity 0.2
      transparency 0.0000
      shininess 0.5
    }
  }
  geometry IndexedFaceSet {
    ccw TRUE
    solid FALSE
    coord DEF co Coordinate {
      point [
        1.968504 0.295320 0.924751,
        1.968504 0.289379 0.924751,
        1.968504 0.277835 0.891900,
        1.968504 0.260704 0.891900,
        1.968504 0.295320 0.982785,
        1.968504 0.306449 1.012005,
        1.968504 0.323028 1.012005,
        1.968504 0.339392 0.924751,
        1.968504 0.351642 0.891900,
        1.968504 0.368773 0.891900,
        1.968543 0.294291 0.938321,
        1.968543 0.289379 0.924751,
        1.968543 0.334602 0.938321,
        1.968543 0.339392 0.924751,
        1.968543 0.312252 0.988242,
        1.968543 0.306449 1.012005,
        1.968543 0.260704 0.891900,
        1.968543 0.277835 0.891900,
        1.968543 0.313292 0.991826,
        1.968543 0.314217 0.996654,
        1.968543 0.323028 1.012005,
        1.968543 0.314585 0.996654,
        1.968543 0.315556 0.991573,
        1.968543 0.316458 0.988242,
        1.968543 0.368773 0.891900,
        1.968543 0.351642 0.891900,
        1.968504 0.294291 0.938321,
        1.968504 0.334602 0.938321,
        1.968504 0.316458 0.988242,
        1.968504 0.314585 0.996654,
        1.968504 0.315556 0.991573,
        1.968504 0.314217 0.996654,
        1.968504 0.312252 0.988242,
        1.968504 0.313292 0.991826,
      ]
    }
    coordIndex [
      10, 11, 12, -1,
      12, 11, 13, -1,
      14, 15, 10, -1,
      10, 15, 16, -1,
      10, 16, 11, -1,
      11, 16, 17, -1,
      14, 18, 15, -1,
      15, 18, 19, -1,
      15, 19, 20, -1,
      20, 19, 21, -1,
      20, 21, 22, -1,
      22, 23, 20, -1,
      20, 23, 12, -1,
      20, 12, 24, -1,
      24, 12, 13, -1,
      24, 13, 25, -1,
      20, 24, 6, -1,
      6, 24, 9, -1,
      15, 20, 5, -1,
      5, 20, 6, -1,
      3, 16, 4, -1,
      4, 16, 15, -1,
      4, 15, 5, -1,
      17, 16, 2, -1,
      2, 16, 3, -1,
      11, 17, 1, -1,
      1, 17, 2, -1,
      7, 13, 0, -1,
      0, 13, 11, -1,
      0, 11, 1, -1,
      25, 13, 8, -1,
      8, 13, 7, -1,
      24, 25, 9, -1,
      9, 25, 8, -1,
      10, 12, 26, -1,
      26, 12, 27, -1,
      12, 23, 27, -1,
      27, 23, 28, -1,
      21, 29, 30, -1,
      21, 30, 22, -1,
      22, 30, 28, -1,
      22, 28, 23, -1,
      21, 19, 29, -1,
      29, 19, 31, -1,
      14, 32, 33, -1,
      14, 33, 18, -1,
      18, 33, 31, -1,
      18, 31, 19, -1,
      14, 10, 32, -1,
      32, 10, 26, -1,
    ]
  }
}

Shape {
  appearance Appearance {
    material Material {
      diffuseColor 0.0588 1.0000 0.7216
      specularColor 0.0314 0.5020 0.3608
      ambientIntensity 0.2
      transparency 0.0000
      shininess 0.5
    }
  }
  geometry IndexedFaceSet {
    ccw TRUE
    solid FALSE
    coord DEF co Coordinate {
      point [
        1.968504 0.294291 0.938321,
        1.968504 0.334602 0.938321,
        1.968504 0.316458 0.988242,
        1.968504 0.314585 0.996654,
        1.968504 0.315556 0.991573,
        1.968504 0.314217 0.996654,
        1.968504 0.312252 0.988242,
        1.968504 0.313292 0.991826,
      ]
    }
    coordIndex [
      3, 5, 4, -1,
      4, 5, 7, -1,
      4, 7, 2, -1,
      2, 7, 6, -1,
      2, 6, 1, -1,
      1, 6, 0, -1,
    ]
  }
}

Shape {
  appearance Appearance {
    material Material {
      diffuseColor 0.0000 0.0000 0.0000
      specularColor 0.0000 0.0000 0.0000
      ambientIntensity 0.2
      transparency 0.0000
      shininess 0.5
    }
  }
  geometry IndexedFaceSet {
    ccw TRUE
    solid FALSE
    coord DEF co Coordinate {
      point [
        1.968504 0.007169 0.702586,
        1.968504 0.001274 0.700354,
        1.968504 0.019635 0.701367,
        1.968504 -0.028630 0.741727,
        1.968504 -0.025864 0.766515,
        1.968504 -0.031736 0.736839,
        1.968504 -0.033556 0.731328,
        1.968504 0.007361 0.776357,
        1.968504 0.002258 0.776893,
        1.968504 -0.005785 0.752331,
        1.968504 0.011193 0.705175,
        1.968504 -0.016043 0.700386,
        1.968504 -0.021811 0.702560,
        1.968504 -0.024225 0.745791,
        1.968504 -0.018169 0.749125,
        1.968504 -0.015500 0.773033,
        1.968504 -0.006078 0.776089,
        1.968504 -0.025864 0.781130,
        1.968504 -0.022770 0.782922,
        1.968504 -0.026877 0.706095,
        1.968504 -0.028523 0.707759,
        1.968504 -0.031658 0.712368,
        1.968504 0.019635 0.714630,
        1.968504 0.019236 0.714630,
        1.968504 0.016054 0.709981,
        1.968504 -0.033489 0.717443,
        1.968504 -0.034246 0.724331,
        1.968504 0.034679 0.756568,
        1.968504 0.033224 0.769155,
        1.968504 0.019635 0.755893,
        1.968504 0.019114 0.762536,
        1.968504 0.017559 0.767896,
        1.968504 0.015792 0.770995,
        1.968504 0.019986 0.785957,
        1.968504 0.024788 0.782957,
        1.968504 -0.011586 0.787259,
        1.968504 0.003671 0.789112,
        1.968504 0.013932 0.788036,
        1.968504 0.030754 0.775620,
        1.968504 0.027577 0.780275,
        1.968504 0.013519 0.773416,
        1.968504 0.010849 0.775137,
        1.968504 0.001142 0.700304,
        1.968504 -0.007044 0.699341,
        1.968504 -0.015769 0.700354,
        1.968504 0.034679 0.701367,
        1.968504 -0.113241 0.701367,
        1.968504 -0.048645 0.701367,
        1.968504 -0.048645 0.715060,
        1.968504 -0.051377 0.807656,
        1.968504 -0.113241 0.821471,
        1.968504 -0.051377 0.821471,
        1.968504 -0.097736 0.755463,
        1.968504 -0.097736 0.715060,
        1.968504 -0.054785 0.755463,
        1.968504 -0.054785 0.769217,
        1.968504 -0.097736 0.769217,
        1.968504 -0.097736 0.807656,
        1.968543 -0.048645 0.715060,
        1.968543 -0.048645 0.701367,
        1.968543 -0.097736 0.715060,
        1.968543 -0.097736 0.755463,
        1.968543 -0.054785 0.755463,
        1.968543 -0.054785 0.769217,
        1.968543 -0.097736 0.769217,
        1.968543 -0.097736 0.807656,
        1.968543 -0.051377 0.807656,
        1.968543 -0.051377 0.821471,
        1.968543 -0.113241 0.821471,
        1.968543 -0.113241 0.701367,
        1.968543 -0.013512 0.737624,
        1.968543 -0.010271 0.739316,
        1.968543 -0.018169 0.749125,
        1.968543 0.019236 0.714630,
        1.968543 0.019635 0.714630,
        1.968543 0.018652 0.728472,
        1.968543 0.019621 0.735184,
        1.968543 0.034679 0.756568,
        1.968543 0.019635 0.736182,
        1.968543 0.019635 0.744410,
        1.968543 0.019635 0.701367,
        1.968543 0.034679 0.701367,
        1.968543 0.013932 0.788036,
        1.968543 0.010849 0.775137,
        1.968543 0.019986 0.785957,
        1.968543 0.013519 0.773416,
        1.968543 -0.005785 0.752331,
        1.968543 -0.000443 0.741709,
        1.968543 0.019635 0.755893,
        1.968543 0.016446 0.723105,
        1.968543 0.013188 0.718683,
        1.968543 0.016054 0.709981,
        1.968543 0.011302 0.716839,
        1.968543 0.011193 0.705175,
        1.968543 0.007050 0.713970,
        1.968543 0.007169 0.702586,
        1.968543 0.002486 0.712312,
        1.968543 0.001142 0.700304,
        1.968543 -0.003145 0.711683,
        1.968543 -0.007044 0.699341,
        1.968543 -0.008226 0.712255,
        1.968543 -0.016043 0.700386,
        1.968543 -0.011630 0.713504,
        1.968543 -0.021811 0.702560,
        1.968543 -0.014628 0.715551,
        1.968543 -0.026877 0.706095,
        1.968543 -0.015907 0.716837,
        1.968543 0.019114 0.762536,
        1.968543 0.033224 0.769155,
        1.968543 0.017559 0.767896,
        1.968543 0.030754 0.775620,
        1.968543 0.015792 0.770995,
        1.968543 0.027577 0.780275,
        1.968543 0.024788 0.782957,
        1.968543 -0.025864 0.781130,
        1.968543 -0.025864 0.766515,
        1.968543 -0.022770 0.782922,
        1.968543 -0.015500 0.773033,
        1.968543 -0.011586 0.787259,
        1.968543 -0.006078 0.776089,
        1.968543 0.003671 0.789112,
        1.968543 0.002258 0.776893,
        1.968543 0.007361 0.776357,
        1.968543 -0.014996 0.736428,
        1.968543 -0.024225 0.745791,
        1.968543 -0.016796 0.734198,
        1.968543 -0.028630 0.741727,
        1.968543 -0.018117 0.731393,
        1.968543 -0.031736 0.736839,
        1.968543 -0.018859 0.727948,
        1.968543 -0.033556 0.731328,
        1.968543 -0.018987 0.725560,
        1.968543 -0.034246 0.724331,
        1.968543 -0.018605 0.722106,
        1.968543 -0.033489 0.717443,
        1.968543 -0.017616 0.719373,
        1.968543 -0.031658 0.712368,
        1.968543 -0.028523 0.707759,
        1.968504 -0.014996 0.736428,
        1.968504 -0.013512 0.737624,
        1.968504 -0.010271 0.739316,
        1.968504 -0.000443 0.741709,
        1.968504 -0.018987 0.725560,
        1.968504 -0.018859 0.727948,
        1.968504 -0.018117 0.731393,
        1.968504 -0.016796 0.734198,
        1.968504 -0.014628 0.715551,
        1.968504 -0.015907 0.716837,
        1.968504 -0.017616 0.719373,
        1.968504 -0.018605 0.722106,
        1.968504 -0.003145 0.711683,
        1.968504 -0.008226 0.712255,
        1.968504 -0.011630 0.713504,
        1.968504 0.013188 0.718683,
        1.968504 0.011302 0.716839,
        1.968504 0.007050 0.713970,
        1.968504 0.002486 0.712312,
        1.968504 0.019635 0.736182,
        1.968504 0.019621 0.735184,
        1.968504 0.018652 0.728472,
        1.968504 0.016446 0.723105,
        1.968504 0.019635 0.744410,
      ]
    }
    coordIndex [
      58, 59, 48, -1,
      48, 59, 47, -1,
      60, 58, 53, -1,
      53, 58, 48, -1,
      61, 60, 52, -1,
      52, 60, 53, -1,
      62, 61, 54, -1,
      54, 61, 52, -1,
      63, 62, 55, -1,
      55, 62, 54, -1,
      64, 63, 56, -1,
      56, 63, 55, -1,
      65, 64, 57, -1,
      57, 64, 56, -1,
      66, 65, 49, -1,
      49, 65, 57, -1,
      67, 66, 51, -1,
      51, 66, 49, -1,
      68, 67, 50, -1,
      50, 67, 51, -1,
      69, 68, 46, -1,
      46, 68, 50, -1,
      59, 69, 47, -1,
      47, 69, 46, -1,
      69, 59, 58, -1,
      58, 60, 69, -1,
      69, 60, 61, -1,
      69, 61, 68, -1,
      66, 67, 65, -1,
      65, 67, 68, -1,
      65, 68, 64, -1,
      64, 68, 61, -1,
      64, 61, 63, -1,
      63, 61, 62, -1,
      70, 71, 72, -1,
      73, 74, 75, -1,
      76, 77, 78, -1,
      78, 77, 79, -1,
      80, 81, 74, -1,
      74, 81, 77, -1,
      74, 77, 75, -1,
      75, 77, 76, -1,
      82, 83, 84, -1,
      84, 83, 85, -1,
      72, 71, 86, -1,
      86, 71, 87, -1,
      86, 87, 88, -1,
      75, 89, 73, -1,
      73, 89, 90, -1,
      73, 90, 91, -1,
      91, 90, 92, -1,
      91, 92, 93, -1,
      93, 92, 94, -1,
      93, 94, 95, -1,
      95, 94, 96, -1,
      95, 96, 97, -1,
      97, 96, 98, -1,
      97, 98, 99, -1,
      99, 98, 100, -1,
      99, 100, 101, -1,
      101, 100, 102, -1,
      101, 102, 103, -1,
      103, 102, 104, -1,
      103, 104, 105, -1,
      105, 104, 106, -1,
      87, 79, 88, -1,
      88, 79, 77, -1,
      88, 77, 107, -1,
      107, 77, 108, -1,
      107, 108, 109, -1,
      109, 108, 110, -1,
      109, 110, 111, -1,
      111, 110, 112, -1,
      111, 112, 85, -1,
      85, 112, 113, -1,
      85, 113, 84, -1,
      114, 115, 116, -1,
      116, 115, 117, -1,
      116, 117, 118, -1,
      118, 117, 119, -1,
      118, 119, 120, -1,
      120, 119, 121, -1,
      120, 121, 82, -1,
      82, 121, 122, -1,
      82, 122, 83, -1,
      70, 72, 123, -1,
      123, 72, 124, -1,
      123, 124, 125, -1,
      125, 124, 126, -1,
      125, 126, 127, -1,
      127, 126, 128, -1,
      127, 128, 129, -1,
      129, 128, 130, -1,
      129, 130, 131, -1,
      131, 130, 132, -1,
      131, 132, 133, -1,
      133, 132, 134, -1,
      133, 134, 135, -1,
      135, 134, 136, -1,
      135, 136, 106, -1,
      106, 136, 137, -1,
      106, 137, 105, -1,
      120, 36, 35, -1,
      120, 35, 118, -1,
      118, 35, 18, -1,
      118, 18, 116, -1,
      116, 18, 17, -1,
      116, 17, 114, -1,
      115, 114, 4, -1,
      4, 114, 17, -1,
      115, 4, 15, -1,
      115, 15, 117, -1,
      117, 15, 16, -1,
      117, 16, 119, -1,
      119, 16, 8, -1,
      119, 8, 121, -1,
      121, 8, 7, -1,
      121, 7, 122, -1,
      122, 7, 41, -1,
      122, 41, 83, -1,
      83, 41, 40, -1,
      83, 40, 85, -1,
      85, 40, 32, -1,
      85, 32, 111, -1,
      111, 32, 31, -1,
      111, 31, 109, -1,
      109, 31, 30, -1,
      109, 30, 107, -1,
      107, 30, 29, -1,
      107, 29, 88, -1,
      86, 88, 9, -1,
      9, 88, 29, -1,
      86, 9, 14, -1,
      86, 14, 72, -1,
      72, 14, 13, -1,
      72, 13, 124, -1,
      124, 13, 3, -1,
      124, 3, 126, -1,
      126, 3, 5, -1,
      126, 5, 128, -1,
      128, 5, 6, -1,
      128, 6, 130, -1,
      130, 6, 26, -1,
      130, 26, 132, -1,
      132, 26, 25, -1,
      132, 25, 134, -1,
      134, 25, 21, -1,
      134, 21, 136, -1,
      136, 21, 20, -1,
      136, 20, 137, -1,
      137, 20, 19, -1,
      137, 19, 105, -1,
      43, 99, 44, -1,
      44, 99, 101, -1,
      44, 101, 11, -1,
      11, 101, 103, -1,
      11, 103, 12, -1,
      12, 103, 105, -1,
      12, 105, 19, -1,
      99, 43, 42, -1,
      99, 42, 97, -1,
      97, 42, 1, -1,
      97, 1, 95, -1,
      1, 0, 95, -1,
      95, 0, 10, -1,
      95, 10, 93, -1,
      93, 10, 24, -1,
      93, 24, 91, -1,
      91, 24, 23, -1,
      91, 23, 73, -1,
      74, 73, 22, -1,
      22, 73, 23, -1,
      80, 74, 2, -1,
      2, 74, 22, -1,
      81, 80, 45, -1,
      45, 80, 2, -1,
      77, 81, 27, -1,
      27, 81, 45, -1,
      77, 27, 28, -1,
      77, 28, 108, -1,
      108, 28, 38, -1,
      108, 38, 110, -1,
      110, 38, 39, -1,
      110, 39, 112, -1,
      112, 39, 34, -1,
      112, 34, 113, -1,
      113, 34, 33, -1,
      113, 33, 84, -1,
      84, 33, 37, -1,
      84, 37, 82, -1,
      82, 37, 36, -1,
      82, 36, 120, -1,
      123, 138, 139, -1,
      123, 139, 70, -1,
      70, 139, 140, -1,
      70, 140, 71, -1,
      71, 140, 141, -1,
      71, 141, 87, -1,
      131, 142, 143, -1,
      131, 143, 129, -1,
      129, 143, 144, -1,
      129, 144, 127, -1,
      127, 144, 145, -1,
      127, 145, 125, -1,
      125, 145, 138, -1,
      125, 138, 123, -1,
      104, 146, 147, -1,
      104, 147, 106, -1,
      106, 147, 148, -1,
      106, 148, 135, -1,
      135, 148, 149, -1,
      135, 149, 133, -1,
      133, 149, 142, -1,
      133, 142, 131, -1,
      98, 150, 151, -1,
      98, 151, 100, -1,
      100, 151, 152, -1,
      100, 152, 102, -1,
      102, 152, 146, -1,
      102, 146, 104, -1,
      90, 153, 154, -1,
      90, 154, 92, -1,
      92, 154, 155, -1,
      92, 155, 94, -1,
      94, 155, 156, -1,
      94, 156, 96, -1,
      96, 156, 150, -1,
      96, 150, 98, -1,
      78, 157, 158, -1,
      78, 158, 76, -1,
      76, 158, 159, -1,
      76, 159, 75, -1,
      75, 159, 160, -1,
      75, 160, 89, -1,
      89, 160, 153, -1,
      89, 153, 90, -1,
      78, 79, 157, -1,
      157, 79, 161, -1,
      79, 87, 161, -1,
      161, 87, 141, -1,
    ]
  }
}

Shape {
  appearance Appearance {
    material Material {
      diffuseColor 0.0588 1.0000 0.7216
      specularColor 0.0314 0.5020 0.3608
      ambientIntensity 0.2
      transparency 0.0000
      shininess 0.5
    }
  }
  geometry IndexedFaceSet {
    ccw TRUE
    solid FALSE
    coord DEF co Coordinate {
      point [
        1.968504 -0.014996 0.736428,
        1.968504 -0.013512 0.737624,
        1.968504 -0.010271 0.739316,
        1.968504 -0.000443 0.741709,
        1.968504 -0.018987 0.725560,
        1.968504 -0.018859 0.727948,
        1.968504 -0.018117 0.731393,
        1.968504 -0.016796 0.734198,
        1.968504 -0.014628 0.715551,
        1.968504 -0.015907 0.716837,
        1.968504 -0.017616 0.719373,
        1.968504 -0.018605 0.722106,
        1.968504 -0.003145 0.711683,
        1.968504 -0.008226 0.712255,
        1.968504 -0.011630 0.713504,
        1.968504 0.013188 0.718683,
        1.968504 0.011302 0.716839,
        1.968504 0.007050 0.713970,
        1.968504 0.002486 0.712312,
        1.968504 0.019635 0.736182,
        1.968504 0.019621 0.735184,
        1.968504 0.018652 0.728472,
        1.968504 0.016446 0.723105,
        1.968504 0.019635 0.744410,
      ]
    }
    coordIndex [
      20, 19, 0, -1,
      19, 23, 3, -1,
      3, 2, 19, -1,
      19, 2, 1, -1,
      19, 1, 0, -1,
      20, 0, 21, -1,
      21, 0, 7, -1,
      21, 7, 22, -1,
      9, 8, 16, -1,
      9, 16, 10, -1,
      17, 16, 18, -1,
      18, 16, 12, -1,
      7, 6, 22, -1,
      22, 6, 5, -1,
      22, 5, 15, -1,
      15, 5, 4, -1,
      15, 4, 16, -1,
      16, 4, 11, -1,
      16, 11, 10, -1,
      8, 14, 16, -1,
      16, 14, 13, -1,
      16, 13, 12, -1,
    ]
  }
}

Shape {
  appearance Appearance {
    material Material {
      diffuseColor 0.0000 0.0000 0.0000
      specularColor 0.0000 0.0000 0.0000
      ambientIntensity 0.2
      transparency 0.0000
      shininess 0.5
    }
  }
  geometry IndexedFaceSet {
    ccw TRUE
    solid FALSE
    coord DEF co Coordinate {
      point [
        1.968504 0.091878 0.700942,
        1.968504 0.086902 0.700354,
        1.968504 0.401179 0.741246,
        1.968504 0.404088 0.755308,
        1.968504 0.404448 0.762954,
        1.968504 0.402440 0.779532,
        1.968504 0.395265 0.728824,
        1.968504 0.386334 0.718191,
        1.968504 0.373819 0.709213,
        1.968504 0.306664 0.821471,
        1.968504 0.306664 0.701367,
        1.968504 0.339699 0.701367,
        1.968504 0.360134 0.703860,
        1.968504 0.386334 0.805568,
        1.968504 0.390550 0.801446,
        1.968504 0.397991 0.790981,
        1.968504 0.340927 0.821471,
        1.968504 0.359265 0.819446,
        1.968504 0.373760 0.814151,
        1.968504 0.059425 0.750428,
        1.968504 0.057467 0.753556,
        1.968504 0.055806 0.758148,
        1.968504 0.055157 0.763998,
        1.968504 0.060326 0.778274,
        1.968504 0.061886 0.747854,
        1.968504 0.055065 0.719911,
        1.968504 0.062019 0.747766,
        1.968504 0.061503 0.715989,
        1.968504 0.062019 0.715804,
        1.968504 0.055748 0.769363,
        1.968504 0.057535 0.774207,
        1.968504 0.055065 0.704376,
        1.968504 0.062019 0.701935,
        1.968504 0.065662 0.700656,
        1.968504 0.068573 0.700354,
        1.968504 0.078337 0.699341,
        1.968504 0.108885 0.785305,
        1.968504 0.108885 0.770691,
        1.968504 0.064797 0.782296,
        1.968504 0.068523 0.784583,
        1.968504 0.104377 0.742085,
        1.968504 0.107964 0.738884,
        1.968504 0.062019 0.779796,
        1.968504 0.112283 0.718657,
        1.968504 0.110437 0.713889,
        1.968504 0.107633 0.709922,
        1.968504 0.076592 0.787685,
        1.968504 0.088560 0.789112,
        1.968504 0.099114 0.788176,
        1.968504 0.110771 0.734741,
        1.968504 0.112376 0.730306,
        1.968504 0.112999 0.724700,
        1.968504 0.075601 0.756122,
        1.968504 0.088560 0.749998,
        1.968504 0.087087 0.776893,
        1.968504 0.103328 0.706156,
        1.968504 0.099801 0.703990,
        1.968504 0.094385 0.747641,
        1.968504 0.104841 0.772961,
        1.968504 0.096292 0.775924,
        1.968504 0.082633 0.776559,
        1.968504 0.078609 0.775493,
        1.968504 0.070661 0.765349,
        1.968504 0.075236 0.773700,
        1.968504 0.070798 0.763348,
        1.968504 0.071395 0.761011,
        1.968504 0.072479 0.758981,
        1.968504 0.073946 0.757367,
        1.968504 0.072966 0.771694,
        1.968504 0.071676 0.769779,
        1.968504 0.070933 0.767748,
        1.968504 0.070963 0.712588,
        1.968504 0.077938 0.739069,
        1.968504 0.068970 0.743178,
        1.968504 0.079811 0.711621,
        1.968504 0.080475 0.711625,
        1.968504 0.087816 0.734931,
        1.968504 0.088187 0.712490,
        1.968504 0.097556 0.723226,
        1.968504 0.097409 0.725098,
        1.968504 0.092069 0.713910,
        1.968504 0.093440 0.714743,
        1.968504 0.095167 0.716275,
        1.968504 0.096480 0.718217,
        1.968504 0.097244 0.720356,
        1.968504 0.096725 0.727447,
        1.968504 0.095562 0.729441,
        1.968504 0.093687 0.731393,
        1.968504 0.187573 0.787147,
        1.968504 0.203169 0.787147,
        1.968504 0.160064 0.722674,
        1.968504 0.161906 0.715612,
        1.968504 0.162306 0.715612,
        1.968504 0.144913 0.766259,
        1.968504 0.164148 0.722551,
        1.968504 0.162996 0.718552,
        1.968504 0.144913 0.725879,
        1.968504 0.120828 0.787147,
        1.968504 0.137652 0.787147,
        1.968504 0.154476 0.701551,
        1.968504 0.153970 0.700354,
        1.968504 0.147876 0.685955,
        1.968504 0.123928 0.662192,
        1.968504 0.123928 0.675578,
        1.968504 0.142054 0.677348,
        1.968504 0.144857 0.680450,
        1.968504 0.144913 0.680551,
        1.968504 0.127006 0.674569,
        1.968504 0.132463 0.673858,
        1.968504 0.144913 0.663646,
        1.968504 0.139708 0.661663,
        1.968504 0.133630 0.660964,
        1.968504 0.130309 0.661083,
        1.968504 0.136363 0.674334,
        1.968504 0.139627 0.675639,
        1.968504 0.164240 0.688411,
        1.968504 0.157428 0.675146,
        1.968504 0.168948 0.700354,
        1.968504 0.151924 0.668535,
        1.968504 0.150899 0.667596,
        1.968504 0.145644 0.663924,
        1.968504 0.257373 0.755463,
        1.968504 0.234884 0.755463,
        1.968504 0.257373 0.715060,
        1.968504 0.234884 0.715060,
        1.968504 0.281243 0.821471,
        1.968504 0.281243 0.807656,
        1.968504 0.283976 0.715060,
        1.968504 0.283976 0.701367,
        1.968504 0.277835 0.755463,
        1.968504 0.277835 0.769217,
        1.968504 0.257373 0.769217,
        1.968504 0.257373 0.807656,
        1.968504 0.234884 0.807656,
        1.968504 0.234884 0.769217,
        1.968504 0.257373 0.701367,
        1.968504 0.219380 0.701367,
        1.968504 0.219380 0.821471,
        1.968504 0.257373 0.821471,
        1.968543 0.055065 0.719911,
        1.968543 0.061503 0.715989,
        1.968543 0.079811 0.711621,
        1.968543 0.070963 0.712588,
        1.968543 0.055065 0.704376,
        1.968543 0.065662 0.700656,
        1.968543 0.078337 0.699341,
        1.968543 0.091878 0.700942,
        1.968543 0.099801 0.703990,
        1.968543 0.103328 0.706156,
        1.968543 0.107633 0.709922,
        1.968543 0.110437 0.713889,
        1.968543 0.112283 0.718657,
        1.968543 0.112999 0.724700,
        1.968543 0.112376 0.730306,
        1.968543 0.110771 0.734741,
        1.968543 0.107964 0.738884,
        1.968543 0.104377 0.742085,
        1.968543 0.094385 0.747641,
        1.968543 0.088560 0.749998,
        1.968543 0.075601 0.756122,
        1.968543 0.073946 0.757367,
        1.968543 0.072479 0.758981,
        1.968543 0.071395 0.761011,
        1.968543 0.070798 0.763348,
        1.968543 0.070661 0.765349,
        1.968543 0.070933 0.767748,
        1.968543 0.071676 0.769779,
        1.968543 0.072966 0.771694,
        1.968543 0.075236 0.773700,
        1.968543 0.078609 0.775493,
        1.968543 0.082633 0.776559,
        1.968543 0.087087 0.776893,
        1.968543 0.096292 0.775924,
        1.968543 0.104841 0.772961,
        1.968543 0.108885 0.770691,
        1.968543 0.108885 0.785305,
        1.968543 0.099114 0.788176,
        1.968543 0.088560 0.789112,
        1.968543 0.076592 0.787685,
        1.968543 0.068523 0.784583,
        1.968543 0.064797 0.782296,
        1.968543 0.060326 0.778274,
        1.968543 0.057535 0.774207,
        1.968543 0.055748 0.769363,
        1.968543 0.055157 0.763998,
        1.968543 0.055806 0.758148,
        1.968543 0.057467 0.753556,
        1.968543 0.059425 0.750428,
        1.968543 0.077938 0.739069,
        1.968543 0.068970 0.743178,
        1.968543 0.061886 0.747854,
        1.968543 0.087816 0.734931,
        1.968543 0.093687 0.731393,
        1.968543 0.095562 0.729441,
        1.968543 0.096725 0.727447,
        1.968543 0.097409 0.725098,
        1.968543 0.097556 0.723226,
        1.968543 0.097244 0.720356,
        1.968543 0.096480 0.718217,
        1.968543 0.095167 0.716275,
        1.968543 0.093440 0.714743,
        1.968543 0.092069 0.713910,
        1.968543 0.088187 0.712490,
        1.968543 0.080475 0.711625,
        1.968543 0.187573 0.787147,
        1.968543 0.203169 0.787147,
        1.968543 0.164148 0.722551,
        1.968543 0.162996 0.718552,
        1.968543 0.162306 0.715612,
        1.968543 0.161906 0.715612,
        1.968543 0.160064 0.722674,
        1.968543 0.137652 0.787147,
        1.968543 0.120828 0.787147,
        1.968543 0.154476 0.701551,
        1.968543 0.147876 0.685955,
        1.968543 0.144857 0.680450,
        1.968543 0.142054 0.677348,
        1.968543 0.139627 0.675639,
        1.968543 0.136363 0.674334,
        1.968543 0.132463 0.673858,
        1.968543 0.127006 0.674569,
        1.968543 0.123928 0.675578,
        1.968543 0.123928 0.662192,
        1.968543 0.130309 0.661083,
        1.968543 0.133630 0.660964,
        1.968543 0.139708 0.661663,
        1.968543 0.145644 0.663924,
        1.968543 0.150899 0.667596,
        1.968543 0.151924 0.668535,
        1.968543 0.157428 0.675146,
        1.968543 0.164240 0.688411,
        1.968543 0.283976 0.715060,
        1.968543 0.283976 0.701367,
        1.968543 0.234884 0.715060,
        1.968543 0.234884 0.755463,
        1.968543 0.277835 0.755463,
        1.968543 0.277835 0.769217,
        1.968543 0.234884 0.769217,
        1.968543 0.234884 0.807656,
        1.968543 0.281243 0.807656,
        1.968543 0.281243 0.821471,
        1.968543 0.219380 0.821471,
        1.968543 0.219380 0.701367,
        1.968543 0.386334 0.718191,
        1.968543 0.373943 0.726308,
        1.968543 0.373819 0.709213,
        1.968543 0.366206 0.720918,
        1.968543 0.360134 0.703860,
        1.968543 0.356301 0.717062,
        1.968543 0.339699 0.701367,
        1.968543 0.339607 0.715060,
        1.968543 0.306664 0.701367,
        1.968543 0.322168 0.715060,
        1.968543 0.306664 0.821471,
        1.968543 0.322168 0.807656,
        1.968543 0.340927 0.821471,
        1.968543 0.340313 0.807656,
        1.968543 0.344771 0.807529,
        1.968543 0.359265 0.819446,
        1.968543 0.357366 0.805541,
        1.968543 0.373760 0.814151,
        1.968543 0.367509 0.801506,
        1.968543 0.386334 0.805568,
        1.968543 0.374975 0.796357,
        1.968543 0.390550 0.801446,
        1.968543 0.378298 0.793086,
        1.968543 0.397991 0.790981,
        1.968543 0.382959 0.786362,
        1.968543 0.402440 0.779532,
        1.968543 0.386352 0.777605,
        1.968543 0.404448 0.762954,
        1.968543 0.388146 0.762524,
        1.968543 0.404088 0.755308,
        1.968543 0.387609 0.753742,
        1.968543 0.401179 0.741246,
        1.968543 0.385105 0.743000,
        1.968543 0.395265 0.728824,
        1.968543 0.380805 0.734240,
        1.968543 0.375313 0.727586,
        1.968504 0.340313 0.807656,
        1.968504 0.322168 0.807656,
        1.968504 0.322168 0.715060,
        1.968504 0.339607 0.715060,
        1.968504 0.375313 0.727586,
        1.968504 0.373943 0.726308,
        1.968504 0.366206 0.720918,
        1.968504 0.356301 0.717062,
        1.968504 0.388146 0.762524,
        1.968504 0.387609 0.753742,
        1.968504 0.385105 0.743000,
        1.968504 0.380805 0.734240,
        1.968504 0.374975 0.796357,
        1.968504 0.378298 0.793086,
        1.968504 0.382959 0.786362,
        1.968504 0.386352 0.777605,
        1.968504 0.344771 0.807529,
        1.968504 0.357366 0.805541,
        1.968504 0.367509 0.801506,
      ]
    }
    coordIndex [
      25, 139, 140, -1,
      141, 74, 71, -1,
      141, 71, 142, -1,
      142, 71, 28, -1,
      142, 28, 140, -1,
      140, 28, 27, -1,
      140, 27, 25, -1,
      143, 139, 31, -1,
      31, 139, 25, -1,
      144, 143, 32, -1,
      32, 143, 31, -1,
      35, 145, 34, -1,
      34, 145, 144, -1,
      34, 144, 33, -1,
      33, 144, 32, -1,
      146, 145, 1, -1,
      1, 145, 35, -1,
      1, 0, 146, -1,
      146, 0, 56, -1,
      146, 56, 147, -1,
      147, 56, 55, -1,
      147, 55, 148, -1,
      148, 55, 45, -1,
      148, 45, 149, -1,
      149, 45, 44, -1,
      149, 44, 150, -1,
      150, 44, 43, -1,
      150, 43, 151, -1,
      151, 43, 51, -1,
      151, 51, 152, -1,
      152, 51, 50, -1,
      152, 50, 153, -1,
      153, 50, 49, -1,
      153, 49, 154, -1,
      154, 49, 41, -1,
      154, 41, 155, -1,
      155, 41, 40, -1,
      155, 40, 156, -1,
      156, 40, 57, -1,
      156, 57, 157, -1,
      157, 57, 53, -1,
      157, 53, 158, -1,
      158, 53, 52, -1,
      158, 52, 159, -1,
      159, 52, 67, -1,
      159, 67, 160, -1,
      160, 67, 66, -1,
      160, 66, 161, -1,
      161, 66, 65, -1,
      161, 65, 162, -1,
      162, 65, 64, -1,
      162, 64, 163, -1,
      163, 64, 62, -1,
      163, 62, 164, -1,
      164, 62, 70, -1,
      164, 70, 165, -1,
      165, 70, 69, -1,
      165, 69, 166, -1,
      166, 69, 68, -1,
      166, 68, 167, -1,
      167, 68, 63, -1,
      167, 63, 168, -1,
      168, 63, 61, -1,
      168, 61, 169, -1,
      169, 61, 60, -1,
      169, 60, 170, -1,
      170, 60, 54, -1,
      170, 54, 171, -1,
      171, 54, 59, -1,
      171, 59, 172, -1,
      172, 59, 58, -1,
      172, 58, 173, -1,
      173, 58, 37, -1,
      173, 37, 174, -1,
      175, 174, 36, -1,
      36, 174, 37, -1,
      175, 36, 48, -1,
      175, 48, 176, -1,
      176, 48, 47, -1,
      176, 47, 177, -1,
      177, 47, 46, -1,
      177, 46, 178, -1,
      178, 46, 39, -1,
      178, 39, 179, -1,
      179, 39, 38, -1,
      179, 38, 180, -1,
      181, 180, 42, -1,
      42, 180, 38, -1,
      42, 23, 181, -1,
      181, 23, 30, -1,
      181, 30, 182, -1,
      182, 30, 29, -1,
      182, 29, 183, -1,
      183, 29, 22, -1,
      183, 22, 184, -1,
      184, 22, 21, -1,
      184, 21, 185, -1,
      185, 21, 20, -1,
      185, 20, 186, -1,
      186, 20, 19, -1,
      186, 19, 187, -1,
      72, 188, 189, -1,
      187, 19, 24, -1,
      187, 24, 190, -1,
      190, 24, 26, -1,
      190, 26, 189, -1,
      189, 26, 73, -1,
      189, 73, 72, -1,
      188, 72, 76, -1,
      188, 76, 191, -1,
      191, 76, 87, -1,
      191, 87, 192, -1,
      192, 87, 86, -1,
      192, 86, 193, -1,
      193, 86, 85, -1,
      193, 85, 194, -1,
      194, 85, 79, -1,
      194, 79, 195, -1,
      195, 79, 78, -1,
      195, 78, 196, -1,
      196, 78, 84, -1,
      196, 84, 197, -1,
      197, 84, 83, -1,
      197, 83, 198, -1,
      198, 83, 82, -1,
      198, 82, 199, -1,
      199, 82, 81, -1,
      199, 81, 200, -1,
      200, 81, 80, -1,
      200, 80, 201, -1,
      201, 80, 77, -1,
      201, 77, 202, -1,
      202, 77, 75, -1,
      202, 75, 203, -1,
      203, 75, 74, -1,
      203, 74, 141, -1,
      167, 168, 179, -1,
      179, 168, 178, -1,
      145, 141, 144, -1,
      144, 141, 142, -1,
      144, 142, 143, -1,
      143, 142, 140, -1,
      143, 140, 139, -1,
      168, 169, 178, -1,
      178, 169, 170, -1,
      178, 170, 177, -1,
      177, 170, 171, -1,
      177, 171, 176, -1,
      176, 171, 172, -1,
      176, 172, 175, -1,
      175, 172, 173, -1,
      175, 173, 174, -1,
      199, 200, 147, -1,
      147, 200, 201, -1,
      147, 201, 146, -1,
      146, 201, 202, -1,
      146, 202, 145, -1,
      145, 202, 203, -1,
      145, 203, 141, -1,
      179, 180, 167, -1,
      167, 180, 181, -1,
      167, 181, 166, -1,
      166, 181, 182, -1,
      166, 182, 165, -1,
      165, 182, 183, -1,
      165, 183, 164, -1,
      164, 183, 184, -1,
      164, 184, 163, -1,
      163, 184, 185, -1,
      163, 185, 162, -1,
      162, 185, 186, -1,
      162, 186, 161, -1,
      161, 186, 187, -1,
      161, 187, 160, -1,
      160, 187, 190, -1,
      160, 190, 159, -1,
      159, 190, 189, -1,
      159, 189, 158, -1,
      158, 189, 188, -1,
      158, 188, 157, -1,
      157, 188, 191, -1,
      157, 191, 156, -1,
      156, 191, 192, -1,
      156, 192, 155, -1,
      155, 192, 193, -1,
      155, 193, 154, -1,
      154, 193, 194, -1,
      154, 194, 153, -1,
      153, 194, 195, -1,
      153, 195, 152, -1,
      152, 195, 196, -1,
      152, 196, 151, -1,
      151, 196, 197, -1,
      151, 197, 150, -1,
      150, 197, 198, -1,
      150, 198, 149, -1,
      149, 198, 199, -1,
      149, 199, 148, -1,
      148, 199, 147, -1,
      204, 205, 88, -1,
      88, 205, 89, -1,
      206, 204, 94, -1,
      94, 204, 88, -1,
      206, 94, 95, -1,
      206, 95, 207, -1,
      207, 95, 92, -1,
      207, 92, 208, -1,
      209, 208, 91, -1,
      91, 208, 92, -1,
      210, 209, 90, -1,
      90, 209, 91, -1,
      98, 211, 93, -1,
      93, 211, 210, -1,
      93, 210, 90, -1,
      212, 211, 97, -1,
      97, 211, 98, -1,
      99, 213, 96, -1,
      96, 213, 212, -1,
      96, 212, 97, -1,
      101, 214, 100, -1,
      100, 214, 213, -1,
      100, 213, 99, -1,
      214, 101, 215, -1,
      215, 101, 106, -1,
      106, 105, 215, -1,
      215, 105, 104, -1,
      215, 104, 216, -1,
      216, 104, 114, -1,
      216, 114, 217, -1,
      217, 114, 113, -1,
      217, 113, 218, -1,
      218, 113, 108, -1,
      218, 108, 219, -1,
      219, 108, 107, -1,
      219, 107, 220, -1,
      220, 107, 103, -1,
      220, 103, 221, -1,
      222, 221, 102, -1,
      102, 221, 103, -1,
      222, 102, 112, -1,
      222, 112, 223, -1,
      223, 112, 111, -1,
      223, 111, 224, -1,
      224, 111, 110, -1,
      224, 110, 225, -1,
      225, 110, 109, -1,
      225, 109, 226, -1,
      109, 120, 226, -1,
      226, 120, 119, -1,
      226, 119, 227, -1,
      227, 119, 118, -1,
      227, 118, 228, -1,
      228, 118, 116, -1,
      228, 116, 229, -1,
      229, 116, 115, -1,
      229, 115, 230, -1,
      89, 205, 117, -1,
      117, 205, 230, -1,
      117, 230, 115, -1,
      207, 208, 230, -1,
      205, 204, 230, -1,
      230, 204, 206, -1,
      230, 206, 207, -1,
      211, 212, 210, -1,
      210, 212, 213, -1,
      210, 213, 209, -1,
      221, 222, 220, -1,
      220, 222, 223, -1,
      220, 223, 219, -1,
      219, 223, 224, -1,
      219, 224, 218, -1,
      218, 224, 225, -1,
      218, 225, 217, -1,
      217, 225, 226, -1,
      217, 226, 216, -1,
      208, 209, 230, -1,
      230, 209, 213, -1,
      230, 213, 229, -1,
      213, 214, 229, -1,
      229, 214, 215, -1,
      229, 215, 228, -1,
      228, 215, 216, -1,
      228, 216, 227, -1,
      227, 216, 226, -1,
      231, 232, 127, -1,
      127, 232, 128, -1,
      124, 233, 123, -1,
      123, 233, 231, -1,
      123, 231, 127, -1,
      234, 233, 122, -1,
      122, 233, 124, -1,
      129, 235, 121, -1,
      121, 235, 234, -1,
      121, 234, 122, -1,
      236, 235, 130, -1,
      130, 235, 129, -1,
      134, 237, 131, -1,
      131, 237, 236, -1,
      131, 236, 130, -1,
      238, 237, 133, -1,
      133, 237, 134, -1,
      126, 239, 132, -1,
      132, 239, 238, -1,
      132, 238, 133, -1,
      240, 239, 125, -1,
      125, 239, 126, -1,
      137, 241, 138, -1,
      138, 241, 240, -1,
      138, 240, 125, -1,
      242, 241, 136, -1,
      136, 241, 137, -1,
      128, 232, 135, -1,
      135, 232, 242, -1,
      135, 242, 136, -1,
      242, 232, 231, -1,
      231, 233, 242, -1,
      242, 233, 234, -1,
      242, 234, 241, -1,
      239, 240, 238, -1,
      238, 240, 241, -1,
      238, 241, 237, -1,
      237, 241, 234, -1,
      237, 234, 236, -1,
      236, 234, 235, -1,
      243, 244, 245, -1,
      245, 244, 246, -1,
      245, 246, 247, -1,
      247, 246, 248, -1,
      247, 248, 249, -1,
      249, 248, 250, -1,
      249, 250, 251, -1,
      251, 250, 252, -1,
      251, 252, 253, -1,
      253, 252, 254, -1,
      253, 254, 255, -1,
      254, 256, 255, -1,
      255, 256, 257, -1,
      255, 257, 258, -1,
      258, 257, 259, -1,
      258, 259, 260, -1,
      260, 259, 261, -1,
      260, 261, 262, -1,
      262, 261, 263, -1,
      262, 263, 264, -1,
      264, 263, 265, -1,
      264, 265, 266, -1,
      266, 265, 267, -1,
      266, 267, 268, -1,
      268, 267, 269, -1,
      268, 269, 270, -1,
      270, 269, 271, -1,
      270, 271, 272, -1,
      272, 271, 273, -1,
      272, 273, 274, -1,
      274, 273, 275, -1,
      274, 275, 276, -1,
      276, 275, 277, -1,
      276, 277, 243, -1,
      243, 277, 278, -1,
      243, 278, 244, -1,
      249, 251, 11, -1,
      11, 251, 10, -1,
      249, 11, 12, -1,
      249, 12, 247, -1,
      247, 12, 8, -1,
      247, 8, 245, -1,
      245, 8, 7, -1,
      245, 7, 243, -1,
      243, 7, 6, -1,
      243, 6, 276, -1,
      276, 6, 2, -1,
      276, 2, 274, -1,
      274, 2, 3, -1,
      274, 3, 272, -1,
      272, 3, 4, -1,
      272, 4, 270, -1,
      270, 4, 5, -1,
      270, 5, 268, -1,
      268, 5, 15, -1,
      268, 15, 266, -1,
      266, 15, 14, -1,
      266, 14, 264, -1,
      264, 14, 13, -1,
      264, 13, 262, -1,
      262, 13, 18, -1,
      262, 18, 260, -1,
      260, 18, 17, -1,
      260, 17, 258, -1,
      258, 17, 16, -1,
      258, 16, 255, -1,
      253, 255, 9, -1,
      9, 255, 16, -1,
      251, 253, 10, -1,
      10, 253, 9, -1,
      256, 254, 279, -1,
      279, 254, 280, -1,
      254, 252, 280, -1,
      280, 252, 281, -1,
      252, 250, 281, -1,
      281, 250, 282, -1,
      278, 283, 284, -1,
      278, 284, 244, -1,
      244, 284, 285, -1,
      244, 285, 246, -1,
      246, 285, 286, -1,
      246, 286, 248, -1,
      248, 286, 282, -1,
      248, 282, 250, -1,
      271, 287, 288, -1,
      271, 288, 273, -1,
      273, 288, 289, -1,
      273, 289, 275, -1,
      275, 289, 290, -1,
      275, 290, 277, -1,
      277, 290, 283, -1,
      277, 283, 278, -1,
      263, 291, 292, -1,
      263, 292, 265, -1,
      265, 292, 293, -1,
      265, 293, 267, -1,
      267, 293, 294, -1,
      267, 294, 269, -1,
      269, 294, 287, -1,
      269, 287, 271, -1,
      256, 279, 295, -1,
      256, 295, 257, -1,
      257, 295, 296, -1,
      257, 296, 259, -1,
      259, 296, 297, -1,
      259, 297, 261, -1,
      261, 297, 291, -1,
      261, 291, 263, -1,
    ]
  }
}

Shape {
  appearance Appearance {
    material Material {
      diffuseColor 0.0588 1.0000 0.7216
      specularColor 0.0314 0.5020 0.3608
      ambientIntensity 0.2
      transparency 0.0000
      shininess 0.5
    }
  }
  geometry IndexedFaceSet {
    ccw TRUE
    solid FALSE
    coord DEF co Coordinate {
      point [
        1.968504 0.340313 0.807656,
        1.968504 0.322168 0.807656,
        1.968504 0.322168 0.715060,
        1.968504 0.339607 0.715060,
        1.968504 0.375313 0.727586,
        1.968504 0.373943 0.726308,
        1.968504 0.366206 0.720918,
        1.968504 0.356301 0.717062,
        1.968504 0.388146 0.762524,
        1.968504 0.387609 0.753742,
        1.968504 0.385105 0.743000,
        1.968504 0.380805 0.734240,
        1.968504 0.374975 0.796357,
        1.968504 0.378298 0.793086,
        1.968504 0.382959 0.786362,
        1.968504 0.386352 0.777605,
        1.968504 0.344771 0.807529,
        1.968504 0.357366 0.805541,
        1.968504 0.367509 0.801506,
      ]
    }
    coordIndex [
      5, 4, 16, -1,
      5, 16, 6, -1,
      1, 2, 0, -1,
      0, 2, 3, -1,
      0, 3, 16, -1,
      16, 3, 7, -1,
      16, 7, 6, -1,
      4, 11, 16, -1,
      16, 11, 10, -1,
      16, 10, 9, -1,
      12, 9, 8, -1,
      12, 18, 9, -1,
      9, 18, 17, -1,
      9, 17, 16, -1,
      15, 14, 8, -1,
      8, 14, 13, -1,
      8, 13, 12, -1,
    ]
  }
}

Shape {
  appearance Appearance {
    material Material {
      diffuseColor 0.0000 0.0000 0.0000
      specularColor 0.0000 0.0000 0.0000
      ambientIntensity 0.2
      transparency 0.0000
      shininess 0.5
    }
  }
  geometry IndexedFaceSet {
    ccw TRUE
    solid FALSE
    coord DEF co Coordinate {
      point [
        1.968504 0.428242 0.701367,
        1.968504 0.411111 0.701367,
        1.968504 0.502048 0.701367,
        1.968504 0.489798 0.734218,
        1.968504 0.439786 0.734218,
        1.968504 0.519180 0.701367,
        1.968504 0.473435 0.821471,
        1.968504 0.456856 0.821471,
        1.968543 0.444698 0.747787,
        1.968543 0.439786 0.734218,
        1.968543 0.485009 0.747787,
        1.968543 0.489798 0.734218,
        1.968543 0.462658 0.797708,
        1.968543 0.456856 0.821471,
        1.968543 0.411111 0.701367,
        1.968543 0.428242 0.701367,
        1.968543 0.463698 0.801293,
        1.968543 0.464623 0.806120,
        1.968543 0.473435 0.821471,
        1.968543 0.464992 0.806120,
        1.968543 0.465963 0.801039,
        1.968543 0.466865 0.797708,
        1.968543 0.519180 0.701367,
        1.968543 0.502048 0.701367,
        1.968504 0.444698 0.747787,
        1.968504 0.485009 0.747787,
        1.968504 0.466865 0.797708,
        1.968504 0.464992 0.806120,
        1.968504 0.465963 0.801039,
        1.968504 0.464623 0.806120,
        1.968504 0.462658 0.797708,
        1.968504 0.463698 0.801293,
      ]
    }
    coordIndex [
      8, 9, 10, -1,
      10, 9, 11, -1,
      12, 13, 8, -1,
      8, 13, 14, -1,
      8, 14, 9, -1,
      9, 14, 15, -1,
      12, 16, 13, -1,
      13, 16, 17, -1,
      13, 17, 18, -1,
      18, 17, 19, -1,
      18, 19, 20, -1,
      20, 21, 18, -1,
      18, 21, 10, -1,
      18, 10, 22, -1,
      22, 10, 11, -1,
      22, 11, 23, -1,
      18, 22, 6, -1,
      6, 22, 5, -1,
      13, 18, 7, -1,
      7, 18, 6, -1,
      14, 13, 1, -1,
      1, 13, 7, -1,
      15, 14, 0, -1,
      0, 14, 1, -1,
      9, 15, 4, -1,
      4, 15, 0, -1,
      11, 9, 3, -1,
      3, 9, 4, -1,
      23, 11, 2, -1,
      2, 11, 3, -1,
      22, 23, 5, -1,
      5, 23, 2, -1,
      8, 10, 24, -1,
      24, 10, 25, -1,
      10, 21, 25, -1,
      25, 21, 26, -1,
      19, 27, 28, -1,
      19, 28, 20, -1,
      20, 28, 26, -1,
      20, 26, 21, -1,
      19, 17, 27, -1,
      27, 17, 29, -1,
      12, 30, 31, -1,
      12, 31, 16, -1,
      16, 31, 29, -1,
      16, 29, 17, -1,
      12, 8, 30, -1,
      30, 8, 24, -1,
    ]
  }
}

Shape {
  appearance Appearance {
    material Material {
      diffuseColor 0.0588 1.0000 0.7216
      specularColor 0.0314 0.5020 0.3608
      ambientIntensity 0.2
      transparency 0.0000
      shininess 0.5
    }
  }
  geometry IndexedFaceSet {
    ccw TRUE
    solid FALSE
    coord DEF co Coordinate {
      point [
        1.968504 0.444698 0.747787,
        1.968504 0.485009 0.747787,
        1.968504 0.466865 0.797708,
        1.968504 0.464992 0.806120,
        1.968504 0.465963 0.801039,
        1.968504 0.464623 0.806120,
        1.968504 0.462658 0.797708,
        1.968504 0.463698 0.801293,
      ]
    }
    coordIndex [
      3, 5, 4, -1,
      4, 5, 7, -1,
      4, 7, 2, -1,
      2, 7, 6, -1,
      2, 6, 1, -1,
      1, 6, 0, -1,
    ]
  }
}

Shape {
  appearance Appearance {
    material Material {
      diffuseColor 0.0000 0.0000 0.0000
      specularColor 0.0000 0.0000 0.0000
      ambientIntensity 0.2
      transparency 0.0000
      shininess 0.5
    }
  }
  geometry IndexedFaceSet {
    ccw TRUE
    solid FALSE
    coord DEF co Coordinate {
      point [
        1.968504 -0.266502 0.918320,
        1.968504 -0.243349 0.898722,
        1.968504 -0.380347 1.025435,
        1.968504 -0.361878 1.013018,
        1.968504 -0.342255 0.999826,
        1.968504 -0.311754 0.963711,
        1.968504 -0.296143 0.932365,
        1.968504 -0.291911 0.930941,
        1.968504 -0.534881 1.026459,
        1.968504 -0.495148 1.040311,
        1.968504 -0.458389 1.044230,
        1.968504 -0.423200 1.040534,
        1.968504 -0.557363 1.013018,
        1.968504 -0.560861 1.010927,
        1.968504 -0.744298 0.890887,
        1.968504 -0.736431 0.908379,
        1.968504 -0.716276 0.934073,
        1.968504 -0.650808 0.971130,
        1.968504 -0.618074 0.975062,
        1.968504 -0.580928 0.993741,
        1.968504 -0.608254 0.974528,
        1.968504 -0.598434 0.973354,
        1.968504 -0.709790 0.940171,
        1.968504 -0.682503 0.959075,
        1.968504 -0.695028 0.721672,
        1.968504 -0.720546 0.743647,
        1.968504 -0.664331 0.706341,
        1.968504 -0.740482 0.772313,
        1.968504 -0.752495 0.804154,
        1.968504 -0.756411 0.836725,
        1.968504 -0.756124 0.845661,
        1.968504 -0.754279 0.855673,
        1.968504 -0.750214 0.877732,
        1.968504 -0.652231 0.702658,
        1.968504 -0.651155 0.700354,
        1.968504 -0.643677 0.684350,
        1.968504 -0.630980 0.668676,
        1.968504 -0.614278 0.656082,
        1.968504 -0.594578 0.647801,
        1.968504 -0.606416 0.652777,
        1.968504 -0.535750 0.652777,
        1.968504 -0.550454 0.647133,
        1.968504 -0.571108 0.644591,
        1.968504 -0.574417 0.644653,
        1.968504 -0.491086 0.700354,
        1.968504 -0.491152 0.700073,
        1.968504 -0.501243 0.681033,
        1.968504 -0.514398 0.666277,
        1.968504 -0.531408 0.654444,
        1.968504 -0.215500 0.848341,
        1.968504 -0.211604 0.820500,
        1.968504 -0.382057 0.750730,
        1.968504 -0.376198 0.753045,
        1.968504 -0.366165 0.801714,
        1.968504 -0.243199 0.739377,
        1.968504 -0.266448 0.719700,
        1.968504 -0.507063 0.787197,
        1.968504 -0.392637 0.846972,
        1.968504 -0.521974 0.800777,
        1.968504 -0.540092 0.810491,
        1.968504 -0.387308 0.747009,
        1.968504 -0.226263 0.762963,
        1.968504 -0.264960 0.827083,
        1.968504 -0.268959 0.843487,
        1.968504 -0.275517 0.855673,
        1.968504 -0.700491 0.855673,
        1.968504 -0.215530 0.789994,
        1.968504 -0.369581 0.753894,
        1.968504 -0.368750 0.753834,
        1.968504 -0.366188 0.753267,
        1.968504 -0.695492 0.804426,
        1.968504 -0.685285 0.787047,
        1.968504 -0.641925 0.778250,
        1.968504 -0.669972 0.771322,
        1.968504 -0.651378 0.759872,
        1.968504 -0.610340 0.806514,
        1.968504 -0.627803 0.794388,
        1.968504 -0.702613 0.838433,
        1.968504 -0.701601 0.825332,
        1.968504 -0.591476 0.813724,
        1.968504 -0.571108 0.816231,
        1.968504 -0.560703 0.815613,
        1.968504 -0.396052 0.727422,
        1.968504 -0.395836 0.730792,
        1.968504 -0.485715 0.738523,
        1.968504 -0.394121 0.737291,
        1.968504 -0.390837 0.743117,
        1.968504 -0.281872 0.774490,
        1.968504 -0.272479 0.787811,
        1.968504 -0.266595 0.803030,
        1.968504 -0.264547 0.819646,
        1.968504 -0.376099 0.701726,
        1.968504 -0.381748 0.703949,
        1.968504 -0.387286 0.707887,
        1.968504 -0.389271 0.709907,
        1.968504 -0.392993 0.715271,
        1.968504 -0.395242 0.721062,
        1.968504 -0.486171 0.721157,
        1.968504 -0.485715 0.729984,
        1.968504 -0.292504 0.706954,
        1.968504 -0.320907 0.700950,
        1.968504 -0.371289 0.700950,
        1.968504 -0.364457 0.753040,
        1.968504 -0.326030 0.753040,
        1.968504 -0.310740 0.755965,
        1.968504 -0.295668 0.762936,
        1.968504 -0.283036 0.773240,
        1.968504 -0.337985 0.886253,
        1.968504 -0.692760 0.878133,
        1.968504 -0.700071 0.859087,
        1.968504 -0.331154 0.886253,
        1.968504 -0.276891 0.858226,
        1.968504 -0.286776 0.869270,
        1.968504 -0.300022 0.878516,
        1.968504 -0.314926 0.884253,
        1.968504 -0.356355 0.937495,
        1.968504 -0.375604 0.960516,
        1.968504 -0.571962 0.911017,
        1.968504 -0.377826 0.962540,
        1.968504 -0.401821 0.979185,
        1.968504 -0.558928 0.938012,
        1.968504 -0.683888 0.890887,
        1.968504 -0.578127 0.914384,
        1.968504 -0.339003 0.890887,
        1.968504 -0.343193 0.909974,
        1.968504 -0.597276 0.921365,
        1.968504 -0.617220 0.923826,
        1.968504 -0.626047 0.923370,
        1.968504 -0.539779 0.960896,
        1.968504 -0.428601 0.989440,
        1.968504 -0.516851 0.977648,
        1.968504 -0.457535 0.992994,
        1.968504 -0.488952 0.988950,
        1.968504 -0.647131 0.918389,
        1.968504 -0.666171 0.908298,
        1.968504 -0.680927 0.895143,
        1.968504 -0.237732 0.890887,
        1.968504 -0.225929 0.874423,
        1.968504 -0.218432 0.855673,
        1.968543 -0.643677 0.684350,
        1.968543 -0.630980 0.668676,
        1.968543 -0.651378 0.759872,
        1.968543 -0.666171 0.908298,
        1.968543 -0.647131 0.918389,
        1.968543 -0.650808 0.971130,
        1.968543 -0.501243 0.681033,
        1.968543 -0.491152 0.700073,
        1.968543 -0.486171 0.721157,
        1.968543 -0.598434 0.973354,
        1.968543 -0.571962 0.911017,
        1.968543 -0.558928 0.938012,
        1.968543 -0.594013 0.704200,
        1.968543 -0.587173 0.699526,
        1.968543 -0.614278 0.656082,
        1.968543 -0.579261 0.696642,
        1.968543 -0.669972 0.771322,
        1.968543 -0.664331 0.706341,
        1.968543 -0.652231 0.702658,
        1.968543 -0.618074 0.975062,
        1.968543 -0.366165 0.801714,
        1.968543 -0.392637 0.846972,
        1.968543 -0.485715 0.738523,
        1.968543 -0.507063 0.787197,
        1.968543 -0.485715 0.729984,
        1.968543 -0.531408 0.654444,
        1.968543 -0.514398 0.666277,
        1.968543 -0.541204 0.741937,
        1.968543 -0.539028 0.734126,
        1.968543 -0.538822 0.725843,
        1.968543 -0.540728 0.717612,
        1.968543 -0.544594 0.710194,
        1.968543 -0.337985 0.886253,
        1.968543 -0.331154 0.886253,
        1.968543 -0.296143 0.932365,
        1.968543 -0.314926 0.884253,
        1.968543 -0.291911 0.930941,
        1.968543 -0.300022 0.878516,
        1.968543 -0.266502 0.918320,
        1.968543 -0.243349 0.898722,
        1.968543 -0.580928 0.993741,
        1.968543 -0.539779 0.960896,
        1.968543 -0.560861 1.010927,
        1.968543 -0.516851 0.977648,
        1.968543 -0.534881 1.026459,
        1.968543 -0.626047 0.923370,
        1.968543 -0.617220 0.923826,
        1.968543 -0.608254 0.974528,
        1.968543 -0.597276 0.921365,
        1.968543 -0.578127 0.914384,
        1.968543 -0.599480 0.710372,
        1.968543 -0.603148 0.717403,
        1.968543 -0.605045 0.725265,
        1.968543 -0.594578 0.647801,
        1.968543 -0.574417 0.644653,
        1.968543 -0.571962 0.695827,
        1.968543 -0.571108 0.644591,
        1.968543 -0.564145 0.696744,
        1.968543 -0.550454 0.647133,
        1.968543 -0.556681 0.699528,
        1.968543 -0.550100 0.704021,
        1.968543 -0.243199 0.739377,
        1.968543 -0.283036 0.773240,
        1.968543 -0.266448 0.719700,
        1.968543 -0.295668 0.762936,
        1.968543 -0.292504 0.706954,
        1.968543 -0.310740 0.755965,
        1.968543 -0.320907 0.700950,
        1.968543 -0.326030 0.753040,
        1.968543 -0.371289 0.700950,
        1.968543 -0.364457 0.753040,
        1.968543 -0.376099 0.701726,
        1.968543 -0.286776 0.869270,
        1.968543 -0.276891 0.858226,
        1.968543 -0.225929 0.874423,
        1.968543 -0.268959 0.843487,
        1.968543 -0.215500 0.848341,
        1.968543 -0.264960 0.827083,
        1.968543 -0.211604 0.820500,
        1.968543 -0.264547 0.819646,
        1.968543 -0.215530 0.789994,
        1.968543 -0.266595 0.803030,
        1.968543 -0.226263 0.762963,
        1.968543 -0.272479 0.787811,
        1.968543 -0.281872 0.774490,
        1.968543 -0.342255 0.999826,
        1.968543 -0.375604 0.960516,
        1.968543 -0.311754 0.963711,
        1.968543 -0.356355 0.937495,
        1.968543 -0.343193 0.909974,
        1.968543 -0.700071 0.859087,
        1.968543 -0.756124 0.845661,
        1.968543 -0.702613 0.838433,
        1.968543 -0.756411 0.836725,
        1.968543 -0.701601 0.825332,
        1.968543 -0.752495 0.804154,
        1.968543 -0.695492 0.804426,
        1.968543 -0.740482 0.772313,
        1.968543 -0.685285 0.787047,
        1.968543 -0.720546 0.743647,
        1.968543 -0.695028 0.721672,
        1.968543 -0.605045 0.732995,
        1.968543 -0.603023 0.741185,
        1.968543 -0.641925 0.778250,
        1.968543 -0.599013 0.748552,
        1.968543 -0.627803 0.794388,
        1.968543 -0.593964 0.754104,
        1.968543 -0.610340 0.806514,
        1.968543 -0.587211 0.758715,
        1.968543 -0.591476 0.813724,
        1.968543 -0.579712 0.761513,
        1.968543 -0.571108 0.816231,
        1.968543 -0.571962 0.762433,
        1.968543 -0.560703 0.815613,
        1.968543 -0.565833 0.761861,
        1.968543 -0.540092 0.810491,
        1.968543 -0.557814 0.759259,
        1.968543 -0.521974 0.800777,
        1.968543 -0.550793 0.754812,
        1.968543 -0.545121 0.748839,
        1.968543 -0.495148 1.040311,
        1.968543 -0.488952 0.988950,
        1.968543 -0.458389 1.044230,
        1.968543 -0.457535 0.992994,
        1.968543 -0.423200 1.040534,
        1.968543 -0.428601 0.989440,
        1.968543 -0.380347 1.025435,
        1.968543 -0.401821 0.979185,
        1.968543 -0.377826 0.962540,
        1.968543 -0.682503 0.959075,
        1.968543 -0.709790 0.940171,
        1.968543 -0.680927 0.895143,
        1.968543 -0.716276 0.934073,
        1.968543 -0.692760 0.878133,
        1.968543 -0.736431 0.908379,
        1.968543 -0.750214 0.877732,
        1.968543 -0.368750 0.753834,
        1.968543 -0.389271 0.709907,
        1.968543 -0.387286 0.707887,
        1.968543 -0.366188 0.753267,
        1.968543 -0.381748 0.703949,
        1.968543 -0.396052 0.727422,
        1.968543 -0.395242 0.721062,
        1.968543 -0.392993 0.715271,
        1.968543 -0.376198 0.753045,
        1.968543 -0.382057 0.750730,
        1.968543 -0.395836 0.730792,
        1.968543 -0.387308 0.747009,
        1.968543 -0.390837 0.743117,
        1.968543 -0.394121 0.737291,
        1.968543 -0.369581 0.753894,
        1.968504 -0.571962 0.762433,
        1.968504 -0.565833 0.761861,
        1.968504 -0.557814 0.759259,
        1.968504 -0.550793 0.754812,
        1.968504 -0.545121 0.748839,
        1.968504 -0.541204 0.741937,
        1.968504 -0.539028 0.734126,
        1.968504 -0.538822 0.725843,
        1.968504 -0.540728 0.717612,
        1.968504 -0.544594 0.710194,
        1.968504 -0.550100 0.704021,
        1.968504 -0.556681 0.699528,
        1.968504 -0.564145 0.696744,
        1.968504 -0.571962 0.695827,
        1.968504 -0.579261 0.696642,
        1.968504 -0.587173 0.699526,
        1.968504 -0.594013 0.704200,
        1.968504 -0.599480 0.710372,
        1.968504 -0.603148 0.717403,
        1.968504 -0.605045 0.725265,
        1.968504 -0.605045 0.732995,
        1.968504 -0.603023 0.741185,
        1.968504 -0.599013 0.748552,
        1.968504 -0.593964 0.754104,
        1.968504 -0.587211 0.758715,
        1.968504 -0.579712 0.761513,
      ]
    }
    coordIndex [
      139, 140, 141, -1,
      142, 143, 144, -1,
      145, 146, 147, -1,
      148, 149, 150, -1,
      151, 140, 152, -1,
      152, 140, 153, -1,
      152, 153, 154, -1,
      155, 156, 141, -1,
      141, 156, 157, -1,
      141, 157, 139, -1,
      144, 143, 158, -1,
      159, 160, 161, -1,
      161, 160, 162, -1,
      161, 162, 163, -1,
      163, 162, 164, -1,
      163, 164, 147, -1,
      147, 164, 165, -1,
      147, 165, 145, -1,
      166, 167, 162, -1,
      162, 167, 168, -1,
      162, 168, 164, -1,
      164, 168, 169, -1,
      164, 169, 170, -1,
      171, 172, 173, -1,
      173, 172, 174, -1,
      173, 174, 175, -1,
      175, 174, 176, -1,
      175, 176, 177, -1,
      177, 176, 178, -1,
      148, 150, 179, -1,
      179, 150, 180, -1,
      179, 180, 181, -1,
      181, 180, 182, -1,
      181, 182, 183, -1,
      143, 184, 158, -1,
      158, 184, 185, -1,
      158, 185, 186, -1,
      186, 185, 187, -1,
      186, 187, 148, -1,
      148, 187, 188, -1,
      148, 188, 149, -1,
      151, 189, 140, -1,
      140, 189, 190, -1,
      140, 190, 141, -1,
      141, 190, 191, -1,
      153, 192, 154, -1,
      154, 192, 193, -1,
      154, 193, 194, -1,
      194, 193, 195, -1,
      194, 195, 196, -1,
      196, 195, 197, -1,
      196, 197, 198, -1,
      198, 197, 164, -1,
      198, 164, 199, -1,
      199, 164, 170, -1,
      200, 201, 202, -1,
      202, 201, 203, -1,
      202, 203, 204, -1,
      204, 203, 205, -1,
      204, 205, 206, -1,
      206, 205, 207, -1,
      206, 207, 208, -1,
      208, 207, 209, -1,
      208, 209, 210, -1,
      176, 211, 178, -1,
      178, 211, 212, -1,
      178, 212, 213, -1,
      213, 212, 214, -1,
      213, 214, 215, -1,
      215, 214, 216, -1,
      215, 216, 217, -1,
      217, 216, 218, -1,
      217, 218, 219, -1,
      219, 218, 220, -1,
      219, 220, 221, -1,
      221, 220, 222, -1,
      221, 222, 200, -1,
      200, 222, 223, -1,
      200, 223, 201, -1,
      224, 225, 226, -1,
      226, 225, 227, -1,
      226, 227, 173, -1,
      173, 227, 228, -1,
      173, 228, 171, -1,
      229, 230, 231, -1,
      231, 230, 232, -1,
      231, 232, 233, -1,
      233, 232, 234, -1,
      233, 234, 235, -1,
      235, 234, 236, -1,
      235, 236, 237, -1,
      237, 236, 238, -1,
      237, 238, 155, -1,
      155, 238, 239, -1,
      155, 239, 156, -1,
      191, 240, 141, -1,
      141, 240, 241, -1,
      141, 241, 242, -1,
      242, 241, 243, -1,
      242, 243, 244, -1,
      244, 243, 245, -1,
      244, 245, 246, -1,
      246, 245, 247, -1,
      246, 247, 248, -1,
      248, 247, 249, -1,
      248, 249, 250, -1,
      250, 249, 251, -1,
      250, 251, 252, -1,
      252, 251, 253, -1,
      252, 253, 254, -1,
      254, 253, 255, -1,
      254, 255, 256, -1,
      256, 255, 257, -1,
      256, 257, 162, -1,
      162, 257, 258, -1,
      162, 258, 166, -1,
      183, 182, 259, -1,
      259, 182, 260, -1,
      259, 260, 261, -1,
      261, 260, 262, -1,
      261, 262, 263, -1,
      263, 262, 264, -1,
      263, 264, 265, -1,
      265, 264, 266, -1,
      265, 266, 224, -1,
      224, 266, 267, -1,
      224, 267, 225, -1,
      144, 268, 142, -1,
      142, 268, 269, -1,
      142, 269, 270, -1,
      270, 269, 271, -1,
      270, 271, 272, -1,
      272, 271, 273, -1,
      272, 273, 229, -1,
      229, 273, 274, -1,
      229, 274, 230, -1,
      275, 276, 277, -1,
      209, 278, 210, -1,
      210, 278, 275, -1,
      210, 275, 279, -1,
      279, 275, 277, -1,
      280, 281, 275, -1,
      275, 281, 282, -1,
      275, 282, 276, -1,
      283, 284, 285, -1,
      284, 286, 285, -1,
      285, 286, 287, -1,
      285, 287, 288, -1,
      280, 275, 285, -1,
      285, 275, 289, -1,
      285, 289, 283, -1,
      217, 50, 49, -1,
      217, 49, 215, -1,
      215, 49, 138, -1,
      215, 138, 213, -1,
      138, 137, 213, -1,
      213, 137, 136, -1,
      213, 136, 178, -1,
      136, 1, 178, -1,
      178, 1, 0, -1,
      178, 0, 177, -1,
      177, 0, 7, -1,
      177, 7, 175, -1,
      175, 7, 6, -1,
      175, 6, 173, -1,
      173, 6, 5, -1,
      173, 5, 226, -1,
      226, 5, 4, -1,
      226, 4, 224, -1,
      224, 4, 3, -1,
      224, 3, 265, -1,
      3, 2, 265, -1,
      265, 2, 11, -1,
      265, 11, 263, -1,
      263, 11, 10, -1,
      263, 10, 261, -1,
      13, 181, 12, -1,
      12, 181, 183, -1,
      12, 183, 8, -1,
      8, 183, 259, -1,
      8, 259, 9, -1,
      9, 259, 261, -1,
      9, 261, 10, -1,
      181, 13, 19, -1,
      181, 19, 179, -1,
      179, 19, 21, -1,
      179, 21, 148, -1,
      148, 21, 20, -1,
      148, 20, 186, -1,
      186, 20, 18, -1,
      186, 18, 158, -1,
      158, 18, 17, -1,
      158, 17, 144, -1,
      144, 17, 23, -1,
      144, 23, 268, -1,
      268, 23, 22, -1,
      268, 22, 269, -1,
      269, 22, 16, -1,
      269, 16, 271, -1,
      29, 232, 230, -1,
      271, 16, 15, -1,
      271, 15, 273, -1,
      273, 15, 14, -1,
      273, 14, 274, -1,
      14, 32, 274, -1,
      274, 32, 31, -1,
      274, 31, 230, -1,
      230, 31, 30, -1,
      230, 30, 29, -1,
      232, 29, 28, -1,
      232, 28, 234, -1,
      234, 28, 27, -1,
      234, 27, 236, -1,
      236, 27, 25, -1,
      236, 25, 238, -1,
      238, 25, 24, -1,
      238, 24, 239, -1,
      239, 24, 26, -1,
      239, 26, 156, -1,
      156, 26, 33, -1,
      156, 33, 157, -1,
      157, 33, 34, -1,
      157, 34, 139, -1,
      34, 35, 139, -1,
      139, 35, 36, -1,
      139, 36, 140, -1,
      140, 36, 37, -1,
      140, 37, 153, -1,
      153, 37, 39, -1,
      153, 39, 192, -1,
      39, 38, 192, -1,
      192, 38, 43, -1,
      192, 43, 193, -1,
      193, 43, 42, -1,
      193, 42, 195, -1,
      98, 163, 147, -1,
      195, 42, 41, -1,
      195, 41, 197, -1,
      197, 41, 40, -1,
      197, 40, 164, -1,
      40, 48, 164, -1,
      164, 48, 47, -1,
      164, 47, 165, -1,
      165, 47, 46, -1,
      165, 46, 145, -1,
      145, 46, 45, -1,
      145, 45, 146, -1,
      146, 45, 44, -1,
      146, 44, 147, -1,
      147, 44, 97, -1,
      147, 97, 98, -1,
      161, 163, 84, -1,
      84, 163, 98, -1,
      159, 161, 53, -1,
      53, 161, 84, -1,
      160, 159, 57, -1,
      57, 159, 53, -1,
      162, 160, 56, -1,
      56, 160, 57, -1,
      162, 56, 58, -1,
      162, 58, 256, -1,
      256, 58, 59, -1,
      256, 59, 254, -1,
      254, 59, 81, -1,
      254, 81, 252, -1,
      252, 81, 80, -1,
      252, 80, 250, -1,
      250, 80, 79, -1,
      250, 79, 248, -1,
      248, 79, 75, -1,
      248, 75, 246, -1,
      246, 75, 76, -1,
      246, 76, 244, -1,
      244, 76, 72, -1,
      244, 72, 242, -1,
      242, 72, 74, -1,
      242, 74, 141, -1,
      141, 74, 73, -1,
      141, 73, 155, -1,
      155, 73, 71, -1,
      155, 71, 237, -1,
      237, 71, 70, -1,
      237, 70, 235, -1,
      235, 70, 78, -1,
      235, 78, 233, -1,
      233, 78, 77, -1,
      233, 77, 231, -1,
      229, 231, 65, -1,
      65, 231, 77, -1,
      65, 109, 229, -1,
      229, 109, 108, -1,
      229, 108, 272, -1,
      272, 108, 121, -1,
      272, 121, 270, -1,
      121, 135, 270, -1,
      270, 135, 134, -1,
      270, 134, 142, -1,
      142, 134, 133, -1,
      142, 133, 143, -1,
      143, 133, 127, -1,
      143, 127, 184, -1,
      184, 127, 126, -1,
      184, 126, 185, -1,
      185, 126, 125, -1,
      185, 125, 187, -1,
      187, 125, 122, -1,
      187, 122, 188, -1,
      188, 122, 117, -1,
      188, 117, 149, -1,
      149, 117, 120, -1,
      149, 120, 150, -1,
      150, 120, 128, -1,
      150, 128, 180, -1,
      180, 128, 130, -1,
      180, 130, 182, -1,
      182, 130, 132, -1,
      182, 132, 260, -1,
      260, 132, 131, -1,
      260, 131, 262, -1,
      107, 171, 123, -1,
      123, 171, 228, -1,
      123, 228, 124, -1,
      124, 228, 227, -1,
      124, 227, 115, -1,
      115, 227, 225, -1,
      115, 225, 116, -1,
      116, 225, 267, -1,
      116, 267, 118, -1,
      118, 267, 266, -1,
      118, 266, 119, -1,
      119, 266, 264, -1,
      119, 264, 129, -1,
      129, 264, 262, -1,
      129, 262, 131, -1,
      172, 171, 110, -1,
      110, 171, 107, -1,
      172, 110, 114, -1,
      172, 114, 174, -1,
      174, 114, 113, -1,
      174, 113, 176, -1,
      176, 113, 112, -1,
      176, 112, 211, -1,
      211, 112, 111, -1,
      211, 111, 212, -1,
      212, 111, 64, -1,
      212, 64, 214, -1,
      64, 63, 214, -1,
      214, 63, 62, -1,
      214, 62, 216, -1,
      216, 62, 90, -1,
      216, 90, 218, -1,
      218, 90, 89, -1,
      218, 89, 220, -1,
      220, 89, 88, -1,
      220, 88, 222, -1,
      222, 88, 87, -1,
      222, 87, 223, -1,
      223, 87, 106, -1,
      223, 106, 201, -1,
      201, 106, 105, -1,
      201, 105, 203, -1,
      203, 105, 104, -1,
      203, 104, 205, -1,
      205, 104, 103, -1,
      205, 103, 207, -1,
      209, 207, 102, -1,
      102, 207, 103, -1,
      209, 102, 69, -1,
      209, 69, 278, -1,
      278, 69, 68, -1,
      278, 68, 275, -1,
      275, 68, 67, -1,
      275, 67, 289, -1,
      289, 67, 52, -1,
      289, 52, 283, -1,
      283, 52, 51, -1,
      283, 51, 284, -1,
      284, 51, 60, -1,
      284, 60, 286, -1,
      286, 60, 86, -1,
      286, 86, 287, -1,
      287, 86, 85, -1,
      287, 85, 288, -1,
      288, 85, 83, -1,
      288, 83, 285, -1,
      285, 83, 82, -1,
      285, 82, 280, -1,
      280, 82, 96, -1,
      280, 96, 281, -1,
      281, 96, 95, -1,
      281, 95, 282, -1,
      282, 95, 94, -1,
      282, 94, 276, -1,
      276, 94, 93, -1,
      276, 93, 277, -1,
      277, 93, 92, -1,
      277, 92, 279, -1,
      279, 92, 91, -1,
      279, 91, 210, -1,
      210, 91, 101, -1,
      210, 101, 208, -1,
      206, 208, 100, -1,
      100, 208, 101, -1,
      206, 100, 99, -1,
      206, 99, 204, -1,
      204, 99, 55, -1,
      204, 55, 202, -1,
      202, 55, 54, -1,
      202, 54, 200, -1,
      200, 54, 61, -1,
      200, 61, 221, -1,
      221, 61, 66, -1,
      221, 66, 219, -1,
      219, 66, 50, -1,
      219, 50, 217, -1,
      251, 290, 291, -1,
      251, 291, 253, -1,
      253, 291, 292, -1,
      253, 292, 255, -1,
      255, 292, 293, -1,
      255, 293, 257, -1,
      257, 293, 294, -1,
      257, 294, 258, -1,
      258, 294, 295, -1,
      258, 295, 166, -1,
      166, 295, 296, -1,
      166, 296, 167, -1,
      167, 296, 297, -1,
      167, 297, 168, -1,
      168, 297, 298, -1,
      168, 298, 169, -1,
      169, 298, 299, -1,
      169, 299, 170, -1,
      170, 299, 300, -1,
      170, 300, 199, -1,
      199, 300, 301, -1,
      199, 301, 198, -1,
      198, 301, 302, -1,
      198, 302, 196, -1,
      196, 302, 303, -1,
      196, 303, 194, -1,
      194, 303, 304, -1,
      194, 304, 154, -1,
      154, 304, 305, -1,
      154, 305, 152, -1,
      152, 305, 306, -1,
      152, 306, 151, -1,
      151, 306, 307, -1,
      151, 307, 189, -1,
      189, 307, 308, -1,
      189, 308, 190, -1,
      190, 308, 309, -1,
      190, 309, 191, -1,
      191, 309, 310, -1,
      191, 310, 240, -1,
      240, 310, 311, -1,
      240, 311, 241, -1,
      241, 311, 312, -1,
      241, 312, 243, -1,
      243, 312, 313, -1,
      243, 313, 245, -1,
      245, 313, 314, -1,
      245, 314, 247, -1,
      247, 314, 315, -1,
      247, 315, 249, -1,
      249, 315, 290, -1,
      249, 290, 251, -1,
    ]
  }
}

Shape {
  appearance Appearance {
    material Material {
      diffuseColor 0.0588 1.0000 0.7216
      specularColor 0.0314 0.5020 0.3608
      ambientIntensity 0.2
      transparency 0.0000
      shininess 0.5
    }
  }
  geometry IndexedFaceSet {
    ccw TRUE
    solid FALSE
    coord DEF co Coordinate {
      point [
        1.968504 -0.571962 0.762433,
        1.968504 -0.565833 0.761861,
        1.968504 -0.557814 0.759259,
        1.968504 -0.550793 0.754812,
        1.968504 -0.545121 0.748839,
        1.968504 -0.541204 0.741937,
        1.968504 -0.539028 0.734126,
        1.968504 -0.538822 0.725843,
        1.968504 -0.540728 0.717612,
        1.968504 -0.544594 0.710194,
        1.968504 -0.550100 0.704021,
        1.968504 -0.556681 0.699528,
        1.968504 -0.564145 0.696744,
        1.968504 -0.571962 0.695827,
        1.968504 -0.579261 0.696642,
        1.968504 -0.587173 0.699526,
        1.968504 -0.594013 0.704200,
        1.968504 -0.599480 0.710372,
        1.968504 -0.603148 0.717403,
        1.968504 -0.605045 0.725265,
        1.968504 -0.605045 0.732995,
        1.968504 -0.603023 0.741185,
        1.968504 -0.599013 0.748552,
        1.968504 -0.593964 0.754104,
        1.968504 -0.587211 0.758715,
        1.968504 -0.579712 0.761513,
      ]
    }
    coordIndex [
      1, 13, 12, -1,
      1, 0, 13, -1,
      13, 0, 25, -1,
      13, 25, 24, -1,
      24, 23, 13, -1,
      13, 23, 22, -1,
      13, 22, 21, -1,
      21, 20, 13, -1,
      13, 20, 19, -1,
      13, 19, 14, -1,
      14, 19, 18, -1,
      18, 17, 14, -1,
      14, 17, 16, -1,
      14, 16, 15, -1,
      10, 4, 3, -1,
      12, 11, 1, -1,
      1, 11, 10, -1,
      1, 10, 2, -1,
      2, 10, 3, -1,
      8, 7, 9, -1,
      9, 7, 6, -1,
      9, 6, 10, -1,
      10, 6, 5, -1,
      10, 5, 4, -1,
    ]
  }
}
